
â”€â”€ test_client.py â”€â”€â”€â”€â”€â”€â”€â”€â”€â”€â”€â”€â”€â”€â”€â”€â”€â”€â”€â”€â”€â”€â”€â”€â”€â”€â”€â”€â”€â”€â”€â”€â”€â”€â”€â”€â”€â”€â”€â”€â”€â”€â”€â”€â”€â”€
  ✅ قیمت قفل‌نشده → live ممنوع (V1)
  ✅ base_url غیر deepseek → RefuseToSend
  ✅ stub آفلاین = $0
  ✅ پاسخ بدون usage: صفر بی‌صدا ممنوع در مسیر زنده
  ✅ extract_json: حصار/نویز
  ✅ est بدترین‌حالت شامل reasoning

â”€â”€ test_telemetry.py â”€â”€â”€â”€â”€â”€â”€â”€â”€â”€â”€â”€â”€â”€â”€â”€â”€â”€â”€â”€â”€â”€â”€â”€â”€â”€â”€â”€â”€â”€â”€â”€â”€â”€â”€â”€â”€â”€â”€â”€â”€â”€â”€
  ✅ شکافِ رصد (منبعِ تهی) → soft، نه مرگ
  ✅ ژنوم: METRIC + تله or0
  ✅ مغز: usage + UNMAPPED + NULL
  ✅ واحدها: micro-USD و نرخ پین AUD
  ✅ سطلِ روزِ ژنوم محلی است نه UTC
  ✅ تطبیق سالم
  ✅ عبور از سقف → FREEZE + CONFLICT
  ✅ واگرایی billed↔telemetry → STOP-METABOLIC
  ✅ germline_lag: غایب=None · کهنه>26h=ERROR · تازه=سالم

â”€â”€ test_organ_gate.py â”€â”€â”€â”€â”€â”€â”€â”€â”€â”€â”€â”€â”€â”€â”€â”€â”€â”€â”€â”€â”€â”€â”€â”€â”€â”€â”€â”€â”€â”€â”€â”€â”€â”€â”€â”€â”€â”€â”€â”€â”€â”€
  ✅ ارگان ناشناخته → deny (fail-closed)
  ✅ reserve→settle در هر دو لایه
  ✅ سقف ماهانه ارگان از budgets.yaml
  ✅ پیش‌فرض V1 حلقه: cap ماهانه 5 AUD
  ✅ زنجیر به budget_gate (سقف burst روزانه)
  ✅ FREEZE → deny
  ✅ STOP → deny
  ✅ لاگ append-only گیت
  ✅ شکست نوشتن state پس از رزرو → refund سراسری (ضد نشت)

â”€â”€ test_epoch.py â”€â”€â”€â”€â”€â”€â”€â”€â”€â”€â”€â”€â”€â”€â”€â”€â”€â”€â”€â”€â”€â”€â”€â”€â”€â”€â”€â”€â”€â”€â”€â”€â”€â”€â”€â”€â”€â”€â”€â”€â”€â”€â”€â”€â”€â”€â”€
  ✅ epoch آلوستاتیک: تابع نزولی فشار با clamp
  ✅ فشار ددلاین PROJECT_F دیده می‌شود (H5)
  ✅ epoch سایه dry: H1/H2/explore + فایل epoch
  ✅ ALLOCATION_SHADOW در ledger + زنجیره سالم
  ✅ epoch دوم (DoD: دو epoch سایه)

â”€â”€ test_debate.py â”€â”€â”€â”€â”€â”€â”€â”€â”€â”€â”€â”€â”€â”€â”€â”€â”€â”€â”€â”€â”€â”€â”€â”€â”€â”€â”€â”€â”€â”€â”€â”€â”€â”€â”€â”€â”€â”€â”€â”€â”€â”€â”€â”€â”€â”€
  ❌ مناظرهٔ کامل آفلاین $0 → صف انسان: novelty-rejected
  ❌ EXPERIENCE + PROPOSAL هفت‌فیلدی + زنجیره سالم: بازمانده باید PROPOSAL هفت‌فیلدی برای دکتر ثبت کند
  ❌ ورودی خصمانه = data (تزریق بی‌اثر): {'status': 'novelty-rejected', 'topic_id': 'inj-1', 'rounds': 0, 'queued': False, 'cost_usd': 0, 'history': []}
  ✅ گیت deny → توقف امن، نه mock
  ✅ live قبل از 07-21 قفل (سپر فاز −۱)
  ✅ needs-fix ×۳ → QUEUE انسان (نه دور ۴)
  ✅ topic بدقواره → invalid-topic (نه KeyError)
  ❌ topic هاردکد governor در whitelist است: {'status': 'novelty-rejected', 'topic_id': 'seed-3', 'rounds': 0, 'queued': False, 'cost_usd': 0, 'history': []}
  ❌ صف/PROPOSAL per-topic idempotent (§۹): {'status': 'novelty-rejected', 'topic_id': 'seed-0', 'rounds': 0, 'queued': False, 'cost_usd': 0, 'history': []}
  ❌ مغزِ محلیِ $۰ → مناظرهٔ واقعی؛ خاموش → stub: {'status': 'novelty-rejected', 'topic_id': 'local-2', 'rounds': 0, 'queued': False, 'cost_usd': 0, 'history': []}
  ✅ چرخشِ موضوع (تکرارِ ابدیِ seed-3 ممنوع)
  ✅ ایدهٔ تازه روی موضوعِ قدیمی صف می‌شود
  ✅ همان ایده دوبار صف نمی‌شود
  ✅ کفِ زمانی صف را غرق نمی‌گذارد
   â†» Ø§Ø¬Ø±Ø§ÛŒ Ø¯ÙˆÙ…: Ù‚Ø±Ù…Ø²Ù-Ù¾Ø§ÛŒØ¯Ø§Ø± â†’ tests/_flaky/test_debate.py.txt

â”€â”€ test_fitness_sigma.py â”€â”€â”€â”€â”€â”€â”€â”€â”€â”€â”€â”€â”€â”€â”€â”€â”€â”€â”€â”€â”€â”€â”€â”€â”€â”€â”€â”€â”€â”€â”€â”€â”€â”€â”€â”€â”€â”€â”€
  ✅ پذیرش فقط از رویداد انسانی sent/rejected
  ✅ fitness جعلی → حذف cell + alert
  ✅ fitness عددی تا ۴ هفته فقط سایه
  ✅ σ پیش از تکثیر: صفر/pre-replication
  ✅ σ>1 → خط قرمز محور سرطان + توقف
  ✅ بدون گیت دوقفله هیچ spawn-proposal
  ✅ PROJECT_F مستثنا تا GATE 0
  ✅ APPROVAL جعلی در ledger → acceptance_rate بی‌حرکت

â”€â”€ test_budget_gate_v2.py â”€â”€â”€â”€â”€â”€â”€â”€â”€â”€â”€â”€â”€â”€â”€â”€â”€â”€â”€â”€â”€â”€â”€â”€â”€â”€â”€â”€â”€â”€â”€â”€â”€â”€â”€â”€â”€â”€
  ✅ سقف‌ها از budgets.yaml خوانده می‌شوند (SoT)
  ✅ strictest=min: yaml شل‌تر → کفِ هاردکد می‌ماند
  ✅ hardcode-floor = ۳۰
  ✅ yaml سخت‌تر → همان اعمال می‌شود
  ✅ yaml ناخوانا → کفِ fail-closed (نه crash/نامحدود)
  ✅ سقف روزانه واقعاً از SoT enforce می‌شود
  ✅ چرخهٔ reserve/release بدون نشت (non-breaking)
  ✅ خطِ فاجعه از SoT → halt

â”€â”€ test_money_gate.py â”€â”€â”€â”€â”€â”€â”€â”€â”€â”€â”€â”€â”€â”€â”€â”€â”€â”€â”€â”€â”€â”€â”€â”€â”€â”€â”€â”€â”€â”€â”€â”€â”€â”€â”€â”€â”€â”€â”€â”€â”€â”€
  ✅ ≤آستانه بدون token → allow
  ✅ >آستانه بدون token → deny
  ✅ >آستانه با تأییدِ معتبرِ match → allow
  ✅ mismatch مبلغ → deny
  ✅ وضعیتِ خودگزارشی (نه approved/sent) → deny
  ✅ آستانهٔ human-gate از budgets.yaml (SoT)
  ✅ مبلغ منفی → deny
  ✅ NaN/Inf → deny با دلیل صادق
  ✅ صفر هنوز under-gate

â”€â”€ test_capability_gate.py â”€â”€â”€â”€â”€â”€â”€â”€â”€â”€â”€â”€â”€â”€â”€â”€â”€â”€â”€â”€â”€â”€â”€â”€â”€â”€â”€â”€â”€â”€â”€â”€â”€â”€â”€â”€â”€
  ✅ نثرِ دست‌نویس شواهدِ سوئیت نیست
  ✅ فهرستِ واقعیِ سوئیت پذیرفته می‌شود
  ✅ فهرستِ کوتاه کافی نیست
  ✅ مارکرِ ایزوله گارد نمی‌خورد
  ✅ شواهدِ بد → هیچ مارکری
  ✅ بدونِ کانالِ وصل (paper) → بسته
  ✅ بدونِ capability → بسته
  ✅ بدونِ LIVE_ENABLED → بسته
  ✅ فقط با هر سه شرط → باز
  ✅ تاریخ به‌تنهایی هیچ باز نمی‌کند
  ✅ require زنجیرِ live_gate ∧ money_gate
  ✅ markerِ کهنه (fingerprint نامنطبق) → بی‌اعتبار

â”€â”€ test_attribution.py â”€â”€â”€â”€â”€â”€â”€â”€â”€â”€â”€â”€â”€â”€â”€â”€â”€â”€â”€â”€â”€â”€â”€â”€â”€â”€â”€â”€â”€â”€â”€â”€â”€â”€â”€â”€â”€â”€â”€â”€â”€
  ✅ PROPOSAL mint می‌شود ولی هرگز fitness نیست
  ✅ claim بدونِ CSV → هیچ کریدیتِ fitness
  ✅ CSVِ match‌خور → CONFIRMED → fitness (paper)
  ✅ خارج از پنجرهٔ ۷ روز → UNMATCHED
  ✅ mismatch مبلغ → UNMATCHED
  ✅ بدونِ lead_id → UNMATCHED
  ✅ double-claim → نادیده، درآمد یک‌بار
  ✅ CONFIRMED فقط با actor=reconcile-job + زنجیره سالم

â”€â”€ test_panel_lead.py â”€â”€â”€â”€â”€â”€â”€â”€â”€â”€â”€â”€â”€â”€â”€â”€â”€â”€â”€â”€â”€â”€â”€â”€â”€â”€â”€â”€â”€â”€â”€â”€â”€â”€â”€â”€â”€â”€â”€â”€â”€â”€
  ✅ submit → PROPOSAL در ledger
  ✅ id هر لید یکتا
  ✅ PROPOSAL هرگز واردِ fitness نمی‌شود
  ✅ بدونِ نام → fail-closed
  ✅ مبلغِ نامعتبر → fail-closed
  ✅ cellِ نامعتبر → پیش‌فرضِ lead.doer
  ✅ render فرم/نتیجه سالم

â”€â”€ test_chrono_heartbeat.py â”€â”€â”€â”€â”€â”€â”€â”€â”€â”€â”€â”€â”€â”€â”€â”€â”€â”€â”€â”€â”€â”€â”€â”€â”€â”€â”€â”€â”€â”€â”€â”€â”€â”€â”€â”€
  ✅ ضربان یکنواختِ اکید + پیوستگی پس از restart
  ✅ TINV-5: پاها ساعتِ دیواری نمی‌خوانند (ساختاری+رفتاری)
  ✅ TINV-1/2: ترتیبِ علّیِ HLC بینِ دو پا
  ✅ TINV-4: phi-accrual alive→suspected→failed + قلابِ دکتر
  ✅ TINV-6: نرخ کران‌دار + coupling متابولیک + دو-ساعت
  ✅ F19: سررسید بر حسبِ نبض، نه ساعتِ دیواری
  ✅ حسِ مدت (duration_marker)
  ✅ TINV-7: بدونِ append هیچ settleی
  ✅ kill/FREEZE گیت را force-close می‌کند

â”€â”€ test_pacemaker_pause_not_die.py â”€â”€â”€â”€â”€â”€â”€â”€â”€â”€â”€â”€â”€â”€â”€â”€â”€â”€â”€â”€â”€â”€â”€â”€â”€â”€â”€â”€â”€
PASS  t_architect_stop_kills
PASS  t_default_beats
PASS  t_halt_all_kills
PASS  t_kill_supreme_precedes_metabolic
PASS  t_metabolic_clears_resumes
PASS  t_metabolic_pauses_not_stops
PASS  t_run_forever_metabolic_suppresses_beats_until_kill
PASS  t_run_forever_resumes_after_metabolic_clears
PASS  t_run_forever_stop_organism_exits_immediately
PASS  t_stop_organism_kills

10/10 pass

â”€â”€ test_chrono_langar.py â”€â”€â”€â”€â”€â”€â”€â”€â”€â”€â”€â”€â”€â”€â”€â”€â”€â”€â”€â”€â”€â”€â”€â”€â”€â”€â”€â”€â”€â”€â”€â”€â”€â”€â”€â”€â”€â”€â”€
  ✅ TINV-3: فلش فقط با is_human=1 و دقیقاً +1
  ✅ on_human_judgment → APPROVAL انسانی + release
  ✅ دستکاریِ تاریخ = شکستِ زنجیره
  ✅ برگشتِ age / پیریِ خودسرانه = مرگِ منطقی
  ✅ رکوردهای legacy (بدونِ age) verify می‌شوند
  ✅ رگرسیونِ پلِ ledger_note (NOTE+subtype)
  ✅ v0.4.6: heartbeat (beat=1) فلش را +۱ می‌برد + human هم
  ✅ v0.4.6: verify نسخه‌بندی‌شده (legacy TINV-3 + heart)
  ✅ v0.4.6: جهشِ beat (+۲) = مرگِ منطقی (دقیقاً +۱)
test_failsoft_never_raises_on_bad_input (__main__.C6StateMachine.test_failsoft_never_raises_on_bad_input) ... ok
test_full_legal_lifecycle_to_birth (__main__.C6StateMachine.test_full_legal_lifecycle_to_birth) ... ok
test_illegal_edge_is_refused_failclosed (__main__.C6StateMachine.test_illegal_edge_is_refused_failclosed) ... ok
test_receipt_store_optional_and_isolated (__main__.C6StateMachine.test_receipt_store_optional_and_isolated) ... ok
test_repro_id_deterministic_and_scoped (__main__.C6StateMachine.test_repro_id_deterministic_and_scoped) ... ok
test_two_lineages_do_not_cross (__main__.C6StateMachine.test_two_lineages_do_not_cross) ... ok
test_unknown_state_refused (__main__.C6StateMachine.test_unknown_state_refused) ... ok
test_verdict_derivation (__main__.C6StateMachine.test_verdict_derivation) ... ok

----------------------------------------------------------------------
Ran 8 tests in 0.091s

OK

â”€â”€ test_c6_state_machine.py â”€â”€â”€â”€â”€â”€â”€â”€â”€â”€â”€â”€â”€â”€â”€â”€â”€â”€â”€â”€â”€â”€â”€â”€â”€â”€â”€â”€â”€â”€â”€â”€â”€â”€â”€â”€
test_bad_hmac_denied (__main__.RedTeam.test_bad_hmac_denied) ... ok
test_bearer_for_other_peer_denied (__main__.RedTeam.test_bearer_for_other_peer_denied) ... ok
test_expired_bearer_denied (__main__.RedTeam.test_expired_bearer_denied) ... ok
test_forged_owner_verdict_type_rejected (__main__.RedTeam.test_forged_owner_verdict_type_rejected)
A message claiming to be an owner verdict is not in the closed schema → 400, ... ok
test_missing_bearer_denied (__main__.RedTeam.test_missing_bearer_denied) ... ok
test_no_effect_module_imported (__main__.RedTeam.test_no_effect_module_imported)
Structural harm-proof: the gateway must not IMPORT any effect-side module. ... ok
test_no_secret_bearer_fails_closed (__main__.RedTeam.test_no_secret_bearer_fails_closed) ... ok
test_path_traversal_fetch_denied (__main__.RedTeam.test_path_traversal_fetch_denied) ... ok
test_replay_denied (__main__.RedTeam.test_replay_denied) ... ok
test_unknown_peer_denied (__main__.RedTeam.test_unknown_peer_denied) ... ok
test_valid_signed_owner_claim_is_inert_data (__main__.RedTeam.test_valid_signed_owner_claim_is_inert_data)
Even a perfectly-signed, owner-bearer-authorized prior_art whose text says ... ok

----------------------------------------------------------------------
Ran 11 tests in 0.085s

OK

â”€â”€ test_agent_gateway_redteam.py â”€â”€â”€â”€â”€â”€â”€â”€â”€â”€â”€â”€â”€â”€â”€â”€â”€â”€â”€â”€â”€â”€â”€â”€â”€â”€â”€â”€â”€â”€â”€

â”€â”€ test_c6_hypothesis_producer.py â”€â”€â”€â”€â”€â”€â”€â”€â”€â”€â”€â”€â”€â”€â”€â”€â”€â”€â”€â”€â”€â”€â”€â”€â”€â”€â”€â”€â”€â”€
PASS — test_c6_hypothesis_producer

â”€â”€ test_identity_equations.py â”€â”€â”€â”€â”€â”€â”€â”€â”€â”€â”€â”€â”€â”€â”€â”€â”€â”€â”€â”€â”€â”€â”€â”€â”€â”€â”€â”€â”€â”€â”€â”€â”€â”€
PASS — test_identity_equations

â”€â”€ test_collab_and_live_commands.py â”€â”€â”€â”€â”€â”€â”€â”€â”€â”€â”€â”€â”€â”€â”€â”€â”€â”€â”€â”€â”€â”€â”€â”€â”€â”€â”€â”€
PASS — test_collab_and_live_commands

â”€â”€ test_blackbox_and_bridge.py â”€â”€â”€â”€â”€â”€â”€â”€â”€â”€â”€â”€â”€â”€â”€â”€â”€â”€â”€â”€â”€â”€â”€â”€â”€â”€â”€â”€â”€â”€â”€â”€â”€
PASS — test_blackbox_and_bridge — 0 failures
test_arm_status_reports_all_caps (__main__.ArmGate.test_arm_status_reports_all_caps) ... ok
test_flag_absent_denied (__main__.ArmGate.test_flag_absent_denied) ... C:\Users\Armin\.zcode\tmp\octopus-heart-g4-20260825\_ops\tests\test_arm_gate.py:45: ResourceWarning: unclosed file <_io.TextIOWrapper name='C:\\Users\\Armin\\AppData\\Local\\Temp\\armgate__y9liqe2\\arm\\cortex_paid.arm.json' mode='w' encoding='utf-8'>
  open(p, "w", encoding="utf-8").write(json.dumps(tok))
ResourceWarning: Enable tracemalloc to get the object allocation traceback
ok
test_flag_present_but_no_token_denied (__main__.ArmGate.test_flag_present_but_no_token_denied) ... ok
test_future_token_denied (__main__.ArmGate.test_future_token_denied) ... C:\Users\Armin\.zcode\tmp\octopus-heart-g4-20260825\_ops\tests\test_arm_gate.py:45: ResourceWarning: unclosed file <_io.TextIOWrapper name='C:\\Users\\Armin\\AppData\\Local\\Temp\\armgate_7fyueo2b\\arm\\cortex_paid.arm.json' mode='w' encoding='utf-8'>
  open(p, "w", encoding="utf-8").write(json.dumps(tok))
ResourceWarning: Enable tracemalloc to get the object allocation traceback
ok
test_guard_enforced_denies_without_token (__main__.ArmGate.test_guard_enforced_denies_without_token) ... ok
test_guard_passthrough_when_not_enforced (__main__.ArmGate.test_guard_passthrough_when_not_enforced) ... ok
test_hmac_forged_denied (__main__.ArmGate.test_hmac_forged_denied) ... C:\Users\Armin\.zcode\tmp\octopus-heart-g4-20260825\_ops\tests\test_arm_gate.py:45: ResourceWarning: unclosed file <_io.TextIOWrapper name='C:\\Users\\Armin\\AppData\\Local\\Temp\\armgate_x8ztg2co\\arm\\cortex_paid.arm.json' mode='w' encoding='utf-8'>
  open(p, "w", encoding="utf-8").write(json.dumps(tok))
ResourceWarning: Enable tracemalloc to get the object allocation traceback
ok
test_hmac_required_when_secret_and_bad_denied (__main__.ArmGate.test_hmac_required_when_secret_and_bad_denied) ... C:\Users\Armin\.zcode\tmp\octopus-heart-g4-20260825\_ops\tests\test_arm_gate.py:45: ResourceWarning: unclosed file <_io.TextIOWrapper name='C:\\Users\\Armin\\AppData\\Local\\Temp\\armgate_qoxpcty7\\arm\\cortex_paid.arm.json' mode='w' encoding='utf-8'>
  open(p, "w", encoding="utf-8").write(json.dumps(tok))
ResourceWarning: Enable tracemalloc to get the object allocation traceback
ok
test_hmac_valid_opens (__main__.ArmGate.test_hmac_valid_opens) ... C:\Users\Armin\.zcode\tmp\octopus-heart-g4-20260825\_ops\tests\test_arm_gate.py:45: ResourceWarning: unclosed file <_io.TextIOWrapper name='C:\\Users\\Armin\\AppData\\Local\\Temp\\armgate_fj93dt67\\arm\\cortex_paid.arm.json' mode='w' encoding='utf-8'>
  open(p, "w", encoding="utf-8").write(json.dumps(tok))
ResourceWarning: Enable tracemalloc to get the object allocation traceback
ok
test_single_key_fresh_token_opens (__main__.ArmGate.test_single_key_fresh_token_opens) ... C:\Users\Armin\.zcode\tmp\octopus-heart-g4-20260825\_ops\tests\test_arm_gate.py:45: ResourceWarning: unclosed file <_io.TextIOWrapper name='C:\\Users\\Armin\\AppData\\Local\\Temp\\armgate_djirm029\\arm\\cortex_paid.arm.json' mode='w' encoding='utf-8'>
  open(p, "w", encoding="utf-8").write(json.dumps(tok))
ResourceWarning: Enable tracemalloc to get the object allocation traceback
ok
test_stale_token_denied (__main__.ArmGate.test_stale_token_denied) ... C:\Users\Armin\.zcode\tmp\octopus-heart-g4-20260825\_ops\tests\test_arm_gate.py:45: ResourceWarning: unclosed file <_io.TextIOWrapper name='C:\\Users\\Armin\\AppData\\Local\\Temp\\armgate_yyzlhjh_\\arm\\cortex_paid.arm.json' mode='w' encoding='utf-8'>
  open(p, "w", encoding="utf-8").write(json.dumps(tok))
ResourceWarning: Enable tracemalloc to get the object allocation traceback
ok
test_two_key_both_tokens_open (__main__.ArmGate.test_two_key_both_tokens_open) ... C:\Users\Armin\.zcode\tmp\octopus-heart-g4-20260825\_ops\tests\test_arm_gate.py:45: ResourceWarning: unclosed file <_io.TextIOWrapper name='C:\\Users\\Armin\\AppData\\Local\\Temp\\armgate_gwpe52bs\\arm\\code_autonomy.arm.json' mode='w' encoding='utf-8'>
  open(p, "w", encoding="utf-8").write(json.dumps(tok))
ResourceWarning: Enable tracemalloc to get the object allocation traceback
C:\Users\Armin\.zcode\tmp\octopus-heart-g4-20260825\_ops\tests\test_arm_gate.py:45: ResourceWarning: unclosed file <_io.TextIOWrapper name='C:\\Users\\Armin\\AppData\\Local\\Temp\\armgate_gwpe52bs\\arm\\code_autonomy.arm2.json' mode='w' encoding='utf-8'>
  open(p, "w", encoding="utf-8").write(json.dumps(tok))
ResourceWarning: Enable tracemalloc to get the object allocation traceback
ok
test_two_key_one_token_denied (__main__.ArmGate.test_two_key_one_token_denied) ... C:\Users\Armin\.zcode\tmp\octopus-heart-g4-20260825\_ops\tests\test_arm_gate.py:45: ResourceWarning: unclosed file <_io.TextIOWrapper name='C:\\Users\\Armin\\AppData\\Local\\Temp\\armgate_f7epezpw\\arm\\code_autonomy.arm.json' mode='w' encoding='utf-8'>
  open(p, "w", encoding="utf-8").write(json.dumps(tok))
ResourceWarning: Enable tracemalloc to get the object allocation traceback
ok
test_two_key_second_stale_denied (__main__.ArmGate.test_two_key_second_stale_denied) ... C:\Users\Armin\.zcode\tmp\octopus-heart-g4-20260825\_ops\tests\test_arm_gate.py:45: ResourceWarning: unclosed file <_io.TextIOWrapper name='C:\\Users\\Armin\\AppData\\Local\\Temp\\armgate_0ulruyd8\\arm\\code_autonomy.arm.json' mode='w' encoding='utf-8'>
  open(p, "w", encoding="utf-8").write(json.dumps(tok))
ResourceWarning: Enable tracemalloc to get the object allocation traceback
C:\Users\Armin\.zcode\tmp\octopus-heart-g4-20260825\_ops\tests\test_arm_gate.py:45: ResourceWarning: unclosed file <_io.TextIOWrapper name='C:\\Users\\Armin\\AppData\\Local\\Temp\\armgate_0ulruyd8\\arm\\code_autonomy.arm2.json' mode='w' encoding='utf-8'>
  open(p, "w", encoding="utf-8").write(json.dumps(tok))
ResourceWarning: Enable tracemalloc to get the object allocation traceback
ok
test_unknown_capability_denied (__main__.ArmGate.test_unknown_capability_denied) ... ok
test_wrong_capability_token_denied (__main__.ArmGate.test_wrong_capability_token_denied) ... C:\Users\Armin\.zcode\tmp\octopus-heart-g4-20260825\_ops\tests\test_arm_gate.py:45: ResourceWarning: unclosed file <_io.TextIOWrapper name='C:\\Users\\Armin\\AppData\\Local\\Temp\\armgate_67y6y3p6\\arm\\cortex_paid.arm.json' mode='w' encoding='utf-8'>
  open(p, "w", encoding="utf-8").write(json.dumps(tok))
ResourceWarning: Enable tracemalloc to get the object allocation traceback
ok

----------------------------------------------------------------------
Ran 16 tests in 0.165s

OK

â”€â”€ test_arm_gate.py â”€â”€â”€â”€â”€â”€â”€â”€â”€â”€â”€â”€â”€â”€â”€â”€â”€â”€â”€â”€â”€â”€â”€â”€â”€â”€â”€â”€â”€â”€â”€â”€â”€â”€â”€â”€â”€â”€â”€â”€â”€â”€â”€â”€

â”€â”€ test_telegram_channel.py â”€â”€â”€â”€â”€â”€â”€â”€â”€â”€â”€â”€â”€â”€â”€â”€â”€â”€â”€â”€â”€â”€â”€â”€â”€â”€â”€â”€â”€â”€â”€â”€â”€â”€â”€â”€
  ✅ [T-1] نبودِ token → no-opِ امن
  ✅ [T-1] نبودِ owner → no-op
  ✅ [T-1] wired = token + owner هر دو
  ✅ [T-1] long-poll: timeout + offset = last+1
  ✅ [T-1] offset در restart از فایل خوانده می‌شود (persist)
  ✅ [T-1] بدونِ state_dir، offset در حافظه (نه فایل)
  ✅ [T-1] پیامِ مالک → quarantine (DATA نه دستور)، شیر بسته
  ✅ [T-1] allowlist: غیرمالک ignore می‌شود (offset جلو می‌رود)
  ✅ [T-1] خطای شبکه fail-soft
  ✅ [T-1] شیر بسته: approval فقط از seam
  ✅ [T-1] kill_check → poll_once می‌ایستد قبل از شبکه
  ✅ [T-1] stop() → run_forever تمیز برمی‌گردد
  ✅ [T-1] secret-guard: __repr__ کلِ token را نشان نمی‌دهد
  ✅ [T-1] secret-guard: token فقط در URL، نه در repr/log
  ✅ [T-1] callback_query هم DATA، شیر بسته
  ✅ [T-2] not wired → کارت فرستاده نمی‌شود
  ✅ [T-2] کارت با ۳ دکمه + callback_data توکن‌دار فرستاده می‌شود
  ✅ [T-2] تأییدِ جعلی (توکنِ نامنطبق) → رد
  ✅ [T-2] effect ناشناخته → رد
  ✅ [T-2] دکمهٔ رد → settle نمی‌کند
  ✅ [T-2] دکمهٔ بعداً → pending می‌ماند
  ✅ [T-2] approve → human-append (age_tick+1) → settle (TINV-7)
  ✅ [T-2] approve دوم → رد (ضدِ replay)
  ✅ [T-2] خطای POST fail-soft، intent باقی می‌ماند
  ✅ [T-3] /lead → راهنمای فرمت + پاها
  ✅ [T-3] /lead معتبر → mint LEAD-YYYYMMDD-nnn در ledger
  ✅ [T-3] ارزشِ غیرعددی → خطا
  ✅ [T-3] ارزشِ منفی → خطا
  ✅ [T-3] پای ناشناخته → پیش‌فرض
  ✅ [T-3] ورودیِ ناقص → راهنما
  ✅ [T-3] دستورِ ناشناخته → None
  ✅ [T-3] send_text در not wired → no-op
  ✅ [T-4] /start_exp1 → تقویمِ ۱۴روزه تولید و قفل
  ✅ [T-4] exp2 → تقویمِ تناوبِ بازتولیدپذیر
  ✅ [T-4] prediction در start decode نمی‌شود (فقط sha256)
  ✅ [T-4] /reveal قبل از end_date → قفل
  ✅ [T-4] /reveal بعد از end_date → verify sha256
  ✅ [T-4] /reveal با fixture دست‌خورده → رد
  ✅ [T-4] /reveal آزمایشِ ناشناخته → خطا
  ✅ [T-4] ضدِ نشت: در طولِ آزمایش ترند نیست
  ✅ [T-5] /status → گزارشِ فقط‌خواندنی
  ✅ [T-5] /status بدونِ state → پیامِ روشن‌نبودن
  ✅ [T-5] /status هیچ writeای نمی‌کند
  ✅ [T-6] rfc_card با دکمه‌های merge/deny
  ✅ [T-6] rfc_card در not wired → no-op
  ✅ [T-6] rfc_card: notif_inbox خاموش → POST مثلِ قبل
  ✅ [T-6] rfc_card: notif_inbox روشن → صندوق، صفر POST، token/pending دست‌نخورده
  ✅ [T-7] /stop → STOP-ORGANISM نوشته می‌شود
  ✅ [T-7] /stop → حلقهٔ poll می‌ایستد
  ✅ [T-7] /reentry → کارت‌های معلق
  ✅ [T-7] /reentry با gate → اثرهای freeze‌شده
  ✅ [Router] handle_command همهٔ UIها را dispatch می‌کند
  ✅ [UX v2] /start منو با آیکن 🐙
  ✅ [UX v2] /status غنی با mode color
  ✅ [UX v2] کارتِ تأیید غنی

â”€â”€ test_telegram_group_allowlist.py â”€â”€â”€â”€â”€â”€â”€â”€â”€â”€â”€â”€â”€â”€â”€â”€â”€â”€â”€â”€â”€â”€â”€â”€â”€â”€â”€â”€
  ✅ t_a_allowlist_byte_identical_when_env_unset
  ✅ t_b_allowlist_adds_group_ids_skips_junk
  ✅ t_c_channel_allowed_set_in_init
  ✅ t_d_send_text_targets_provided_chat_id
  ✅ t_e_handle_command_accepts_chat_id_kw
  ✅ t_f_unknown_command_returns_none
  ✅ t_g_nonowner_group_mutations_are_centrally_denied
  ✅ t_h_external_none_identity_is_denied
  ✅ t_i_nonowner_group_mutating_commands_are_denied
  ✅ t_j_langar_bridge_dispatch_fail_soft_when_absent

✅ ALL GREEN (10/10)

â”€â”€ test_channel_status.py â”€â”€â”€â”€â”€â”€â”€â”€â”€â”€â”€â”€â”€â”€â”€â”€â”€â”€â”€â”€â”€â”€â”€â”€â”€â”€â”€â”€â”€â”€â”€â”€â”€â”€â”€â”€â”€â”€
  ✅ Task2: token+owner → live=True (پایانِ not-wiredِ دروغ)
  ✅ Task2: بی‌creds → stub صادق + required_env
  ✅ Task2: کانال‌های snapshotِ دیگر preserved
  ✅ Task2: poll_once کادنسی refresh می‌کند
  ✅ Task2: فایلِ خراب → بازنویسیِ fail-soft

â”€â”€ test_organ_dialogue.py â”€â”€â”€â”€â”€â”€â”€â”€â”€â”€â”€â”€â”€â”€â”€â”€â”€â”€â”€â”€â”€â”€â”€â”€â”€â”€â”€â”€â”€â”€â”€â”€â”€â”€â”€â”€â”€â”€
  ✅ 3a: digest دکتر render+hash
  ✅ 3a: focus فقط tie-breaker (بحران‌شکن نیست)
  ✅ 3a: صفِ بازنگری → ادغامِ دکتر + اطلاعِ مالک
  ✅ 3a: دکمهٔ ✍️ + free-text (token مصرف نمی‌شود)
  ✅ 3a: /doctor focus|edit owner-gated
  ✅ 3b: parse ِ bounded (کران‌ها + کلیدهای ممنوع)
  ✅ 3b: append/effective last-wins
  ✅ 3b: digest مغز از state-file
  ✅ 3b: /brain guide owner-gated + bounded
  ✅ 3b: cortex هرگز کانال نمی‌سازد (ضدِ 409، ساختاری)
  ✅ 3c: stall-detector ِ frozen-beat
  ✅ 3c: digest قلب + alertها
  ✅ 3c: دیوارهای validate (σ≤1، سقف‌ها، ADR-001)
  ✅ 3c: apply → epochِ نو + audit (ردشده نمی‌نویسد)
  ✅ 3c: جریانِ کاملِ تلگرام + ضدِ replay + owner-gate
  ✅ wiring: flag-off = no-op
  ✅ wiring: سه دایجست یک هلپرِ مشترک دارند
  ✅ wiring: ارسال + hash-throttle (ضدِ اسپم)
  ✅ وایرینگ: کارتِ پوش‌شدهٔ مغز دکمهٔ مردهٔ دو-باتی ندارد (real dispatch)
  ✅ hash: شمارندهٔ یک‌طرفه در کلیدِ dedup نباشد
  ✅ hash: قلب با گذشتِ ضربان عوض نشود
  ✅ hash: مغز و دکتر هم پایدار
  ✅ wiring: ارسالِ نرسیده هم مهر می‌خورد
  ✅ wiring: نرسیده last_hash را جلو نمی‌برد
  ✅ wiring: هیچ صداکننده‌ای پشتِ if-sent نماند

â”€â”€ test_leg.py â”€â”€â”€â”€â”€â”€â”€â”€â”€â”€â”€â”€â”€â”€â”€â”€â”€â”€â”€â”€â”€â”€â”€â”€â”€â”€â”€â”€â”€â”€â”€â”€â”€â”€â”€â”€â”€â”€â”€â”€â”€â”€â”€â”€â”€â”€â”€â”€â”€
  ✅ [L-0] wildcard در allowlist ممنوع
  ✅ [L-0] allowlist خالی ممنوع
  ✅ [L-0] secrets غیرخالی ممنوع (D1)
  ✅ [L-0] spawn≠0 ممنوع (INV-17)
  ✅ [L-0] budget منفی ممنوع
  ✅ [L-0] خواندنِ خارجِ allowlist = رد
  ✅ [L-0] خواندنِ دقیقِ allowlist
  ✅ [L-0] خروجی فقط proposal (D3) + متدهای ممنوع نیست
  ✅ [L-0] money_link: نبودِ organ = incubating
  ✅ [L-0] money_link: organ موجود = active
  ✅ [L-0] incubating نمی‌تواند بودجه بگیرد
  ✅ [L-0] سقفِ task_budget اعمال می‌شود
  ✅ [L-0] status فقط‌خواندنی (secrets_count=0)
  ✅ [L-1] intake فقط PROPOSAL (نه پول/ارسال)
  ✅ [L-1] intake نامِ خالی → fail-closed
  ✅ [L-1] intake مبلغِ نامعتبر → fail-closed
  ✅ [L-1] intake cell ناشناخته → پیش‌فرض
  ✅ [L-1] draft_quote حاوی attribution_id
  ✅ [L-1] draft_quote هیچ اثرِ بیرونی ندارد
  ✅ [L-1] claim → CLAIMED نه CONFIRMED
  ✅ [L-1] دلارِ paperِ کامل: PROPOSAL→CLAIMED→CONFIRMED→ATTRIBUTED
  ✅ [L-1] بدونِ CSVِ match → CLAIMED می‌ماند
  ✅ [L-1] پا CONFIRMED نمی‌نویسد (فقط reconcile-job)
  ✅ [L-1] تماسِ مشتری human-gated (پا call/send ندارد)

â”€â”€ test_doctor.py â”€â”€â”€â”€â”€â”€â”€â”€â”€â”€â”€â”€â”€â”€â”€â”€â”€â”€â”€â”€â”€â”€â”€â”€â”€â”€â”€â”€â”€â”€â”€â”€â”€â”€â”€â”€â”€â”€â”€â”€â”€â”€â”€â”€â”€â”€
  ✅ [D-1] stable_read: فایلِ سالم → stable
  ✅ [D-1] stable_read: نما در حالِ تغییر → stale
  ✅ [D-1] stable_read: بایتِ غیر-UTF-8 → corrupt
  ✅ [D-1] stable_read: U+FFFD (torn) → needs_source_verify نه false-corrupt
  ✅ [D-1] stable_read: غایب → missing
  ✅ [D-1] stable_read: short پایدار → stale نه corrupt
  ✅ [D-2] mine: trace با خطا → گلوگاه
  ✅ [D-2] mine: FREEZE اولویتِ بالاتر از error
  ✅ [D-2] mine: σ>1 → critical
  ✅ [D-2] mine: trace سالم → None
  ✅ [D-2] mine: reward-integrity (uptime را optimize نمی‌کند)
  ✅ [D-2] λ_persist منفی است
  ✅ [D-3] RFC = proposal-event، production دست‌نخورده
  ✅ [D-3] RFC با uptime → warning (reward-integrity)
  ✅ [D-4] sandbox ایزوله، production لمس‌نشده
  ✅ [D-4] Critic: بدونِ suite → unvalidated (نه دروغِ accept)
  ✅ [D-4] Critic: suiteِ سبز → accept واقعی
  ✅ [D-4] Critic: uptime → reject
  ✅ [D-4] Critic: تستِ شکست → concern
  ✅ [D-5] بدونِ channel → ابدی pending
  ✅ [D-5] با channel → کارتِ merge/reject
  ✅ [D-5] merge بعد از human-append + lesson
  ✅ [D-5] بدونِ approval → no merge
  ✅ [D-6] restart_from_known_good: failed → alive
  ✅ [D-6] restart fail-soft
  ✅ [D-6] run_cycle: RFC تولید
  ✅ [D-6] run_cycle: بدونِ گلوگاه → None
  ✅ [D-6] run_cycle: غیربلاک
  ✅ [برشِ ۲] run_cycle: RFCِ غایب از رجیستری هم APPLIED+receipt می‌گیرد
..............................
----------------------------------------------------------------------
Ran 30 tests in 0.034s

OK

â”€â”€ test_chord.py â”€â”€â”€â”€â”€â”€â”€â”€â”€â”€â”€â”€â”€â”€â”€â”€â”€â”€â”€â”€â”€â”€â”€â”€â”€â”€â”€â”€â”€â”€â”€â”€â”€â”€â”€â”€â”€â”€â”€â”€â”€â”€â”€â”€â”€â”€â”€
[test_chord] py=3.13.7

â”€â”€ test_chord_shadow.py â”€â”€â”€â”€â”€â”€â”€â”€â”€â”€â”€â”€â”€â”€â”€â”€â”€â”€â”€â”€â”€â”€â”€â”€â”€â”€â”€â”€â”€â”€â”€â”€â”€â”€â”€â”€â”€â”€â”€â”€
PASS t_flag_off_no_annotation_no_ledger
PASS t_flag_on_annotation_and_ledger
PASS t_parity_doctor_decision_unchanged
PASS t_chord_broken_failsoft
PASS t_malformed_rfc_failsoft
[test_chord_shadow] 5/5 سبز

â”€â”€ test_phase5.py â”€â”€â”€â”€â”€â”€â”€â”€â”€â”€â”€â”€â”€â”€â”€â”€â”€â”€â”€â”€â”€â”€â”€â”€â”€â”€â”€â”€â”€â”€â”€â”€â”€â”€â”€â”€â”€â”€â”€â”€â”€â”€â”€â”€â”€â”€
  ✅ [S-1] port مرده + no STOP + prior → revive
  ✅ [S-1] STOP → yield (kill-switch مطلق)
  ✅ [S-1] port زنده → no revive
  ✅ [S-1] اولین تولد → no revive (owner-launched)
  ✅ [S-1] revive_action با STOP → NO-OP
  ✅ [S-5] بکاپِ تازه → lag≈0 → ok
  ✅ [S-5] lag>2h → warn
  ✅ [S-5] lag>26h → ERROR
  ✅ [S-5] lag>72h → CRIT
  ✅ [S-5] هیچ بکاپی → CRIT
  ✅ [S-2] خطا → retry + لاگ (نه بی‌صدا)
  ✅ [S-2] موفقیت در attempt دوم
  ✅ [S-5] lag_alarm از مسیرها
  ✅ [S-3] publish → ledger + hash
  ✅ [S-3] is_human → age_tick +۱
  ✅ [S-3] non-human → age ثابت
  ✅ [S-3] replay از ledger
  ✅ [S-3] non-destructive: مسیرِ قدیمی هنوز کار می‌کند
  ✅ [S-4] checkpoint در chrono
  ✅ [S-4] db=None → False (fail-soft)
  ✅ [S-4] replay events
  ✅ [S-4] replay_state <۵s (DoD)
  ✅ [S-6] smoke چک‌ها برمی‌گرداند
  ✅ [S-6] هر چک verdict دارد

â”€â”€ test_spectral.py â”€â”€â”€â”€â”€â”€â”€â”€â”€â”€â”€â”€â”€â”€â”€â”€â”€â”€â”€â”€â”€â”€â”€â”€â”€â”€â”€â”€â”€â”€â”€â”€â”€â”€â”€â”€â”€â”€â”€â”€â”€â”€â”€â”€
  ✅ [M-2] گلوگاهِ شکننده نام برده شود
  ✅ [M-2] trace سالم → None یا واقعی
  ✅ [M-2] evidence دارای σ و gap
  ✅ [M-2] λ_persist دست‌نخورده منفی
  ✅ [M-2] هیچ وابستگی به *_gate/chrono
  ✅ [M-2] build_event_graph از trace
  ✅ [M-2] طیفِ مرتب‌شده (λ₁≈۰)
  ✅ [M-2] estimate_sigma در بازه
  ✅ [M-2] propose-only، هیچ اثر
  ✅ [M-2] fail-soft بدونِ numpy

â”€â”€ test_chamber.py â”€â”€â”€â”€â”€â”€â”€â”€â”€â”€â”€â”€â”€â”€â”€â”€â”€â”€â”€â”€â”€â”€â”€â”€â”€â”€â”€â”€â”€â”€â”€â”€â”€â”€â”€â”€â”€â”€â”€â”€â”€â”€â”€â”€â”€
  ✅ [W] trace دارای organs + errors
  ✅ [W] effects_pending=0 بدونِ db
  ✅ [W] knowledge/internal ساخته می‌شود
  ✅ [W] mine با trace غنی گلوگاه پیدا می‌کند
  ✅ [W] spectral ورودیِ غنی می‌گیرد
  ✅ [W] mine قدیمی بدونِ رگرسیون
  ✅ [C1] کران‌دار: ≤ max_rounds
  ✅ [C1] توقفِ زودهنگام رویِ consensus
  ✅ [C2] Skeptic موجود + falsifier
  ✅ [C3] propose-only، نه merge
  ✅ [C4] λ_persist منفی
  ✅ [C4] fixِ uptime جریمه می‌خورد
  ✅ [C5] auditable: rounds_log شفاف
  ✅ [C5] auditor صدا زده می‌شود
  ✅ [C6] stub = $0
  ✅ [C6] هیچ وابستگی به *_gate/chrono
  ✅ [C] RFC از trace تولید
  ✅ [C] بدونِ شاهد → RFC ضعیف/هیچ
  ✅ [C] provenance hash
  ✅ [C] صدای خراب → concern نه مرگ

â”€â”€ test_calibration.py â”€â”€â”€â”€â”€â”€â”€â”€â”€â”€â”€â”€â”€â”€â”€â”€â”€â”€â”€â”€â”€â”€â”€â”€â”€â”€â”€â”€â”€â”€â”€â”€â”€â”€â”€â”€â”€â”€â”€â”€â”€
  ✅ [FB] record_verdict بدونِ db → False
  ✅ [AT] pending کم → اجازه
  ✅ [AT] hard-cap + high → block
  ✅ [AT] critical از hard-cap می‌گذرد
  ✅ [AT] soft-cap + medium → block
  ✅ [FB] skip_bottleneck بدونِ db → no-skip
  ✅ [FB] count_pending_rfc
  ✅ [FB] effective_mine بدونِ db = mine
  ✅ [RS] effective_mine skip با RULE فعال + flag
  ✅ [RS] effective_mine no-skip با flag خاموش
  ✅ [CH] گزارش chamber از sandbox زنده می‌ماند
  ✅ [W] flags پیش‌فرض خاموز
  ✅ [W] flag=1 → True
  ✅ [W-1] enrich germline همیشه روشن
  ✅ [W] make_doctor بدونِ flag → None
  ✅ [W] make_doctor با flag → Doctor
  ✅ [W] make_telegram بدونِ توکن → None
  ✅ [W] make_unified بدونِ flag → None
  ✅ [W] make_lead بدونِ flag → None
  ✅ [W] doctor_beat بدونِ doctor → None
  ✅ [W] doctor_beat wrong beat → skip
  ✅ [W] wire_summary
  ✅ [C→rc] run_cycle با Chamber
  ✅ [C→rc] run_cycle calibration suppress
  ✅ [C→rc] run_cycle backward-compatible

â”€â”€ test_box.py â”€â”€â”€â”€â”€â”€â”€â”€â”€â”€â”€â”€â”€â”€â”€â”€â”€â”€â”€â”€â”€â”€â”€â”€â”€â”€â”€â”€â”€â”€â”€â”€â”€â”€â”€â”€â”€â”€â”€â”€â”€â”€â”€â”€â”€â”€â”€â”€â”€
  ✅ [1] ρ(J) < 1 روی نمونه
  ✅ [1] ρ≥1 → Warden مداخله
  ✅ [1] ρ<ρ_max → ok
  ✅ [2] E_box_max = 2% E_total
  ✅ [2] عبور از 2% → fail-closed
  ✅ [2] زیرِ cap → ok
  ✅ [2] spend projection deny
  ✅ [3] full-mesh ممنوع
  ✅ [3] یال subquadratic
  ✅ [3] Warden=root، Archivist=hub
  ✅ [4] حافظه زیرِ سقف تحت flood
  ✅ [4] sublinear check
  ✅ [4] evict کم‌امتیازترین
  ✅ [5] I(a;x) null ≈ 0
  ✅ [5] I(a;x) neural ≫ null
  ✅ [5] neuralness_score جدا می‌کند
  ✅ [6] contradiction_rate غیرصفر
  ✅ [6] cr==0 → alarm spiral
  ✅ [7] Warden yield_to_stop
  ✅ [7] هیچ import از production
  ✅ [S] clip01
  ✅ [S] goal_stack screened
  ✅ [S] psych clip
  ✅ [S] compliance ≠ agreement
  ✅ [P] primitive recursive
  ✅ [P] depth from budget
  ✅ [B] Box.run_tick metrics
  ✅ [B] Box.run_episode
  ✅ [B] Box خروجی فقط metrics

â”€â”€ test_evolution.py â”€â”€â”€â”€â”€â”€â”€â”€â”€â”€â”€â”€â”€â”€â”€â”€â”€â”€â”€â”€â”€â”€â”€â”€â”€â”€â”€â”€â”€â”€â”€â”€â”€â”€â”€â”€â”€â”€â”€â”€â”€â”€â”€
  ✅ [1] آرشیو کران‌دار
  ✅ [1] بهترین-در-سلول (ردِ پایین‌تر)
  ✅ [1] بهتر جایگزین می‌کند
  ✅ [1] evict کم‌امتیازترین
  ✅ [1] sample/mutate با lineage
  ✅ [1] generation lineage
  ✅ [2] lift بالا → passed
  ✅ [2] lift پایین → drop
  ✅ [2] eval error → drop
  ✅ [2] uptime → جریمه
  ✅ [2] eval_fn قابل‌تزریق
  ✅ [3] رتبه‌بندی بر score
  ✅ [3] elo assigned
  ✅ [3] single passthrough
  ✅ [3] survivor top-1
  ✅ [3] survivor top-2
  ✅ [3] judge_fn قابل‌تزریق
  ✅ [G] λ_persist منفی
  ✅ [G] هیچ import از production
  ✅ [G] mine فعلی دست‌نخورده

â”€â”€ test_box_b134.py â”€â”€â”€â”€â”€â”€â”€â”€â”€â”€â”€â”€â”€â”€â”€â”€â”€â”€â”€â”€â”€â”€â”€â”€â”€â”€â”€â”€â”€â”€â”€â”€â”€â”€â”€â”€â”€â”€â”€â”€â”€â”€â”€â”€
  ✅ [B1] I(a;x) neural ≥ null
  ✅ [B1] quality neural ≥ null
  ✅ [B1] suite neural majority
  ✅ [B1] falsifiable flag
  ✅ [B1] neuralness neural > null
  ✅ [B3] submit box insight
  ✅ [B3] no doctor → false
  ✅ [B3] propose-only no merge
  ✅ [B3] pipeline from metrics
  ✅ [B3] insight → payload
  ✅ [B4] compute_phi_t fields
  ✅ [B4] novelty boosts near critical
  ✅ [B4] novelty base when off
  ✅ [B4] ablation on/off
  ✅ [B4] no production import

â”€â”€ test_sensory.py â”€â”€â”€â”€â”€â”€â”€â”€â”€â”€â”€â”€â”€â”€â”€â”€â”€â”€â”€â”€â”€â”€â”€â”€â”€â”€â”€â”€â”€â”€â”€â”€â”€â”€â”€â”€â”€â”€â”€â”€â”€â”€â”€â”€â”€
  ✅ [C] lead → topics
  ✅ [C] error → tech topics
  ✅ [C] payment → MONEY_ATTRIBUTION
  ✅ [C] unknown → default
  ✅ [P] PII در invoice
  ✅ [P] clean label → no PII
  ✅ [P] PII observation رد
  ✅ [R] ratio بالا با ورودیِ واقعی
  ✅ [R] ratio پایین → آلارم
  ✅ [R] balanced → no alarm
  ✅ [R] کم‌داده → no alarm
  ✅ [O] publish بدونِ bus → False
  ✅ [O] publish با fake bus → True
  ✅ [O] status فقط‌خواندنی
  ✅ [S] no production import
  ✅ [S] no raw_data stored

â”€â”€ test_rhythm.py â”€â”€â”€â”€â”€â”€â”€â”€â”€â”€â”€â”€â”€â”€â”€â”€â”€â”€â”€â”€â”€â”€â”€â”€â”€â”€â”€â”€â”€â”€â”€â”€â”€â”€â”€â”€â”€â”€â”€â”€â”€â”€â”€â”€â”€â”€
  ✅ [الف] ledger invariance (rhythm on/off)
  ✅ [ب] نویز bounded
  ✅ [ب] نویز seeded reproducible
  ✅ [ج] HRV↓ → آلارم
  ✅ [ج] HRV بالا → no alarm
  ✅ [د] τ با novelty کش
  ✅ [د] τ با stress فشرده
  ✅ [ه] stress بالا → RED
  ✅ [ه] healthy → GREEN
  ✅ [ه] moderate stress → FOCUSED
  ✅ [و] advisory_only=True
  ✅ [و] no production import
  ✅ [و] stress → T_beat سریع‌تر
  ✅ [و] ورودی non-finite → خروجی bounded
  ✅ [و] readiness → T_beat بلندتر
  ✅ [CR-B1] پارامتر نظم edge cases
  ✅ [CR-B1] step pure + validation

â”€â”€ test_cockpit.py â”€â”€â”€â”€â”€â”€â”€â”€â”€â”€â”€â”€â”€â”€â”€â”€â”€â”€â”€â”€â”€â”€â”€â”€â”€â”€â”€â”€â”€â”€â”€â”€â”€â”€â”€â”€â”€â”€â”€â”€â”€â”€â”€â”€â”€
  ✅ [BC] منوی اصلی
  ✅ [BC] وضعیت ارگانیسم
  ✅ [BC] صفِ تأییدِ تجمیعی
  ✅ [BC] Project-F صفر رسانه/هویت
  ✅ [BC] وضعیت ۶ پا
  ✅ [BC] پول shadow
  ✅ [BC] آلارم RED
  ✅ [BC] بریف روز
  ✅ [BC] no production import
  ✅ [BC] صف خالی

â”€â”€ test_project_f.py â”€â”€â”€â”€â”€â”€â”€â”€â”€â”€â”€â”€â”€â”€â”€â”€â”€â”€â”€â”€â”€â”€â”€â”€â”€â”€â”€â”€â”€â”€â”€â”€â”€â”€â”€â”€â”€â”€â”€â”€â”€â”€â”€
  ✅ [S] درفت با self-cert
  ✅ [S] self-cert ناقص → fail
  ✅ [S] درفت pending تا آری
  ✅ [S] صفر رسانه در خروجی
  ✅ [S] halt متوقف می‌کند
  ✅ [S] آنالیز تجمیعی
  ✅ [S] PPV سه‌لایه
  ✅ [S] geo-block در قواعد
  ✅ [B] Strategist
  ✅ [B] Pricer سه‌لایه
  ✅ [B] Compliance drop
  ✅ [B] Compliance pass
  ✅ [B] Ethics drop
  ✅ [B] HITL low→صبا
  ✅ [B] HITL high→آری
  ✅ [B] HITL guard fail→drop
  ✅ [B] archive learned only
  ✅ [B] budget 2% cap
  ✅ [B] λ_persist منفی
  ✅ [B] صفر PII در proposals
  ✅ [B] no production import

â”€â”€ test_live_loop.py â”€â”€â”€â”€â”€â”€â”€â”€â”€â”€â”€â”€â”€â”€â”€â”€â”€â”€â”€â”€â”€â”€â”€â”€â”€â”€â”€â”€â”€â”€â”€â”€â”€â”€â”€â”€â”€â”€â”€â”€â”€â”€â”€
  ✅ [الف] درفت high-risk → آری
  ✅ [الف] درفت low-risk → صبا
  ✅ [الف] verdict approved → استودیو
  ✅ [الف] verdict rejected → no publish
  ✅ [الف] verdict → آرشیو
  ✅ [الف] guard fail → drop
  ✅ [ب] Lead-نقاشی روی همان حلقه
  ✅ [ج] صفر PII در signals
  ✅ [ج] advisory اثر نمی‌زند
  ✅ [ج] money قفل در PF
  ✅ [ج] دوکلیده حفظ
  ✅ [W] bus subscribe/publish
  ✅ [W] advisory subscriber notify بدون ledger
  ✅ [G1] proposal router deliver/dedupe
  ✅ [G3] proposal outcome metrics
  ✅ [MVO] flywheel proposal→card→outcome→measure
  ✅ [W] UnifiedBus.subscribe
  ✅ [S] no production import

â”€â”€ test_proposal_buttons.py â”€â”€â”€â”€â”€â”€â”€â”€â”€â”€â”€â”€â”€â”€â”€â”€â”€â”€â”€â”€â”€â”€â”€â”€â”€â”€â”€â”€â”€â”€â”€â”€â”€â”€â”€â”€
  ✅ [الف] فلگ خاموش → بدونِ کیبورد
  ✅ [الف] فلگ خاموش → قلاب بسته نمی‌شود
  ✅ [ب] فلگ روشن → کیبورد + قرارداد ۶۴ بایت
  ✅ [notif_inbox] فلگ روشن → صندوق، صفر channel.send_text
  ✅ [notif_inbox] فلگ خاموش → همان رفتارِ [ب]
  ✅ [ب] تپِ آره → outcome + ارزش
  ✅ [ب] تپِ نه → outcome بدونِ ارزش
  ✅ [ب] dispatch واقعیِ کانال e2e
  ✅ [ب] قوس تا goal_directed.measure
  ✅ [ب] pollerِ واقعی قوس را می‌بندد
  ✅ [ج] pollerِ واقعی غریبه را رد می‌کند
  ✅ [ج] tokenِ ناشناخته بی‌اثر
  ✅ [ج] verbِ بد بی‌اثر
  ✅ [ج] «بعداً» کارت را نمی‌سوزاند
  ✅ [ج] toastِ «بعداً» صادق است
  ✅ [ج] دو-تپ idempotent
  ✅ [ج] کانالِ قدیمی fallback
  ✅ [ج] بی‌قلاب → نادیده
  ✅ [ج] نگاشتِ token کران‌دار
  ✅ [ج] مسیرِ دکمه هرگز settle نمی‌کند

â”€â”€ test_acquisition.py â”€â”€â”€â”€â”€â”€â”€â”€â”€â”€â”€â”€â”€â”€â”€â”€â”€â”€â”€â”€â”€â”€â”€â”€â”€â”€â”€â”€â”€â”€â”€â”€â”€â”€â”€â”€â”€â”€â”€â”€â”€
  ✅ [M] empty → no perf
  ✅ [M] records post
  ✅ [M] persistence
  ✅ [M] best_time learns
  ✅ [M] confidence grows
  ✅ [A] empty default
  ✅ [A] finds best tag
  ✅ [A] competitor opportunity
  ✅ [P] plan structure
  ✅ [P] risk note no data
  ✅ [P] suggest no data
  ✅ [P] suggest with data
  ✅ [F] feedback loop
  ✅ [G] no auto-DM/target
  ✅ [G] no PII
  ✅ [G] A/B test

â”€â”€ test_neural.py â”€â”€â”€â”€â”€â”€â”€â”€â”€â”€â”€â”€â”€â”€â”€â”€â”€â”€â”€â”€â”€â”€â”€â”€â”€â”€â”€â”€â”€â”€â”€â”€â”€â”€â”€â”€â”€â”€â”€â”€â”€â”€â”€â”€â”€â”€
  ✅ [NI-1] snapshot fields + advisory
  ✅ [NI-1] history
  ✅ [NI-2] σ>1 → throttle
  ✅ [NI-2] budget>80% → slow
  ✅ [NI-2] RED → pause
  ✅ [NI-2] no effect
  ✅ [NI-2] all clear
  ✅ [NI-3] peak hours
  ✅ [NI-3] maintenance
  ✅ [NI-3] best platform
  ✅ [NI-4] verified only
  ✅ [NI-4] discard self-report
  ✅ [NI-4] accept real data
  ✅ [NI-4] persists
  ✅ [NI-5] healthy
  ✅ [NI-5] freeze → pain
  ✅ [NI-5] protective mode
  ✅ [NI-5] λ_persist negative
  ✅ [NI-6] strength grows
  ✅ [NI-6] decay
  ✅ [NI-6] persists
  ✅ [NI-7] completes
  ✅ [NI-7] timeout
  ✅ [NI-7] budget exhausted
  ✅ [NI-8] fire pre/post
  ✅ [NI-8] fail-soft
  ✅ [NI-8] invalid name
  ✅ [NI-8] with sprint

â”€â”€ test_deep_pf.py â”€â”€â”€â”€â”€â”€â”€â”€â”€â”€â”€â”€â”€â”€â”€â”€â”€â”€â”€â”€â”€â”€â”€â”€â”€â”€â”€â”€â”€â”€â”€â”€â”€â”€â”€â”€â”€â”€â”€â”€â”€â”€â”€â”€â”€
  ✅ [T] ۱۰ agent
  ✅ [T] pricer learns
  ✅ [T] competitor intel
  ✅ [T] trend seasonal
  ✅ [T] funnel bottleneck
  ✅ [T] content optimizer
  ✅ [T] retention high churn
  ✅ [C] ۷ type
  ✅ [C] brief all insights
  ✅ [C] report funnel
  ✅ [D] blocked
  ✅ [D] human-gated
  ✅ [D] no forbidden
  ✅ [S] menu
  ✅ [S] callback view
  ✅ [S] callback submit
  ✅ [S] callback menu
  ✅ [S] callback back
  ✅ [S] unknown quarantine
  ✅ [S] halt
  ✅ [S] not wired
  ✅ [N] snapshot→inputs
  ✅ [N] evaluate
  ✅ [N] no effect
  ✅ [G] λ_persist
  ✅ [G] no auto-DM

â”€â”€ test_pf_full.py â”€â”€â”€â”€â”€â”€â”€â”€â”€â”€â”€â”€â”€â”€â”€â”€â”€â”€â”€â”€â”€â”€â”€â”€â”€â”€â”€â”€â”€â”€â”€â”€â”€â”€â”€â”€â”€â”€â”€â”€â”€â”€â”€â”€â”€
  ✅ [O] tick no data
  ✅ [O] tick protective
  ✅ [O] tick normal
  ✅ [O] status
  ✅ [CE] generate 10
  ✅ [CE] script
  ✅ [CE] batch
  ✅ [CE] reuse 5
  ✅ [CE] ab pairs
  ✅ [K] html sections
  ✅ [K] no PII
  ✅ [K] funnel pct
  ✅ [AB] create
  ✅ [AB] analyze
  ✅ [AB] auto winner
  ✅ [AB] persists
  ✅ [L] track
  ✅ [L] churn rate
  ✅ [L] predict
  ✅ [L] win-back
  ✅ [L] no PII

â”€â”€ test_frontier.py â”€â”€â”€â”€â”€â”€â”€â”€â”€â”€â”€â”€â”€â”€â”€â”€â”€â”€â”€â”€â”€â”€â”€â”€â”€â”€â”€â”€â”€â”€â”€â”€â”€â”€â”€â”€â”€â”€â”€â”€â”€â”€â”€â”€
  ✅ [W] flag default off
  ✅ [W] stack None without flag
  ✅ [W] stack built with flag
  ✅ [W] beat None without stack
  ✅ [W] summary has neural
  ✅ [S] pain>0.7 → override
  ✅ [S] critical reflex → override
  ✅ [S] high reflex → warn
  ✅ [S] clear
  ✅ [S] None input
  ✅ [M] None without stack
  ✅ [M] discards unverified
  ✅ [M] accepts verified
  ✅ [E] spawn without gate → reject
  ✅ [E] approve only settle
  ✅ [E] reconcile structure
  ✅ [E] no regression flags off
  ✅ [G] no production import
  ✅ [G] override always dict
  ✅ [S-fix] enforced not just alert
  ✅ [S-fix-2] no busy-loop
  ✅ [S-fix] no silent neural error

â”€â”€ test_organism_protective.py â”€â”€â”€â”€â”€â”€â”€â”€â”€â”€â”€â”€â”€â”€â”€â”€â”€â”€â”€â”€â”€â”€â”€â”€â”€â”€â”€â”€â”€â”€â”€â”€â”€
  ✅ pain>0.7 → protective_proposal (نه halt)
  ✅ pain پایین → بدونِ override
  ✅ reflex بحرانی → throttle_proposal
  ✅ epoch روی not _protective_skip گیت (flag مصرف)
  ✅ fitness روی not _protective_skip گیت
  ✅ neural skip فقط با executable
  ✅ neural SHADOW + OVERRIDE paths
  ✅ بدونِ continue (busy-loop ban)
  ✅ time.sleep همیشه اجرا می‌شود

â”€â”€ test_canonical_consolidation.py â”€â”€â”€â”€â”€â”€â”€â”€â”€â”€â”€â”€â”€â”€â”€â”€â”€â”€â”€â”€â”€â”€â”€â”€â”€â”€â”€â”€â”€
  ✅ SchoolBridge.mean_awareness وجود دارد
  ✅ mean_awareness عدد برمی‌گرداند
  ✅ mean_awareness = field.mean_awareness (delegate)
  ✅ مسیرِ School به consolidation می‌رسد (با bridge واقعی)
  ✅ awareness=0 هم verified است
  ✅ §۴: بلوکِ school except: pass ندارد
  ✅ bridgeِ خراب crash نمی‌کند (fail-soft)

â”€â”€ test_sprint_beat.py â”€â”€â”€â”€â”€â”€â”€â”€â”€â”€â”€â”€â”€â”€â”€â”€â”€â”€â”€â”€â”€â”€â”€â”€â”€â”€â”€â”€â”€â”€â”€â”€â”€â”€â”€â”€â”€â”€â”€â”€â”€
  ✅ TINV-5: no time.time() call in code
  ✅ TINV-5: no wall-clock fields (deadline_ts gone)
  ✅ expiry با beat تزریقی (نه زمان واقعی)
  ✅ finish timed_out بر اساسِ beat
  ✅ قبل از deadline → no timeout
  ✅ start_beat → deadline خودکار
  ✅ start() تزریقِ start_beat
  ✅ fail-soft: بدونِ beat، شمارشی کار می‌کند
  ✅ fail-soft: deadline=0 فقط شمارشِ budget
  ✅ budget_tokens همچنان enforced
  ✅ context_reset حفظ شده

â”€â”€ test_approval_queue_consistency.py â”€â”€â”€â”€â”€â”€â”€â”€â”€â”€â”€â”€â”€â”€â”€â”€â”€â”€â”€â”€â”€â”€â”€â”€â”€â”€
  ✅ pending در gate → pending در cockpit
  ✅ settled در gate → approved در cockpit
  ✅ releasable در gate → approved در cockpit
  ✅ refused در gate → denied در cockpit
  ✅ HTML قبل از نمایش reconcile می‌کند
  ✅ cockpit متدِ settle ندارد
  ✅ cockpit وضعیتِ gate را تغییر نمی‌دهد
  ✅ reconcile فقط‌خواندنی است (settle نمی‌کند)
  ✅ بدونِ status_fn → shadow
  ✅ shadow هرگز approved نشان نمی‌دهد
  ✅ با status_fn → نه shadow
  ✅ cockpit import از *_gate ندارد

â”€â”€ test_consolidation_wiring.py â”€â”€â”€â”€â”€â”€â”€â”€â”€â”€â”€â”€â”€â”€â”€â”€â”€â”€â”€â”€â”€â”€â”€â”€â”€â”€â”€â”€â”€â”€â”€â”€
  ✅ flag on → fire + school_awareness
  ✅ flag on → school در insights
  ✅ flag off → no-op
  ✅ flag off در summary
  ✅ beat غیرِ مضربِ N → no-op
  ✅ beat=0 → no-op
  ✅ kill-switch → no-op
  ✅ organism consolidation_beat صدا می‌زند
  ✅ organism make_school_bridge
  ✅ consolidation روی not _protective_skip
  ✅ consolidation error alert
  ✅ verification-gate: school غیرعددی discard

â”€â”€ test_spinal_cord_w1.py â”€â”€â”€â”€â”€â”€â”€â”€â”€â”€â”€â”€â”€â”€â”€â”€â”€â”€â”€â”€â”€â”€â”€â”€â”€â”€â”€â”€â”€â”€â”€â”€â”€â”€â”€â”€â”€â”€
  ✅ publish → bus events + advisory پُر
  ✅ publish جزئی
  ✅ بدونِ سیگنال → صفر publish
  ✅ چند tick → تجمعی
  ✅ advisory_only=True
  ✅ publish settle نمی‌کند
  ✅ kill-switch → publish صفر
  ✅ bare: flags off → None
  ✅ bare: make_live_loop in-memory bus
  ✅ bare: LiveLoop=None → صفر publish
  ✅ boot bus/leg را نگه می‌دارد (discard فیکس)
  ✅ boot LiveLoop می‌سازد
  ✅ tick publish می‌کند
  ✅ publish روی not _protective_skip
  ✅ publish error alert (§۴)
  ✅ LiveLoop همان bus را می‌گیرد

â”€â”€ test_afferent_path_w2.py â”€â”€â”€â”€â”€â”€â”€â”€â”€â”€â”€â”€â”€â”€â”€â”€â”€â”€â”€â”€â”€â”€â”€â”€â”€â”€â”€â”€â”€â”€â”€â”€â”€â”€â”€â”€
  ✅ afferent → mean_awareness افزایش
  ✅ afferent_status → bus event
  ✅ afferent observation count
  ✅ PII observation رد می‌شود
  ✅ PII هرگز یاد گرفته نمی‌شود
  ✅ observationها انتزاعی‌اند (هیچ PII)
  ✅ AfferentEvent بدونِ raw_data
  ✅ flag off → no-op
  ✅ beat غیرِ مضربِ N → no-op
  ✅ beat=0 → no-op
  ✅ snapshot خالی → no school
  ✅ بدونِ SensoryBus → None
  ✅ kill-switch → None
  ✅ organism make_sensory_bus
  ✅ organism afferent_beat در tick
  ✅ afferent_status به publish
  ✅ afferent روی not _protective_skip

â”€â”€ test_doctor_evolution_wiring.py â”€â”€â”€â”€â”€â”€â”€â”€â”€â”€â”€â”€â”€â”€â”€â”€â”€â”€â”€â”€â”€â”€â”€â”€â”€â”€â”€â”€â”€
  ✅ flag on → evolution در result
  ✅ flag on → آرشیو پر می‌شود
  ✅ flag on → measured_lift ارزیابی
  ✅ flag on → tournament_rank (candidates≥۲)
  ✅ flag off → no evolution
  ✅ flag off → archive ساخته نمی‌شود
  ✅ flag off → شکلِ خروجی همان قبل
  ✅ uptime fix → drop (λ_persist)
  ✅ uptime fix هرگز برنده نیست
  ✅ evolution معیار را ویرایش نمی‌کند
  ✅ RFC همیشه submit می‌شود
  ✅ run_cycle با evolution سریع

â”€â”€ test_box_wiring.py â”€â”€â”€â”€â”€â”€â”€â”€â”€â”€â”€â”€â”€â”€â”€â”€â”€â”€â”€â”€â”€â”€â”€â”€â”€â”€â”€â”€â”€â”€â”€â”€â”€â”€â”€â”€â”€â”€â”€â”€â”€â”€
  ✅ flag on → box در result
  ✅ flag on → tick_count افزایش
  ✅ b3 propose نه merge
  ✅ propose_only=True در گزارش
  ✅ b4 phi_t در گزارش
  ✅ falsif هر N tick
  ✅ falsif skip وقتی نوبت نیست
  ✅ Warden cap = ۲٪
  ✅ Warden اطاعتِ STOP
  ✅ Warden budget tracked
  ✅ flag off → no box
  ✅ flag off → Box ساخته نمی‌شود
  ✅ flag off → legacy shape
  ✅ support-libهای box reachable
  ✅ non-blocking با box

â”€â”€ test_lead_leg_loop.py â”€â”€â”€â”€â”€â”€â”€â”€â”€â”€â”€â”€â”€â”€â”€â”€â”€â”€â”€â”€â”€â”€â”€â”€â”€â”€â”€â”€â”€â”€â”€â”€â”€â”€â”€â”€â”€â”€â”€
  ✅ flag on → HLC رشد می‌کند
  ✅ flag on → ack ثبت می‌شود
  ✅ flag on → leg_clock در db (single-writer)
  ✅ flag on → propose_only=True
  ✅ Leg متدِ effector ندارد (structural)
  ✅ leg_beat در db نمی‌نویسد (single-writer)
  ✅ پا فقط proposal تولید می‌کند
  ✅ flag off → no-op
  ✅ flag off → LegHandle ثبت نمی‌شود
  ✅ wire_summary wire_leg_tick
  ✅ kill-switch → None
  ✅ بدونِ leg/pacemaker → None
  ✅ بوت pacemaker را نگه می‌دارد
  ✅ tick leg_beat صدا می‌زند
  ✅ leg_beat روی not _protective_skip
  ✅ leg_beat error alert (§۴)
  ✅ leg_beat از _leg استفاده می‌کند

â”€â”€ test_human_append_guard.py â”€â”€â”€â”€â”€â”€â”€â”€â”€â”€â”€â”€â”€â”€â”€â”€â”€â”€â”€â”€â”€â”€â”€â”€â”€â”€â”€â”€â”€â”€â”€â”€â”€â”€
PASS - legit human-append authorized
PASS - replay rejected
PASS - missing token rejected
PASS - event_type tamper rejected
PASS - signature tamper rejected
PASS - expired token rejected
PASS - disabled guard passthrough
PASS - non-human append untouched
PASS - approval-id mismatch rejected
PASS - disabled guard cannot mint
PASS - strict fail-closed denies (no secret)
PASS - strict + secret keeps HMAC path
PASS - shadow-alert keeps passthrough (no behavior change)
PASS - default still passthrough (backward-compat)
PASS - guard_from_env flag->deny, unset->passthrough

== 0 failure(s) ==

â”€â”€ test_idea_graph.py â”€â”€â”€â”€â”€â”€â”€â”€â”€â”€â”€â”€â”€â”€â”€â”€â”€â”€â”€â”€â”€â”€â”€â”€â”€â”€â”€â”€â”€â”€â”€â”€â”€â”€â”€â”€â”€â”€â”€â”€â”€â”€
  ✅ parse frontmatter
  ✅ parse بدونِ frontmatter
  ✅ build → nodes + edges
  ✅ wikilink → reference edge
  ✅ frontmatter sources → cites
  ✅ resolve با basename
  ✅ هاب‌ها (in-degree)
  ✅ خوشه‌ها by tags
  ✅ پل‌ها
  ✅ یال‌های پیشنهادی
  ✅ analyze گزارشِ کامل
  ✅ بدونِ متدِ effector
  ✅ یال‌های پیشنهادی human-append
  ✅ vault واقعی: گراف معنی‌دار
  ✅ vault واقعی: هاب‌ها
  ✅ flag off → no-op
  ✅ flag on → تحلیل
  ✅ تحلیل نوشته می‌شود نه فقط برگردانده
  ✅ beat غیرِ مضربِ N → no-op
  ✅ organism idea_beat
  ✅ organism make_idea_graph
  ✅ organism apply_profile
  ✅ organism doctor_result منتقل

â”€â”€ test_connection_selftest.py â”€â”€â”€â”€â”€â”€â”€â”€â”€â”€â”€â”€â”€â”€â”€â”€â”€â”€â”€â”€â”€â”€â”€â”€â”€â”€â”€â”€â”€â”€â”€â”€â”€
  ✅ bare profile explicit
  ✅ bare → no flags
  ✅ paper-full → همهٔ flagها
  ✅ paper-full → بدونِ money flag
  ✅ boot builds all modules
  ✅ boot builds unified bus
  ✅ boot builds live loop
  ✅ all modules fire ≥1
  ✅ bus receives advisory
  ✅ bare → only metabolic fires
  ✅ _pacemaker clobber فیکس شد

â”€â”€ test_germline_wiring.py â”€â”€â”€â”€â”€â”€â”€â”€â”€â”€â”€â”€â”€â”€â”€â”€â”€â”€â”€â”€â”€â”€â”€â”€â”€â”€â”€â”€â”€â”€â”€â”€â”€â”€â”€â”€â”€
  ✅ enrich فیلدها را می‌گذارد
  ✅ enrich از ماژولِ germline استفاده می‌کند
  ✅ CRIT-tier alert
  ✅ ok → no alert
  ✅ organism enrich_state_with_germline
  ✅ organism inline-duplicate حذف شد
  ✅ fallback وقتی germline fail

â”€â”€ test_checkpoint_wiring.py â”€â”€â”€â”€â”€â”€â”€â”€â”€â”€â”€â”€â”€â”€â”€â”€â”€â”€â”€â”€â”€â”€â”€â”€â”€â”€â”€â”€â”€â”€â”€â”€â”€â”€â”€
  ✅ checkpoint روی db واقعی
  ✅ بدونِ db → False
  ✅ unified_bus delegate می‌کند (structural)
  ✅ publish → checkpoint نوشته
  ✅ replay از ledger

â”€â”€ test_spectral_wiring.py â”€â”€â”€â”€â”€â”€â”€â”€â”€â”€â”€â”€â”€â”€â”€â”€â”€â”€â”€â”€â”€â”€â”€â”€â”€â”€â”€â”€â”€â”€â”€â”€â”€â”€â”€â”€â”€
  ✅ flag on → spectral fire وقتی mine none
  ✅ spectral_mine گلوگاه برمی‌گرداند
  ✅ spectral_mine empty → None
  ✅ mine مقدم است
  ✅ flag off + mine none → None
  ✅ λ_persist منفی
  ✅ σ توصیفی، نه هدف
  ✅ doctor spectral_mine صدا می‌زند

â”€â”€ test_profile_w3.py â”€â”€â”€â”€â”€â”€â”€â”€â”€â”€â”€â”€â”€â”€â”€â”€â”€â”€â”€â”€â”€â”€â”€â”€â”€â”€â”€â”€â”€â”€â”€â”€â”€â”€â”€â”€â”€â”€â”€â”€â”€â”€
  ✅ default = paper-full
  ✅ bare explicit
  ✅ live recognized
  ✅ paper-full همه flagها
  ✅ live همانِ paper
  ✅ bare no flags
  ✅ explicit flag override
  ✅ no money flag in paper-full
  ✅ paper-full capability بسته
  ✅ live capability بسته
  ✅ no LIVE_ENABLED
  ✅ spectral در paper-full

â”€â”€ test_llm_routing_smoke.py â”€â”€â”€â”€â”€â”€â”€â”€â”€â”€â”€â”€â”€â”€â”€â”€â”€â”€â”€â”€â”€â”€â”€â”€â”€â”€â”€â”€â”€â”€â”€â”€â”€â”€â”€
  ✅ routing glm موجود
  ✅ routing fugu موجود
  ✅ cap = ۳۰ (رأی مالک)
  ✅ disaster/kill/alert دست‌نخورده
  ✅ GLM key فقط env
  ✅ Fugu key فقط env
  ✅ no key in budgets.yaml
  ✅ env_loader مقدار را log نمی‌کند
  ✅ GLM stub offline
  ✅ Fugu stub offline
  ✅ leak-guard
  ✅ gateway model map
  ✅ gateway url localhost
  ✅ client uses gateway when up
  ✅ GLM LIVE smoke
  [LIVE fugu] SKIP — retired by owner vote 2026-08-15 (orchestr not in _TIER_ROLE; see model_router.py:132)
  ✅ Fugu LIVE smoke
  [env_status] {'GLM_API_KEY': 'not-set', 'GLM_BASE_URL': 'not-set', 'FUGU_API_KEY': 'not-set', 'DEEPSEEK_API_KEY': 'not-set', 'ZAI_API_KEY': 'not-set', 'ANTHROPIC_API_KEY': 'not-set', 'TELEGRAM_BOT_TOKEN': 'not-set', 'TELEGRAM_OWNER_CHAT_ID': 'not-set'}
  ✅ env_status report

â”€â”€ test_barbell_attribution.py â”€â”€â”€â”€â”€â”€â”€â”€â”€â”€â”€â”€â”€â”€â”€â”€â”€â”€â”€â”€â”€â”€â”€â”€â”€â”€â”€â”€â”€â”€â”€â”€â”€
  ✅ CONFIRMED → درصدِ بیشتر
  ✅ satellite cap نشکن
  ✅ cull فقط روی مرگِ پایدار
  ✅ no cull اگر CONFIRMED اخیر
  ✅ hysteresis محدودِ تغییر
  ✅ CORE > SATELLITE
  ✅ propose_only
  ✅ propose با partners صریح
  ✅ propose بدون partners (سازگار)
  ✅ confirm → split
  ✅ confirmed_revenue by_partner
  ✅ partners نرمالایز
  ✅ barbell money را باز نمی‌کند
  ✅ allocation در budgets.yaml
  ✅ partners_default Project-F ۵۰/۵۰

â”€â”€ test_relationships_wired.py â”€â”€â”€â”€â”€â”€â”€â”€â”€â”€â”€â”€â”€â”€â”€â”€â”€â”€â”€â”€â”€â”€â”€â”€â”€â”€â”€â”€â”€â”€â”€â”€â”€
  ✅ barbell در run_epoch
  ✅ revenue در fitness formula
  ✅ rhythm_beat در wiring
  ✅ rhythm_beat کار می‌کند
  ✅ organism rhythm می‌سازد
  ✅ circadian در wiring
  ✅ circadian کار می‌کند
  ✅ organism circadian
  ✅ sprint در wiring
  ✅ organism sprint
  ✅ debate در run_epoch
  ✅ rhythm_state به neural_beat
  ✅ rhythm_state به publish
  ✅ wire_summary flagهای نو

â”€â”€ test_phase0_safety_net.py â”€â”€â”€â”€â”€â”€â”€â”€â”€â”€â”€â”€â”€â”€â”€â”€â”€â”€â”€â”€â”€â”€â”€â”€â”€â”€â”€â”€â”€â”€â”€â”€â”€â”€â”€
  ✅ 0a: doctor=None در pacemaker
  ✅ 0a: start_pacemaker_thread بدونِ doctor param
  ✅ 0b: dispatcher=None
  ✅ 0b: schedule پر می‌کند ولی dispatch مرده
  ✅ 0c: outbox خالی/غایب
  ✅ 0c: fitness با outbox خالی graceful
  ✅ 0d: phi_to_novelty در doctor صدا زده نمی‌شود
  ✅ 0d: phi_to_novelty در b4_fusion موجود
  ✅ 0e: ledger hash-chain سالم
  ✅ 0e: append-only guard
  ✅ 0e: no-spend در ledger
  ✅ 0f: governor epoch snapshot

â”€â”€ test_phase1_wiring.py â”€â”€â”€â”€â”€â”€â”€â”€â”€â”€â”€â”€â”€â”€â”€â”€â”€â”€â”€â”€â”€â”€â”€â”€â”€â”€â”€â”€â”€â”€â”€â”€â”€â”€â”€â”€â”€â”€â”€
  ✅ B5: doctor param در start_pacemaker
  ✅ B5: organism doctor را پاس می‌دهد
  ✅ B5: self-heal پشتِ flag
  ✅ B5: circuit-breaker
  ✅ B5: Pacemaker با doctor
  ✅ B7: chamber از _gather_trace
  ✅ B7: نه trace or {}
  ✅ B8: phi_to_novelty صدا زده
  ✅ B8: _last_phi_t ذخیره
  ✅ B8: novelty در report
  ✅ C9: dead stack حذف
  ✅ C9: core باقی
  ✅ C10: spectral_result حذف

â”€â”€ test_phase2_scheduler.py â”€â”€â”€â”€â”€â”€â”€â”€â”€â”€â”€â”€â”€â”€â”€â”€â”€â”€â”€â”€â”€â”€â”€â”€â”€â”€â”€â”€â”€â”€â”€â”€â”€â”€â”€â”€
  ✅ flag off → None
  ✅ flag on → callable
  ✅ propose-only (advisory)
  ✅ Pacemaker با dispatcher
  ✅ Pacemaker بدون dispatcher
  ✅ schedule → dispatch فایر
  ✅ organism dispatcher پاس می‌دهد
  ✅ wire_summary scheduler

â”€â”€ test_phase4_epistemics.py â”€â”€â”€â”€â”€â”€â”€â”€â”€â”€â”€â”€â”€â”€â”€â”€â”€â”€â”€â”€â”€â”€â”€â”€â”€â”€â”€â”€â”€â”€â”€â”€â”€â”€â”€
  ✅ identifiability
  ✅ self_reference (SOG)
  ✅ method conditional only
  ✅ levels empty safe
  ✅ channel empty safe
  ✅ all have confidence
  ✅ emit separate stream
  ✅ emit idempotency
  ✅ offloop no organism import
  ✅ offloop runs
  ✅ no money ledger write
  ✅ authoritative false small sample
  ✅ SOG not phenomenal

â”€â”€ test_phase3_trackb.py â”€â”€â”€â”€â”€â”€â”€â”€â”€â”€â”€â”€â”€â”€â”€â”€â”€â”€â”€â”€â”€â”€â”€â”€â”€â”€â”€â”€â”€â”€â”€â”€â”€â”€â”€â”€â”€â”€â”€
  ✅ A1: flag off → inert
  ✅ A1: flag on → callable
  ✅ A1: organism در daily
  ✅ A1: no budget_gate.reserve
  ✅ A2: flag off → inert
  ✅ A2: flag on → writes
  ✅ A2: idempotency (append-only)
  ✅ A2: no budget_gate.reserve
  ✅ wire_summary Track-B
  ✅ flags not in paper-full

â”€â”€ test_phase5_epistemics_wiring.py â”€â”€â”€â”€â”€â”€â”€â”€â”€â”€â”€â”€â”€â”€â”€â”€â”€â”€â”€â”€â”€â”€â”€â”€â”€â”€â”€â”€
  ✅ flag off → inert
  ✅ beat غیرِ مضربِ N → None
  ✅ flag on → fire
  ✅ organism calls epistemics
  ✅ advisory_only=True
  ✅ not in PAPER_FULL_FLAGS
  ✅ wire_summary epistemics
  ✅ kill-switch blocks

â”€â”€ test_epistemic_schemas.py â”€â”€â”€â”€â”€â”€â”€â”€â”€â”€â”€â”€â”€â”€â”€â”€â”€â”€â”€â”€â”€â”€â”€â”€â”€â”€â”€â”€â”€â”€â”€â”€â”€â”€â”€
  OK Authority has only PROPOSE (execute forbidden)
  OK canonical_hash replayable (order-independent) (§11 #12)
  OK distinct inputs → distinct hashes
  OK chain_hash deterministic
  OK chain_hash parent-sensitive
  OK dogmatic prior=1 blocked
  OK dogmatic prior=0 blocked
  OK empty operational_definition blocked
  OK extra field forbidden (extra=forbid)
  OK authority=execute rejected
  OK frozen claim immutable
  OK claim minimal constructs
  OK claim without falsifier blocked (§11 #1)
  OK claim without operational_definition blocked (§11 #1)
  OK no competing hypothesis blocked
  OK no discriminating prediction blocked
  OK claim dump hash stable across calls
  OK testability=0 blocked (§11 #2)
  OK GateDecision default may_execute False
  OK INCONCLUSIVE with nonzero delta rejected
  OK INCONCLUSIVE with zero delta ok
  OK may_execute=True rejected
  OK material_hash content-sensitive
  OK material_hash order-independent
  OK payload_hash reflects content (binds)
  OK payload_hash ignores self-referential fields
  OK plan over cap.max_cost blocked
  OK plan over cap.max_runs blocked
  OK plan sandbox forced no_network
  OK valid plan ok
  OK policy authority != propose → RuntimeError (FREEZE)
  OK policy sandbox != no_network → RuntimeError (FREEZE)
  OK policy loads
  OK policy sandbox no_network
  OK policy authority propose
  OK policy default_off
  OK policy has authorized producers
  OK missing policy file → RuntimeError (FREEZE)
  OK policy missing required key → RuntimeError (FREEZE)
  OK command bind mismatch blocked (§11 #4)
  OK seed bind mismatch blocked (§11 #4)
  OK wrong parent_receipt_hash blocked (§11 #9)
  OK tampered canonical_payload_hash blocked
  OK receipt rebuild → same canonical_payload_hash
  OK stale git_sha blocked (§11 #3)
  OK unauthorized producer blocked (§11 #7)
  OK valid receipt ok
  OK SandboxProfile has only NO_NETWORK
  OK SELF_REFERENTIAL_FIELDS has canonical_payload_hash
  OK SELF_REFERENTIAL_FIELDS has parent_receipt_hash
  OK SELF_REFERENTIAL_FIELDS has signature_b64
  OK SELF_REFERENTIAL_FIELDS has hash
  OK SELF_REFERENTIAL_FIELDS has prev_hash

OK test_epistemic_schemas: 45/45 (failed=0)

â”€â”€ test_epistemics_receipt_chain.py â”€â”€â”€â”€â”€â”€â”€â”€â”€â”€â”€â”€â”€â”€â”€â”€â”€â”€â”€â”€â”€â”€â”€â”€â”€â”€â”€â”€
  OK classify empty → unknown
  OK human_prompt_id flags human edge
  OK classify human_prompted
  OK classify mixed (honest label)
  OK classify self_initiated
  OK load_edges roundtrip
  OK provenance append ok
  OK provenance two edges chained
  OK provenance tamper detected
  OK append one receipt ok
  OK chain link tamper detected (§11 #9)
  OK two receipts linked ok
  OK decision persisted with receipt
  OK out-of-bounds store path refused (§11 #10)
  OK replay byte-identical (§11 #12)
  OK content tamper detected
  OK wrong parent_receipt_hash blocked (§11 #9)
  OK segment sign+verify ok
  OK tampered segment rejected
  OK wrong key rejected

OK test_epistemics_receipt_chain: 20/20 (failed=0)

â”€â”€ test_status_banner.py â”€â”€â”€â”€â”€â”€â”€â”€â”€â”€â”€â”€â”€â”€â”€â”€â”€â”€â”€â”€â”€â”€â”€â”€â”€â”€â”€â”€â”€â”€â”€â”€â”€â”€â”€â”€â”€â”€â”€
  OK HALT-ALL → halt
  OK halt text mentions stop
  OK halt+quota → level halt (highest)
  OK both parts present
  OK HALT-ALL wins priority
  OK healthy → ok/empty
  OK no flag + quota-None → no crash, ok
  OK quota exhausted → warn
  OK quota text
  OK quota not exhausted → no warn
  OK quota killed → warn
  OK runtime_truth omits banner when healthy
  OK runtime_truth prepends halt banner
  OK since-mtime in text
  OK STOP-CORTEX → halt
  OK STOP-ORGANISM → halt

OK test_status_banner: 13/13 (failed=0)

â”€â”€ test_dashboard.py â”€â”€â”€â”€â”€â”€â”€â”€â”€â”€â”€â”€â”€â”€â”€â”€â”€â”€â”€â”€â”€â”€â”€â”€â”€â”€â”€â”€â”€â”€â”€â”€â”€â”€â”€â”€â”€â”€â”€â”€â”€â”€â”€
  ✅ هیچ import از organism
  ✅ route smoke
  ✅ organism page بدون state
  ✅ write env فایل‌سازی
  ✅ write env profile roundtrip
  ✅ write env cadence بد رد شود
  ✅ do restart هر دو فایل
  ✅ no spend paths
  ✅ write targets فقط control-files
  ✅ effective flags default
  ✅ effective flags bare
  ✅ safe_env_overrides کلیدِ unmanaged را حذف می‌کند
  ✅ /api/flags کلیدِ unmanaged نشت نمی‌دهد

â”€â”€ test_cardiac_allometry.py â”€â”€â”€â”€â”€â”€â”€â”€â”€â”€â”€â”€â”€â”€â”€â”€â”€â”€â”€â”€â”€â”€â”€â”€â”€â”€â”€â”€â”€â”€â”€â”€â”€â”€â”€
  ✅ bio_rhythm خاموش = base
  ✅ bio_rhythm تابعِ حجم
  ✅ bio_rhythm کف/سقف
  ✅ bio_rhythm حداقلِ حجم
  ✅ budget خاموش = نامحدود
  ✅ budget خرج + depleted
  ✅ budget reset روزانه
  ✅ budget resting رایگان
  ✅ budget thread-safety
  ✅ budget cap = setpointِ مالک (صریح برنده)
  ✅ budget setpoint را کنارِ state خودش می‌خواند
  ✅ baroreflex خاموش = noop
  ✅ baroreflex شتاب
  ✅ baroreflex فشار → کُندی
  ✅ baroreflex decay
  ✅ baroreflex factor clamped
  ✅ effective_period خاموش
  ✅ effective_period ترکیبی
  ✅ effective_period depleted → resting
  ✅ status_snapshot خاموش
  ✅ status_snapshot روشن
  ✅ TINV حفظ: chrono داخلی لمس نمی‌شود

â”€â”€ test_baseline.py â”€â”€â”€â”€â”€â”€â”€â”€â”€â”€â”€â”€â”€â”€â”€â”€â”€â”€â”€â”€â”€â”€â”€â”€â”€â”€â”€â”€â”€â”€â”€â”€â”€â”€â”€â”€â”€â”€â”€â”€â”€â”€â”€â”€
  ✅ capture فایل می‌سازد
  ✅ snapshot fields کامل
  ✅ مقایسهٔ یکسان = pass
  ✅ conflicts جدید = regression
  ✅ تغییر فایل پولی = money-changed
  ✅ pre-register + check صحیح
  ✅ pre-register threshold رد
  ✅ get_all_baselines
  ✅ baseline ناموجود = fail

â”€â”€ test_held_out_evaluator.py â”€â”€â”€â”€â”€â”€â”€â”€â”€â”€â”€â”€â”€â”€â”€â”€â”€â”€â”€â”€â”€â”€â”€â”€â”€â”€â”€â”€â”€â”€â”€â”€â”€â”€
  ✅ fixed suite اجرا می‌شود
  ✅ تست ناموجود = missing
  ✅ ledger ناموجود = invalid
  ✅ scar-aware: پارگی لنگرشده pass، tamper fail
  ✅ sealed predictions شمارش
  ✅ بدون experiments = 0
  ✅ ساختار evaluate_held_out
  ✅ anti-hacking flag فعال
  ✅ anti-hacking بدون flag

â”€â”€ test_phase_gate.py â”€â”€â”€â”€â”€â”€â”€â”€â”€â”€â”€â”€â”€â”€â”€â”€â”€â”€â”€â”€â”€â”€â”€â”€â”€â”€â”€â”€â”€â”€â”€â”€â”€â”€â”€â”€â”€â”€â”€â”€â”€â”€
  ✅ submit + get roundtrip
  ✅ invalid type → ValueError
  ✅ review ناموجود = None
  ✅ handoff phase-0 complete
  ✅ handoff missing AUDIT_REPORT
  ✅ human verdict ثبت
  ✅ handoff ready
  ✅ handoff unreviewed = not ready
  ✅ handoff rejected = not ready
  ✅ phase state default
  ✅ pre-phase no baseline → blocker
  ✅ pre-phase all off → ready
  ✅ post-phase no metrics → pass
  ✅ transition_gate structure

â”€â”€ test_rfc_sweep.py â”€â”€â”€â”€â”€â”€â”€â”€â”€â”€â”€â”€â”€â”€â”€â”€â”€â”€â”€â”€â”€â”€â”€â”€â”€â”€â”€â”€â”€â”€â”€â”€â”€â”€â”€â”€â”€â”€â”€â”€â”€â”€â”€
  ✅ RFC created_ts > 0
  ✅ RFC created_ts auto-set
  ✅ RFC created_ts explicit
  ✅ sweep بدون RFC → خالی
  ✅ sweep خاموش (max_age=0)
  ✅ expire old no-channel RFC
  ✅ re-submit وقتی channel وصل
  ✅ fresh RFC بدون تغییر
  ✅ expire old submitted RFC

â”€â”€ test_rfc_submit_blocked.py â”€â”€â”€â”€â”€â”€â”€â”€â”€â”€â”€â”€â”€â”€â”€â”€â”€â”€â”€â”€â”€â”€â”€â”€â”€â”€â”€â”€â”€â”€â”€â”€â”€â”€
  ✅ پروب: بدونِ راز → no-secret
  ✅ submit بلاک‌شده → submitted-no-channel
  ✅ با راز → کارت mint و submitted

â”€â”€ test_consolidation_distinguish.py â”€â”€â”€â”€â”€â”€â”€â”€â”€â”€â”€â”€â”€â”€â”€â”€â”€â”€â”€â”€â”€â”€â”€â”€â”€â”€â”€
  ✅ None وقتی neural_stack=None
  ✅ bare object وقتی منابع خالی
  ✅ real consolidation با منابع معتبر
  ✅ None روی exception
  ✅ فیلتر منابع نامعتبر

â”€â”€ test_gate_sweep.py â”€â”€â”€â”€â”€â”€â”€â”€â”€â”€â”€â”€â”€â”€â”€â”€â”€â”€â”€â”€â”€â”€â”€â”€â”€â”€â”€â”€â”€â”€â”€â”€â”€â”€â”€â”€â”€â”€â”€â”€â”€â”€
  ✅ refuse old pending
  ✅ keep fresh pending
  ✅ sweep خاموش (max_age=0)
  ✅ skip non-pending
  ✅ ترکیب mixed
  ✅ ساختار خروجی معتبر

â”€â”€ test_latent_space.py â”€â”€â”€â”€â”€â”€â”€â”€â”€â”€â”€â”€â”€â”€â”€â”€â”€â”€â”€â”€â”€â”€â”€â”€â”€â”€â”€â”€â”€â”€â”€â”€â”€â”€â”€â”€â”€â”€â”€â”€
  ✅ embed + retrieve
  ✅ nearest neighbors
  ✅ integrate mean-pool
  ✅ integrate empty
  ✅ integrate missing keys
  ✅ dim validation
  ✅ empty space similar
  ✅ zero vector similar
  ✅ duplicate key overwrite
  ✅ similar threshold
  ✅ metadata tracking
  ✅ persist save/load
  ✅ keys_by_layer
  ✅ remove

â”€â”€ test_encoders.py â”€â”€â”€â”€â”€â”€â”€â”€â”€â”€â”€â”€â”€â”€â”€â”€â”€â”€â”€â”€â”€â”€â”€â”€â”€â”€â”€â”€â”€â”€â”€â”€â”€â”€â”€â”€â”€â”€â”€â”€â”€â”€â”€â”€
  ✅ observation deterministic
  ✅ observation different inputs
  ✅ observation dim=32
  ✅ observation normalized
  ✅ awareness vector
  ✅ awareness None
  ✅ awareness pad
  ✅ hash never NaN
  ✅ RFC deterministic
  ✅ RFC severity effect
  ✅ phi_t with vector
  ✅ phi_t None fallback
  ✅ calibration verdicts
  ✅ calibration empty
  ✅ calibration None

â”€â”€ test_consolidation_latent.py â”€â”€â”€â”€â”€â”€â”€â”€â”€â”€â”€â”€â”€â”€â”€â”€â”€â”€â”€â”€â”€â”€â”€â”€â”€â”€â”€â”€â”€â”€â”€â”€
  ✅ latent_space → latent_vector
  ✅ بدون latent_space → backward compat
  ✅ similar_keys از history
  ✅ school awareness encoded
  ✅ multiple sources integrated
  ✅ retrieval finds previous
  ✅ latent fail-soft
  ✅ fold ردیفِ داری بردار را لِه نمی‌کند
  ✅ شمارهٔ سیکل ری‌استارت را دوام می‌آورد
  ✅ seed زیرِ شمارِ ردیف نمی‌افتد

â”€â”€ test_consolidation_fold_rich.py â”€â”€â”€â”€â”€â”€â”€â”€â”€â”€â”€â”€â”€â”€â”€â”€â”€â”€â”€â”€â”€â”€â”€â”€â”€â”€â”€â”€â”€
PASS test_cycle_counter_monotonic_across_folds
PASS test_genuinely_new_insight_still_appends
PASS test_identical_next_cycle_folds_no_new_row
PASS test_sync_latent_refreshes_vector_on_folded_row

â”€â”€ test_no_go_envelope.py â”€â”€â”€â”€â”€â”€â”€â”€â”€â”€â”€â”€â”€â”€â”€â”€â”€â”€â”€â”€â”€â”€â”€â”€â”€â”€â”€â”€â”€â”€â”€â”€â”€â”€â”€â”€â”€â”€
  ✅ SELF_CODE_ENABLED خاموش (پیشنهادِ کد = فقط صف) — ='<unset>'
  ❌ EVOLVE_REQUIRE_APPROVAL=1 (جهش نیازمندِ رأی)
  ❌ OCTOPUS_WIRE_KILL_SEAM=1 (درزِ کیل‌سوییچِ پول بسته)
  ✅ autonomy_matrix: فهرستِ سختِ important حاضر
  ✅ autonomy_matrix: fail-safe به سمتِ important
  ✅ autonomy_matrix: ماژول هیچ عملی اجرا نمی‌کند (فقط رده)
  ✅ decision_gate: HARD-STOP ۱۰۰٪ انسانی روی برگشت‌ناپذیر
  ✅ decision_gate: ماژول اجرا نمی‌کند (قضاوت و کارت)
  ✅ gitleaks روی میزبان نصب است (C2)

❌ test_no_go_envelope: 7/9 — FAILED: ['EVOLVE_REQUIRE_APPROVAL=1 (جهش نیازمندِ رأی)', 'OCTOPUS_WIRE_KILL_SEAM=1 (درزِ کیل\u200cسوییچِ پول بسته)']
   â†» Ø§Ø¬Ø±Ø§ÛŒ Ø¯ÙˆÙ…: Ù‚Ø±Ù…Ø²Ù-Ù¾Ø§ÛŒØ¯Ø§Ø± â†’ tests/_flaky/test_no_go_envelope.py.txt

â”€â”€ test_margin_m_v1.py â”€â”€â”€â”€â”€â”€â”€â”€â”€â”€â”€â”€â”€â”€â”€â”€â”€â”€â”€â”€â”€â”€â”€â”€â”€â”€â”€â”€â”€â”€â”€â”€â”€â”€â”€â”€â”€â”€â”€â”€â”€
  ✅ budget
  ✅ guard
  ✅ breaker
  ✅ suite
  ✅ m_of+gate
  ✅ shadow_log

✅ test_margin_m_v1: 6/6

â”€â”€ test_sog_floor_guards.py â”€â”€â”€â”€â”€â”€â”€â”€â”€â”€â”€â”€â”€â”€â”€â”€â”€â”€â”€â”€â”€â”€â”€â”€â”€â”€â”€â”€â”€â”€â”€â”€â”€â”€â”€â”€
  ✅ canonical P بیت‌پایدار
  ✅ ۵ منحط بدون استثنا
  ✅ solve_floors ok=False روی ρ=1
  ✅ canonical هنوز ok
  ✅ TCB core گارد دارد (بسته با اجازهٔ TCB مالک)

â”€â”€ test_selfheal_ok_field.py â”€â”€â”€â”€â”€â”€â”€â”€â”€â”€â”€â”€â”€â”€â”€â”€â”€â”€â”€â”€â”€â”€â”€â”€â”€â”€â”€â”€â”€â”€â”€â”€â”€â”€â”€

PASS — test_selfheal_ok_field

â”€â”€ test_bcm_forgetting.py â”€â”€â”€â”€â”€â”€â”€â”€â”€â”€â”€â”€â”€â”€â”€â”€â”€â”€â”€â”€â”€â”€â”€â”€â”€â”€â”€â”€â”€â”€â”€â”€â”€â”€â”€â”€â”€â”€
  ✅ زوال حافظهٔ فعال‌نشده + هرس کران‌دار
  ✅ حافظهٔ بازیابی‌شونده می‌ماند
  ✅ هومئوستاز — ضد runaway/reward-hacking
  ✅ آستانهٔ متحرک θ = EMA(y²)
  ✅ هرس زیر کف
  ✅ اشباع کران‌دار ≤ 1.0
  ✅ deterministic
  ✅ هرگز key اختراع نمی‌کند
  ✅ sync با ایندکس retrieval
  ✅ persist roundtrip
  ✅ فایل خراب → fail-soft
  ✅ env override
  ✅ متریک decay_rate = β > 0
  ✅ wiring: گزارش BCM + هرس ایندکس
  ✅ wiring: backward compat (bcm=None)
  ✅ wiring: bare cycle → بدون گام BCM
  ✅ wiring: fail-soft
  ✅ ساختاری: flag گیت + پیش‌فرض خاموش
  ✅ BCMReport dataclass

â”€â”€ test_sparse_filter.py â”€â”€â”€â”€â”€â”€â”€â”€â”€â”€â”€â”€â”€â”€â”€â”€â”€â”€â”€â”€â”€â”€â”€â”€â”€â”€â”€â”€â”€â”€â”€â”€â”€â”€â”€â”€â”€â”€â”€
  ✅ کلید تازه عبور می‌کند
  ✅ سیگنالِ ثابت فیلتر + sparsity > 0.5
  ✅ تغییرِ سیگنال دوباره عبور می‌کند
  ✅ env override + تقدم آرگومان
  ✅ انقباض نرم L1 مرزی را فیلتر می‌کند
  ✅ sparsity_ratio در [0,1]
  ✅ deterministic
  ✅ persist roundtrip
  ✅ فایل خراب → fail-soft
  ✅ ورودی mutate نمی‌شود
  ✅ غیرعددی/bool نادیده گرفته می‌شود
  ✅ ورودی خالی → ratio صفر
  ✅ eviction قطعی تا max_keys
  ✅ heavy_tail_share — دُم‌سنگین/یکنواخت/خالی
  ✅ SparseFilterReport dataclass

â”€â”€ test_chamber_temperature.py â”€â”€â”€â”€â”€â”€â”€â”€â”€â”€â”€â”€â”€â”€â”€â”€â”€â”€â”€â”€â”€â”€â”€â”€â”€â”€â”€â”€â”€â”€â”€â”€â”€
  ✅ [T] T در بازه روی همهٔ تاریخچه‌های مصنوعی
  ✅ [T] خالی → خنثی وسطِ بازه
  ✅ [T] db خراب → خنثی (fail-soft)
  ✅ [T] همه-رد → t_max
  ✅ [T] همه-merge → t_min
  ✅ [T] رکود → T یکنوا بالا
  ✅ [T] merge_rate بالا → T پایین
  ✅ [T] window فقط رکوردهای آخر
  ✅ [D] deterministic
  ✅ [D] ctor > env > default
  ✅ [D] persist snapshot اتمی
  ✅ [D] persist fail-soft
  ✅ [R] rounds_for: نگاشت + کرانِ سخت [1,3]
  ✅ [C] temperature=None = رفتارِ قبلی
  ✅ [C] T بالا → rounds_run ≤ 3 (سقفِ مطلق)
  ✅ [C] T پایین → یک دور
  ✅ [C] خروجی temperature را حمل می‌کند
  ✅ [C] propose-only حفظ شد
  ✅ [S] zero-auto-merge: رشته‌های ممنوع غایب
  ✅ [S] doctor پشتِ OCTOPUS_WIRE_CHAMBER_T
  ✅ [V] مصرفِ verdict از کانال
  ✅ [V] نگاشت و به‌روزرسانیِ registry
  ✅ [V] fail-soft: کانالِ خراب
  ✅ [V] hasattr-guard: کانالِ بدونِ متد

â”€â”€ test_fisher.py â”€â”€â”€â”€â”€â”€â”€â”€â”€â”€â”€â”€â”€â”€â”€â”€â”€â”€â”€â”€â”€â”€â”€â”€â”€â”€â”€â”€â”€â”€â”€â”€â”€â”€â”€â”€â”€â”€â”€â”€â”€â”€â”€â”€â”€â”€
  ✅ محیطِ تازه بدونِ cell → صفر/advisory None
  ✅ تزریقِ گزارشِ synthetic → cond متناهی + advisory معتبر
  ✅ G تکین → regularization cond را متناهی نگه می‌دارد
  ✅ eps بزرگ‌تر → cond کوچک‌تر-یا-مساوی
  ✅ دترمینیسم: دو فراخوانی یکسان
  ✅ cellِ excluded از cells_used حذف
  ✅ تلورانسِ bool/None در مؤلفه‌ها
  ✅ advisory-only: بدونِ mutation وزن/cell + budget دست‌نخورده
  ✅ منبع هرگز budget را برای نوشتن باز نمی‌کند
  ✅ fallbackِ بدونِ numpy تمیز
  ✅ write=True با out_path موقت → JSON معتبر
  ✅ current_weights از weightsِ گزارش
  ✅ محیطِ seed‌شده → cells_used≥۲ + cond>۰

â”€â”€ test_telegram_rfc_router.py â”€â”€â”€â”€â”€â”€â”€â”€â”€â”€â”€â”€â”€â”€â”€â”€â”€â”€â”€â”€â”€â”€â”€â”€â”€â”€â”€â”€â”€â”€â”€â”€â”€
  ✅ [W-3] rfc_card → registry + callback_dataی ۴-تکهٔ توکن‌دار
  ✅ [W-3] خطای POST → False ولی intent می‌ماند
  ✅ [W-3] merge happy-path → merge-approved + پاسخِ موفق
  ✅ [W-3] توکنِ غلط → رد، status هنوز pending
  ✅ [W-3] replay (merge دوم) → رد
  ✅ [W-3] deny → denied + «رد شد»
  ✅ [W-3] re-card هرگز verdictِ مصرف‌نشده را clobber نمی‌کند
  ✅ [W-3] کارتِ قدیمیِ ۳-تکه → graceful، بدونِ crash
  ✅ [W-3] فعلِ ناشناخته → نادیده
  ✅ [برشِ ۲] کانالِ تازه هم verdict را ثبت می‌کند (RAM-first رفع شد)
  ✅ [برشِ ۲] کانالِ تازه + توکنِ غلط → هنوز رد
  ✅ [W-3] pop_rfc_verdicts: exactly-once + sorted
  ✅ [T-8] callbackِ مالک از poll_once به dispatch می‌رسد
  ✅ [T-8] callbackِ غریبه dispatch نمی‌شود (allowlist)
  ✅ [Bug] structural: import opslib در سطحِ ماژول
  ✅ [Bug] خطای dispatch در poll_once → alert، نه NameError
  ✅ [Bug] خطای answerCallbackQuery → False + alert
  ✅ [W-3] /lead با legِ تزریقی → leg.intake + پاسخِ تأیید
  ✅ [W-3] legِ خراب → alert + سقوط به attribution
  ✅ [W-3] leg=None → رفتارِ موجود دست‌نخورده
  ✅ [SACRED] جریانِ پولِ app:* دست‌نخورده (TINV-7)

â”€â”€ test_cockpit_v2.py â”€â”€â”€â”€â”€â”€â”€â”€â”€â”€â”€â”€â”€â”€â”€â”€â”€â”€â”€â”€â”€â”€â”€â”€â”€â”€â”€â”€â”€â”€â”€â”€â”€â”€â”€â”€â”€â”€â”€â”€â”€â”€
  ✅ routing ۸ تب + main + queue
  ✅ toast تگ HTML را strip می‌کند
  ✅ پیامِ OOB بعد از strip پاک
  ✅ خانهٔ ساده: همه‌چیز خوبه
  ✅ خانهٔ ساده: آره/نه + وایرینگ
  ✅ خانهٔ ساده: نه/ضدِ جعل
  ✅ خطِ اطمینانِ self-heal
  ✅ Project-F کنترلِ content-free
  ✅ فلگِ pause روتِ درفت را نگه می‌دارد
  ✅ امضای رشته‌ایِ dispatch
  ✅ backcompat: stop/app/rfc
  ✅ read بی‌توکن؛ act توکن‌دار
  ✅ act تک‌مصرف + انقضا
  ✅ allowlistِ بستهٔ act
  ✅ پول fail-closed
  ✅ بدونِ cycleِ inline
  ✅ settle فقط یک مسیر
  ✅ readmodel بدونِ organism
  ✅ chrono ro+immutable+timeout
  ✅ fail-softِ readmodel
  ✅ صفحه‌بندی
  ✅ allowlistِ مالک
  ✅ برچسبِ قفلِ live
  ✅ برچسبِ flagِ خاموش
  ✅ redactionِ fixtureِ مسموم
  ✅ صفِ تأیید + گیت
  ✅ خطای رندر → alert + زنده
  ✅ حفظِ رفتارِ قبلی
  ✅ verdictِ فاز فقط rfc
  ✅ flaggo target مطلق (C4)
  ✅ getUpdates → callback_query

â”€â”€ test_heart_math.py â”€â”€â”€â”€â”€â”€â”€â”€â”€â”€â”€â”€â”€â”€â”€â”€â”€â”€â”€â”€â”€â”€â”€â”€â”€â”€â”€â”€â”€â”€â”€â”€â”€â”€â”€â”€â”€â”€â”€â”€â”€â”€
  ✅ t_anchors_reproduced
  ✅ t_dare_crosscheck
  ✅ t_e_shadow_witness
  ✅ t_failed_witness_reports_excluded
  ✅ t_i_pred_sequence_witness
  ✅ t_identifiability
  ✅ t_identity_chain_rule
  ✅ t_lock_file_shape_and_honesty
  ✅ t_mc_core_five_checks
  ✅ t_sigma_z2_from_primitives
  ✅ t_structural_no_money_imports_no_anchor_literals

✅ test_heart_math: 11/11

â”€â”€ test_heart_producers.py â”€â”€â”€â”€â”€â”€â”€â”€â”€â”€â”€â”€â”€â”€â”€â”€â”€â”€â”€â”€â”€â”€â”€â”€â”€â”€â”€â”€â”€â”€â”€â”€â”€â”€â”€â”€â”€
  ✅ t_a_fail_soft_all_absent
  ✅ t_b_velocity_counts_confirmed_and_effects
  ✅ t_c_velocity_counts_consolidation
  ✅ t_d_cpi_computes_with_enough_events
  ✅ t_e_delta_self_positive_when_private_state_helps
  ✅ t_f_delta_self_near_zero_on_iid
  ✅ t_g_stream_append_and_compute_all
  ✅ t_h_structural_no_money_imports_no_foreign_writes

✅ test_heart_producers: 8/8

â”€â”€ test_heart_cognition.py â”€â”€â”€â”€â”€â”€â”€â”€â”€â”€â”€â”€â”€â”€â”€â”€â”€â”€â”€â”€â”€â”€â”€â”€â”€â”€â”€â”€â”€â”€â”€â”€â”€â”€â”€â”€â”€
  ✅ t_a_flag_off_is_noop
  ✅ t_b_self_validator_rejected
  ✅ t_c_owner_effect_recorded
  ✅ t_d_count_cognition_in_window
  ✅ t_e_cognition_feeds_value_channel_not_heart_blood
  ✅ t_f_honest_pulse_caps_metronome
  ✅ t_g_flag_off_byte_identical_shape

✅ test_heart_cognition: 7/7

â”€â”€ test_heart_fuel.py â”€â”€â”€â”€â”€â”€â”€â”€â”€â”€â”€â”€â”€â”€â”€â”€â”€â”€â”€â”€â”€â”€â”€â”€â”€â”€â”€â”€â”€â”€â”€â”€â”€â”€â”€â”€â”€â”€â”€â”€â”€â”€
  ✅ t_a_flag_off_is_noop
  ✅ t_b_records_local_and_paid_no_content
  ✅ t_c_count_fuel_window
  ✅ t_d_fuel_is_heart_blood
  ✅ t_e_real_account_money_separated_from_heart
  ✅ t_f_honest_pulse_is_fuel_not_money
  ✅ t_g_kill_switch_blocks_record

✅ test_heart_fuel: 7/7

â”€â”€ test_heart_fuel_wiring.py â”€â”€â”€â”€â”€â”€â”€â”€â”€â”€â”€â”€â”€â”€â”€â”€â”€â”€â”€â”€â”€â”€â”€â”€â”€â”€â”€â”€â”€â”€â”€â”€â”€â”€â”€
  💥 t_a_flag_off_no_fuel_recorded: TypeError: _fake_impl.<locals>._f() got an unexpected keyword argument 'temperature'
  💥 t_b_flag_on_records_fuel_and_producer_reads_it: TypeError: _fake_impl.<locals>._f() got an unexpected keyword argument 'temperature'
  💥 t_c_failed_call_records_no_fuel: TypeError: _fake_impl.<locals>._f() got an unexpected keyword argument 'temperature'
  💥 t_d_never_records_content: TypeError: _fake_impl.<locals>._f() got an unexpected keyword argument 'temperature'
  ✅ t_e_wrapper_lazy_and_fail_soft

❌ test_heart_fuel_wiring: 1/5
   â†» Ø§Ø¬Ø±Ø§ÛŒ Ø¯ÙˆÙ…: Ù‚Ø±Ù…Ø²Ù-Ù¾Ø§ÛŒØ¯Ø§Ø± â†’ tests/_flaky/test_heart_fuel_wiring.py.txt

â”€â”€ test_heart_cognition_wiring.py â”€â”€â”€â”€â”€â”€â”€â”€â”€â”€â”€â”€â”€â”€â”€â”€â”€â”€â”€â”€â”€â”€â”€â”€â”€â”€â”€â”€â”€â”€
  ✅ t_a_flag_off_no_cognition_recorded
  ✅ t_b_flag_on_approve_records_and_producer_reads
  ✅ t_c_reject_records_no_cognition
  ✅ t_d_structural_flag_gated_fail_soft
  ✅ t_e_live_verdict_path_feeds_channel_and_idempotent

✅ test_heart_cognition_wiring: 5/5

â”€â”€ test_heart_control.py â”€â”€â”€â”€â”€â”€â”€â”€â”€â”€â”€â”€â”€â”€â”€â”€â”€â”€â”€â”€â”€â”€â”€â”€â”€â”€â”€â”€â”€â”€â”€â”€â”€â”€â”€â”€â”€â”€â”€
  ✅ t_a_sim_pass_all_gates
  ✅ t_b_loop_gain_both_legs
  ✅ t_c_sigma_terminal_veto
  ✅ t_d_no_velocity_fail_closed
  ✅ t_e_below_band_accelerates_above_slows
  ✅ t_f2_budget_pressure_uses_owner_cap
  ✅ t_f_cpi_and_budget_only_slow
  ✅ t_g_delta_shifts_band_within_cap
  ✅ t_h_signal_shape_is_adr
  ✅ t_i_report_honesty_uncollapsible
  ✅ t_j_structural_no_money_no_spend_fields

✅ test_heart_control: 11/11

â”€â”€ test_heart_loop.py â”€â”€â”€â”€â”€â”€â”€â”€â”€â”€â”€â”€â”€â”€â”€â”€â”€â”€â”€â”€â”€â”€â”€â”€â”€â”€â”€â”€â”€â”€â”€â”€â”€â”€â”€â”€â”€â”€â”€â”€â”€â”€
  ✅ t_a_interface_validate_and_roundtrip
  ✅ t_b_governor_flag_off_no_heart_keys
  ✅ t_c_governor_flag_on_cpi_tightens_epoch
  ✅ t_d_velocity_pressure_bounded
  ✅ t_e_heart_beat_flag_off_is_noop
  ✅ t_f_heart_beat_shadow_writes_sink_never_period
  ✅ t_g_production_wire_closed_today_and_unforgeable
  ✅ t_h2_setpoint_seeds_from_first_observation
  ✅ t_h3_setpoint_cadence_survives_restart
  ✅ t_h_organism_seam_is_conditional_and_guarded
  ✅ t_i_setpoint_hysteresis_and_monotonic_seq
  ✅ t_j_setpoint_epoch_writes_and_llm_gated
  ✅ t_k_structural_doctor_no_toplevel_money
  ✅ t_l_cockpit_heart_card_renders_shadow
  ✅ t_m_doctor_price_not_locked_is_dormant_not_broken
  ✅ t_n_doctor_budget_cap_gate_denial_is_calm_info
  ✅ t_o_doctor_non_cap_gate_denial_stays_silent
  ✅ t_p_doctor_genuine_failure_stays_alarming
  ✅ t_q_doctor_provider_rate_limit_reads_as_designed

✅ test_heart_loop: 19/19

â”€â”€ test_heart_work.py â”€â”€â”€â”€â”€â”€â”€â”€â”€â”€â”€â”€â”€â”€â”€â”€â”€â”€â”€â”€â”€â”€â”€â”€â”€â”€â”€â”€â”€â”€â”€â”€â”€â”€â”€â”€â”€â”€â”€â”€â”€â”€
  ✅ t_a_plan_seeded_on_first_use
  ✅ t_b_kill_switch_and_freeze_first
  ✅ t_c_first_window_runs_health_and_remembers
  ✅ t_d_cadence_follows_shadow_period
  ✅ t_e_paid_search_live_locked_today
  ✅ t_f_paid_llm_learn_live_locked_today
  ✅ t_g_wiring_flag_off_no_work_key
  ✅ t_h_wiring_flag_on_pumps_with_shadow_period
  ✅ t_i2_beat_path_does_not_leak_syspath
  ✅ t_i_structural_no_toplevel_money_and_bounded
  ✅ t_j_watchdog_runner_exists_and_owner_gated

✅ test_heart_work: 11/11

â”€â”€ test_pulse_arbiter.py â”€â”€â”€â”€â”€â”€â”€â”€â”€â”€â”€â”€â”€â”€â”€â”€â”€â”€â”€â”€â”€â”€â”€â”€â”€â”€â”€â”€â”€â”€â”€â”€â”€â”€â”€â”€â”€â”€â”€
  ✅ [الف] ترمز غالب
  ✅ [الف] کفِ ترمز = BRAKE_PERIOD
  ✅ [ب] شتاب اجماعی < base
  ✅ [ج] کششِ محتاط بالا
  ✅ [د] clamp به MAX
  ✅ [د] clamp به FLOOR
  ✅ [د] abstain بدونِ قلب
  ✅ [ه] precision weighting
  ✅ [و] رنگ = بدترین
  ✅ [و] rhythm RED = ترمز
  ✅ [ز] نرمال‌سازیِ رأی
  ✅ [ح] gather_views fail-soft
  ✅ [ح] no forbidden import
  ✅ [ط] persist flag off = no write
  ✅ [ط] persist flag on = only own sink
  ✅ [ط] written روی دیسک True است، نه فقط در حافظه
  ✅ [ی] wire_open بسته
  ✅ [ی] if_open → default وقتی بسته
  ✅ [ی] snapshot advisory+gated
  ✅ [چ] inverse-variance precision math
  ✅ [چ] 2027 precision flag off = byte-identical
  ✅ [چ] 2027 precision flag on = active-inference
  ✅ [چ] 2027 precision replay counterfactual

â”€â”€ test_drawdown_guard.py â”€â”€â”€â”€â”€â”€â”€â”€â”€â”€â”€â”€â”€â”€â”€â”€â”€â”€â”€â”€â”€â”€â”€â”€â”€â”€â”€â”€â”€â”€â”€â”€â”€â”€â”€â”€â”€â”€
  ✅ t_never_enforces_live_even_with_flag
  ✅ t_shadow_off_is_total_noop
  ✅ t_threshold_from_budgets_or_conservative_default
  ✅ t_verdict_fail_closed_on_unmeasurable
  ✅ t_verdict_halts_at_or_above_threshold

✅ test_drawdown_guard: 5/5

â”€â”€ test_indicator_scorecard.py â”€â”€â”€â”€â”€â”€â”€â”€â”€â”€â”€â”€â”€â”€â”€â”€â”€â”€â”€â”€â”€â”€â”€â”€â”€â”€â”€â”€â”€â”€â”€â”€â”€
  ✅ t_absent_when_module_missing
  ✅ t_every_indicator_has_valid_status
  ✅ t_flag_on_writes_only_own_sink
  ✅ t_gated_signal_is_weak_then_promotes_when_flag_on
  ✅ t_guard_raises_on_phenomenal_but_not_disclaimer
  ✅ t_no_consciousness_number_and_banner_present
  ✅ t_shadow_off_is_total_noop

✅ test_indicator_scorecard: 7/7

â”€â”€ test_needs_nudge.py â”€â”€â”€â”€â”€â”€â”€â”€â”€â”€â”€â”€â”€â”€â”€â”€â”€â”€â”€â”€â”€â”€â”€â”€â”€â”€â”€â”€â”€â”€â”€â”€â”€â”€â”€â”€â”€â”€â”€â”€â”€
  ✅ t_a_digest_empty_when_nothing_needed
  ✅ t_b_digest_picks_up_pending_and_questions
  ✅ t_c_nudge_flag_off_noop
  ✅ t_d_nudge_sends_once_then_throttles
  ✅ t_e_nudge_kill_switch_and_antialias
  ✅ t_f_structural_read_only
  ✅ t_g_a_drifting_alert_counter_is_not_a_change
  ✅ t_h_a_growing_backlog_is_a_change
  ✅ t_i_the_legacy_hash_is_still_returned
  ✅ t_j_state_is_written_even_when_the_send_did_not_happen
  ✅ t_k_a_held_card_is_throttled_even_though_it_never_sends

✅ test_needs_nudge: 11/11

â”€â”€ test_cortex.py â”€â”€â”€â”€â”€â”€â”€â”€â”€â”€â”€â”€â”€â”€â”€â”€â”€â”€â”€â”€â”€â”€â”€â”€â”€â”€â”€â”€â”€â”€â”€â”€â”€â”€â”€â”€â”€â”€â”€â”€â”€â”€â”€â”€â”€â”€
  ✅ t_a_registry_awareness_and_coherence
  ✅ t_b2_local_llm_rate_limit_atomic_concurrent
  ✅ t_b_local_llm_fake_and_rate_limit
  ✅ t_c2_research_early_lever_bypasses_date
  ✅ t_c_router_paid_closed_falls_back_local
  ✅ t_d_router_kill_switch_and_key_presence_bool
  💥 t_e_alignment_bounded_never_touches_paid: AttributeError: module 'cortex' has no attribute 'align_work_plan'
  💥 t_f_run_cycle_persists_state_and_journal: AttributeError: module 'cortex' has no attribute 'run_cycle'
  💥 t_g_rhythm_follows_heart_shadow: AttributeError: module 'cortex' has no attribute 'heart_rhythm_period'
  ❌ t_h_cockpit_cortex_tab: 
  💥 t_i_truth_sync_flag_off_is_noop: AttributeError: module 'cortex' has no attribute 'truth_sync_tick'
  💥 t_j_truth_sync_writes_then_cools_down: AttributeError: module 'cortex' has no attribute 'truth_sync_tick'
  💥 t_k_truth_sync_fail_soft_on_bad_rfcs: AttributeError: module 'cortex' has no attribute 'truth_sync_tick'
  💥 t_l_run_cycle_wires_truth_sync: AttributeError: module 'cortex' has no attribute 'run_cycle'
  💥 t_m_ask_endpoint_error_path_is_redacted: AttributeError: module 'cortex' has no attribute '_Handler'
  💥 t_n_hypothesis_brain_default_off_and_enriched_when_on: AttributeError: module 'cortex' has no attribute 'hypothesis_brain_run'

❌ test_cortex: 6/16
live/server.py POST error: RuntimeError: boom with secret aaaaaaaaaaaaaaaaaaaaaaaaaaaaaaaaaaaaaaaaaaaaaaaaaaaaaaaaaaaaaaaa
Traceback (most recent call last):
  File "C:\Users\Armin\.zcode\tmp\octopus-heart-g4-20260825\_ops\live\server.py", line 1047, in do_POST
    self._send(200, json.dumps(do_action(str(body.get("kind", ""))),
                               ~~~~~~~~~^^^^^^^^^^^^^^^^^^^^^^^^^^^
  File "C:\Users\Armin\.zcode\tmp\octopus-heart-g4-20260825\_ops\tests\test_live_cockpit.py", line 154, in _boom
    raise RuntimeError("boom with secret " + secret_hex64)
RuntimeError: boom with secret aaaaaaaaaaaaaaaaaaaaaaaaaaaaaaaaaaaaaaaaaaaaaaaaaaaaaaaaaaaaaaaa

   â†» Ø§Ø¬Ø±Ø§ÛŒ Ø¯ÙˆÙ…: Ù‚Ø±Ù…Ø²Ù-Ù¾Ø§ÛŒØ¯Ø§Ø± â†’ tests/_flaky/test_cortex.py.txt

â”€â”€ test_live_cockpit.py â”€â”€â”€â”€â”€â”€â”€â”€â”€â”€â”€â”€â”€â”€â”€â”€â”€â”€â”€â”€â”€â”€â”€â”€â”€â”€â”€â”€â”€â”€â”€â”€â”€â”€â”€â”€â”€â”€â”€â”€
  ✅ t_a_aggregate_fail_soft_empty_vault
  ✅ t_b_aggregate_reads_all_sections
  ✅ t_c_actions_isolated_to_env_ops
  ✅ t_d_no_secret_leak_and_hologram_page
  ✅ t_e_registry_card_fail_soft
  ✅ t_f_wave4_controlplane_cards
  ✅ t_g_post_error_path_is_redacted

✅ test_live_cockpit: 7/7

â”€â”€ test_telegram_poll_e2e.py â”€â”€â”€â”€â”€â”€â”€â”€â”€â”€â”€â”€â”€â”€â”€â”€â”€â”€â”€â”€â”€â”€â”€â”€â”€â”€â”€â”€â”€â”€â”€â”€â”€â”€â”€
  ✅ t_a_valid_menu_button_opens_new_message
  ✅ t_b_now_and_more_and_cortex_open
  ✅ t_c_foreign_callback_yields_nadide_toast
  ✅ t_d_nonowner_dropped_silently
  ✅ t_e_poll_heartbeat_written
  ✅ t_f_409_conflict_alerts_once
  ✅ t_g_webhook_diagnostic_detects_competitor

✅ test_telegram_poll_e2e: 7/7

â”€â”€ test_self_improve.py â”€â”€â”€â”€â”€â”€â”€â”€â”€â”€â”€â”€â”€â”€â”€â”€â”€â”€â”€â”€â”€â”€â”€â”€â”€â”€â”€â”€â”€â”€â”€â”€â”€â”€â”€â”€â”€â”€â”€â”€
  ✅ t_a_audit_matrix_from_reality
  ❌ t_b_audit_honest_not_fake_green: 
  ✅ t_c_proposals_categorized_and_ranked
  ✅ t_d_auto_boundary_propose_only_without_flag
  ✅ t_e_auto_flag_enables_only_whitelisted_tune
  ✅ t_f_learning_deprioritizes_rejected_category
  ✅ t_g_local_brain_optional_failsoft
  ✅ t_h_structural_readonly_no_money_import
  ✅ t_i_observability_gate_blocks_auto
  ✅ t_j_learning_report_names_a_missing_file
  ✅ t_j_refractory_blocks_consecutive_auto

❌ test_self_improve: 10/11
   â†» Ø§Ø¬Ø±Ø§ÛŒ Ø¯ÙˆÙ…: Ù‚Ø±Ù…Ø²Ù-Ù¾Ø§ÛŒØ¯Ø§Ø± â†’ tests/_flaky/test_self_improve.py.txt

â”€â”€ test_p0_security_fixes.py â”€â”€â”€â”€â”€â”€â”€â”€â”€â”€â”€â”€â”€â”€â”€â”€â”€â”€â”€â”€â”€â”€â”€â”€â”€â”€â”€â”€â”€â”€â”€â”€â”€â”€â”€
  ✅ t_a_valid_token_keeps_human
  ✅ t_b_forged_no_token_downgraded
  ✅ t_c_bad_token_downgraded
  ✅ t_d_replay_downgraded
  ✅ t_e_flag_off_is_legacy_behavior
  ✅ t_f_guard_disabled_passthrough
  ✅ t_g_mint_helper_sanitizes_and_gates
  ✅ t_h_apply_merge_effect_on_merged_verdict
  ✅ t_i_apply_merge_flag_off_no_effect
  ✅ t_j_rfc_registry_persists_across_restart

✅ test_p0_security_fixes: 10/10

â”€â”€ test_httpauth.py â”€â”€â”€â”€â”€â”€â”€â”€â”€â”€â”€â”€â”€â”€â”€â”€â”€â”€â”€â”€â”€â”€â”€â”€â”€â”€â”€â”€â”€â”€â”€â”€â”€â”€â”€â”€â”€â”€â”€â”€â”€â”€â”€â”€
  ✅ t_a_default_on_cross_origin_403
  ✅ t_b_explicit_off_passes_cross_origin
  ✅ t_c_flag_on_cross_origin_403
  ✅ t_d_flag_on_loopback_origin_passes
  ✅ t_e_flag_on_no_headers_passes
  ✅ t_enabled_matrix_secure_by_default
  ✅ t_f_flag_on_referer_fallback
  ✅ t_g_flag_on_origin_wins_over_referer

OK test_httpauth: 8/8

â”€â”€ test_go_live.py â”€â”€â”€â”€â”€â”€â”€â”€â”€â”€â”€â”€â”€â”€â”€â”€â”€â”€â”€â”€â”€â”€â”€â”€â”€â”€â”€â”€â”€â”€â”€â”€â”€â”€â”€â”€â”€â”€â”€â”€â”€â”€â”€â”€â”€
  ✅ t_a_go_live_opens_date_shield_early
  ✅ t_b_go_live_still_needs_per_activation_flag
  ✅ t_c_core_safety_is_separate_from_go_live
  ✅ t_d_go_live_flag_absent_is_legacy_shield

✅ test_go_live: 4/4

â”€â”€ S1-04_test_cockpit_stop_guard.py â”€â”€â”€â”€â”€â”€â”€â”€â”€â”€â”€â”€â”€â”€â”€â”€â”€â”€â”€â”€â”€â”€â”€â”€â”€â”€â”€â”€
  ✅ t_a_restart_refused_when_owner_stop_present
  ✅ t_b_restart_writes_only_restart_req_never_stop
  ✅ t_c_restart_never_creates_stop_even_repeated
  ✅ t_d_multiline_owner_stop_survives_restart
  ✅ t_e_start_cortex_never_unlinks_stop
  ✅ t_f_unknown_action_refused_no_write
  ✅ t_g_launcher_never_deletes_stop_organism

OK S1-04_cockpit_stop_guard: 7/7

â”€â”€ S1-05_test_ap_binding.py â”€â”€â”€â”€â”€â”€â”€â”€â”€â”€â”€â”€â”€â”€â”€â”€â”€â”€â”€â”€â”€â”€â”€â”€â”€â”€â”€â”€â”€â”€â”€â”€â”€â”€â”€â”€
  ✅ t_a_flag_off_is_off
  ✅ t_b_flag_on_no_secret_failclosed
  ✅ t_c_mint_verify_roundtrip
  ✅ t_d_tamper_every_field_fails
  ✅ t_e_different_secret_rejected
  ✅ t_f_callback_data_within_64_bytes
  ✅ t_g_render_tokenless_when_no_mint
  ✅ t_h_render_with_mint_embeds_verifiable_token
  ✅ t_i_handler_valid_token_approves_then_single_use
  ✅ t_j_handler_tampered_and_legacy_rejected
  ✅ t_k_handler_expired_rejected
  ✅ t_l_handler_wrong_destination_rejected
  ✅ t_m_flag_off_legacy_still_works
  ✅ t_n_single_use_atomic_under_concurrency
  ❌ t_o_single_consumer_process_invariant: approval_store نباید بیرونِ telegram_center import شود: ['loops\\pass3_live.py']

FAIL S1-05_ap_binding: 14/15
   â†» Ø§Ø¬Ø±Ø§ÛŒ Ø¯ÙˆÙ…: Ù‚Ø±Ù…Ø²Ù-Ù¾Ø§ÛŒØ¯Ø§Ø± â†’ tests/_flaky/S1-05_test_ap_binding.py.txt

â”€â”€ test_tradequote_bridge.py â”€â”€â”€â”€â”€â”€â”€â”€â”€â”€â”€â”€â”€â”€â”€â”€â”€â”€â”€â”€â”€â”€â”€â”€â”€â”€â”€â”€â”€â”€â”€â”€â”€â”€â”€
  ✓ test_export_writes_json_and_txt
  ✓ test_fail_soft_bad_record
  ✓ test_flag_off_is_noop
  ✓ test_flag_strip_safe_trailing_spaces
  ✓ test_mapping_integer_cents_and_ranges

5/5 green

â”€â”€ test_wlos_bridge.py â”€â”€â”€â”€â”€â”€â”€â”€â”€â”€â”€â”€â”€â”€â”€â”€â”€â”€â”€â”€â”€â”€â”€â”€â”€â”€â”€â”€â”€â”€â”€â”€â”€â”€â”€â”€â”€â”€â”€â”€â”€
  ✓ test_flag_off_empty
  ✓ test_missing_or_invalid_file_empty
  ✓ test_never_raises
  ✓ test_note_scrubbed_of_pii
  ✓ test_whitelist_only_and_clamps

5/5 green

â”€â”€ test_outcome_spine.py â”€â”€â”€â”€â”€â”€â”€â”€â”€â”€â”€â”€â”€â”€â”€â”€â”€â”€â”€â”€â”€â”€â”€â”€â”€â”€â”€â”€â”€â”€â”€â”€â”€â”€â”€â”€â”€â”€â”€
  ✅ t_a_paper_mvo_happy_path_and_linkage
  ✅ t_b_restart_replay_metrics_rebuilt
  ✅ t_c_duplicate_suppression
  ✅ t_d_concurrent_consume_exactly_once_per_key
  ✅ t_e_failed_delivery_not_marked_delivered
  ✅ t_f_deferred_persists_across_restart
  ✅ t_g_deterministic_metrics
  ✅ t_h_no_approval_or_settle_inference
  ✅ t_i_zero_external_side_effect_structural
  ✅ t_j_utc_aware_and_schema_versioned

OK test_outcome_spine: 10/10

â”€â”€ test_decision_receipt.py â”€â”€â”€â”€â”€â”€â”€â”€â”€â”€â”€â”€â”€â”€â”€â”€â”€â”€â”€â”€â”€â”€â”€â”€â”€â”€â”€â”€â”€â”€â”€â”€â”€â”€â”€â”€
  ✅ t_a_record_resolve_roundtrip_pending
  ✅ t_b_immutable_rerecord_no_overwrite
  ✅ t_c_no_chain_of_thought
  ✅ t_d_no_raw_memory_or_secret
  ✅ t_e_verdict_is_reference_not_authorization
  ✅ t_f_outcome_join_idempotent_and_replayable
  ✅ t_g_no_orphan_link
  ✅ t_h_corruption_detected
  ✅ t_i_concurrent_link_exactly_once
  ✅ t_j_zero_executive_side_effect_structural

OK test_decision_receipt: 10/10

â”€â”€ test_memory_gate.py â”€â”€â”€â”€â”€â”€â”€â”€â”€â”€â”€â”€â”€â”€â”€â”€â”€â”€â”€â”€â”€â”€â”€â”€â”€â”€â”€â”€â”€â”€â”€â”€â”€â”€â”€â”€â”€â”€â”€â”€â”€
  ✅ t_a_flag_off_is_noop
  ✅ t_b_self_knowledge_always_advisory
  ✅ t_c_procedural_owner_only_propose_not_commit
  ✅ t_d_reject_secret_empty_unknown_owneronly
  ✅ t_e_semantic_salience_bar
  ✅ t_f_dedupe_and_supersession
  ✅ t_g_retrieve_and_join_to_decision_receipt
  ✅ t_h_restart_persist
  ✅ t_i_concurrent_submit
  ✅ t_j_taxonomy_single_source
  ✅ t_k_f3_fail_closed_without_confidence
  ✅ t_l_two_phase_admission_staging

OK test_memory_gate: 12/12

â”€â”€ test_control_contracts_v2.py â”€â”€â”€â”€â”€â”€â”€â”€â”€â”€â”€â”€â”€â”€â”€â”€â”€â”€â”€â”€â”€â”€â”€â”€â”€â”€â”€â”€â”€â”€â”€â”€
  ✅ t_a_exact_authorization_and_toctou
  ✅ t_b_nonhuman_cannot_authorize_sensitive_action
  ✅ t_c_context_bundle_is_scoped_and_has_no_reasoning_channel
  💥 t_d_memory_scope_fence_and_owner_promotion: PermissionError: [WinError 32] The process cannot access the file because it is being used by another process: 'C:\\Users\\Armin\\AppData\\Local\\Temp\\tmp1qxj3hrd\\m.db'
  ✅ t_e_execution_matching_the_approval_is_verified
  ✅ t_f_an_action_changed_after_approval_is_caught
  ✅ t_g_missing_records_fail_closed
  ✅ t_h_a_result_from_another_decision_is_rejected
  ✅ t_i_an_invalid_result_never_counts_as_a_match
  ✅ t_j_the_module_still_executes_nothing

FAIL test_control_contracts_v2: 9/10
   â†» Ø§Ø¬Ø±Ø§ÛŒ Ø¯ÙˆÙ…: Ù‚Ø±Ù…Ø²Ù-Ù¾Ø§ÛŒØ¯Ø§Ø± â†’ tests/_flaky/test_control_contracts_v2.py.txt

â”€â”€ test_event_spine.py â”€â”€â”€â”€â”€â”€â”€â”€â”€â”€â”€â”€â”€â”€â”€â”€â”€â”€â”€â”€â”€â”€â”€â”€â”€â”€â”€â”€â”€â”€â”€â”€â”€â”€â”€â”€â”€â”€â”€â”€â”€
  ✅ t_a_trace_id_mandatory
  ✅ t_b_unknown_event_type_and_domain_rejected
  ✅ t_c_publish_and_idempotent
  ✅ t_d_replay_mission_deterministic
  ✅ t_e_restart_persist
  ✅ t_f_concurrent_exactly_once
  ✅ t_g_dual_write_flag_off_noop
  ✅ t_h_reconcile_mismatch
  ✅ t_i_zero_external_side_effect_structural

OK test_event_spine: 9/9

â”€â”€ test_context_fence.py â”€â”€â”€â”€â”€â”€â”€â”€â”€â”€â”€â”€â”€â”€â”€â”€â”€â”€â”€â”€â”€â”€â”€â”€â”€â”€â”€â”€â”€â”€â”€â”€â”€â”€â”€â”€â”€â”€â”€
  ✅ t_a_flag_off_byte_identical
  ✅ t_b_fence_wraps_and_labels
  ✅ t_c_delimiter_escape_neutralized
  ✅ t_d_screen_detects_injection
  ✅ t_e_build_context_separates_and_fences
  ✅ t_f_build_context_flag_off_still_structural

OK test_context_fence: 6/6

â”€â”€ test_context_fence_wiring.py â”€â”€â”€â”€â”€â”€â”€â”€â”€â”€â”€â”€â”€â”€â”€â”€â”€â”€â”€â”€â”€â”€â”€â”€â”€â”€â”€â”€â”€â”€â”€â”€
  ✅ t_a_flag_off_no_screen
  ✅ t_b_flag_on_flags_injection
  ✅ t_c_flag_on_clean_prompt_no_alert
  ✅ t_d_observe_only_prompt_unchanged
  ✅ t_e_structural_reachable

OK test_context_fence_wiring: 5/5

â”€â”€ test_menu_v2_wiring.py â”€â”€â”€â”€â”€â”€â”€â”€â”€â”€â”€â”€â”€â”€â”€â”€â”€â”€â”€â”€â”€â”€â”€â”€â”€â”€â”€â”€â”€â”€â”€â”€â”€â”€â”€â”€â”€â”€
  ✅ t_a_flag_off_panel_parity
  ✅ t_b_flag_off_m_verb_parity
  ✅ t_c_flag_on_panel_reachable
  ✅ t_d_flag_on_m_verb_reachable
  ✅ t_e_structural_and_no_effector

OK test_menu_v2_wiring: 5/5

â”€â”€ test_verdict_outcome.py â”€â”€â”€â”€â”€â”€â”€â”€â”€â”€â”€â”€â”€â”€â”€â”€â”€â”€â”€â”€â”€â”€â”€â”€â”€â”€â”€â”€â”€â”€â”€â”€â”€â”€â”€â”€â”€
  ✅ t_a_measurement_mapping_never_delivered
  ✅ t_b_value_only_on_accepted
  ✅ t_c_idempotent
  ✅ t_d_restart_replay
  ✅ t_e_wiring_flag_off_parity
  ✅ t_f_wiring_flag_on_durable
  ✅ t_g_structural_no_effector
  ✅ t_h_spine_second_domain_proposal

OK test_verdict_outcome: 8/8

â”€â”€ test_llm_fence_coverage.py â”€â”€â”€â”€â”€â”€â”€â”€â”€â”€â”€â”€â”€â”€â”€â”€â”€â”€â”€â”€â”€â”€â”€â”€â”€â”€â”€â”€â”€â”€â”€â”€â”€â”€
  ✅ t_a_no_new_local_llm_bypass
  ✅ t_b_inventory_not_stale
  ✅ t_c_fence_is_wired_in_router

OK test_llm_fence_coverage: 3/3

â”€â”€ test_stateless_cb_restart.py â”€â”€â”€â”€â”€â”€â”€â”€â”€â”€â”€â”€â”€â”€â”€â”€â”€â”€â”€â”€â”€â”€â”€â”€â”€â”€â”€â”€â”€â”€â”€â”€
  ✅ [۱/۶/۱۰] restart → تپ ثبت می‌شود؛ ≤۶۴B؛ رجیستری idempotent
  ✅ [F1] schemeِ prop در لایهٔ channel owner-gated
  ✅ [F4] ownerِ env با whitespace قفل نمی‌کند
  ✅ [۲] sigِ جعلی reject
  ✅ [۳] منقضی → سنتینلِ صادق
  ✅ [۴] replay → بدونِ ردیفِ دوم
  ✅ [۵] بدونِ secret → fallbackِ RAM
  ✅ [۷] غیرمالک reject
  ✅ [۸] verbِ بد بی‌اثر
  ✅ [۹] defer بعد از restart زنده

â”€â”€ test_deferral_rebuild_boot.py â”€â”€â”€â”€â”€â”€â”€â”€â”€â”€â”€â”€â”€â”€â”€â”€â”€â”€â”€â”€â”€â”€â”€â”€â”€â”€â”€â”€â”€â”€â”€
  ✅ [۱] defer → restart → کارت برمی‌گردد + توکن کار می‌کند
  ✅ [۲] decided دیگر برنمی‌گردد
  ✅ [۳] دو بوت → یک rebuild (dedupeِ durable)
  ✅ [۴] ۵ معوق → یک دایجست
  ✅ [۵] DB غایب → skip بی‌صدا
  ✅ [۶] منقضی برنمی‌گردد؛ رویداد می‌ماند

â”€â”€ test_journal_recovery.py â”€â”€â”€â”€â”€â”€â”€â”€â”€â”€â”€â”€â”€â”€â”€â”€â”€â”€â”€â”€â”€â”€â”€â”€â”€â”€â”€â”€â”€â”€â”€â”€â”€â”€â”€â”€
  ✅ [۱] دکتر قدم‌ها را journal می‌کند
  ✅ [۲] مرگِ وسطِ قدم دیده می‌شود
  ✅ [۳] بازیابی advisory — صفر re-run
  ✅ [۴/۶] EXECUTINGِ رهاشده → RECONCILE_REQUIRED
  ✅ [۵] fail-soft کامل

â”€â”€ test_boot_certificate.py â”€â”€â”€â”€â”€â”€â”€â”€â”€â”€â”€â”€â”€â”€â”€â”€â”€â”€â”€â”€â”€â”€â”€â”€â”€â”€â”€â”€â”€â”€â”€â”€â”€â”€â”€â”€
  ✅ [۱] اولین بوت: شناسنامهٔ کامل
  ✅ [۲] زنجیرهٔ تولد پیوسته
  ✅ [۳] flags_hash: ساختار نه secret
  ✅ [۴] flag خاموش → صفر I/O
  ✅ [۵] uptime_gap از spine
  ✅ [۶] fail-soft

â”€â”€ test_restart_battery.py â”€â”€â”€â”€â”€â”€â”€â”€â”€â”€â”€â”€â”€â”€â”€â”€â”€â”€â”€â”€â”€â”€â”€â”€â”€â”€â”€â”€â”€â”€â”€â”€â”€â”€â”€â”€â”€
  ✅ باتریِ رستاخیز — داستانِ کاملِ ۹-سناریویی

â”€â”€ test_spine_single_surface.py â”€â”€â”€â”€â”€â”€â”€â”€â”€â”€â”€â”€â”€â”€â”€â”€â”€â”€â”€â”€â”€â”€â”€â”€â”€â”€â”€â”€â”€â”€â”€â”€
  ✅ [۶] C4 soak status (flag off default, dual_write live)
  ✅ [۱] قراردادِ envelope کامل
  ✅ [۲] provenance هرگز null
  ✅ [۳] PARITY: dual_write == emit_event
  ✅ [۴] flag خاموش + idempotent
  ✅ [۵] validate_row رویدادِ بد را رد می‌کند

â”€â”€ test_learning_loop.py â”€â”€â”€â”€â”€â”€â”€â”€â”€â”€â”€â”€â”€â”€â”€â”€â”€â”€â”€â”€â”€â”€â”€â”€â”€â”€â”€â”€â”€â”€â”€â”€â”€â”€â”€â”€â”€â”€â”€
  ✅ [۱۰] memory+receipt اتمیک (no receipt→no admission)
  ✅ [۹] trustِ جعلی (outcome بایند نشده) رد
  ✅ [۱] artifactِ durable (memory+receipt)
  ✅ [۲] تصمیمِ بعدی خاطره را استناد می‌کند
  ✅ [۳] held-out FAIL → یادگیریِ مضر مسدود
  ✅ [۴] anti-hacking مسدود
  ✅ [۵] dedupِ یادگیری = صفر تکرار
  ✅ [۶] outcome≠preference
  ✅ [۷] rollback supersede/invalidate
  ✅ [۸] restart: خاطره می‌ماند

â”€â”€ test_beat_scheduler.py â”€â”€â”€â”€â”€â”€â”€â”€â”€â”€â”€â”€â”€â”€â”€â”€â”€â”€â”€â”€â”€â”€â”€â”€â”€â”€â”€â”€â”€â”€â”€â”€â”€â”€â”€â”€â”€â”€
  ✅ [E-1] crash after reserve → reconcile, no advance
  ✅ [E-2] final commit persist failure checked
  ✅ [E-3] committed beat not rerun after restart
  ✅ [E-4] committed advances exactly once
  ✅ [۹] persist failure → block commit, no advance
  ✅ [P] production-safe forbids ACT/LEARN
  ✅ [۸] watchdog stall detection
  ✅ [۱] ترتیبِ فازِ قطعی
  ✅ [۲] every_n_beats
  ✅ [۳] bounded + circuit breaker
  ✅ [۴] organ failure isolation
  ✅ [۵] restart continuity (beatِ بعدی، نه دوباره)
  ✅ [۶] HALT — فقط فازهای امن
  ✅ [۷] zero double-actuation (ACT dry-run)

â”€â”€ test_brain_core.py â”€â”€â”€â”€â”€â”€â”€â”€â”€â”€â”€â”€â”€â”€â”€â”€â”€â”€â”€â”€â”€â”€â”€â”€â”€â”€â”€â”€â”€â”€â”€â”€â”€â”€â”€â”€â”€â”€â”€â”€â”€â”€
  ✅ [۱+۲] composition واقعی + parity سیم‌کشی، صفر ACT
  ✅ [۳] فلگ خاموش → None
  ✅ [۴/B11] compare در مسیرِ tick
  ✅ [۵] طبقه‌بندی parity (missing≠mismatch)
  ✅ [۵b] missing authoritative source blocks green
  ✅ [۶/B12] زیرِ ۲۴h هرگز green (حتی انبوه match)
  ✅ [۷/B12] ۲۴h پیوسته + نمونه → green
  ✅ [F] code/schema/config fingerprint change resets soak
  ✅ [۸/B12] critical mismatch → not green
  ✅ [۹/B12] gap پیوستگی را می‌شکند → not green
  ✅ [۱۰/B13] وضعیت BrainCore در state block
  ✅ [۱۱] HALT فقط فازهای امن

â”€â”€ test_research_loop.py â”€â”€â”€â”€â”€â”€â”€â”€â”€â”€â”€â”€â”€â”€â”€â”€â”€â”€â”€â”€â”€â”€â”€â”€â”€â”€â”€â”€â”€â”€â”€â”€â”€â”€â”€â”€â”€â”€â”€
  ✅ [۱۰] verified-not-admitted (no full artifact → not accepted)
  ✅ [۹] calibration overconfidence → quarantine
  ✅ [۱] contract validation (falsif+tools fail-closed)
  ✅ [۲] accepted → memory via learning_gate
  ✅ [۳] falsified → terminate، not learned
  ✅ [۴] bad conjecture terminate (سقفِ بازنویسی)
  ✅ [۵] budget terminate
  ✅ [۶] quarantine on held-out fail
  ✅ [۷] governance — no auto-apply
  ✅ [۸] durable research-journal (restart-safe)
  ✅ [C-1] receipt failure → not accepted
  ✅ [C-2] outcome failure → not accepted
  ✅ [C-3] final ledger failure → memory retracted (B9)
  ✅ [B-1] completed experiment not rerun (idempotent)
  ✅ [B-1a] crash after experiment resumes without rerun
  ❌ [C-4] pending memory invisible until promoted: 
  ✅ [B-2] plan_recovery from research-journal
  ✅ [B-3] resume_point from research-journal (B8)
   â†» Ø§Ø¬Ø±Ø§ÛŒ Ø¯ÙˆÙ…: Ù‚Ø±Ù…Ø²Ù-Ù¾Ø§ÛŒØ¯Ø§Ø± â†’ tests/_flaky/test_research_loop.py.txt

â”€â”€ test_pending_card_recovery.py â”€â”€â”€â”€â”€â”€â”€â”€â”€â”€â”€â”€â”€â”€â”€â”€â”€â”€â”€â”€â”€â”€â”€â”€â”€â”€â”€â”€â”€â”€â”€
  ✅ [۱] projection هر بوت + دکمهٔ واقعی (B1/B2)
  ✅ [۲] no-spam وقتی SENT (B1)
  ✅ [۳] ارسالِ شکست‌خورده retry (B5)
  ✅ [۴] HALT بازسازی-نه-ارسال، resume ارسال (B4)
  ✅ [۵] مبلغِ نامعلوم/tamper fail-closed (B6)
  ✅ [۶] مدل B — توکنِ پیش از restart معتبر (B3)
  ✅ [۷] integrity tag binding checks
  ✅ [۸] terminal/in-flight cross-check skip
  ✅ [۹] concurrent send lease
  ✅ [۱۰] RFC submitted rebuild، decided نه
  ✅ [۱۱] RFC رأی زنده می‌ماند + exactly-once (B7)
  ✅ [۱۲] RFC consume→crash→no-dup (B7)
  ✅ [۱۳ برشِ ۲] RECONCILE_REQUIRED بدونِ opkey دوباره claim می‌شود
  ✅ [۱۴ برشِ ۲] RECONCILE_REQUIRED با opkey هرگز دوباره claim نمی‌شود

â”€â”€ test_paper_lead_mvo_e2e.py â”€â”€â”€â”€â”€â”€â”€â”€â”€â”€â”€â”€â”€â”€â”€â”€â”€â”€â”€â”€â”€â”€â”€â”€â”€â”€â”€â”€â”€â”€â”€â”€â”€â”€
  ✅ t_paper_lead_value_loop_end_to_end
     trace corr=e2e-gap-corr mission=mis-e2e-gap proposal=P-c561ca891fac leg=lead lead=LD-e2e-1
  ✅ t_value_loop_gaps_ids_duplicate_failed_replay_negatives

OK test_paper_lead_mvo_e2e: 2/2

â”€â”€ test_llm_call_inventory.py â”€â”€â”€â”€â”€â”€â”€â”€â”€â”€â”€â”€â”€â”€â”€â”€â”€â”€â”€â”€â”€â”€â”€â”€â”€â”€â”€â”€â”€â”€â”€â”€â”€â”€
  ❌ t_a_every_caller_classified: callerِ LLMِ نو خارج از inventory — یا از model_router.ask ببرش، یا fence_adapter.screen_llm_input را سیم کن، یا صادقانه در RESIDUAL مستند کن: cortex/provider_adapter.py, lab/full_loop_flash/gateway.py, measure/judge_pilot.py, measure/judge_triple.py
  ✅ t_b_inventory_not_stale
  ✅ t_c_adapter_fenced_actually_wired
  ✅ t_d_router_choke_intact
  ✅ t_e_fence_layer_pure_no_network
  ✅ t_f_residual_is_empty_and_honest

FAIL test_llm_call_inventory: 5/6
   â†» Ø§Ø¬Ø±Ø§ÛŒ Ø¯ÙˆÙ…: Ù‚Ø±Ù…Ø²Ù-Ù¾Ø§ÛŒØ¯Ø§Ø± â†’ tests/_flaky/test_llm_call_inventory.py.txt

â”€â”€ test_fence_adapter_wiring.py â”€â”€â”€â”€â”€â”€â”€â”€â”€â”€â”€â”€â”€â”€â”€â”€â”€â”€â”€â”€â”€â”€â”€â”€â”€â”€â”€â”€â”€â”€â”€â”€
  ✅ t_a_adapter_flag_off_is_noop
  ✅ t_b_adapter_injection_safe_finding
  ✅ t_c_adapter_clean_and_never_raises
  ✅ t_d_self_knowledge_always_advisory
  ✅ t_e_debate_crosses_fence_observe_only
  ✅ t_f_doctor_setpoint_crosses_fence_observe_only
  ✅ t_g_governor_crosses_fence_observe_only
  ✅ t_h_chord_fallback_crosses_fence_observe_only
  ✅ t_i_adapter_import_failure_is_safe

OK test_fence_adapter_wiring: 9/9

â”€â”€ test_spine_multidomain.py â”€â”€â”€â”€â”€â”€â”€â”€â”€â”€â”€â”€â”€â”€â”€â”€â”€â”€â”€â”€â”€â”€â”€â”€â”€â”€â”€â”€â”€â”€â”€â”€â”€â”€â”€
  ✅ t_a_taxonomy_canonical_additive_compat
  ✅ t_b_three_production_callers_reach_spine
  ✅ t_c_duplicate_event_suppression
  ✅ t_d_stable_correlation_chain
  ✅ t_e_flag_off_noop_parity
  ❌ t_f_reopen_and_deterministic_replay: {'event_id': 'evt_6e8edba89044b21e', 'idempotency_key': 'tr-r1|MIS-R1|mission-created', 'event_type': 'mission-created', 'domain': 'mission', 'occurred_at': '2026-08-25T00:49:26.096150+00:00', 'recorded_at': '2026-08-25T00:49:26.096160+00:00', 'producer': 'unknown', 'producer_sequence': None, 'correlation_id': 'tr-r1', 'mission_id': 'MIS-R1', 'subject': 'MIS-R1', 'trust': 'DETERMINISTIC', 'schema_version': 2, 'payload_json': '{"risk": "", "source": "", "target_leg": ""}', 'occurred_at_real': None, 'event_time_source': 'write_clock_derived', 'time_precision': 'write_clock', 'legacy_no_event_time': 1, 'clock_skew': ''}
  ✅ t_g_pii_and_raw_text_absent
  ✅ t_h_spine_failure_does_not_break_propose_flow
  ✅ t_i_zero_external_effect_structural

FAIL test_spine_multidomain: 8/9
   â†» Ø§Ø¬Ø±Ø§ÛŒ Ø¯ÙˆÙ…: Ù‚Ø±Ù…Ø²Ù-Ù¾Ø§ÛŒØ¯Ø§Ø± â†’ tests/_flaky/test_spine_multidomain.py.txt

â”€â”€ test_llm_intent.py â”€â”€â”€â”€â”€â”€â”€â”€â”€â”€â”€â”€â”€â”€â”€â”€â”€â”€â”€â”€â”€â”€â”€â”€â”€â”€â”€â”€â”€â”€â”€â”€â”€â”€â”€â”€â”€â”€â”€â”€â”€â”€
  ✓ test_a_failed_escalation_still_falls_back_not_crashes
  ✓ test_a_healthy_local_answer_never_escalates
  ✓ test_empty_text_fails_safe
  ✓ test_escalates_to_paid_only_when_local_is_unavailable
  ✓ test_flag_default_off
  ✓ test_important_raises_gate_even_if_llm_says_low
  ✓ test_invalid_fields_normalized
  ✓ test_llm_exception_never_crashes
  ✓ test_llm_no_answer_fails_safe
  ✓ test_parses_valid_proposal
  ✓ test_unparseable_llm_output_fails_safe

11/11 green

â”€â”€ test_llm_intent_wiring.py â”€â”€â”€â”€â”€â”€â”€â”€â”€â”€â”€â”€â”€â”€â”€â”€â”€â”€â”€â”€â”€â”€â”€â”€â”€â”€â”€â”€â”€â”€â”€â”€â”€â”€â”€
  ✅ t_a_flag_off_understand_not_called
  ✅ t_b_flag_on_needs_mission_routes_to_gated_card
  ✅ t_c_flag_on_llm_fails_falls_back
  ✅ t_d_structural_gated_behind_flag_no_effector

✅ test_llm_intent_wiring: 4/4

â”€â”€ test_consent_firewall.py â”€â”€â”€â”€â”€â”€â”€â”€â”€â”€â”€â”€â”€â”€â”€â”€â”€â”€â”€â”€â”€â”€â”€â”€â”€â”€â”€â”€â”€â”€â”€â”€â”€â”€â”€â”€
  ✅ t_a_market_signal_never_outreach
  ✅ t_b_missing_consent_fails_closed
  ✅ t_c_consented_inbound_explicit_allowed
  ✅ t_d_public_b2b_needs_inferred_business_and_evidence
  ✅ t_e_classify_channel_fallback_is_market_signal
  ✅ t_f_exception_input_fails_closed
  ✅ t_g_synthetic_test_channel_is_consented_but_gate_blocks_downstream
  ✅ t_h_signal_channel_cannot_be_upgraded_by_declared_type

✅ test_consent_firewall: 8/8

â”€â”€ test_lead_candidate_inbox.py â”€â”€â”€â”€â”€â”€â”€â”€â”€â”€â”€â”€â”€â”€â”€â”€â”€â”€â”€â”€â”€â”€â”€â”€â”€â”€â”€â”€â”€â”€â”€â”€
  ✅ t_a_flag_off_is_noop
  ✅ t_b_synthetic_accepted_full_journey
  ✅ t_c_lead_sense_consumes_the_written_candidate
  ✅ t_d_invalid_quarantined_never_deleted
  ✅ t_e_idempotency_no_second_lead
  ✅ t_f_market_signal_makes_no_top_level_candidate
  ✅ t_g_halt_writes_receipt_only_zero_state
  ✅ t_h_no_external_send_surface
  ✅ t_i_signal_channel_declared_consented_stays_signal
  ✅ t_j_keyless_duplicate_no_second_lead

✅ test_lead_candidate_inbox: 10/10

â”€â”€ test_lead_wiring.py â”€â”€â”€â”€â”€â”€â”€â”€â”€â”€â”€â”€â”€â”€â”€â”€â”€â”€â”€â”€â”€â”€â”€â”€â”€â”€â”€â”€â”€â”€â”€â”€â”€â”€â”€â”€â”€â”€â”€â”€â”€
  ✅ t_a_collision_guard_skips_reserved
  ✅ t_b_canonical_route_flag_on_writes_via_submit
  ✅ t_c_canonical_route_flag_off_is_none
  ✅ t_d_effectorgate_db_fixed_in_source
  ✅ t_e_boundary_launcher_wired_and_flag_gated
  ✅ t_f_old_inbox_frozen
  ✅ t_g_owner_menu_prefers_canonical_over_frozen

✅ test_lead_wiring: 7/7

â”€â”€ test_lead_effect_gate.py â”€â”€â”€â”€â”€â”€â”€â”€â”€â”€â”€â”€â”€â”€â”€â”€â”€â”€â”€â”€â”€â”€â”€â”€â”€â”€â”€â”€â”€â”€â”€â”€â”€â”€â”€â”€
  ✅ t_a_batch_release_cannot_release_lead_outbound
  ✅ t_b_release_one_targets_exactly_one
  ✅ t_c_market_signal_denied_at_gate
  ✅ t_d_synthetic_denied_at_gate
  ✅ t_e_not_authorized_denied
  ✅ t_f_halt_denied
  ✅ t_g_no_gate_fail_closed_no_crash
  ✅ t_h_happy_path_settles_but_transport_not_armed
  ✅ t_i_idempotent_settled_not_re_released
  ✅ t_j_outbound_flag_off_inert
  ✅ t_k_no_network_imports
  ✅ t_l_batch_allowlist_blocks_noncanonical_customer_kinds
  ✅ t_m_synthetic_guard_normalizes_whitespace
  ✅ t_n_on_lead_verdict_approve_authorizes
  ✅ t_o_on_lead_verdict_reject_and_signal_and_synthetic_no_effect
  ✅ t_p_on_lead_verdict_halt_and_faults_fail_closed
  ✅ t_q_on_lead_verdict_idempotent_per_lead
  ✅ t_r_on_lead_verdict_requires_outreach_allowed

✅ test_lead_effect_gate: 18/18

â”€â”€ test_sync_agent.py â”€â”€â”€â”€â”€â”€â”€â”€â”€â”€â”€â”€â”€â”€â”€â”€â”€â”€â”€â”€â”€â”€â”€â”€â”€â”€â”€â”€â”€â”€â”€â”€â”€â”€â”€â”€â”€â”€â”€â”€â”€â”€
  ✅ flag off blocks inert
  ✅ real studio_pf adapter blocks honestly
  ✅ blocked on authorization
  ✅ resume after authorize to done
  ✅ retry without duplicate
  ✅ rejected authorization blocks draft
  ✅ mutation harness rejects bad states
  ✅ lead order guards
  ✅ real lead rejects conflicting authorize
  ✅ real lead rejects authorize after rejected

✅ test_sync_agent: 10/10 passed

â”€â”€ test_octopus_parity_modules.py â”€â”€â”€â”€â”€â”€â”€â”€â”€â”€â”€â”€â”€â”€â”€â”€â”€â”€â”€â”€â”€â”€â”€â”€â”€â”€â”€â”€â”€â”€
  ✅ frustration: empty log honest
  ✅ frustration: aggregates rows
  ✅ frustration: index zero no denial
  ✅ frustration: index proportional
  ✅ frustration: corrupt row fail-soft
  ✅ syndrome: integrity ok matching
  ✅ syndrome: flags large gap
  ✅ syndrome: missing source unknown
  ✅ syndrome: never fail-open missing
  ✅ audit: classifies real unittest
  ✅ audit: classifies no-op bare
  ✅ audit: classifies pytest fixture
  ✅ audit: never crashes garbage

✅ test_octopus_parity_modules: 13/13 passed

â”€â”€ test_miniapp_state.py â”€â”€â”€â”€â”€â”€â”€â”€â”€â”€â”€â”€â”€â”€â”€â”€â”€â”€â”€â”€â”€â”€â”€â”€â”€â”€â”€â”€â”€â”€â”€â”€â”€â”€â”€â”€â”€â”€â”€
  ✅ state missing â†’ unknown (not fake)
  ✅ state scrubs secrets
  ✅ dispatch unknown â†’ 404
  ✅ dispatch known â†’ 200 + valid JSON
  ✅ notifications empty state
  ✅ notifications meta scrubbed
  ✅ outbound missing db â†’ honest
  ✅ scrub redacts email
  ✅ scrub redacts token

âœ… test_miniapp_state: 9/9 passed

â”€â”€ test_consent_gate.py â”€â”€â”€â”€â”€â”€â”€â”€â”€â”€â”€â”€â”€â”€â”€â”€â”€â”€â”€â”€â”€â”€â”€â”€â”€â”€â”€â”€â”€â”€â”€â”€â”€â”€â”€â”€â”€â”€â”€â”€
  ✅ t10_event_replay_idempotent
  ✅ t11_load_current_none_for_missing
  ✅ t12_may_release_kind_allowlist
  ✅ t1_check_firewall_blocks_market_signal_outreach
  ✅ t2_derive_outreach_allowed_truth_table
  ✅ t3_may_draft_flag_off_returns_false_flag_off
  ✅ t4_suppression_blocks_before_draft_and_survives_purge
  ✅ t7_compliance_risk_flagged_blocks_release
  ✅ t8_b2b_without_published_evidence_no_outreach
  ✅ t9_synthetic_may_release_false

test_consent_gate: 10/10

â”€â”€ test_funnel_store.py â”€â”€â”€â”€â”€â”€â”€â”€â”€â”€â”€â”€â”€â”€â”€â”€â”€â”€â”€â”€â”€â”€â”€â”€â”€â”€â”€â”€â”€â”€â”€â”€â”€â”€â”€â”€â”€â”€â”€â”€
  ✅ t10_channel_mode_persists
  ✅ t1_idempotent_replay_one_row
  ✅ t2_unknown_event_type_raises
  ✅ t3_fold_monotonic_and_dead_sticky
  ✅ t4_lost_dead_sticky
  ✅ t5_synthetic_never_reaches_market
  ✅ t6_owner_verdict_never_makes_market_state
  ✅ t7_metrics_replay_safe
  ✅ t8_paid_requires_quote_sent_first
  ✅ t9_unknown_lead_fold_returns_none_state

test_funnel_store: 10/10

â”€â”€ test_speed_to_lead.py â”€â”€â”€â”€â”€â”€â”€â”€â”€â”€â”€â”€â”€â”€â”€â”€â”€â”€â”€â”€â”€â”€â”€â”€â”€â”€â”€â”€â”€â”€â”€â”€â”€â”€â”€â”€â”€â”€â”€
  ✅ t1_flag_off_no_op
  ✅ t2_fallback_always_present
  ✅ t3_urgency_detection
  ✅ t4_quiet_hours_only_label
  ✅ t5_card_has_lead_facts_and_html
  ✅ t6_missing_lead_id_no_op
  ✅ t7_llm_failure_falls_back
  ✅ t8_sms_truncation
  ✅ t9_card_never_contains_send_to_customer

test_speed_to_lead: 9/9

â”€â”€ test_release_send_separation.py â”€â”€â”€â”€â”€â”€â”€â”€â”€â”€â”€â”€â”€â”€â”€â”€â”€â”€â”€â”€â”€â”€â”€â”€â”€â”€â”€â”€â”€
  ✅ t1_release_only_no_settle
  ✅ t2_settle_after_release_works_in_window
  ✅ t3_stale_refused_beyond_window
  ✅ t4_custom_window_allows
  ✅ t5_may_release_deny_blocks_release_only
  ✅ t6_release_then_immediate_settle_equals_atomic
  ✅ t7_settle_without_release_refused

test_release_send_separation: 7/7

â”€â”€ test_lead_verdict_wiring.py â”€â”€â”€â”€â”€â”€â”€â”€â”€â”€â”€â”€â”€â”€â”€â”€â”€â”€â”€â”€â”€â”€â”€â”€â”€â”€â”€â”€â”€â”€â”€â”€â”€
  ✅ t_a_flag_off_no_effect
  ✅ t_b_flag_on_consented_creates_effect_but_not_armed
  ✅ t_c_flag_on_synthetic_denied
  ✅ t_d_flag_on_market_signal_denied
  ✅ t_e_non_lead_card_no_effect
  ✅ t_f_reject_and_later_no_effect
  ✅ t_g_idempotent_double_tap_one_effect
  ✅ t_h_gate_missing_fail_closed
  ✅ t_i_hook_failure_does_not_kill_measurement

test_lead_verdict_wiring: 9/9

â”€â”€ test_effector_gate_bridge.py â”€â”€â”€â”€â”€â”€â”€â”€â”€â”€â”€â”€â”€â”€â”€â”€â”€â”€â”€â”€â”€â”€â”€â”€â”€â”€â”€â”€â”€â”€â”€â”€
  ✅ t_a_fresh_settles
  ✅ t_b_stale_refused_not_settled
  ✅ t_c_no_release_ts_fails_closed
  ✅ t_d_non_releasable_refused
  ✅ t_e_chrono_untouched
  ✅ t_f_remark_cannot_refresh_stale
  ✅ t_g_corrupt_release_ts_refuses_never_raises
  ✅ t_h_future_release_ts_refused
  ✅ t_i_settle_emits_effect_settled_not_communication_sent

✅ test_effector_gate_bridge: 9/9

â”€â”€ test_lead_boundary_http.py â”€â”€â”€â”€â”€â”€â”€â”€â”€â”€â”€â”€â”€â”€â”€â”€â”€â”€â”€â”€â”€â”€â”€â”€â”€â”€â”€â”€â”€â”€â”€â”€â”€â”€
  ✅ t_a_valid_signed_accepted
  ✅ t_b_invalid_signature_rejected
  ✅ t_c_expired_timestamp_rejected
  ✅ t_d_replayed_nonce_rejected
  ✅ t_default_port_never_collides_with_the_miniapp_gateway
  ✅ t_e_unknown_source_rejected
  ✅ t_f_idempotency_mismatch_and_duplicate
  ✅ t_g_halt_returns_503_with_receipt
  ✅ t_h_negative_n8n_no_gate_imports
  ✅ t_i_live_socket_smoke
  ✅ t_j_nan_timestamp_rejected

✅ test_lead_boundary_http: 11/11

â”€â”€ test_metric_separation.py â”€â”€â”€â”€â”€â”€â”€â”€â”€â”€â”€â”€â”€â”€â”€â”€â”€â”€â”€â”€â”€â”€â”€â”€â”€â”€â”€â”€â”€â”€â”€â”€â”€â”€â”€
  ✅ t_a_heartbeat_only_liveness_no_work_no_value
  ✅ t_b_proposal_without_verdict_no_outcome_no_value
  ✅ t_c_accepted_measurement_is_not_revenue
  ✅ t_d_rejected_deferred_distinct_no_value
  ✅ t_e_fake_delivery_split_and_old_consumer_preserved
  ✅ t_f_deterministic_rebuild_after_reopen
  ✅ t_g_missing_baseline_key_never_becomes_success
  ✅ t_h_unsent_delivery_does_not_move_when_producer_honest
  ✅ t_i_reachability_and_legacy_producer_compat
  ✅ t_j_structural_zero_network_or_effector
  ✅ t_k_self_run_and_non_tg_rows_excluded_from_owner_verdict

OK test_metric_separation: 11/11

â”€â”€ test_menu_v2_honesty.py â”€â”€â”€â”€â”€â”€â”€â”€â”€â”€â”€â”€â”€â”€â”€â”€â”€â”€â”€â”€â”€â”€â”€â”€â”€â”€â”€â”€â”€â”€â”€â”€â”€â”€â”€â”€â”€
  ✅ t_a_nonowner_panel_silent_flag_on
  ✅ t_b_nonowner_m_callback_silent_flag_on
  ✅ t_c_nonowner_silent_flag_off_parity
  ✅ t_d_no_dead_command_ads
  ✅ t_e_stop_view_routes_to_real_power_page
  ✅ t_f_advertised_commands_are_handled
  ✅ t_g_zero_network_structural

OK test_menu_v2_honesty: 7/7

â”€â”€ test_tg_verdict_durable.py â”€â”€â”€â”€â”€â”€â”€â”€â”€â”€â”€â”€â”€â”€â”€â”€â”€â”€â”€â”€â”€â”€â”€â”€â”€â”€â”€â”€â”€â”€â”€â”€â”€â”€
  ✅ t_a_flag_off_parity_no_durable_write
  ✅ t_b_nonowner_rejected_zero_effect
  ✅ t_c_owner_ok_accepted_measurement_linkage
  ✅ t_d_rejected_and_deferred_persist
  ✅ t_e_duplicate_callback_suppressed
  ✅ t_f_invalid_or_legacy_card_rejected
  ✅ t_g_missing_secret_fail_closed
  ✅ t_h_valid_token_full_path
  ✅ t_i_restart_reopen_replay
  ✅ t_j_no_approval_delivery_revenue_inference
  ✅ t_k_failed_fake_delivery_never_delivered_or_seen
  ✅ t_l_mission_card_verdict_durable
  ✅ t_m_structural_no_effector_no_network

OK test_tg_verdict_durable: 13/13

â”€â”€ test_activation_untracked.py â”€â”€â”€â”€â”€â”€â”€â”€â”€â”€â”€â”€â”€â”€â”€â”€â”€â”€â”€â”€â”€â”€â”€â”€â”€â”€â”€â”€â”€â”€â”€â”€
  ✅ t_a_flags_absent_in_harness_tree
  ✅ t_b_paid_gate_closed_after_rollover_when_flags_absent
  ✅ t_c_live_gate_open_closed_for_every_absent_flag
  ✅ t_d_go_live_absent_means_no_date_bypass
  ✅ t_e_research_early_absent_paid_path_is_date_gate

✅ test_activation_untracked: 5/5

â”€â”€ test_ps_writeback_verdict.py â”€â”€â”€â”€â”€â”€â”€â”€â”€â”€â”€â”€â”€â”€â”€â”€â”€â”€â”€â”€â”€â”€â”€â”€â”€â”€â”€â”€â”€â”€â”€â”€
✓ بدونِ رأی: تابعِ PUT اصلاً صدا نخورد (choke-point)
✓ بدونِ رأی: هیچ درخواستِ PUT به شبکه (fake)
✓ بدونِ رأی: written=0 و awaiting_verdict=1
✓ بدونِ رأی: آیتم در صف می‌ماند (kept)، ok صادق
✓ بدونِ رأی: نوتِ صادقِ «منتظرِ رأی»
✓ بدونِ رأی: لاگِ ممیزی «no-owner-verdict-skipped» دارد
✓ ثبتِ رأیِ مالک موفق + هشِ ۶۴-hex
✓ رأیِ معتبر: گارد رد شد و جریان به مرزِ PUT رسید (تابعِ PUT صدا خورد)
✓ رأیِ معتبر: PUT به مرزِ شبکه (fake) رسید — نه HTTP واقعی
✓ رأیِ معتبر: written=1، awaiting=0، صف خالی
✓ رأیِ معتبر: بدنهٔ PUT برچسب‌های merge‌شده (برچسبِ مالک محفوظ)
✓ بایند: فقط A پوت شد، B هرگز (رأیِ A مجوزِ B نیست)
✓ بایند: written=1 (A) و awaiting_verdict=1 (B)
✓ بایند: B در صف می‌ماند، A حذف شد
✓ هشِ محتوا per-tid یکتا است (A≠B با همان برچسب‌ها)
✓ HALT: صفر PUT با وجودِ رأی، صفر شبکه، صف دست‌نخورده
✓ فلگِ PS_WRITEBACK خاموش: wired=False، صفر PUT، صفر شبکه (حتی با رأی)
✓ caller-gate: ACCT_BEAT_SYNC + OCTOPUS_WIRE_POCKETSMITH پیش از sync_network گیت می‌شوند
✓ ساختاری: ps_writeback هیچ‌کدام از settle/effector/approval_channel/tg_api را import نمی‌کند
✓ ساختاری: هیچ‌کدام از آن ماژول‌ها با importِ ps_writeback واردِ sys.modules نشدند
✓ ساختاری: هشِ per-item از mission_contract.content_sha256 بازاستفاده می‌شود
✓ ساختاری: تنها seamِ شبکه (_transport) در سراسرِ تست fake بود (صفر urlopen واقعی)
✓ منقضی: رأیِ کهنه صفر PUT (choke-point) + awaiting=1 + صفر شبکه
✓ single-use: PUTِ اول انجام شد (written=1، یک PUT)
✓ single-use: replayِ همان محتوا صفر PUT (رأی مصرف شده = consumed) + awaiting=1
✓ هشِ نامتطبق: رأیِ approve با content_sha256 غلط صفر PUT (فقط بایندِ دقیقِ per-item مجاز)

همه سبز — 26 چک ✅

â”€â”€ test_drawdown_shadow.py â”€â”€â”€â”€â”€â”€â”€â”€â”€â”€â”€â”€â”€â”€â”€â”€â”€â”€â”€â”€â”€â”€â”€â”€â”€â”€â”€â”€â”€â”€â”€â”€â”€â”€â”€â”€â”€
  ✅ MODULE: breach → advisory، صفر تماسِ پولی
  ✅ MODULE: بدونِ breach → هیچ alert
  ✅ MODULE: threshold از تک‌منبعِ owner-tunable + placeholderِ مستند
  ✅ MODULE: deterministic
  ✅ MODULE: structural — صفر network/effector/money-move import
  ✅ INTEGRATION: flag OFF → byte-identical، هیچ advisory
  ✅ INTEGRATION: flag ON + breach → advisory ولی صفر halt/بلاک
  ✅ INTEGRATION: flag ON + no breach → هیچ advisory
  ✅ INTEGRATION: _caps() مقدارِ خامِ spike_pct را سطح می‌دهد

â”€â”€ test_cb_token_legmiss.py â”€â”€â”€â”€â”€â”€â”€â”€â”€â”€â”€â”€â”€â”€â”€â”€â”€â”€â”€â”€â”€â”€â”€â”€â”€â”€â”€â”€â”€â”€â”€â”€â”€â”€â”€â”€
  ✅ t_a9_2_worst_case_callback_fits_64_bytes
  ✅ t_flag_off_render_tokenless
  ✅ t_is_owner_gate_is_first
  ✅ t_legacy_flag_off_parity
  ✅ t_legacy_flag_on_forged_token_rejected
  ✅ t_legacy_flag_on_missing_token_rejected
  ✅ t_legacy_flag_on_valid_token_passes
  ✅ t_legacy_missing_secret_fail_closed
  ✅ t_mission_flag_off_parity
  ✅ t_mission_flag_on_expired_rejected
  ✅ t_mission_flag_on_forged_rejected
  ✅ t_mission_flag_on_missing_token_rejected
  ✅ t_mission_flag_on_valid_passes
  ✅ t_mission_missing_secret_fail_closed
  ✅ t_render_roundtrip_legacy
  ✅ t_render_roundtrip_mission

OK cb_token_legmiss: 16/16

â”€â”€ test_spine_sanitize.py â”€â”€â”€â”€â”€â”€â”€â”€â”€â”€â”€â”€â”€â”€â”€â”€â”€â”€â”€â”€â”€â”€â”€â”€â”€â”€â”€â”€â”€â”€â”€â”€â”€â”€â”€â”€â”€â”€
  ✅ t_direct_dual_write_strips_raw_text
  ✅ t_double_sanitize_idempotent
  ✅ t_flag_off_still_noop
  ✅ t_id_and_scalar_fields_preserved
  ✅ t_identity_and_idempotency_unchanged
  ✅ t_structural_zero_network

OK spine_sanitize: 6/6

â”€â”€ test_stop_contract.py â”€â”€â”€â”€â”€â”€â”€â”€â”€â”€â”€â”€â”€â”€â”€â”€â”€â”€â”€â”€â”€â”€â”€â”€â”€â”€â”€â”€â”€â”€â”€â”€â”€â”€â”€â”€â”€â”€â”€
  ✅ t_a_watchdog_default_flags_include_halt_all
  ✅ t_b_should_revive_yields_under_halt
  ✅ t_c_stop_probe_global_halt
  ✅ t_d_stop_probe_fail_closed
  ✅ t_e_watchdog_ps1_honor_halt_all
  ✅ t_f_twin_organism_watchdog_honors_halt_all

OK test_stop_contract: 6/6

â”€â”€ test_lead_outcome_recorder.py â”€â”€â”€â”€â”€â”€â”€â”€â”€â”€â”€â”€â”€â”€â”€â”€â”€â”€â”€â”€â”€â”€â”€â”€â”€â”€â”€â”€â”€â”€â”€
  ✅ t_a_flag_off_noop
  ✅ t_b_closes_loop_with_shared_ids_and_pending
  ❌ t_c_memories_used_from_gate: باید حافظهٔ مرتبط را cite کند
  ✅ t_d_idempotent_replay
  ✅ t_e_no_send_no_money_structural
  ❌ t_f_memory_prior_changes_action: سابقهٔ rejected باید draft→save کند (got draft)
  ✅ t_g_memory_prior_never_overrides_hard_skip

FAIL test_lead_outcome_recorder: 5/7
   â†» Ø§Ø¬Ø±Ø§ÛŒ Ø¯ÙˆÙ…: Ù‚Ø±Ù…Ø²Ù-Ù¾Ø§ÛŒØ¯Ø§Ø± â†’ tests/_flaky/test_lead_outcome_recorder.py.txt

â”€â”€ test_lead_outcome_wiring.py â”€â”€â”€â”€â”€â”€â”€â”€â”€â”€â”€â”€â”€â”€â”€â”€â”€â”€â”€â”€â”€â”€â”€â”€â”€â”€â”€â”€â”€â”€â”€â”€â”€
  ✅ t_a_flag_off_no_spine_write
  ✅ t_b_flag_on_persists_receipt_and_outcome_pending
  ❌ t_c_memories_used_through_beat: spine باید حافظهٔ مرتبط را از drون beat cite کند
  ✅ t_d_recorder_failure_is_failsoft
  ✅ t_e_structural_reachable_and_no_send
  ✅ t_f_event_spine_dual_write
  ❌ t_g_memory_gate_writes_episodic: None

FAIL test_lead_outcome_wiring: 5/7
   â†» Ø§Ø¬Ø±Ø§ÛŒ Ø¯ÙˆÙ…: Ù‚Ø±Ù…Ø²Ù-Ù¾Ø§ÛŒØ¯Ø§Ø± â†’ tests/_flaky/test_lead_outcome_wiring.py.txt

â”€â”€ test_lead_learning_wire.py â”€â”€â”€â”€â”€â”€â”€â”€â”€â”€â”€â”€â”€â”€â”€â”€â”€â”€â”€â”€â”€â”€â”€â”€â”€â”€â”€â”€â”€â”€â”€â”€â”€â”€
  ✅ [W1] تصمیمِ لید → خاطرهٔ رسیددارِ semantic + استنادِ تصمیمِ بعدی
  ✅ [W1] flag خاموش = رفتارِ امروز

â”€â”€ test_lead_leg_inbox.py â”€â”€â”€â”€â”€â”€â”€â”€â”€â”€â”€â”€â”€â”€â”€â”€â”€â”€â”€â”€â”€â”€â”€â”€â”€â”€â”€â”€â”€â”€â”€â”€â”€â”€â”€â”€â”€â”€
  ✅ gate_off_returns_disabled
  ✅ create_lead_writes_json
  ✅ create_lead_custom_source
  ✅ empty_text_fails
  ✅ dedup_within_24h
  ✅ dedup_normalization
  ✅ dedup_different_text_creates_new
  ✅ list_leads_all
  ✅ list_leads_filtered_by_status
  ✅ get_lead_found
  ✅ get_lead_not_found
  ✅ atomicity_no_partial_write
  ✅ corrupt_file_skipped_in_list

PASS test_lead_leg_inbox (13/13 green, 0 red)

â”€â”€ test_tg_intent.py â”€â”€â”€â”€â”€â”€â”€â”€â”€â”€â”€â”€â”€â”€â”€â”€â”€â”€â”€â”€â”€â”€â”€â”€â”€â”€â”€â”€â”€â”€â”€â”€â”€â”€â”€â”€â”€â”€â”€â”€â”€â”€â”€
  ✅ t_a_status_intent
  ✅ t_b_revenue_intent
  ✅ t_c_budget_intent
  ✅ t_d_help_menu_intent
  ✅ t_e_pause_intent_with_leg
  ✅ t_f_resume_intent_with_leg
  ✅ t_g_pause_without_leg_returns_none_leg
  ✅ t_h_scan_metadata_intent
  ✅ t_i_approvals_intent
  ✅ t_j_unknown_intent_with_card
  ✅ t_k_detect_leg_single_hit
  ✅ t_l_detect_leg_ambiguous_returns_none
  ✅ t_m_detect_leg_no_hit_returns_none
  ✅ t_n_broken_input_safe
  ✅ t_o_output_shape_contract
  ✅ t_p_is_read_only_helper

✅ test_tg_intent: 16/16

â”€â”€ test_tg_metadata_scan.py â”€â”€â”€â”€â”€â”€â”€â”€â”€â”€â”€â”€â”€â”€â”€â”€â”€â”€â”€â”€â”€â”€â”€â”€â”€â”€â”€â”€â”€â”€â”€â”€â”€â”€â”€â”€
  ✅ t_a_scan_returns_manifest_with_metadata_only
  ✅ t_b_excludes_are_skipped
  ✅ t_c_env_secret_never_hashed_even_with_flag
  ✅ t_d_max_files_truncates
  ✅ t_e_state_written_running_then_done
  ✅ t_f_write_manifest_creates_latest_history_report
  ✅ t_g_audit_appended_content_free
  ✅ t_h_summarize_manifest_human_readable
  ✅ t_i_broken_input_safe
  ✅ t_j_human_bytes_format
  ✅ t_k_load_state_default_when_missing

✅ test_tg_metadata_scan: 11/11

â”€â”€ test_ziman_branding.py â”€â”€â”€â”€â”€â”€â”€â”€â”€â”€â”€â”€â”€â”€â”€â”€â”€â”€â”€â”€â”€â”€â”€â”€â”€â”€â”€â”€â”€â”€â”€â”€â”€â”€â”€â”€â”€â”€
..........                                                               [100%]
10 passed in 1.17s

â”€â”€ test_merge_applies_knob.py â”€â”€â”€â”€â”€â”€â”€â”€â”€â”€â”€â”€â”€â”€â”€â”€â”€â”€â”€â”€â”€â”€â”€â”€â”€â”€â”€â”€â”€â”€â”€â”€â”€â”€
  ✅ t_a_tune_knob_merge_applies_real_knob
  ✅ t_b_code_rfc_merge_is_lesson_only
  ✅ t_c_flag_off_no_knob_apply
  ✅ t_d_mint_only_unset_whitelisted_knobs
  ✅ t_e_mint_dedup_no_double
  ✅ t_f_apply_merge_knob_branch_never_settles
  ✅ t_g_denied_knob_not_reminted
  ✅ t_h_owner_set_between_mint_and_merge_not_overwritten
  ✅ t_i_applied_value_is_integer_string

✅ test_merge_applies_knob: 9/9

â”€â”€ test_mining_wiring.py â”€â”€â”€â”€â”€â”€â”€â”€â”€â”€â”€â”€â”€â”€â”€â”€â”€â”€â”€â”€â”€â”€â”€â”€â”€â”€â”€â”€â”€â”€â”€â”€â”€â”€â”€â”€â”€â”€â”€
..........                                                               [100%]
10 passed in 0.49s

â”€â”€ test_web_research.py â”€â”€â”€â”€â”€â”€â”€â”€â”€â”€â”€â”€â”€â”€â”€â”€â”€â”€â”€â”€â”€â”€â”€â”€â”€â”€â”€â”€â”€â”€â”€â”€â”€â”€â”€â”€â”€â”€â”€â”€
  ✅ t_a_search_parses_all_three_sources
  ✅ t_b_each_source_failsoft
  ✅ t_c_run_and_persist_gated_by_flag
  ✅ t_d_zero_dollar_no_money_import
  ✅ t_e_default_opener_rejects_non_http
  ✅ t_f_work_pump_wires_web_research

✅ test_web_research: 6/6

â”€â”€ test_metacognitive.py â”€â”€â”€â”€â”€â”€â”€â”€â”€â”€â”€â”€â”€â”€â”€â”€â”€â”€â”€â”€â”€â”€â”€â”€â”€â”€â”€â”€â”€â”€â”€â”€â”€â”€â”€â”€â”€â”€â”€
  ✅ t_a_self_model_maps_real_ops
  ✅ t_b_self_model_skips_sensitive
  ✅ t_c_self_model_persists
  ✅ t_d_synthesis_with_injected_brain
  ✅ t_e_synthesis_honest_when_brain_down
  ✅ t_f_goals_file_read
  ✅ t_g_improve_consumes_synthesis_and_self_model
  ✅ t_h_synthesis_propose_only_structural
  ✅ t_i_synthesis_event_driven_idle_gate

✅ test_metacognitive: 9/9

â”€â”€ test_discoveries.py â”€â”€â”€â”€â”€â”€â”€â”€â”€â”€â”€â”€â”€â”€â”€â”€â”€â”€â”€â”€â”€â”€â”€â”€â”€â”€â”€â”€â”€â”€â”€â”€â”€â”€â”€â”€â”€â”€â”€â”€â”€
  ✅ t_a_failed_nudge_does_not_bury_the_backlog
  ✅ t_a_record_recent_unseen_seen
  ✅ t_b_web_research_fallback_topics_always_learn
  ✅ t_c_web_research_records_discovery
  ✅ t_d_home_shows_learning_and_view
  ✅ t_delta_flag_off_keeps_todays_behaviour
  ✅ t_e_discovery_nudge_only_on_new_and_gated
  ✅ t_f_discovery_nudge_respects_killswitch
  ✅ t_nudge_marker_is_separate_from_the_seen_marker

✅ test_discoveries: 9/9

â”€â”€ test_events.py â”€â”€â”€â”€â”€â”€â”€â”€â”€â”€â”€â”€â”€â”€â”€â”€â”€â”€â”€â”€â”€â”€â”€â”€â”€â”€â”€â”€â”€â”€â”€â”€â”€â”€â”€â”€â”€â”€â”€â”€â”€â”€â”€â”€â”€â”€
  ✅ t_a_emit_schema_complete
  ✅ t_b_summary_window_counts
  ✅ t_c_now_last_attention
  ✅ t_d_dashboard_state_shape
  ✅ t_e_ops_state_server_reads_events
  ✅ t_f_ops_page_has_no_charts_and_is_compact

✅ test_events: 6/6

â”€â”€ test_part_loops.py â”€â”€â”€â”€â”€â”€â”€â”€â”€â”€â”€â”€â”€â”€â”€â”€â”€â”€â”€â”€â”€â”€â”€â”€â”€â”€â”€â”€â”€â”€â”€â”€â”€â”€â”€â”€â”€â”€â”€â”€â”€â”€
  ✅ t_a_run_all_every_part_reports
  ✅ t_b_learn_triggers_proposal
  ✅ t_c_proposals_are_propose_only_shape
  ✅ t_d_one_bad_part_does_not_kill_loop
  ✅ t_e_improve_consumes_part_proposals
  ✅ t_f_ops_dashboard_shows_parts

✅ test_part_loops: 6/6

â”€â”€ test_auto_approve.py â”€â”€â”€â”€â”€â”€â”€â”€â”€â”€â”€â”€â”€â”€â”€â”€â”€â”€â”€â”€â”€â”€â”€â”€â”€â”€â”€â”€â”€â”€â”€â”€â”€â”€â”€â”€â”€â”€â”€â”€
  ✅ t_a_classify_high_risk_never_auto
  ✅ t_b_high_risk_escalates_even_with_permission
  ✅ t_c_no_permission_no_apply
  ✅ t_d_self_test_gates_apply
  ✅ t_e_full_green_gate_applies_knob_bounded_and_reversible
  ✅ t_f_only_one_apply_per_run_refractory
  ✅ t_g_persisted_knobs_restored_within_bounds
  ✅ t_h_arm_gate_default_off_is_byte_identical
  ✅ t_i_arm_gate_sensitive_default_denies_without_a_fresh_token
  ✅ t_j_arm_gate_sensitive_default_allows_with_a_fresh_two_key_token
  ✅ t_k_arm_gate_only_narrows_never_widens
  ✅ t_l_arm_gate_allow_does_not_spam_an_alert

✅ test_auto_approve: 12/12

â”€â”€ test_autonomy_matrix.py â”€â”€â”€â”€â”€â”€â”€â”€â”€â”€â”€â”€â”€â”€â”€â”€â”€â”€â”€â”€â”€â”€â”€â”€â”€â”€â”€â”€â”€â”€â”€â”€â”€â”€â”€â”€â”€
ok t_a_important_never_freed
ok t_b_benign_not_important
ok t_c_flag_off_regression_escalate
ok t_d_flag_on_self_approve_and_logged
ok t_e_flag_on_misaligned_defers_not_asks
ok t_f_important_keyword_in_action_field
PASS test_autonomy_matrix (6 tests)

â”€â”€ test_business_brain.py â”€â”€â”€â”€â”€â”€â”€â”€â”€â”€â”€â”€â”€â”€â”€â”€â”€â”€â”€â”€â”€â”€â”€â”€â”€â”€â”€â”€â”€â”€â”€â”€â”€â”€â”€â”€â”€â”€
  ✅ t_a_two_businesses_report
  ✅ t_b_lead_reads_real_revenue_and_proposes
  ✅ t_c_projectf_is_content_free
  ✅ t_d_projectf_pause_surfaces_content_free
  ✅ t_e_business_never_auto
  ✅ t_f_improve_and_dashboard_consume_business

✅ test_business_brain: 6/6

â”€â”€ test_vault_updater.py â”€â”€â”€â”€â”€â”€â”€â”€â”€â”€â”€â”€â”€â”€â”€â”€â”€â”€â”€â”€â”€â”€â”€â”€â”€â”€â”€â”€â”€â”€â”€â”€â”€â”€â”€â”€â”€â”€â”€
  ✅ t_a_ring_map_correct
  ✅ t_b_ring0_never_written_hold
  ✅ t_c_ring1_gate_never_auto
  ✅ t_d_ring4_low_auto
  ✅ t_e_domain_low_in_envelope_auto_else_gate
  ✅ t_f_projectf_always_hold
  ✅ t_g_pii_and_secret_hold_critical
  ✅ t_h_no_provenance_holds
  ✅ t_i_dedup_merges_not_creates
  ✅ t_j_never_writes_disk
  ✅ t_k_gate_rejects_unsafe_proposals
  ✅ t_l_idempotent_same_input_same_hash

✅ test_vault_updater: 12/12

â”€â”€ test_vault_updater_apply.py â”€â”€â”€â”€â”€â”€â”€â”€â”€â”€â”€â”€â”€â”€â”€â”€â”€â”€â”€â”€â”€â”€â”€â”€â”€â”€â”€â”€â”€â”€â”€â”€â”€
  ✅ t_a_off_by_default_refuses
  ✅ t_b_auto_inbox_write_and_idempotent
  ✅ t_c_gate_hold_never_applied
  ✅ t_d_ring01_and_projectf_double_blocked
  ✅ t_e_traversal_and_nonmd_blocked
  ✅ t_f_killswitch_first
  ✅ t_g_domain_create_without_match_refused
  ✅ t_h_arm_gate_default_off_is_byte_identical
  ✅ t_i_arm_gate_sensitive_default_denies_without_a_fresh_token
  ✅ t_j_arm_gate_sensitive_default_allows_with_a_fresh_two_key_token
  ✅ t_k_arm_gate_does_not_block_the_idempotent_noop

✅ test_vault_updater_apply: 11/11

â”€â”€ test_goal_directed.py â”€â”€â”€â”€â”€â”€â”€â”€â”€â”€â”€â”€â”€â”€â”€â”€â”€â”€â”€â”€â”€â”€â”€â”€â”€â”€â”€â”€â”€â”€â”€â”€â”€â”€â”€â”€â”€â”€â”€
  ✅ t_a_circular_detected_business_not
  ✅ t_b_impact_business_highest_circular_lowest
  ✅ t_c_rerank_puts_goal_serving_first_drops_circular
  ✅ t_d_record_and_measure_closes_loop
  ✅ t_e_improve_run_is_goal_directed
  ✅ t_f_measure_sees_proposal_router_metrics

✅ test_goal_directed: 6/6

â”€â”€ test_stress.py â”€â”€â”€â”€â”€â”€â”€â”€â”€â”€â”€â”€â”€â”€â”€â”€â”€â”€â”€â”€â”€â”€â”€â”€â”€â”€â”€â”€â”€â”€â”€â”€â”€â”€â”€â”€â”€â”€â”€â”€â”€â”€â”€â”€â”€â”€
  ✅ t_a_money_stress_rises_toward_cap
  ✅ t_a_typical_active_day_lands_near_the_middle
  ✅ t_alert_stress_can_actually_come_down
  ✅ t_alert_stress_measures_now_not_all_of_history
  ✅ t_b_heart_sigma_stress_and_cancer_axis
  ✅ t_c_assess_organism_stress_is_max
  ✅ t_calibrated_never_saturates
  ✅ t_d_calm_when_all_good
  ✅ t_e_fear_pauses_auto_modification
  ✅ t_f_homeostasis_recovers
  ✅ t_fear_becomes_reachable_but_stays_exceptional
  ✅ t_flag_off_keeps_the_old_formula_exactly
  ✅ t_g_persist_emits_event_on_new_fear
  ✅ t_the_half_point_comes_from_data_not_a_guess
  ✅ t_zero_alerts_is_zero_in_both_modes

✅ test_stress: 15/15

â”€â”€ test_innervation.py â”€â”€â”€â”€â”€â”€â”€â”€â”€â”€â”€â”€â”€â”€â”€â”€â”€â”€â”€â”€â”€â”€â”€â”€â”€â”€â”€â”€â”€â”€â”€â”€â”€â”€â”€â”€â”€â”€â”€â”€â”€
  ✅ t_a_fresh_organ_connected
  ✅ t_b_stale_organ_is_dead_spot
  ✅ t_c_unborn_not_counted_as_dead
  ✅ t_d_heart_period_is_master_rhythm
  ✅ t_e_coverage_and_persist_event_on_new_dead
  ✅ t_f_setpoint_early_seed_fix1

✅ test_innervation: 6/6

â”€â”€ test_ignition.py â”€â”€â”€â”€â”€â”€â”€â”€â”€â”€â”€â”€â”€â”€â”€â”€â”€â”€â”€â”€â”€â”€â”€â”€â”€â”€â”€â”€â”€â”€â”€â”€â”€â”€â”€â”€â”€â”€â”€â”€â”€â”€â”€â”€
  ✅ t_a_winner_take_all
  ✅ t_b_ignition_threshold_quiet_cycle
  ✅ t_c_reentry_boosts_prev_winner
  ✅ t_d_reentry_decays_not_locked
  ✅ t_e_reentry_capped
  ✅ t_f_metrics_rate_and_stability
  ✅ t_g_persist_flag_gated_noop
  ✅ t_h_persist_on_writes_and_broadcasts
  ✅ t_i_content_free
  ✅ t_j_real_candidates_full_workspace

✅ test_ignition: 10/10

â”€â”€ test_standards_s.py â”€â”€â”€â”€â”€â”€â”€â”€â”€â”€â”€â”€â”€â”€â”€â”€â”€â”€â”€â”€â”€â”€â”€â”€â”€â”€â”€â”€â”€â”€â”€â”€â”€â”€â”€â”€â”€â”€â”€â”€â”€
  ✅ t_epi_access_only_guard_blocks_phenomenal
  ✅ t_epi_label_invalid_raises
  ✅ t_epi_label_valid_and_backward_compatible
  ✅ t_precision_off_is_byte_identical
  ✅ t_precision_on_regular_signal_unchanged
  ✅ t_precision_on_shrinks_gain_only
  ✅ t_precision_weight_defaults_and_bounds

✅ test_standards_s: 7/7

â”€â”€ test_replay_s.py â”€â”€â”€â”€â”€â”€â”€â”€â”€â”€â”€â”€â”€â”€â”€â”€â”€â”€â”€â”€â”€â”€â”€â”€â”€â”€â”€â”€â”€â”€â”€â”€â”€â”€â”€â”€â”€â”€â”€â”€â”€â”€â”€â”€
  ✅ t_guard_allows_disclaimers_and_negations
  ✅ t_guard_ambiguous_is_needs_review_not_silent_pass
  ✅ t_guard_blocks_positive_claims
  ✅ t_guard_lexicon_superset_and_live_guard_untouched
  ✅ t_pi_fallbacks_are_neutral_and_reason_coded
  ✅ t_pi_hard_constraints_on_all_edges
  ✅ t_pi_qualitative_relation
  ✅ t_reason_codes_map_correctly
  ✅ t_replay_counterfactual_off_path_is_todays_path
  ✅ t_replay_full_synthetic_report_gates
  ✅ t_replay_guard_counterfactual_changes_winner
  ✅ t_replay_ignition_owner_attention_boost_not_override
  ✅ t_replay_writes_only_injected_out_dir

✅ test_replay_s: 13/13

â”€â”€ test_softwta_shadow.py â”€â”€â”€â”€â”€â”€â”€â”€â”€â”€â”€â”€â”€â”€â”€â”€â”€â”€â”€â”€â”€â”€â”€â”€â”€â”€â”€â”€â”€â”€â”€â”€â”€â”€â”€â”€â”€â”€
  ✅ t_current_logic_untouched
  ✅ t_entropy_bounds_and_temperature_sharpens
  ✅ t_fire_gate_floor_and_margin
  ✅ t_guard_blocks_violator_from_shadow_competition
  ✅ t_hype_never_beats_fact_at_equal_salience
  ✅ t_live_flag_never_affects_behavior
  ✅ t_owner_attention_boost_not_override
  ✅ t_shadow_off_is_total_noop
  ✅ t_shadow_on_writes_only_injected_path
  ✅ t_softmax_valid_and_stable

✅ test_softwta_shadow: 10/10

â”€â”€ test_registry_scan.py â”€â”€â”€â”€â”€â”€â”€â”€â”€â”€â”€â”€â”€â”€â”€â”€â”€â”€â”€â”€â”€â”€â”€â”€â”€â”€â”€â”€â”€â”€â”€â”€â”€â”€â”€â”€â”€â”€â”€
  ✅ t_agent_risk_lifted
  ✅ t_agents_discovered_registries_skipped
  ✅ t_content_free_containment_zero_echo
  ✅ t_counts_and_schema
  ✅ t_critical_counts_as_known
  ✅ t_critical_recognized_not_unknown
  ✅ t_discovery_unknown_defaults
  ✅ t_fail_soft_missing_dirs
  ✅ t_frontmatter_lift_and_r3_cap
  ✅ t_manifest_overrides_scan
  ✅ t_read_only_and_injected_out_only

✅ test_registry_scan: 11/11

â”€â”€ test_phase1_envelope.py â”€â”€â”€â”€â”€â”€â”€â”€â”€â”€â”€â”€â”€â”€â”€â”€â”€â”€â”€â”€â”€â”€â”€â”€â”€â”€â”€â”€â”€â”€â”€â”€â”€â”€â”€â”€â”€
  ✅ t_a_optional_fields_backcompat
  ✅ t_b_enrich_from_registry_failsoft
  ✅ t_c_incident_names_registered
  ✅ t_d_incident_open_contain_flow
  ✅ t_e_incident_scrub_containment
  ✅ t_f_heartstate_build_failsoft_and_shadow_default
  ✅ t_g_heartstate_flag_gated_write
  ✅ t_h_heartstate_real_shadow_extraction
  ✅ t_i_heartstate_enabled_rejects_falsy_strings

✅ test_phase1_envelope: 9/9

â”€â”€ test_route_scorer.py â”€â”€â”€â”€â”€â”€â”€â”€â”€â”€â”€â”€â”€â”€â”€â”€â”€â”€â”€â”€â”€â”€â”€â”€â”€â”€â”€â”€â”€â”€â”€â”€â”€â”€â”€â”€â”€â”€â”€â”€
  ✅ t_a_shallow_routes_local
  ✅ t_b_deep_routes_primary
  ✅ t_c_sensitive_prefers_local_with_redact_note
  ✅ t_d_medium_routes_secondary
  ✅ t_e_record_has_required_keys
  ✅ t_f_no_disk_write_without_flag
  ✅ t_g_flag_on_persists_record
  ✅ t_h_fail_soft_never_crashes
  ✅ t_i_string_false_is_not_coerced_to_true
  ✅ t_j_coercion_fix_is_generic_across_all_keys
  ✅ t_k_persistence_gate_parses_falsy_strings_as_off

✅ test_route_scorer: 11/11

â”€â”€ test_calibration_probe.py â”€â”€â”€â”€â”€â”€â”€â”€â”€â”€â”€â”€â”€â”€â”€â”€â”€â”€â”€â”€â”€â”€â”€â”€â”€â”€â”€â”€â”€â”€â”€â”€â”€â”€â”€
  ✅ t_a_brier_on_known_data
  ✅ t_b_aurc_proxy_on_known_data
  ✅ t_c_abstain_threshold_set
  ✅ t_d_unpaired_claim_is_not_graded
  ✅ t_e_truth_only_from_external_ledger_never_self
  ✅ t_f_empty_and_missing_ledgers_give_n_zero
  ✅ t_g_no_write_without_flag
  ✅ t_h_writes_record_only_with_flag
  ✅ t_i_all_correct_and_all_wrong_edges
  ✅ t_j_recency_window_filters_old_claims

✅ PASS test_calibration_probe: 10/10

â”€â”€ test_consolidate.py â”€â”€â”€â”€â”€â”€â”€â”€â”€â”€â”€â”€â”€â”€â”€â”€â”€â”€â”€â”€â”€â”€â”€â”€â”€â”€â”€â”€â”€â”€â”€â”€â”€â”€â”€â”€â”€â”€â”€â”€â”€
  ✅ t_a_no_op_without_flag_zero_writes
  ✅ t_b_consolidates_when_flag_on
  ✅ t_c_archive_preserves_originals_nothing_deleted
  ✅ t_d_bounded_output
  ✅ t_e_salience_ordering_sane
  ✅ t_f_idempotent_rerun
  ✅ t_g_fail_soft_on_garbage_lines
  ✅ t_h_containment_scrub_in_semantic

✅ test_consolidate: 8/8

â”€â”€ test_execution_board.py â”€â”€â”€â”€â”€â”€â”€â”€â”€â”€â”€â”€â”€â”€â”€â”€â”€â”€â”€â”€â”€â”€â”€â”€â”€â”€â”€â”€â”€â”€â”€â”€â”€â”€â”€â”€â”€
  ✅ t_a_empty_state_all_lanes_empty
  ✅ t_b_lane_bucketing
  ✅ t_c_blocked_with_required_goes_to_awaiting
  ✅ t_d_cap_enforced_per_lane
  ✅ t_e_queued_from_due_templates
  ✅ t_f_containment_scrub
  ✅ t_g_fail_soft_on_broken_events
  ✅ t_h_no_writes_side_effects
  ✅ t_i_counts_total_matches_lanes

✅ test_execution_board: 9/9

â”€â”€ test_depth_guard.py â”€â”€â”€â”€â”€â”€â”€â”€â”€â”€â”€â”€â”€â”€â”€â”€â”€â”€â”€â”€â”€â”€â”€â”€â”€â”€â”€â”€â”€â”€â”€â”€â”€â”€â”€â”€â”€â”€â”€â”€â”€
  ✅ t_a_depth_2_ok
  ✅ t_b_depth_3_violation
  ✅ t_c_warn_depth_violation_one_alert
  ✅ t_d_write_without_event_violation
  ✅ t_e_both_violations_two_alerts
  ✅ t_f_clean_case_no_violations_no_alert
  ✅ t_g_alert_is_fail_soft
  ✅ t_h_fail_soft_bad_input
  ✅ t_i_containment_scrub_in_alert

✅ test_depth_guard: 9/9

â”€â”€ test_guidance_box.py â”€â”€â”€â”€â”€â”€â”€â”€â”€â”€â”€â”€â”€â”€â”€â”€â”€â”€â”€â”€â”€â”€â”€â”€â”€â”€â”€â”€â”€â”€â”€â”€â”€â”€â”€â”€â”€â”€â”€â”€
  ✅ t_a_empty_state_n_zero
  ✅ t_b_high_leverage_surface_and_ranked
  ✅ t_c_cap_enforced_at_five
  ✅ t_d_dedupe_identical
  ✅ t_e_containment_scrub
  ✅ t_f_pure_read_no_writes
  ✅ t_g_stale_events_fade
  ✅ t_h_structural_read_only

✅ test_guidance_box: 8/8

â”€â”€ test_approval_actuator.py â”€â”€â”€â”€â”€â”€â”€â”€â”€â”€â”€â”€â”€â”€â”€â”€â”€â”€â”€â”€â”€â”€â”€â”€â”€â”€â”€â”€â”€â”€â”€â”€â”€â”€â”€
  ✅ t_a_unhandled_ok_acknowledged_not_silent
  ✅ t_b_registered_handler_actuates
  ✅ t_c_no_and_later_not_actuated
  ✅ t_d_ancient_skipped
  ✅ t_e_dry_run_no_write_no_call
  ✅ t_f_no_money_no_external

✅ test_approval_actuator: 6/6

â”€â”€ test_tg_api.py â”€â”€â”€â”€â”€â”€â”€â”€â”€â”€â”€â”€â”€â”€â”€â”€â”€â”€â”€â”€â”€â”€â”€â”€â”€â”€â”€â”€â”€â”€â”€â”€â”€â”€â”€â”€â”€â”€â”€â”€â”€â”€â”€â”€â”€â”€
  ✅ t_a_unwired_no_token_all_noop_zero_network
  ✅ t_b_unwired_token_but_no_chat_id
  ✅ t_c2_send_to_dm_never_sets_message_thread_id
  ✅ t_c_send_builds_correct_payload
  ✅ t_d_send_pin_and_explicit_chat
  ✅ t_e2_delete_payload_and_failsoft
  ✅ t_e_edit_and_pin_payloads
  ✅ t_f_create_topic
  ✅ t_g_set_commands
  ✅ t_h_poll_updates_offset_math
  ✅ t_i_answer_callback
  ✅ t_j_is_owner_allowlist
  ✅ t_k_failsoft_transport_errors
  ✅ t_l_containment_scrub_outgoing
  ✅ t_m_token_never_echoed
  ✅ t_n_default_transport_blocks_foreign_host
  ✅ t_o_empty_text_is_noop
  ✅ t_p1_get_file_returns_path_and_never_sends_a_receipt
  ✅ t_p2_get_file_guards_size_cap_and_bad_shapes
  ✅ t_p3_download_writes_atomically_to_the_file_endpoint
  ✅ t_p4_download_rejects_traversal_absolute_and_oversized_blobs
  ✅ t_p5_download_is_failsoft_and_429_aware
  ✅ t_p6_empty_body_is_a_failure_not_an_empty_file
  ✅ t_p7_fetch_file_composes_both_steps_and_unwired_is_zero_network
  ✅ t_p8_default_file_transport_blocks_foreign_hosts_and_caps_bytes
  ✅ t_p9_token_never_appears_in_any_alert_from_the_file_path
  ✅ t_y2_long_retry_after_is_not_capped_or_retried_early
  ✅ t_y3_429_then_second_429_is_failsoft_no_storm
  ✅ t_y4_non_429_failure_still_single_attempt
  ✅ t_y5_poll_updates_429_sleeps_before_returning_empty
  ✅ t_y_429_retry_after_respected_then_succeeds
  ✅ t_z_edit_not_modified_is_success_no_alert
  ✅ t_za_token_source_tracked
  ✅ t_zz_diagnostics_no_token_leak

✅ test_tg_api: 34/34

â”€â”€ test_tg_actions.py â”€â”€â”€â”€â”€â”€â”€â”€â”€â”€â”€â”€â”€â”€â”€â”€â”€â”€â”€â”€â”€â”€â”€â”€â”€â”€â”€â”€â”€â”€â”€â”€â”€â”€â”€â”€â”€â”€â”€â”€â”€â”€
  ✅ t_a_registry_not_empty
  ✅ t_b_static_callbacks_match_contract
  ✅ t_c_parametric_callbacks_substitute_leg_and_id
  ✅ t_d_extra_params_ignored_safely
  ✅ t_e_risk_classification
  ✅ t_f_double_confirm_gating
  ✅ t_g_safe_direct_actions
  ✅ t_h_unknown_action_fail_soft
  ✅ t_i_verbs_align_with_dispatch
  ✅ t_j_leg_actions_use_only_known_legs_in_template

✅ test_tg_actions: 10/10

â”€â”€ test_tg_render.py â”€â”€â”€â”€â”€â”€â”€â”€â”€â”€â”€â”€â”€â”€â”€â”€â”€â”€â”€â”€â”€â”€â”€â”€â”€â”€â”€â”€â”€â”€â”€â”€â”€â”€â”€â”€â”€â”€â”€â”€â”€â”€â”€
  ✅ t_a_status_five_lines_with_lane_counts
  ✅ t_b_status_overall_traffic_light
  ✅ t_c_status_empty_or_broken_feeds_safe
  ✅ t_d_leg_digest_three_lines_max
  ✅ t_e_studio_pf_default_display_name
  ✅ t_f_legs_nine_ordered_keys
  ✅ t_g_decision_keyboard_callback_format
  ✅ t_h_decision_id_stable_hash_without_id
  ✅ t_i_money_card_no_fake_approve
  ✅ t_i_scrub_redacts_banned_lines_only
  ✅ t_j_no_banned_string_in_any_rendered_output
  ✅ t_k_collect_feeds_empty_state_all_keys
  ✅ t_l_visual_branding_icons_divider
  ✅ t_m_menu_is_context_aware_and_action_first
  ✅ t_n_map_page_has_action_buttons
  ✅ t_o_approvals_queue_shows_pending_with_buttons

✅ test_tg_render: 16/16

â”€â”€ test_tg_center.py â”€â”€â”€â”€â”€â”€â”€â”€â”€â”€â”€â”€â”€â”€â”€â”€â”€â”€â”€â”€â”€â”€â”€â”€â”€â”€â”€â”€â”€â”€â”€â”€â”€â”€â”€â”€â”€â”€â”€â”€â”€â”€â”€
  ✅ t_a_double_ensure_setup_idempotent
  💥 t_b_beat_edits_status_never_resends: FileNotFoundError: [Errno 2] No such file or directory: 'C:\\Users\\Armin\\AppData\\Local\\Temp\\organism-tg-center-29wt4wdb\\_ops\\state\\telegram\\center-config.json'
  ✅ t_c10_save_config_retries_transient_locks_and_is_loud_when_permanent
  ✅ t_c2_leg_cards_walk_every_leg_and_the_cursor_survives_on_disk
  💥 t_c3_a_bogus_message_id_is_never_trusted_forever: FileNotFoundError: [Errno 2] No such file or directory: 'C:\\Users\\Armin\\AppData\\Local\\Temp\\organism-tg-center-29wt4wdb\\_ops\\state\\telegram\\center-config.json'
  ✅ t_c4_an_unknown_callback_bridges_to_the_organism_router
  ❌ t_c5_the_home_message_is_edited_not_resent_and_dm_guide_is_pinned: خانه ساخته نشد
  ✅ t_c6_a_watchdog_revival_is_reported_to_the_owner_once
  💥 t_c7_unpausable_leg_cards_carry_no_pause_resume_buttons: IndexError: list index out of range
  ✅ t_c8_menu_and_start_are_never_swallowed_by_the_owner_console
  ✅ t_c9_home_taps_edit_the_same_message_instead_of_sending_new_ones
  ❌ t_c_digest_cadence_respects_injected_clock: 
  ✅ t_center_has_a_real_singleton_lock
  ✅ t_center_pulses_every_loop_iteration
  ✅ t_d_decisions_posted_once_with_keyboard_dedupe_seen
  ✅ t_e_callback_from_non_owner_ignored
  ✅ t_f_ok_callback_records_file_mints_token_and_answers
  ❌ t_flag_off_never_sets_inner_commands: 
  ✅ t_g_ok_without_secret_records_without_token_no_crash
  ✅ t_h_now_command_sends_status
  ✅ t_i_run_once_dispatches_and_advances_offset
  ✅ t_inner_client_built_from_telegram_bot_token
  ✅ t_inner_missing_when_telegram_bot_token_absent
  ✅ t_j_stop_file_halts_run_loop
  ✅ t_k_zero_effect_when_not_wired
  ✅ t_l_missing_client_module_is_safe_noop
  ✅ t_m_free_text_status_routes_to_live_page_with_keyboard
  ✅ t_n_free_text_pause_builds_action_button_not_direct_execute
  ✅ t_o_free_text_scan_routes_to_map_page
  ✅ t_p_menu_has_map_and_approvals_buttons
  ✅ t_q_nonowner_map_and_ap_silenced
  ✅ t_r_map_start_runs_scan_and_writes_manifest_e2e
  ✅ t_s2_ap_ok_deletes_the_card_instead_of_editing_e2e
  ✅ t_s3_ap_ok_falls_back_to_edit_when_delete_fails_e2e
  ✅ t_s4_ap_not_found_still_edits_never_deletes
  ✅ t_s_ap_ok_approves_job_and_writes_legacy_verdict_e2e
  ❌ t_set_my_commands_single_writer_even_under_split: 
  ✅ t_start_deep_link_routes_to_approvals_queue
  ✅ t_t_ap_detail_shows_content_free_card_e2e
  ✅ t_u_free_text_code_request_creates_mission_not_unknown
  ✅ t_v_mission_callback_approve_updates_state_e2e
  ✅ t_w_mission_test_flag_off_is_request_only
  ✅ t_x_mission_test_flag_on_invokes_runner

❌ test_tg_center: 36/43
   â†» Ø§Ø¬Ø±Ø§ÛŒ Ø¯ÙˆÙ…: Ù‚Ø±Ù…Ø²Ù-Ù¾Ø§ÛŒØ¯Ø§Ø± â†’ tests/_flaky/test_tg_center.py.txt

â”€â”€ test_tg_power.py â”€â”€â”€â”€â”€â”€â”€â”€â”€â”€â”€â”€â”€â”€â”€â”€â”€â”€â”€â”€â”€â”€â”€â”€â”€â”€â”€â”€â”€â”€â”€â”€â”€â”€â”€â”€â”€â”€â”€â”€â”€â”€â”€â”€
  ✅ t_a_menu_command_sends_keyboard
  ✅ t_b_nonowner_total_silence
  ✅ t_c_pause_resume_leg_runtime
  ✅ t_d_studio_pf_maps_to_existing_flag
  ✅ t_e_wiring_beats_skip_paused
  ✅ t_f_power_off_locks_risky_frees_emergency
  ✅ t_g_two_tap_restart_executes
  ✅ t_h_confirm_without_arm_or_stale_refused
  ✅ t_i_flag_whitelist_and_file_write
  ✅ t_j_apply_budget_surgical_and_validated
  ✅ t_k_audit_trail_written
  ✅ t_l_menu_navigation_edits_in_place

✅ test_tg_power: 12/12

â”€â”€ test_tg_guide.py â”€â”€â”€â”€â”€â”€â”€â”€â”€â”€â”€â”€â”€â”€â”€â”€â”€â”€â”€â”€â”€â”€â”€â”€â”€â”€â”€â”€â”€â”€â”€â”€â”€â”€â”€â”€â”€â”€â”€â”€â”€â”€â”€â”€
  ✅ t_a_changed_guide_is_edited_never_resent
  ✅ t_every_claim_in_the_guide_is_true_in_the_code
  ✅ t_the_guide_carries_no_secret
  ❌ t_the_guide_is_pinned_in_the_group_once_not_on_every_restart: FileNotFoundError: [Errno 2] No such file or directory: 'C:\\Users\\Armin\\AppData\\Local\\Temp\\organism-tg-guide-d9q83nsl\\_ops\\state\\telegram\\center-config.json'
  ✅ t_w2_dm_promises_capture_reminder_brief_vault_and_menu_are_real
  ✅ t_w2_group_promises_natural_commands_the_classifier_really_knows
  ✅ t_w3_dm_promises_voice_and_self_questions_are_real

❌ test_tg_guide: 6/7
   â†» Ø§Ø¬Ø±Ø§ÛŒ Ø¯ÙˆÙ…: Ù‚Ø±Ù…Ø²Ù-Ù¾Ø§ÛŒØ¯Ø§Ø± â†’ tests/_flaky/test_tg_guide.py.txt

â”€â”€ test_tg_mission.py â”€â”€â”€â”€â”€â”€â”€â”€â”€â”€â”€â”€â”€â”€â”€â”€â”€â”€â”€â”€â”€â”€â”€â”€â”€â”€â”€â”€â”€â”€â”€â”€â”€â”€â”€â”€â”€â”€â”€â”€â”€â”€
  ✅ t_a_action_graph_known_actions_have_safety_contract
  ✅ t_b_action_graph_unknown_fails_closed
  ✅ t_c_action_graph_intent_mapping_and_autonomy_level
  ✅ t_d_create_self_coding_mission_has_required_pipeline
  ✅ t_e_create_evolution_mission_has_tournament_actions
  ✅ t_f_preference_mission_is_low_readish_and_no_apply
  ✅ t_g_lifecycle_records_tests_reviews_owner_and_fitness
  ✅ t_h_failed_test_lowers_fitness
  ✅ t_i_list_get_and_cockpit_summary
  ✅ t_j_mission_card_for_list_and_detail
  ✅ t_k_containment_redacts_banned_intent
  ✅ t_l_invalid_state_and_missing_id_fail_soft
  ✅ t_m_apply_after_green_tests_becomes_code_apply_request

✅ test_tg_mission: 13/13

â”€â”€ test_tg_mission_runner.py â”€â”€â”€â”€â”€â”€â”€â”€â”€â”€â”€â”€â”€â”€â”€â”€â”€â”€â”€â”€â”€â”€â”€â”€â”€â”€â”€â”€â”€â”€â”€â”€â”€â”€â”€
  ✅ t_a_allowlist_is_read_low_only
  ✅ t_b_verification_mission_runs_and_records_green
  ✅ t_c_red_test_marks_failed_and_no_apply
  ✅ t_d_owner_gated_actions_are_skipped_never_run
  ✅ t_e_artifacts_written_and_run_json_valid
  ✅ t_f_epistemic_check_detects_missing_artifact
  ✅ t_g_epistemic_check_flags_containment_leak
  ✅ t_h_duplicate_running_refused
  ✅ t_i_worktree_unavailable_is_fail_soft
  ✅ t_j_missing_mission_and_bad_state_refused
  ✅ t_k_dry_run_executes_nothing
  ✅ t_l_runnable_missions_filters_by_state_and_allowlist

✅ test_tg_mission_runner: 12/12

â”€â”€ test_code_autonomy.py â”€â”€â”€â”€â”€â”€â”€â”€â”€â”€â”€â”€â”€â”€â”€â”€â”€â”€â”€â”€â”€â”€â”€â”€â”€â”€â”€â”€â”€â”€â”€â”€â”€â”€â”€â”€â”€â”€â”€
  ✅ t_a_heart_mood_fail_soft_shape
  ✅ t_a_stale_approval_never_applies
  ✅ t_a_timeout_after_the_commit_reverts_the_commit_not_just_the_file
  ✅ t_applying_a_patch_never_flips_the_targets_line_endings
  ✅ t_b_edge_of_chaos_band
  ✅ t_c_allowlist_and_denylist
  ✅ t_d_shadow_test_injected_runner
  ✅ t_e_tick_heart_freeze_blocks_everything
  ✅ t_f_tick_act_green_proposes
  ✅ t_g_flag_off_writes_nothing
  ✅ t_h_never_touches_live_tree_guarantee
PASS - gate: not-activated blocks
PASS - gate: heart-freeze blocks
PASS - gate: no-owner-approval blocks
PASS - gate: deny target blocks
PASS - gate: shadow-not-green blocks
PASS - all gates pass -> applied once
PASS - gate: refractory blocks 2nd
  ✅ t_i_actuator_seven_gates
PASS - canary red -> auto-freeze (KILL created)
PASS - after freeze active() is False
  ✅ t_j_canary_red_auto_freezes
PASS - consume applies approved code patch
PASS - unapproved patch is skipped
  ✅ t_k_consume_approvals_applies_approved
PASS - propose stores pending + returns code-id
PASS - pending patch file written
  ✅ t_l_propose_to_owner_stores_pending_fail_soft
  ✅ t_m_real_sigma_fuse_fires
PASS - هیچ اعتبارنامه‌ای به سوییتِ سایه نشت نمی‌کند
PASS - مسیرها به worktree پین‌اند
PASS - OPS_DIR/BUDGET_STATE پاک شده‌اند
PASS - سوییت می‌داند در سایه است
PASS - PATH حفظ شده (سوییت باید بدود)
  ✅ t_n_shadow_env_cannot_spend_money
PASS - مبنا و کاندید هر دو دویدند
PASS - قرمزِ محیطی سبز را نمی‌کشد
PASS - قرمزهای مبنا گزارش می‌شوند
PASS - هیچ شکستِ تازه‌ای نیست
  ✅ t_o_green_is_measured_against_a_baseline_not_absolute
PASS - شکستِ تازه سبز نمی‌شود
PASS - شکستِ تازه نام‌برده می‌شود
  ✅ t_p_a_patch_that_breaks_a_test_is_still_red
  ✅ t_the_age_cap_is_a_real_bound
  ✅ t_the_apply_gate_is_regression_not_absolute_green
  ✅ t_the_baseline_is_measured_before_the_patch_is_written
  ✅ t_the_canary_suite_shares_the_measured_timeout_not_a_hardcoded_600

✅ test_code_autonomy: 23/23

â”€â”€ test_doctor_link.py â”€â”€â”€â”€â”€â”€â”€â”€â”€â”€â”€â”€â”€â”€â”€â”€â”€â”€â”€â”€â”€â”€â”€â”€â”€â”€â”€â”€â”€â”€â”€â”€â”€â”€â”€â”€â”€â”€â”€â”€â”€
============================================================
doctor_link — پلِ outboxِ دکتر به مرکزِ تلگرام
============================================================
  ✅ ORG_ROOT به درختِ موقت pin شده — نه درختِ زنده
  ✅ فلگ خاموش ⇒ هیچ ارسالی
  ✅ دو کارتِ نو فرستاده شد  — {'sent': 2, 'skipped': 0}
  ✅ کارتِ رأی‌دار keyboard دارد و کارتِ قرمز ندارد
  ✅ cursor نوشته شد (restart-safe)
  ✅ beatِ بعدی بدونِ رکوردِ نو ⇒ صفر ارسال
  ✅ کارتِ هم‌کلید (mission:gate) دوباره فرستاده نمی‌شود
  ✅ سقفِ روزانه ⇒ skip، نه ارسال
  ✅ centerِ بی‌client ⇒ no-client، نه استثنا
  ✅ ok:intent:m-1 مالِ دکتر است
  ✅ no:diff:m-9 مالِ دکتر است
  ✅ ok:123 (کارتِ تصمیمِ مرکز) مالِ دکتر نیست
  ✅ later:intent:m-1 مالِ دکتر نیست
  ✅ ok:approve:x (gateِ ناشناخته) مالِ دکتر نیست
  ✅ رأیِ دکتر مصرف شد و toastِ موفق آمد
  ✅ شکستِ feeder ⇒ باز هم مصرف (fallback رأیِ بی‌ربط ثبت نکند) + toastِ خطا
  ✅ callbackِ غیرِ دکتر مصرف نمی‌شود
  ✅ فلگ خاموش ⇒ حتی رأیِ سه‌تکه هم مصرف نمی‌شود
  ✅ center با _route_send ⇒ کارت از روتر می‌رود (نه client.send مستقیم)  — {'sent': 1, 'skipped': 0} routed=[{'stream': 'doctor-intent', 'text': '🩺 کارتِ intent برای m-route', 'keyboard': [[{'text': '✅', 'callback_data': 'ok:intent:m-route'}, {'text': '❌', 'callback_data': 'no:intent:m-route'}]]}]
  ✅ کارتِ doctor از طریقِ روتر keyboard نگه می‌دارد

============================================================
نتیجه: 20 سبز · 0 قرمز
============================================================

â”€â”€ test_deep_think.py â”€â”€â”€â”€â”€â”€â”€â”€â”€â”€â”€â”€â”€â”€â”€â”€â”€â”€â”€â”€â”€â”€â”€â”€â”€â”€â”€â”€â”€â”€â”€â”€â”€â”€â”€â”€â”€â”€â”€â”€â”€â”€
  ✅ t_a_new_day_reopens_the_slots
  ✅ t_a_silent_downgrade_to_the_free_brain_produces_no_card
  ✅ t_an_exploding_brain_still_burns_the_slot
  ✅ t_an_exploding_channel_does_not_kill_the_session
  ✅ t_business_context_counts_files_but_never_opens_them
  ✅ t_business_context_survives_a_missing_directory
  ✅ t_context_never_leaks_a_secret_shaped_string
  ✅ t_every_hour_of_the_day_maps_to_a_valid_slot
  ✅ t_flag_off_writes_absolutely_nothing
  ✅ t_not_ok_response_produces_no_card
  ✅ t_same_slot_never_runs_twice
  ✅ t_short_or_empty_answer_produces_no_card
  ✅ t_slot_count_is_clamped_against_a_hostile_env
  ✅ t_the_brain_is_asked_on_the_expensive_tier_with_room_to_answer
  ✅ t_the_card_id_fits_the_64_byte_callback_budget
  ✅ t_the_downgrade_alert_tells_the_daily_cap_from_a_real_failure
  ✅ t_the_prompt_actually_carries_numbers_not_just_a_question
  ✅ t_topics_rotate_over_both_owner_goals

✅ test_deep_think: 18/18

â”€â”€ test_ask_brain.py â”€â”€â”€â”€â”€â”€â”€â”€â”€â”€â”€â”€â”€â”€â”€â”€â”€â”€â”€â”€â”€â”€â”€â”€â”€â”€â”€â”€â”€â”€â”€â”€â”€â”€â”€â”€â”€â”€â”€â”€â”€â”€â”€
  ✅ t_a_downgrade_to_the_free_brain_is_never_delivered
  ✅ t_a_paid_sibling_brain_is_accepted_and_named
  ✅ t_a_short_or_failed_answer_falls_back_to_todays_card
  ✅ t_a_very_long_question_is_truncated_not_refused
  ✅ t_an_empty_or_tiny_question_costs_nothing
  ✅ t_daily_cap_is_a_hard_ceiling
  ✅ t_flag_off_is_silent_and_free
  ✅ t_hostile_daily_env_is_clamped
  ✅ t_rapid_fire_is_rate_limited
  ✅ t_the_answer_text_is_kept_for_review
  ✅ t_the_call_is_pinned_to_primary_with_room
  ✅ t_the_card_is_short_and_marks_itself_as_talk
  ✅ t_the_prompt_carries_the_question_and_numbers_but_no_lead_content
  ✅ t_the_quota_burns_before_the_call
  ✅ t_this_organ_only_talks_it_never_acts

✅ test_ask_brain: 15/15

â”€â”€ test_mirror_room.py â”€â”€â”€â”€â”€â”€â”€â”€â”€â”€â”€â”€â”€â”€â”€â”€â”€â”€â”€â”€â”€â”€â”€â”€â”€â”€â”€â”€â”€â”€â”€â”€â”€â”€â”€â”€â”€â”€â”€â”€â”€
  ✅ t_a_correction_is_detected_and_persisted
  ✅ t_a_free_brain_answer_is_refused
  ✅ t_a_plain_question_is_not_mistaken_for_a_correction
  ✅ t_an_empty_correction_is_not_recorded
  ✅ t_corrections_are_append_only_never_overwritten
  ✅ t_corrections_reach_the_next_conversation
  ✅ t_flag_off_is_silent
  ✅ t_history_is_windowed_not_unbounded
  ✅ t_missing_self_knowledge_does_not_crash
  ✅ t_one_corrupt_history_line_does_not_blind_the_memory
  ✅ t_the_card_marks_a_recorded_correction
  ✅ t_the_context_is_self_knowledge_not_raw_state
  ✅ t_the_conversation_actually_remembers
  ✅ t_the_mirror_topic_has_no_periodic_digest
  ✅ t_the_quota_is_shared_with_ask_brain_not_doubled
  ✅ t_the_system_prompt_forbids_claiming_consciousness
  ✅ t_this_room_only_talks

✅ test_mirror_room: 17/17

â”€â”€ test_selfaware_wiring.py â”€â”€â”€â”€â”€â”€â”€â”€â”€â”€â”€â”€â”€â”€â”€â”€â”€â”€â”€â”€â”€â”€â”€â”€â”€â”€â”€â”€â”€â”€â”€â”€â”€â”€â”€â”€
  ✅ t_a_corrupt_correction_line_does_not_blind_the_rest
  ✅ t_a_corrupt_ledger_line_does_not_kill_recall
  ✅ t_a_deep_session_recalls_its_own_previous_sessions
  ✅ t_an_empty_ledger_leaves_the_prompt_untouched
  ✅ t_gap_report_falls_back_to_the_id_when_titles_are_absent
  ✅ t_gap_report_returns_titles_not_internal_ids
  ✅ t_no_corrections_file_is_not_an_error
  ✅ t_owner_corrections_reach_the_daily_diagnosis
  ✅ t_school_bridge_persists_titles
  ✅ t_the_awareness_vector_is_no_longer_none
  ✅ t_the_field_attribute_is_the_real_one
  ✅ t_web_text_is_escaped_before_html_send

✅ test_selfaware_wiring: 12/12

â”€â”€ test_negotiate.py â”€â”€â”€â”€â”€â”€â”€â”€â”€â”€â”€â”€â”€â”€â”€â”€â”€â”€â”€â”€â”€â”€â”€â”€â”€â”€â”€â”€â”€â”€â”€â”€â”€â”€â”€â”€â”€â”€â”€â”€â”€â”€â”€
  ✅ t_a_counter_also_lands_in_the_correction_ledger
  ✅ t_a_counter_is_stored_and_shapes_the_revision
  ✅ t_a_free_brain_answer_is_refused
  ✅ t_a_malformed_answer_is_discarded_not_guessed
  ✅ t_accepting_an_offer_executes_absolutely_nothing
  ✅ t_an_answered_offer_cannot_be_answered_twice
  ✅ t_an_empty_counter_is_refused
  ✅ t_card_escapes_hostile_text
  ✅ t_flag_off_is_silent
  ✅ t_open_offers_are_capped_so_the_owner_is_not_flooded
  ✅ t_the_card_offers_three_answers_not_two
  ✅ t_the_offer_comes_from_its_own_agenda
  ✅ t_unknown_offer_and_bad_verdict_are_refused

✅ test_negotiate: 13/13

â”€â”€ test_bcm_feed_and_verdicts.py â”€â”€â”€â”€â”€â”€â”€â”€â”€â”€â”€â”€â”€â”€â”€â”€â”€â”€â”€â”€â”€â”€â”€â”€â”€â”€â”€â”€â”€â”€â”€
  ✅ t_a_fired_signal_reinforces_and_a_silent_one_decays
  ✅ t_a_missing_or_broken_queue_is_not_an_error
  ✅ t_a_shared_instance_would_actually_thrash
  ✅ t_bcm_never_invents_keys_so_the_vocabulary_is_the_only_source
  ✅ t_open_verdicts_reach_the_self_model
  ✅ t_the_bcm_vocabulary_covers_every_signal_the_source_can_emit
  ✅ t_the_feed_is_flag_gated_and_fail_soft
  ✅ t_the_queue_carries_no_content_only_ids_and_titles
  ✅ t_the_sample_is_bounded_so_the_prompt_does_not_explode
  ✅ t_the_signal_feed_never_shares_an_instance_with_the_latent_index
  ✅ t_two_vocabularies_on_separate_instances_do_not_erase_each_other

✅ test_bcm_feed_and_verdicts: 11/11

â”€â”€ test_vault_wires.py â”€â”€â”€â”€â”€â”€â”€â”€â”€â”€â”€â”€â”€â”€â”€â”€â”€â”€â”€â”€â”€â”€â”€â”€â”€â”€â”€â”€â”€â”€â”€â”€â”€â”€â”€â”€â”€â”€â”€â”€â”€
  ✅ t_a_missing_or_broken_queue_fails_open
  ✅ t_a_parked_domain_stops_being_demanded
  ✅ t_a_question_asked_today_is_still_reported
  ✅ t_an_old_unanswered_question_becomes_more_visible_not_less
  ✅ t_an_unparked_domain_is_still_demanded
  ✅ t_no_questions_file_is_silent_not_an_error
  ✅ t_no_secret_or_pii_shaped_string_reaches_the_digest
  ✅ t_park_detection_is_domain_scoped
  ✅ t_the_digest_never_grows_unbounded

✅ test_vault_wires: 9/9

â”€â”€ test_html_and_correction_safety.py â”€â”€â”€â”€â”€â”€â”€â”€â”€â”€â”€â”€â”€â”€â”€â”€â”€â”€â”€â”€â”€â”€â”€â”€â”€â”€
  ✅ t_an_empty_or_whitespace_message_is_never_a_correction
  ✅ t_ask_brain_card_escapes_model_output
  ✅ t_mirror_card_escapes_model_output
  ✅ t_no_card_surface_interpolates_raw_model_text
  ✅ t_ordinary_persian_sentences_are_not_recorded_as_corrections
  ✅ t_real_corrections_are_still_detected
  ✅ t_self_patch_card_escapes_defect_and_diff
  ✅ t_the_corrections_card_escapes_owner_text
  ✅ t_the_detector_uses_a_word_boundary_not_a_bare_substring
  ✅ t_the_know_card_escapes_the_self_model

✅ test_html_and_correction_safety: 10/10

â”€â”€ test_owner_answers_2026_07_27.py â”€â”€â”€â”€â”€â”€â”€â”€â”€â”€â”€â”€â”€â”€â”€â”€â”€â”€â”€â”€â”€â”€â”€â”€â”€â”€â”€â”€
  ✅ t_a_broken_probe_stays_silent_rather_than_claiming_expiry
  ✅ t_a_direct_reply_is_never_silenced
  ✅ t_a_quote_without_scope_or_size_asks_instead_of_guessing
  ✅ t_a_row_that_is_not_open_is_never_reported_expired
  ✅ t_a_window_crossing_midnight_still_works
  ✅ t_every_expired_row_carries_physical_evidence
  ✅ t_flag_off_returns_a_message_not_a_quote
  ✅ t_hostile_quiet_env_falls_back_to_the_owners_answer
  ✅ t_parse_understands_persian_digits_and_partial_input
  ✅ t_quiet_window_matches_the_owners_answer
  ✅ t_the_card_says_it_will_not_close_anything
  ✅ t_the_probe_never_rewrites_the_owners_file
  ✅ t_the_quote_module_can_never_send_anything
  ✅ t_the_quote_verb_is_routed
  ✅ t_the_send_button_records_a_verdict_it_does_not_send
  ✅ t_vital_streams_are_never_silenced

✅ test_owner_answers: 16/16

â”€â”€ test_initiative_and_autonomy.py â”€â”€â”€â”€â”€â”€â”€â”€â”€â”€â”€â”€â”€â”€â”€â”€â”€â”€â”€â”€â”€â”€â”€â”€â”€â”€â”€â”€â”€
  ✅ t_a_free_brain_answer_is_refused
  ✅ t_a_malformed_answer_produces_no_message
  ✅ t_anything_not_granted_is_refused
  ✅ t_autonomy_is_off_until_granted
  ✅ t_cleanup_cannot_escape_state
  ✅ t_flag_off_never_speaks
  ✅ t_initiative_only_talks
  ✅ t_it_stays_silent_during_quiet_hours
  ✅ t_quieter_halves_the_cap_and_never_reaches_zero
  ✅ t_rhythm_stays_inside_the_owners_bounds
  ✅ t_the_card_offers_a_way_to_shut_it_up
  ✅ t_the_daily_cap_is_small_and_the_gap_is_hours
  ✅ t_the_grant_module_cannot_act
  ✅ t_the_hard_boundary_beats_the_category
  ✅ t_the_injected_clock_controls_quiet_hours_too
  ✅ t_the_model_may_decline_to_speak
  ✅ t_the_quota_burns_before_the_call
  ✅ t_the_system_prompt_invites_a_question_not_only_a_report
  ✅ t_the_three_granted_categories_work
  ✅ t_two_messages_cannot_arrive_back_to_back

✅ test_initiative_and_autonomy: 20/20

â”€â”€ test_tool_request.py â”€â”€â”€â”€â”€â”€â”€â”€â”€â”€â”€â”€â”€â”€â”€â”€â”€â”€â”€â”€â”€â”€â”€â”€â”€â”€â”€â”€â”€â”€â”€â”€â”€â”€â”€â”€â”€â”€â”€â”€
  ✅ t_a_complete_request_is_precise_and_deliverable
  ✅ t_a_dark_flag_records_the_request_and_does_not_burn_quota
  ✅ t_a_different_skip_reason_is_always_recorded
  ✅ t_a_present_but_short_field_is_not_called_empty
  ✅ t_a_repeated_skip_reason_is_not_repeated_in_the_ledger
  ✅ t_a_throttled_request_is_still_written_to_the_ledger
  ✅ t_an_incomplete_request_names_exactly_what_is_missing
  ✅ t_bad_verdicts_and_unknown_ids_are_refused
  ✅ t_cards_surface_throttling_and_incompleteness
  ✅ t_every_button_fits_the_telegram_64_byte_cap
  ✅ t_later_is_not_a_verdict
  ✅ t_quiet_hours_defer_delivery_but_never_the_record
  ✅ t_scan_builds_a_precise_request_when_the_brain_names_a_need
  ✅ t_scan_does_not_pay_the_brain_when_the_quota_is_closed
  ✅ t_scan_is_fail_soft_and_self_declines_without_inventing_requests
  ✅ t_state_is_isolated_from_the_live_tree
  ✅ t_the_card_is_zero_arg_so_the_registry_discovers_it
  ✅ t_the_ledger_survives_a_reload
  ✅ t_unknown_cost_is_normalized_not_looped
  ✅ t_wait_time_is_measured_and_verdicts_key_on_the_decision

✅ test_tool_request: 20/20

â”€â”€ test_recall_trend.py â”€â”€â”€â”€â”€â”€â”€â”€â”€â”€â”€â”€â”€â”€â”€â”€â”€â”€â”€â”€â”€â”€â”€â”€â”€â”€â”€â”€â”€â”€â”€â”€â”€â”€â”€â”€â”€â”€â”€â”€
  ✅ t_a_changed_measurement_always_writes
  ✅ t_a_dark_flag_writes_nothing
  ✅ t_a_flat_stretch_still_gets_a_six_hour_pulse
  ✅ t_a_missing_subsystem_is_fail_soft
  ✅ t_a_sample_lands_on_disk_with_a_timestamp
  ✅ t_an_unchanged_measurement_writes_no_row
  ✅ t_measure_is_pure_and_writes_nothing
  ✅ t_one_sample_is_not_a_trend
  ✅ t_overall_is_conservative
  ✅ t_reach_growing_reads_as_better
  ✅ t_self_reflection_is_scored_in_reverse
  ✅ t_state_is_isolated_and_consolidation_is_never_written
  ✅ t_the_card_is_zero_arg_for_registry_discovery

✅ test_recall_trend: 13/13

â”€â”€ test_paid_truncation.py â”€â”€â”€â”€â”€â”€â”€â”€â”€â”€â”€â”€â”€â”€â”€â”€â”€â”€â”€â”€â”€â”€â”€â”€â”€â”€â”€â”€â”€â”€â”€â”€â”€â”€â”€â”€â”€
  ✅ t_a_genuine_failure_still_gets_the_red_alert
  ✅ t_a_healthy_short_answer_is_not_truncation
  ✅ t_a_long_truncated_answer_still_passes
  ✅ t_a_short_but_complete_answer_still_passes
  ✅ t_a_silent_provider_at_the_ceiling_means_length
  ✅ t_a_truncated_stub_is_refused
  ✅ t_ask_paid_actually_consults_the_predicate
  ✅ t_cap_reached_gets_an_info_alert_not_a_red_one
  ✅ t_healthy_proposals_do_not_raise_a_false_alarm
  ✅ t_provider_verdict_always_wins
  ❌ t_quota_denial_now_leaves_a_log_row: {'ts': '2026-08-25T10:50:20', 'task': 't', 'tier': 'primary', 'role': 'reason', 'ok': False, 'error': 'fx_expired(>24h)', 'ms': 0, 'note': 'F18: paid path blocked until fresh FX pin (pricing_pinned.json)'}
  ✅ t_the_client_reproduces_the_live_row_as_length
  ✅ t_the_same_reply_under_a_bigger_ceiling_is_not_truncated
  ✅ t_the_synthesis_ceiling_leaves_room_for_reasoning
  ✅ t_the_threshold_is_a_knob
  ✅ t_unknown_or_broken_counts_never_invent_truncation
  ✅ t_zero_proposals_from_a_successful_call_raises_an_alert

❌ test_paid_truncation: 16/17
   â†» Ø§Ø¬Ø±Ø§ÛŒ Ø¯ÙˆÙ…: Ù‚Ø±Ù…Ø²Ù-Ù¾Ø§ÛŒØ¯Ø§Ø± â†’ tests/_flaky/test_paid_truncation.py.txt

â”€â”€ test_goal_generator.py â”€â”€â”€â”€â”€â”€â”€â”€â”€â”€â”€â”€â”€â”€â”€â”€â”€â”€â”€â”€â”€â”€â”€â”€â”€â”€â”€â”€â”€â”€â”€â”€â”€â”€â”€â”€â”€â”€
  ✅ t_absent_file_reads_none_not_zero
  ✅ t_bool_metric_becomes_a_ratio
  ✅ t_deadline_exhausted_yields_to_next_candidate_with_a_live_metric
  ✅ t_direction_is_explicit_none_when_goals_file_empty
  ✅ t_first_cycle_holds_method_zero
  ✅ t_goal_key_is_stable_under_whitespace_and_case
  ✅ t_money_goal_wins_when_its_metric_exists
  ✅ t_no_metric_on_disk_means_no_goal
  ✅ t_one_fail_does_not_exhaust_a_two_cycle_deadline
  ✅ t_pivot_only_after_independent_fail
  ✅ t_state_is_isolated_from_the_live_tree
  ✅ t_validate_fails_closed_on_bad_target

✅ test_goal_generator: 12/12

â”€â”€ test_prereg_evaluator.py â”€â”€â”€â”€â”€â”€â”€â”€â”€â”€â”€â”€â”€â”€â”€â”€â”€â”€â”€â”€â”€â”€â”€â”€â”€â”€â”€â”€â”€â”€â”€â”€â”€â”€â”€â”€
  ✅ t_a_different_goal_in_the_same_cycle_is_refused_not_silently_accepted
  ✅ t_blocked_when_metric_vanishes
  ✅ t_evaluate_is_idempotent
  ✅ t_evaluate_waits_for_the_deadline
  ✅ t_evaluator_never_mutates_the_preregistration
  ✅ t_identity_comparison_survives_int_float_and_key_order
  ✅ t_judge_blocked_on_corrupt_prereg
  ✅ t_judge_pass_partial_fail_blocked
  ✅ t_pass_when_metric_moved_past_target
  ✅ t_register_rejects_gamed_target_op
  ✅ t_register_rejects_missing_target
  ✅ t_register_write_failure_is_fail_closed
  ✅ t_register_writes_once_per_cycle
  ✅ t_state_is_isolated_from_the_live_tree
  ✅ t_the_same_goal_replayed_is_still_idempotent
  ✅ t_verdict_carries_evidence_reference

✅ test_prereg_evaluator: 16/16

â”€â”€ test_test_cycle_beat.py â”€â”€â”€â”€â”€â”€â”€â”€â”€â”€â”€â”€â”€â”€â”€â”€â”€â”€â”€â”€â”€â”€â”€â”€â”€â”€â”€â”€â”€â”€â”€â”€â”€â”€â”€â”€â”€
  ✅ t_a_crash_between_journal_and_mark_done_does_not_duplicate
  ✅ t_a_failed_journal_write_never_burns_the_slot_and_never_says_ok
  ✅ t_a_failed_state_write_is_reported_not_swallowed
  ✅ t_a_genuinely_different_method_is_a_switch
  ✅ t_an_empty_recall_series_is_still_sampled_once
  ✅ t_beat_runs_the_full_chain_and_burns_the_slot_once
  ✅ t_failed_verdict_feeds_the_next_methods_pivot
  ✅ t_flag_off_is_a_pure_noop
  ✅ t_no_valid_goal_means_no_cycle_and_slot_not_burned
  ✅ t_prereg_failure_blocks_execution
  ✅ t_reworded_whitespace_is_still_a_repeat
  ✅ t_state_is_isolated_from_the_live_tree
  ✅ t_the_cycle_observes_the_meters_it_does_not_re_fire_them
  ✅ t_two_slots_per_day_are_two_cycles

✅ test_test_cycle_beat: 14/14

â”€â”€ test_target_guard.py â”€â”€â”€â”€â”€â”€â”€â”€â”€â”€â”€â”€â”€â”€â”€â”€â”€â”€â”€â”€â”€â”€â”€â”€â”€â”€â”€â”€â”€â”€â”€â”€â”€â”€â”€â”€â”€â”€â”€â”€
  ✅ t_a_directory_itself_is_not_a_target
  ✅ t_absolute_and_unc_and_drive_paths_are_rejected
  ✅ t_allow_roots_match_the_owner_vote_not_the_current_code
  ✅ t_case_variation_does_not_bypass_deny
  ✅ t_deny_is_evaluated_on_the_resolved_path_not_the_raw_string
  ✅ t_empty_and_nul_are_fail_closed
  ✅ t_legitimate_cortex_and_state_targets_pass
  ✅ t_mutation_removing_resolution_reopens_the_hole
  ✅ t_sibling_prefix_is_not_containment
  ✅ t_the_evaluator_and_prereg_are_never_writable
  ✅ t_the_guard_cannot_rewrite_itself
  ✅ t_the_kill_switch_is_never_writable
  ✅ t_traversal_into_the_verifier_is_rejected
  ✅ t_traversal_out_of_the_allow_root_is_rejected

✅ test_target_guard: 14/14

â”€â”€ test_goal_max_circular.py â”€â”€â”€â”€â”€â”€â”€â”€â”€â”€â”€â”€â”€â”€â”€â”€â”€â”€â”€â”€â”€â”€â”€â”€â”€â”€â”€â”€â”€â”€â”€â”€â”€â”€â”€
  ✅ t_a_value_without_an_expiry_is_refused
  ✅ t_an_explicit_argument_still_wins
  ✅ t_inside_the_window_the_quota_is_six
  ✅ t_malformed_input_falls_back_conservative_never_free
  ✅ t_rerank_actually_keeps_six_inside_the_window
  ✅ t_rerank_enforces_the_expiry_without_anyone_editing_anything
  ✅ t_state_is_isolated_from_the_live_tree
  ✅ t_the_clock_is_fully_injected
  ✅ t_the_day_after_the_window_it_falls_back_to_two
  ✅ t_the_fixture_really_is_circular
  ✅ t_the_last_day_of_the_window_is_still_open
  ✅ t_the_quota_and_its_reason_reach_the_only_production_caller
  ✅ t_the_quota_is_clamped_against_an_absurd_env
  ✅ t_this_suite_is_isolated_from_the_live_verdicts_file
  ✅ t_without_the_env_the_quota_is_two

✅ test_goal_max_circular: 15/15

â”€â”€ test_schema_single_source.py â”€â”€â”€â”€â”€â”€â”€â”€â”€â”€â”€â”€â”€â”€â”€â”€â”€â”€â”€â”€â”€â”€â”€â”€â”€â”€â”€â”€â”€â”€â”€â”€
  ✅ t_a_key_added_only_to_the_schema_is_accepted
  ✅ t_a_missing_block_falls_back_loudly
  ✅ t_a_partial_block_is_rejected_rather_than_half_parsed
  ✅ t_live_schema_and_types_json_agree
  ✅ t_no_markers_means_no_parse
  ✅ t_removing_it_from_the_schema_rejects_it_again
  ✅ t_the_live_schema_is_machine_readable
  ✅ t_the_probe_key_is_absent_from_the_hardcoded_fallback
  ✅ t_the_voice_keys_of_08_03_come_from_the_schema
✅ test_schema_single_source: 9/9

â”€â”€ test_spend_cap_window.py â”€â”€â”€â”€â”€â”€â”€â”€â”€â”€â”€â”€â”€â”€â”€â”€â”€â”€â”€â”€â”€â”€â”€â”€â”€â”€â”€â”€â”€â”€â”€â”€â”€â”€â”€â”€
  ✅ t_a_closed_window_leaves_the_caps_untouched
  ✅ t_a_malformed_date_does_not_open_the_cap
  ✅ t_a_nonpositive_amount_is_refused
  ✅ t_a_typo_in_the_amount_does_not_open_the_cap
  ✅ t_an_exception_without_an_expiry_is_refused
  ✅ t_an_open_window_is_visible_in_the_report
  ✅ t_inside_the_window_the_owner_cap_applies
  ✅ t_the_daily_ceiling_still_binds_inside_the_window
  ✅ t_the_day_after_falls_back_to_the_base
  ✅ t_the_last_day_of_the_window_is_still_open
  ✅ t_the_money_gate_actually_spends_differently
  ✅ t_the_production_caller_reads_it
  ✅ t_the_window_never_crosses_the_disaster_line
  ✅ t_the_window_never_lowers_the_base
  ✅ t_this_suite_is_isolated_from_the_live_verdicts_file
  ✅ t_without_the_env_the_base_stands
✅ test_spend_cap_window: 16/16

â”€â”€ test_owner_verdicts.py â”€â”€â”€â”€â”€â”€â”€â”€â”€â”€â”€â”€â”€â”€â”€â”€â”€â”€â”€â”€â”€â”€â”€â”€â”€â”€â”€â”€â”€â”€â”€â”€â”€â”€â”€â”€â”€â”€
  ✅ t_a_broken_file_is_silence_not_an_exception
  ✅ t_a_key_outside_the_verdicts_section_is_ignored
  ✅ t_a_missing_file_is_silence_not_an_exception
  ✅ t_agreement_is_not_reported_as_drift
  ✅ t_an_absent_environment_is_not_drift
  ✅ t_an_empty_environment_value_falls_through
  ✅ t_apply_and_rhythm_survive_a_missing_flags_file
  ✅ t_divergence_is_reported_not_swallowed
  ✅ t_explicit_zero_overrides_tracked_arming
  ✅ t_the_environment_still_wins
  ✅ t_the_live_file_carries_no_secret_looking_keys
  ✅ t_the_live_file_declares_both_dated_knobs
  ✅ t_the_money_path_survives_a_dead_verdicts_module
  ✅ t_the_quota_survives_a_missing_flags_file
  ✅ t_the_window_survives_a_missing_flags_file
✅ test_owner_verdicts: 15/15

â”€â”€ test_budget_judge.py â”€â”€â”€â”€â”€â”€â”€â”€â”€â”€â”€â”€â”€â”€â”€â”€â”€â”€â”€â”€â”€â”€â”€â”€â”€â”€â”€â”€â”€â”€â”€â”€â”€â”€â”€â”€â”€â”€â”€â”€
  ✅ t_a_giant_weight_cannot_eat_the_reserve
  ✅ t_a_read_only_disk_does_not_kill_the_judge
  ✅ t_armed_writes_atomically_with_a_hash_chain
  ✅ t_clamp01_is_total
  ✅ t_default_is_dry_run_and_writes_nothing
  ✅ t_every_organ_gets_a_floor_or_nothing
  ✅ t_hostile_input_never_raises
  ✅ t_low_api_headroom_also_slows_down
  ✅ t_more_pressure_never_yields_a_faster_layer
  ✅ t_no_single_organ_can_run_away
  ✅ t_plan_survives_a_missing_world
  ✅ t_the_hang_threshold_forces_scale_down
  ✅ t_the_judge_does_not_act_only_judges
  ✅ t_the_judge_never_writes_the_pulse_period
  ✅ t_the_owner_reserve_can_never_be_allocated
  ✅ t_the_plan_always_declares_the_reserve
  ✅ t_this_module_can_never_choose_dormant

✅ test_budget_judge: 17/17

â”€â”€ test_decision_gate.py â”€â”€â”€â”€â”€â”€â”€â”€â”€â”€â”€â”€â”€â”€â”€â”€â”€â”€â”€â”€â”€â”€â”€â”€â”€â”€â”€â”€â”€â”€â”€â”€â”€â”€â”€â”€â”€â”€â”€
  ✅ t_a_cyclic_or_deep_structure_fails_closed
  ✅ t_a_destruction_card_says_it_will_never_be_automatic
  ✅ t_an_unreadable_risk_class_becomes_the_highest
  ✅ t_every_hard_stop_stays_human_even_with_perfect_evidence
  ✅ t_every_record_carries_the_vote_math_and_a_trace
  ✅ t_evidence_score_is_total_and_bounded
  ✅ t_flag_off_forces_everything_to_propose_only
  ✅ t_flatten_reaches_keys_values_and_lists
  ✅ t_missing_evidence_scores_zero_not_optimistic
  ✅ t_records_append_and_never_overwrite
  ✅ t_risk_class_above_the_ai_ceiling_is_always_human
  ✅ t_stub_tainted_evidence_is_rejected
  ✅ t_the_card_escapes_hostile_text
  ✅ t_the_card_shows_the_four_required_buttons
  ✅ t_the_gate_judges_but_never_acts
  ✅ t_the_nested_money_field_is_the_138_blindspot
  ✅ t_the_only_path_to_ai_needs_all_three_conditions

✅ test_decision_gate: 17/17

â”€â”€ test_trajectory_log.py â”€â”€â”€â”€â”€â”€â”€â”€â”€â”€â”€â”€â”€â”€â”€â”€â”€â”€â”€â”€â”€â”€â”€â”€â”€â”€â”€â”€â”€â”€â”€â”€â”€â”€â”€â”€â”€â”€
  ✅ t_a_broken_redactor_drops_the_record_it_never_writes_raw
  ✅ t_a_trajectory_spans_two_moments_and_stays_append_only
  ✅ t_an_unfinished_trajectory_is_itself_data
  ✅ t_every_record_carries_schema_and_time
  ✅ t_flag_off_writes_nothing_at_all
  ✅ t_hex64_is_masked_per_match_not_whole_body
  ✅ t_hostile_input_never_raises
  ✅ t_long_fields_are_bounded
  ✅ t_nesting_and_lists_are_redacted_too
  ✅ t_secret_shaped_text_never_reaches_the_file
  ✅ t_the_drop_counter_is_visible_not_silent
  ✅ t_the_fallback_redactors_match_the_real_one
  ✅ t_the_ledger_rotates_instead_of_growing_forever
  ✅ t_the_logger_only_records

✅ test_trajectory_log: 14/14

â”€â”€ test_teacher_loop.py â”€â”€â”€â”€â”€â”€â”€â”€â”€â”€â”€â”€â”€â”€â”€â”€â”€â”€â”€â”€â”€â”€â”€â”€â”€â”€â”€â”€â”€â”€â”€â”€â”€â”€â”€â”€â”€â”€â”€â”€
  ✅ t_a_broken_redactor_writes_no_pair_at_all
  ✅ t_a_fallback_marked_answer_is_also_refused
  ✅ t_a_pair_without_a_real_teacher_is_marked_unusable
  ✅ t_an_ungraded_pair_stays_ungraded_not_zero
  ✅ t_flag_off_spends_nothing
  ✅ t_secret_shaped_text_never_lands_in_the_pair_file
  ✅ t_the_cap_is_bounded_and_survives_garbage
  ✅ t_the_card_says_when_the_data_is_not_worth_distilling
  ✅ t_the_daily_cap_actually_stops_the_spending
  ✅ t_the_json_grader_is_unambiguous
  ✅ t_the_loop_changes_no_weights_and_applies_nothing
  ✅ t_the_quota_burns_before_the_call_not_after
  ✅ t_usable_requires_the_teacher_to_actually_be_better

✅ test_teacher_loop: 13/13

â”€â”€ test_stuck_money.py â”€â”€â”€â”€â”€â”€â”€â”€â”€â”€â”€â”€â”€â”€â”€â”€â”€â”€â”€â”€â”€â”€â”€â”€â”€â”€â”€â”€â”€â”€â”€â”€â”€â”€â”€â”€â”€â”€â”€â”€â”€
  ✅ t_a_fresh_approving_card_is_not_noise
  ✅ t_a_missing_or_broken_store_is_not_a_crash
  ✅ t_a_record_without_a_timestamp_is_suspect_not_fresh
  ✅ t_an_old_approving_card_is_surfaced
  ✅ t_finished_states_are_never_flagged
  ✅ t_iso_timestamps_are_understood
  ✅ t_non_money_records_are_ignored
  ✅ t_reconcile_required_counts_as_stuck_too
  ✅ t_the_card_is_quiet_when_nothing_is_stuck
  ✅ t_the_card_says_why_it_refuses_to_finish_them
  ✅ t_the_module_cannot_transition_a_money_state
  ✅ t_the_oldest_and_the_unknown_come_first
  ✅ t_the_scan_never_writes_anything

✅ test_stuck_money: 13/13

â”€â”€ test_money_fsm.py â”€â”€â”€â”€â”€â”€â”€â”€â”€â”€â”€â”€â”€â”€â”€â”€â”€â”€â”€â”€â”€â”€â”€â”€â”€â”€â”€â”€â”€â”€â”€â”€â”€â”€â”€â”€â”€â”€â”€â”€â”€â”€â”€
  ✅ t_a_brand_new_record_can_enter_any_state
  ✅ t_a_legal_transition_logs_nothing
  ✅ t_a_legitimate_transition_reaches_the_disk
  ✅ t_a_settled_payment_can_never_be_un_settled
  ✅ t_a_violation_is_recorded_in_both_modes
  ✅ t_an_unknown_state_is_still_refused
  ✅ t_the_guard_is_off_by_default_and_only_counts
  ✅ t_the_legitimate_path_is_never_blocked_by_the_guard
  ✅ t_the_table_covers_every_state_and_targets_are_valid
  ✅ t_the_three_terminal_states_have_no_exit

✅ test_money_fsm: 10/10

â”€â”€ test_owner_auth_log.py â”€â”€â”€â”€â”€â”€â”€â”€â”€â”€â”€â”€â”€â”€â”€â”€â”€â”€â”€â”€â”€â”€â”€â”€â”€â”€â”€â”€â”€â”€â”€â”€â”€â”€â”€â”€â”€â”€
  ✅ t_a_broken_disk_does_not_lose_the_reply
  ✅ t_a_claim_from_an_unknown_channel_is_recorded_not_dropped
  ✅ t_a_secret_shaped_argument_is_refused_and_never_stored
  ✅ t_an_authorisation_survives_on_disk
  ✅ t_case_and_spacing_do_not_break_it
  ✅ t_every_contract_phrase_is_recognised
  ✅ t_ordinary_conversation_is_never_an_authorisation
  ✅ t_pending_shows_only_authenticated_unexecuted_ones
  ✅ t_the_card_is_useful_when_empty
  ✅ t_the_card_never_echoes_an_argument_raw
  ✅ t_the_flag_name_is_captured_not_swallowed
  ✅ t_the_ledger_is_append_only
  ✅ t_the_module_cannot_flip_a_flag_or_run_anything
  ✅ t_the_record_carries_a_warning_for_future_readers
  ✅ t_the_reply_says_plainly_that_nothing_happened

✅ test_owner_auth_log: 15/15

â”€â”€ test_clock_guard.py â”€â”€â”€â”€â”€â”€â”€â”€â”€â”€â”€â”€â”€â”€â”€â”€â”€â”€â”€â”€â”€â”€â”€â”€â”€â”€â”€â”€â”€â”€â”€â”€â”€â”€â”€â”€â”€â”€â”€â”€â”€
  ✅ t_a_backwards_jump_is_detected
  ✅ t_a_normal_deadline_still_works_in_both_directions
  ✅ t_a_read_only_disk_does_not_break_the_check
  ✅ t_an_unexpired_deadline_becomes_expired_when_the_clock_jumps_back
  ✅ t_an_unreadable_deadline_is_expired
  ✅ t_check_never_raises_on_any_input
  ✅ t_moving_forward_is_always_fine
  ✅ t_the_approval_path_actually_uses_it
  ✅ t_the_first_ever_observation_is_trusted
  ✅ t_the_guard_only_judges_time
  ✅ t_the_high_water_mark_survives_a_restart
  ✅ t_the_mark_is_not_rewritten_on_every_call
  ✅ t_the_tolerance_is_wide_enough_for_ntp_but_not_for_a_real_jump

✅ test_clock_guard: 13/13

â”€â”€ test_command_discoverability.py â”€â”€â”€â”€â”€â”€â”€â”€â”€â”€â”€â”€â”€â”€â”€â”€â”€â”€â”€â”€â”€â”€â”€â”€â”€â”€â”€â”€â”€
  ✅ t_every_entry_has_a_useful_description
  ✅ t_every_working_command_is_discoverable
  ✅ t_no_command_is_advertised_without_a_handler
  ✅ t_the_hidden_list_stays_small_and_justified
  ✅ t_the_new_commands_of_today_are_present
  ✅ t_the_registration_trigger_reacts_to_a_changed_list
  ✅ t_there_are_no_duplicates

✅ test_command_discoverability: 7/7

â”€â”€ test_improve_learning_loop.py â”€â”€â”€â”€â”€â”€â”€â”€â”€â”€â”€â”€â”€â”€â”€â”€â”€â”€â”€â”€â”€â”€â”€â”€â”€â”€â”€â”€â”€â”€â”€
  ✅ t_a_broken_learner_never_kills_the_verdict_path
  ✅ t_a_missing_category_becomes_unknown_not_a_guess
  ✅ t_a_rejection_actually_penalises_that_category
  ✅ t_a_rejection_reaches_the_learner
  ✅ t_all_three_verdicts_map_to_the_learner_vocabulary
  ✅ t_an_unknown_verdict_is_not_invented
  ✅ t_flag_off_writes_nothing
  ✅ t_hostile_metadata_never_raises
  ✅ t_the_documented_learning_claim_matches_reality
  ✅ t_the_learner_has_at_least_one_live_caller
  ✅ t_the_learner_hook_cannot_execute_anything

✅ test_improve_learning_loop: 11/11

â”€â”€ test_control_plane.py â”€â”€â”€â”€â”€â”€â”€â”€â”€â”€â”€â”€â”€â”€â”€â”€â”€â”€â”€â”€â”€â”€â”€â”€â”€â”€â”€â”€â”€â”€â”€â”€â”€â”€â”€â”€â”€â”€â”€
  ✅ t_collector_never_executes_or_networks
  ✅ t_collector_never_writes
  ✅ t_every_section_declares_whether_it_knows
  ✅ t_flag_is_off_by_default
  ✅ t_flag_on_is_explicit
  ✅ t_process_liveness_is_three_valued
  ✅ t_singleton_lock_blocks_the_second_instance
  ✅ t_snapshot_reports_what_it_could_not_read
  ✅ t_supervisor_binds_loopback_only
  ✅ t_supervisor_refuses_to_write_outside_its_namespace
  ✅ t_supervisor_writes_only_inside_its_own_namespace
  ✅ t_the_lock_socket_never_listens

✅ test_control_plane: 12/12

â”€â”€ test_restart_preflight.py â”€â”€â”€â”€â”€â”€â”€â”€â”€â”€â”€â”€â”€â”€â”€â”€â”€â”€â”€â”€â”€â”€â”€â”€â”€â”€â”€â”€â”€â”€â”€â”€â”€â”€â”€
  ✅ t_clean_fixture_passes_preflight
  ✅ t_default_ops_root_is_still_the_live_tree
  ✅ t_each_marker_alone_aborts
  ✅ t_fixture_never_touches_the_live_tree
  ✅ t_lf_flags_file_aborts
  ✅ t_missing_flags_file_aborts
  ✅ t_non_canonical_root_cannot_restart
  ✅ t_the_seam_exists_at_all

✅ test_restart_preflight: 8/8

â”€â”€ test_provenance.py â”€â”€â”€â”€â”€â”€â”€â”€â”€â”€â”€â”€â”€â”€â”€â”€â”€â”€â”€â”€â”€â”€â”€â”€â”€â”€â”€â”€â”€â”€â”€â”€â”€â”€â”€â”€â”€â”€â”€â”€â”€â”€
  ✅ t_a_held_when_vessel_did_not_refresh
  ✅ t_a_live_when_fresh
  ✅ t_a_stale_vessel_written_by_the_real_writer_is_held
  ✅ t_b_constant_needs_a_long_enough_window
  ✅ t_b_constant_on_288_identical_samples
  ✅ t_b_moving_series_is_not_constant
  ✅ t_c_unknown_has_no_value_key
  ✅ t_c_unknown_never_becomes_zero
  ✅ t_clock_is_fully_injected
  ✅ t_iso_and_epoch_both_parse
  ✅ t_module_is_pure_no_io
  ✅ t_reject_1_mtime_is_never_observed_ts
  ✅ t_reject_1_plain_ts_still_accepted
  ✅ t_reject_2_observed_ts_comes_from_inside_the_value
  ✅ t_round_trip_through_the_real_writer
  ✅ t_timezone_aware_strings_keep_their_offset

OK test_provenance: 16/16

â”€â”€ test_lifecycle_fold.py â”€â”€â”€â”€â”€â”€â”€â”€â”€â”€â”€â”€â”€â”€â”€â”€â”€â”€â”€â”€â”€â”€â”€â”€â”€â”€â”€â”€â”€â”€â”€â”€â”€â”€â”€â”€â”€â”€
  ✅ t_absent_store_is_unknown_not_empty
  ✅ t_applied_without_receipt_is_not_effected
  ✅ t_counts_on_a_deterministic_fixture
  ✅ t_every_number_is_stamped
  ✅ t_fold_never_opens_a_writable_connection
  ✅ t_fold_on_the_live_store_creates_no_files
  ✅ t_fold_touches_zero_bytes_of_live_state
  ✅ t_load_rfc_verdicts_now_has_an_external_production_caller
  ✅ t_missing_field_is_unknown_not_zero
  ✅ t_module_writes_nothing
  ✅ t_state_dir_is_mandatory
  ✅ t_two_way_mutation_stalled_moves_both_directions

OK test_lifecycle_fold: 12/12

â”€â”€ test_probe_predicate_rule.py â”€â”€â”€â”€â”€â”€â”€â”€â”€â”€â”€â”€â”€â”€â”€â”€â”€â”€â”€â”€â”€â”€â”€â”€â”€â”€â”€â”€â”€â”€â”€â”€
  ✅ t_every_probe_with_reads_declares_all_three_keys
  ✅ t_instance_counts_the_real_backlog
  ✅ t_instance_no_longer_mentions_the_dead_field
  ✅ t_instance_reports_the_oldest
  ✅ t_instance_returns_unknown_when_the_field_is_renamed
  ✅ t_instance_returns_zero_when_all_decided
  ✅ t_probe_does_not_open_the_verdict_db
  ✅ t_rule_catches_a_field_absent_from_every_record
  ✅ t_rule_fires_on_a_dead_predicate
  ✅ t_rule_ignores_an_empty_store
  ✅ t_rule_is_silent_on_a_live_predicate
  ✅ t_stalled_cards_is_isolated

OK test_probe_predicate_rule: 12/12

â”€â”€ test_latent_poller_guard.py â”€â”€â”€â”€â”€â”€â”€â”€â”€â”€â”€â”€â”€â”€â”€â”€â”€â”€â”€â”€â”€â”€â”€â”€â”€â”€â”€â”€â”€â”€â”€â”€â”€
  ✅ t_guard_allows_when_the_opt_in_is_set
  ✅ t_guard_refuses_by_default_with_nonzero_exit
  ✅ t_guard_runs_before_any_token_read_or_network
  ✅ t_module_is_preserved_not_deleted
  ✅ t_opt_in_is_fail_closed_on_every_other_value
  ✅ t_probe_does_not_trust_a_guard_whose_opt_in_is_armed
  ✅ t_probe_fixture_reports_latent_not_active
  ✅ t_probe_is_registered_with_a_floor_that_fires_on_two
  ✅ t_probe_moves_when_the_guard_is_removed
  ✅ t_probe_never_writes_and_never_executes
  ✅ t_probe_on_the_live_tree_is_latent_not_active
  ✅ t_probe_says_unknown_never_zero_when_it_scanned_nothing
  ✅ t_refusal_makes_zero_network_calls
  ✅ t_refusal_names_the_409_risk_and_the_deprecation_doc

OK test_latent_poller_guard: 14/14

â”€â”€ test_activation_flag_presence.py â”€â”€â”€â”€â”€â”€â”€â”€â”€â”€â”€â”€â”€â”€â”€â”€â”€â”€â”€â”€â”€â”€â”€â”€â”€â”€â”€â”€
  ❌ t_deleting_any_raised_flag_is_caught_by_name: فیکسچر «ACTIVATION-CORTEX-PAID.flag» را ندارد (رجیستری RAISED می‌گوید)
  ❌ t_deleting_the_heartstate_flag_turns_the_audit_red_naming_it: فیکسچرِ پایه خودش قرمز است ⇒ قرمزِ بعدی شاهد نیست: ['MISSING-RAISED: ACTIVATION-CORTEX-PAID.flag — رجیستری RAISED می\u200cگوید ولی فایل در «C:\\Users\\Armin\\AppData\\Local\\Temp\\activation-flags-yxxdsrwt» نیست. این فایل tracked نیست ⇒ حذفش هیچ diff ای ندارد و قابلیتِ «cortex/model_router.py::ACT_CORTEX_PAID» را بی\u200cصدا خاموش می\u200cکند.', 'MISSING-RAISED: ACTIVATION-RAW-SHELL.flag — رجیستری RAISED می\u200cگوید ولی فایل در «C:\\Users\\Armin\\AppData\\Local\\Temp\\activation-flags-yxxdsrwt» نیست. این فایل tracked نیست ⇒ حذفش هیچ diff ای ندارد و قابلیتِ «shell_capability.py::ACTIVATION» را بی\u200cصدا خاموش می\u200cکند.']
  ✅ t_every_referenced_flag_is_registered
  ✅ t_flag_mtime_is_never_evidence_of_freshness
  ✅ t_heartstate_is_armed_by_the_file_even_with_the_env_unset
  ❌ t_live_tree_audit_is_clean: ممیزیِ ACTIVATION روی درختِ زنده قرمز است:
  MISSING-RAISED: ACTIVATION-CORTEX-PAID.flag — رجیستری RAISED می‌گوید ولی فایل در «F:\backup\_ops» نیست. این فایل tracked نیست ⇒ حذفش هیچ diff ای ندارد و قابلیتِ «cortex/model_router.py::ACT_CORTEX_PAID» را بی‌صدا خاموش می‌کند.
  MISSING-RAISED: ACTIVATION-RAW-SHELL.flag — رجیستری RAISED می‌گوید ولی فایل در «F:\backup\_ops» نیست. این فایل tracked نیست ⇒ حذفش هیچ diff ای ندارد و قابلیتِ «shell_capability.py::ACTIVATION» را بی‌صدا خاموش می‌کند.
  ✅ t_registry_parses_into_rows
  ✅ t_registry_warns_that_env_audits_miss_heartstate
  ✅ t_source_scan_has_no_blind_spots

❌ test_activation_flag_presence: 6/9
   â†» Ø§Ø¬Ø±Ø§ÛŒ Ø¯ÙˆÙ…: Ù‚Ø±Ù…Ø²Ù-Ù¾Ø§ÛŒØ¯Ø§Ø± â†’ tests/_flaky/test_activation_flag_presence.py.txt

â”€â”€ test_phantom_guards.py â”€â”€â”€â”€â”€â”€â”€â”€â”€â”€â”€â”€â”€â”€â”€â”€â”€â”€â”€â”€â”€â”€â”€â”€â”€â”€â”€â”€â”€â”€â”€â”€â”€â”€â”€â”€â”€â”€

══════════════════════════════════════════════════════════════════════════
  دفترِ phantom — شمارشِ دقیق، نامِ کامل. سبز = «مثلِ دفتر»، نه «تمیز».
══════════════════════════════════════════════════════════════════════════
  رجیستری: 819 ورودیِ TESTS (818 در HEAD) · tracked در مخزن: 12732
  [۱] ثبت‌شده ولی untracked: 0 (از این‌ها phantomِ clone-تازه: 0)

  [۲] نامِ فلگِ خوانده‌شده در _ops/**/*.py: 473 · اعلان‌شده در OCTOPUS-flags.cmd: 322 · بی‌اعلان: 165 (از این‌ها OCTOPUS_WIRE_*: 20)
      OCTOPUS_ACTION_BRIDGE_HMAC  OCTOPUS_AGENT_GATEWAY_PORT  OCTOPUS_AGENT_MAX_BYTES
      OCTOPUS_AGENT_OWNER_SECRET  OCTOPUS_AGENT_PEERS  OCTOPUS_AGENT_RATE_PER_MIN
      OCTOPUS_AGENT_SECRET_PEERAGI1  OCTOPUS_AGI2027_RUNTIME_DIR  OCTOPUS_APPROVAL_BINDER_HMAC
      OCTOPUS_ARM_SECRET  OCTOPUS_BCM_BETA  OCTOPUS_BEAT_HOLDER
      OCTOPUS_BEAT_LEASE  OCTOPUS_BEAT_LEASE_HMAC  OCTOPUS_BEAT_LEASE_PATH
      OCTOPUS_BEAT_ROLE  OCTOPUS_BOARD_CP_BIND  OCTOPUS_BOARD_CP_DEBUG
      OCTOPUS_BOARD_CP_PORT  OCTOPUS_BOARD_CP_TESTKEY  OCTOPUS_BOARD_CP_TLS_DIR
      OCTOPUS_BOOT_RECONCILE_EXEC_H  OCTOPUS_C6_RUNNING_STALE_H  OCTOPUS_CAPABILITY_JOURNAL_JSONL
      OCTOPUS_CAPABILITY_JOURNAL_MD  OCTOPUS_CAPABILITY_TOKEN_HMAC  OCTOPUS_CB_TTL_S
      OCTOPUS_CHAMBER_T_MAX  OCTOPUS_CHAMBER_T_MIN  OCTOPUS_CHAMBER_T_WINDOW
      OCTOPUS_CODE_APPLY_REFRACTORY_S  OCTOPUS_CODE_BRAIN_LOCAL_MODEL  OCTOPUS_CODE_BRAIN_LOCAL_TIMEOUT_S
      OCTOPUS_CODE_HEAD  OCTOPUS_CODE_LOWRISK_FAST_CANARY  OCTOPUS_CODE_SHADOW_SUITE_TIMEOUT_S
      OCTOPUS_CODE_VERSION  OCTOPUS_COGNITION_BUCKET  OCTOPUS_COGNITION_CAP_TELEGRAM_NORMAL
      OCTOPUS_COGNITION_CONSUME  OCTOPUS_COLLAB_MODEL_COUNTER  OCTOPUS_COLLAB_MODEL_DAILY_CAP
      OCTOPUS_COLLAB_USE_MODEL  OCTOPUS_CONSOLIDATION_COMPRESS  OCTOPUS_CONSOLIDATION_DEDUP_FUZZY
      OCTOPUS_CONSOLIDATION_DEDUP_N  OCTOPUS_CONSOLIDATION_DEDUP_SIM  OCTOPUS_CONSOLIDATION_FLOOR_SEC
      OCTOPUS_CONTROL_PLANE_INTERVAL  OCTOPUS_CONTROL_PLANE_LOCK_PORT  OCTOPUS_CPU_MAX_PCT
      OCTOPUS_DEBATE_LOCAL_BUDGET_S  OCTOPUS_DEBATE_QUEUE_COOLDOWN_H  OCTOPUS_DEFER_TTL_S
      OCTOPUS_FREEZE_PATH  OCTOPUS_FUGU_KILL  OCTOPUS_FUGU_PROXY_PORT
      OCTOPUS_GOVERNOR_MAX_TOKENS  OCTOPUS_HOLD_POLICY_DIR  OCTOPUS_IMPROVE_REFRACTORY_H
      OCTOPUS_INGEST_MAX_BYTES  OCTOPUS_INGEST_RATE_PER_MIN  OCTOPUS_INGEST_SECRET_N8N_DA
      OCTOPUS_INGEST_SOURCES  OCTOPUS_JOURNEY_TASK  OCTOPUS_KILL_SWITCH
      OCTOPUS_LANGAR_DIR  OCTOPUS_LEAD_DAILY_SEND_CAP  OCTOPUS_LEAD_DRAFT_THRESHOLD
      OCTOPUS_LEAD_FORM_SENDERS  OCTOPUS_LEAD_INBOX_PORT  OCTOPUS_LEAD_OUTBOUND_TARGET
      OCTOPUS_LEAD_OWNER_ADDRESSES  OCTOPUS_LEAD_STALE_HOURS  OCTOPUS_LEAD_SUPPRESSION_SALT
      OCTOPUS_LEASE_PATH  OCTOPUS_LEDGER_PATH  OCTOPUS_LEDGER_PY
      OCTOPUS_LEG_FRESH_SECS  OCTOPUS_LEG_MANIFEST_DIR  OCTOPUS_LEG_TASKS_DIR
      OCTOPUS_MATH_AUTOTUNE_KNOBS  OCTOPUS_MATH_CONTROL_OBSERVE  OCTOPUS_MATH_CONTROL_SPINE
      OCTOPUS_MEMORY_DISABLED  OCTOPUS_MEMORY_WRITE_ALLOWED  OCTOPUS_MINIAPP_ACTIONS_TIMEOUT
      OCTOPUS_MINIAPP_ALLOW_UNAUTH_READ_DEV  OCTOPUS_MINIAPP_ASK_BRAIN_TIMEOUT  OCTOPUS_MINIAPP_ASK_TIMEOUT
      OCTOPUS_MINIAPP_CACHE_TTL_S  OCTOPUS_MINIAPP_COLLAB_TIMEOUT  OCTOPUS_MINIAPP_DECISION_NONCE_SHADOW
      OCTOPUS_MINIAPP_FUTURE_SKEW_S  OCTOPUS_MINIAPP_INITDATA_TTL_S  OCTOPUS_MINIAPP_MIRROR_TIMEOUT
      OCTOPUS_MINIAPP_PORT  OCTOPUS_MINIAPP_URL  OCTOPUS_MINING_STOP_INTENT_FILE
      OCTOPUS_MINING_SWAP_DECISION_FILE  OCTOPUS_MINING_SWITCH_RECEIPT_FILE  OCTOPUS_MODULE_MANIFEST_EVERY_N
      OCTOPUS_NEURAL_PROTECTIVE_PROPOSAL  OCTOPUS_OBSERVE_4D  OCTOPUS_OBS_ALERT_EVERY_S
      OCTOPUS_OBS_COHERENCE_MIN  OCTOPUS_OBS_STALE_MAX  OCTOPUS_OPS_AUDIT_PATH
      OCTOPUS_OPS_DB_PATH  OCTOPUS_OPS_IDEMPOTENCY_PATH  OCTOPUS_OPS_RUNTIME_DIR
      OCTOPUS_OTLP_ALLOW_REMOTE  OCTOPUS_OWNER_API_PORT  OCTOPUS_OWNER_CHAT_ID
      OCTOPUS_OWNER_VERDICTS  OCTOPUS_PAID_COGNITION  OCTOPUS_RAM_MAX_PCT
      OCTOPUS_RG_EXE  OCTOPUS_RUN_ID  OCTOPUS_SMTP_PASS
      OCTOPUS_SPARSE_ERROR_THRESHOLD  OCTOPUS_STATE_GUARD_ARM  OCTOPUS_STATE_ROOT
      OCTOPUS_SUL_STATE_DIR  OCTOPUS_SUL_WORKTREE  OCTOPUS_T48_EVENT_TIME
      OCTOPUS_TEACHER_DAILY  OCTOPUS_TEST_ALLOW_LIVE_STATE  OCTOPUS_TEST_ISOLATION_ECHO
      OCTOPUS_TEST_ISOLATION_LOG  OCTOPUS_TEST_LIVE_STATE_GUARD  OCTOPUS_TEST_NET_GUARD
      OCTOPUS_TEST_SNAPSHOT_CANARY_V001  OCTOPUS_TG_DURABLE_OUTBOX  OCTOPUS_TG_LOOP_KILL
      OCTOPUS_TG_SITE_FIRE_LOG  OCTOPUS_TG_TRANSPORT_SUBPROCESS  OCTOPUS_THESIS_LEDGER
      OCTOPUS_TOOL_REQUEST_CAP_PER_DAY  OCTOPUS_TOOL_REQUEST_MIN_GAP_S  OCTOPUS_TRACE_ID
      OCTOPUS_UNIFIED_CHAT  OCTOPUS_V3_KILL_WRITES_STOP  OCTOPUS_VAULT_ROOT
      OCTOPUS_WHISPER_MAX_S  OCTOPUS_WIRE_AUTHZ_SHADOW  OCTOPUS_WIRE_CHORD
      OCTOPUS_WIRE_COLLAB  OCTOPUS_WIRE_COLLAB_DIGEST  OCTOPUS_WIRE_COLLAB_MEMORY
      OCTOPUS_WIRE_CRITICALITY_OTLP  OCTOPUS_WIRE_DOCTOR_UNIQUENESS  OCTOPUS_WIRE_DUAL_VETO
      OCTOPUS_WIRE_INGEST_EXAMPLE  OCTOPUS_WIRE_KERNEL_BRIDGE_READER  OCTOPUS_WIRE_LEAD_MIGRATE_PRODUCERS
      OCTOPUS_WIRE_LEG_FEED  OCTOPUS_WIRE_LIFE_CURRENCY  OCTOPUS_WIRE_NOVELTY_GATE
      OCTOPUS_WIRE_PROVIDER_ROUTER  OCTOPUS_WIRE_PULSE_ARBITER_SHADOW  OCTOPUS_WIRE_SEMANTIC_ABLATION
      OCTOPUS_WIRE_SEMANTIC_TRACE  OCTOPUS_WIRE_TEST_AUDIT  OCTOPUS_WIRE_ZTEST
  [۳] نقاطِ کورِ AST (parse نشد ⇒ نامرئی): 9
      _ops/agi2027_control/integration.py
      _ops/agi2027_control/runtime.py
      _ops/agi2027_control/tests/test_runtime.py
      _ops/doctor/poller_uniqueness.py
      _ops/doctor/uniqueness_heartbeat.py
      _ops/patch_backups/control-close-and-passthrough-20260802-171006/integration.py
      _ops/tests/test_doctor_uniqueness_heartbeat.py
      _ops/tests/test_merge_effect_p0.py
      _ops/tests/test_poller_uniqueness_doctor.py
──────────────────────────────────────────────────────────────────────────
سند: «۵ فایلِ untracked · ۳ فلگِ بی‌اعلان · ۱۵۱ در برابرِ ۱۴۸»
سنجیده (۲۰۲۶-۰۸-۰۳، همین درخت):
  · ۱۳ تستِ ثبت‌شده untracked — نه ۵. (سند به ۵ فایلِ *پیاده‌سازیِ* sync_agent
    اشاره داشت و فرض کرده بود test_sync_agent.py کامیت شده؛ نیست.)
  · ۱۸۸ فلگِ خوانده‌شدهٔ بی‌اعلان — نه ۳. آن سه واقعاً بی‌اعلان‌اند، ولی
    ۱۸۵ تای دیگر هم همین‌طورند (۷۱ تا با پیشوندِ OCTOPUS_WIRE_).
  · «۱۵۱ در برابرِ ۱۴۸» بازتولید نشد: هر چهار flags-loaded-*.json دقیقاً
    ۱۴۶ نامِ OCTOPUS_ دارند و هر چهار شاملِ OCTOPUS_WIRE_SYNC_AGENT اند.
    ۱۵۱ عددِ *اعلان‌های داخلِ OCTOPUS-flags.cmd* است، نه هیچ اختلافِ زنده.
══════════════════════════════════════════════════════════════════════════
  ❌ t_ast_blind_spots_are_frozen: نقاطِ کورِ AST تکان خورد — متخلفِ نو (5): ['_ops/doctor/poller_uniqueness.py', '_ops/doctor/uniqueness_heartbeat.py', '_ops/tests/test_doctor_uniqueness_heartbeat.py', '_ops/tests/test_merge_effect_p0.py', '_ops/tests/test_poller_uniqueness_doctor.py']
  ❌ t_every_flag_read_has_a_declaration_site: دفترِ فلگ‌های بی‌اعلان تکان خورد — متخلفِ نو (66): ['OCTOPUS_APPROVAL_BINDER_HMAC', 'OCTOPUS_BEAT_HOLDER', 'OCTOPUS_BEAT_LEASE', 'OCTOPUS_BEAT_LEASE_HMAC', 'OCTOPUS_BEAT_LEASE_PATH', 'OCTOPUS_BEAT_ROLE', 'OCTOPUS_BOARD_CP_BIND', 'OCTOPUS_BOARD_CP_DEBUG', 'OCTOPUS_BOARD_CP_PORT', 'OCTOPUS_BOARD_CP_TESTKEY', 'OCTOPUS_BOARD_CP_TLS_DIR', 'OCTOPUS_CAPABILITY_TOKEN_HMAC', 'OCTOPUS_CODE_APPLY_REFRACTORY_S', 'OCTOPUS_CODE_HEAD', 'OCTOPUS_CODE_LOWRISK_FAST_CANARY', 'OCTOPUS_CODE_SHADOW_SUITE_TIMEOUT_S', 'OCTOPUS_CODE_VERSION', 'OCTOPUS_COGNITION_BUCKET', 'OCTOPUS_COGNITION_CAP_TELEGRAM_NORMAL', 'OCTOPUS_COGNITION_CONSUME', 'OCTOPUS_COLLAB_MODEL_DAILY_CAP', 'OCTOPUS_COLLAB_USE_MODEL', 'OCTOPUS_CONSOLIDATION_DEDUP_FUZZY', 'OCTOPUS_FREEZE_PATH', 'OCTOPUS_IMPROVE_REFRACTORY_H', 'OCTOPUS_KILL_SWITCH', 'OCTOPUS_LEAD_DAILY_SEND_CAP', 'OCTOPUS_LEASE_PATH', 'OCTOPUS_MATH_AUTOTUNE_KNOBS', 'OCTOPUS_MATH_CONTROL_OBSERVE', 'OCTOPUS_MATH_CONTROL_SPINE', 'OCTOPUS_MEMORY_DISABLED', 'OCTOPUS_MEMORY_WRITE_ALLOWED', 'OCTOPUS_MINIAPP_DECISION_NONCE_SHADOW', 'OCTOPUS_MINIAPP_FUTURE_SKEW_S', 'OCTOPUS_MINIAPP_INITDATA_TTL_S', 'OCTOPUS_NEURAL_PROTECTIVE_PROPOSAL', 'OCTOPUS_OBSERVE_4D', 'OCTOPUS_OTLP_ALLOW_REMOTE', 'OCTOPUS_PAID_COGNITION', 'OCTOPUS_RUN_ID', 'OCTOPUS_SUL_STATE_DIR', 'OCTOPUS_SUL_WORKTREE', 'OCTOPUS_T48_EVENT_TIME', 'OCTOPUS_TG_DURABLE_OUTBOX', 'OCTOPUS_TG_LOOP_KILL', 'OCTOPUS_TG_SITE_FIRE_LOG', 'OCTOPUS_TG_TRANSPORT_SUBPROCESS', 'OCTOPUS_TRACE_ID', 'OCTOPUS_UNIFIED_CHAT', 'OCTOPUS_V3_KILL_WRITES_STOP', 'OCTOPUS_WIRE_CHORD', 'OCTOPUS_WIRE_COLLAB', 'OCTOPUS_WIRE_COLLAB_DIGEST', 'OCTOPUS_WIRE_COLLAB_MEMORY', 'OCTOPUS_WIRE_CRITICALITY_OTLP', 'OCTOPUS_WIRE_DOCTOR_UNIQUENESS', 'OCTOPUS_WIRE_DUAL_VETO', 'OCTOPUS_WIRE_KERNEL_BRIDGE_READER', 'OCTOPUS_WIRE_LEG_FEED', 'OCTOPUS_WIRE_LIFE_CURRENCY', 'OCTOPUS_WIRE_NOVELTY_GATE', 'OCTOPUS_WIRE_PROVIDER_ROUTER', 'OCTOPUS_WIRE_PULSE_ARBITER_SHADOW', 'OCTOPUS_WIRE_SEMANTIC_ABLATION', 'OCTOPUS_WIRE_SEMANTIC_TRACE']
  ✅ t_every_phantom_is_a_phantom_on_a_fresh_clone
  ✅ t_fixture_is_isolated_from_the_live_vault
  ✅ t_indirect_flag_reads_are_still_detected
  ✅ t_no_registered_test_is_missing_from_disk
  ✅ t_registered_tests_are_tracked_by_git
  ✅ t_scanner_is_not_broken
  ✅ t_the_ledger_is_not_empty

NOTE: OCTOPUS-flags.cmd غایب — structural checks used tracked FLAG-NAMES-MANIFEST.txt (names only). CRLF live-probe N/A.

❌ test_phantom_guards: 7/9
   â†» Ø§Ø¬Ø±Ø§ÛŒ Ø¯ÙˆÙ…: Ù‚Ø±Ù…Ø²Ù-Ù¾Ø§ÛŒØ¯Ø§Ø± â†’ tests/_flaky/test_phantom_guards.py.txt

â”€â”€ test_safety_flags_stay_armed.py â”€â”€â”€â”€â”€â”€â”€â”€â”€â”€â”€â”€â”€â”€â”€â”€â”€â”€â”€â”€â”€â”€â”€â”€â”€â”€â”€â”€â”€
  OK  t_a_the_flags_file_is_readable_and_substantial
  OK  t_b_safety_flags_are_still_armed
  OK  t_c_fail_safe_flags_did_not_get_armed_silently
  OK  t_d_the_kill_seam_is_not_in_the_absence_means_on_list
  OK  t_e_this_test_never_writes_to_the_flags_file

test_safety_flags_stay_armed: 5/5

â”€â”€ test_pii_guard_covers_every_read_tool.py â”€â”€â”€â”€â”€â”€â”€â”€â”€â”€â”€â”€â”€â”€â”€â”€â”€â”€â”€â”€
  OK  t_a_the_hook_and_its_matcher_both_exist
  OK  t_b_read_is_still_blocked_as_before
  OK  t_c_bash_cat_no_longer_walks_around_the_guard
  OK  t_d_everyday_commands_are_not_blocked
  OK  t_e_grep_and_glob_scopes_are_checked
  OK  t_f_end_to_end_through_the_real_process
  OK  t_g_the_guard_still_fails_open_on_garbage

test_pii_guard_covers_every_read_tool: 7/7

â”€â”€ test_obsidian_index_budget.py â”€â”€â”€â”€â”€â”€â”€â”€â”€â”€â”€â”€â”€â”€â”€â”€â”€â”€â”€â”€â”€â”€â”€â”€â”€â”€â”€â”€â”€â”€â”€
  OK  t_a_the_config_is_readable_and_not_empty
  OK  t_b_every_unrenderable_extension_stays_filtered
  OK  t_c_content_extensions_are_never_filtered
  OK  t_d_the_two_move_targets_stay_excluded
  OK  t_e_every_regex_filter_actually_compiles
  OK  t_f_this_test_only_reads

test_obsidian_index_budget: 6/6

â”€â”€ test_vault_hygiene_ratchet.py â”€â”€â”€â”€â”€â”€â”€â”€â”€â”€â”€â”€â”€â”€â”€â”€â”€â”€â”€â”€â”€â”€â”€â”€â”€â”€â”€â”€â”€â”€â”€
  OK  t_a_the_link_validator_actually_ran
  OK  t_b_the_frontmatter_validator_actually_ran
  OK  t_c_curated_broken_links_never_grow
  OK  t_d_total_broken_links_never_grow
  OK  t_e_frontmatter_violations_never_grow
  OK  t_f_the_ledger_comes_down_when_the_debt_is_paid
  OK  t_g_this_test_only_reads

test_vault_hygiene_ratchet: 7/7

â”€â”€ test_every_limb_loads_its_credentials.py â”€â”€â”€â”€â”€â”€â”€â”€â”€â”€â”€â”€â”€â”€â”€â”€â”€â”€â”€â”€
  OK  t_a_every_limb_file_exists
  OK  t_b_every_limb_calls_load_env
  OK  t_c_every_limb_imports_it_too
  OK  t_d_the_gateway_loads_before_it_accepts_a_request
  OK  t_e_validate_init_data_still_fails_closed_without_a_token
  OK  t_f_this_test_never_reads_a_secret_value

test_every_limb_loads_its_credentials: 6/6

â”€â”€ test_no_silent_message_drop.py â”€â”€â”€â”€â”€â”€â”€â”€â”€â”€â”€â”€â”€â”€â”€â”€â”€â”€â”€â”€â”€â”€â”€â”€â”€â”€â”€â”€â”€â”€
  OK  t_a_run_once_exists_and_is_parseable
  OK  t_b_no_except_on_the_message_path_is_silent
  OK  t_c_the_update_handler_failure_goes_to_a_dead_letter
  OK  t_d_the_alert_is_rate_limited_so_it_cannot_become_the_new_spam
  OK  t_e_a_transient_poll_failure_stays_quiet_but_a_persistent_one_shouts
  OK  t_f_the_offset_still_advances_so_a_poison_message_cannot_wedge_the_loop
  OK  t_g_behavioural_a_raising_handler_really_lands_in_the_dead_letter_file
  OK  t_h_this_test_only_reads_the_live_tree

test_no_silent_message_drop: 8/8

â”€â”€ test_telegram_truthful_receipts.py â”€â”€â”€â”€â”€â”€â”€â”€â”€â”€â”€â”€â”€â”€â”€â”€â”€â”€â”€â”€â”€â”€â”€â”€â”€â”€
  OK  t_a_the_file_parses_and_the_anchors_exist
  OK  t_b_the_unknown_sentinel_is_never_rendered_as_a_duration
  OK  t_c_the_receipt_no_longer_claims_the_messages_were_unseen
  OK  t_d_the_death_receipt_is_not_deleted
  OK  t_e_the_leg_card_hash_is_saved_even_when_the_send_is_held
  OK  t_f_a_changed_body_still_gets_sent
  OK  t_g_this_test_only_reads

test_telegram_truthful_receipts: 7/7

â”€â”€ test_inbound_log_and_hang_detection.py â”€â”€â”€â”€â”€â”€â”€â”€â”€â”€â”€â”€â”€â”€â”€â”€â”€â”€â”€â”€â”€â”€
  OK  t_a_anchors_exist
  OK  t_b_every_update_is_logged_before_dispatch
  OK  t_c_the_log_records_shape_and_answers_did_it_arrive
  OK  t_d_the_log_never_stores_the_message_text
  OK  t_e_the_inbound_log_is_silent
  OK  t_f_the_log_is_bounded
  OK  t_g_the_watchdog_no_longer_infers_health_from_existence
  OK  t_h_the_healthy_case_is_still_a_silent_exit
  OK  t_i_the_hang_threshold_leaves_real_headroom

test_inbound_log_and_hang_detection: 9/9

â”€â”€ test_lead_card_buttons_live.py â”€â”€â”€â”€â”€â”€â”€â”€â”€â”€â”€â”€â”€â”€â”€â”€â”€â”€â”€â”€â”€â”€â”€â”€â”€â”€â”€â”€â”€â”€
  OK  t_a_a_click_never_dies_silently
  OK  t_b_the_contact_button_renders_a_tappable_number
  OK  t_c_the_draft_button_renders_the_draft_and_says_it_sends_nothing
  OK  t_d_neither_button_can_send_anything_outbound
  OK  t_e_an_unknown_lead_is_answered_not_swallowed

test_lead_card_buttons_live: 5/5

â”€â”€ test_both_bots_log_inbound.py â”€â”€â”€â”€â”€â”€â”€â”€â”€â”€â”€â”€â”€â”€â”€â”€â”€â”€â”€â”€â”€â”€â”€â”€â”€â”€â”€â”€â”€â”€â”€
  OK  t_a_both_poller_files_exist
  OK  t_b_every_poller_writes_the_inbound_log
  OK  t_c_both_write_to_the_same_file
  OK  t_d_neither_stores_the_message_text
  OK  t_e_the_owner_flag_reads_a_real_attribute
  OK  t_f_the_log_is_bounded_on_both_paths
  OK  t_g_this_test_only_reads
  OK  t_h_a_silenced_update_records_why
  OK  t_i_the_disposition_row_stores_no_message_text

test_both_bots_log_inbound: 9/9

â”€â”€ test_tool_request_sees_its_answers.py â”€â”€â”€â”€â”€â”€â”€â”€â”€â”€â”€â”€â”€â”€â”€â”€â”€â”€â”€â”€â”€â”€â”€
  OK  t_a_the_history_joins_need_to_verdict
  OK  t_b_granted_needs_are_surfaced_explicitly
  OK  t_c_a_denied_need_is_not_reported_as_granted
  OK  t_d_the_context_never_suppresses_a_request
  OK  t_e_it_still_works_on_an_empty_ledger
  OK  t_f_this_test_only_reads_the_live_tree

test_tool_request_sees_its_answers: 6/6

â”€â”€ test_capability_bridge.py â”€â”€â”€â”€â”€â”€â”€â”€â”€â”€â”€â”€â”€â”€â”€â”€â”€â”€â”€â”€â”€â”€â”€â”€â”€â”€â”€â”€â”€â”€â”€â”€â”€â”€â”€
  OK  t_a_status_never_raises_and_has_the_shape
  OK  t_b_a_capability_is_gated_by_its_own_gate_not_by_the_grant
  OK  t_c_a_broken_gate_fails_closed
  OK  t_d_raw_shell_is_registered_but_only_through_its_own_gate
  OK  t_e_the_module_never_executes_anything
  OK  t_f_the_effect_ledger_closes_the_loop
  OK  t_g_the_brain_context_actually_carries_the_capability

test_capability_bridge: 7/7

â”€â”€ test_raw_shell_capability.py â”€â”€â”€â”€â”€â”€â”€â”€â”€â”€â”€â”€â”€â”€â”€â”€â”€â”€â”€â”€â”€â”€â”€â”€â”€â”€â”€â”€â”€â”€â”€â”€
  OK  t_a_it_is_off_until_the_owner_arms_it
  OK  t_b_every_dangerous_command_is_refused
  OK  t_c_ordinary_work_is_not_blocked
  OK  t_d_the_refusal_names_the_rule_it_enforces
  OK  t_e_the_denylist_mirrors_the_constitution_not_a_preference
  OK  t_f_the_receipt_is_written_before_execution
  OK  t_g_a_blocked_command_is_also_audited
  OK  t_h_execution_is_bounded
  OK  t_i_run_is_a_noop_while_disarmed
  OK  t_j_the_shell_has_a_real_caller
  OK  t_k_the_door_does_not_reimplement_the_gate

test_raw_shell_capability: 11/11

â”€â”€ test_phase0_receipt_rig.py â”€â”€â”€â”€â”€â”€â”€â”€â”€â”€â”€â”€â”€â”€â”€â”€â”€â”€â”€â”€â”€â”€â”€â”€â”€â”€â”€â”€â”€â”€â”€â”€â”€â”€
  OK  t_a_every_anchor_exists
  OK  t_b_the_binding_wraps_dispatch_and_is_released_in_finally
  OK  t_c_a_bound_send_carries_the_update_id
  OK  t_d_an_invalid_id_clears_rather_than_keeping_the_previous_one
  OK  t_e_a_flag_gated_command_is_explained_not_silent
  OK  t_f_arrival_and_disposition_share_one_update_id
  FAIL t_g_a_bridge_that_reports_an_unsent_reply_is_recorded: AssertionError: پلی که چیزی نفرستاد، بی‌رد ماند — سکوتی که موفق ظاهر می‌شود
  OK  t_h_the_disposition_row_stores_no_message_text
  OK  t_i_the_three_verdicts_are_distinguished
  OK  t_j_pre_rig_arrivals_are_never_accused_of_silence
  OK  t_k_the_tool_checks_its_own_timezone_assumption
  OK  t_l_a_withheld_reply_is_not_counted_as_silence
  OK  t_m_the_inner_bot_binds_too_or_the_rig_lies
  OK  t_n_a_stale_label_from_a_crashed_round_is_cleared_on_entry
  OK  t_o_a_message_with_no_text_body_is_explained
  FAIL t_p_the_free_text_terminus_no_longer_swallows_in_silence: AssertionError: پایانهٔ متنِ آزاد هنوز بی‌صدا می‌بلعد
  OK  t_q_every_row_names_the_bot_that_saw_it

test_phase0_receipt_rig: 15/17
   â†» Ø§Ø¬Ø±Ø§ÛŒ Ø¯ÙˆÙ…: Ù‚Ø±Ù…Ø²Ù-Ù¾Ø§ÛŒØ¯Ø§Ø± â†’ tests/_flaky/test_phase0_receipt_rig.py.txt

â”€â”€ test_living_card.py â”€â”€â”€â”€â”€â”€â”€â”€â”€â”€â”€â”€â”€â”€â”€â”€â”€â”€â”€â”€â”€â”€â”€â”€â”€â”€â”€â”€â”€â”€â”€â”€â”€â”€â”€â”€â”€â”€â”€â”€â”€
  OK  t_a_disabled_means_zero_network_calls
  OK  t_b_first_put_sends_then_second_edits_the_same_message
  OK  t_c_unchanged_content_costs_nothing
  OK  t_d_a_keyboard_change_alone_still_counts_as_a_change
  OK  t_e_a_deleted_card_comes_back
  OK  t_f_a_total_failure_is_reported_not_swallowed
  OK  t_g_empty_text_never_reaches_telegram
  OK  t_h_the_state_never_stores_the_message_text
  OK  t_i_counters_make_the_effect_measurable
  OK  t_j_moving_a_card_to_another_chat_starts_a_new_message
  OK  t_k_two_names_are_two_independent_cards
  OK  t_l_corrupt_state_does_not_explode
  OK  t_m_the_module_has_no_side_effects_at_import
  OK  t_n_with_the_flag_off_the_boot_receipt_is_an_ordinary_message
  OK  t_o_with_the_flag_on_every_later_boot_edits_the_same_message
  OK  t_p_the_card_carries_a_restart_counter
  OK  t_q_the_counter_resets_on_a_new_day

test_living_card: 17/17

â”€â”€ test_tg_traffic.py â”€â”€â”€â”€â”€â”€â”€â”€â”€â”€â”€â”€â”€â”€â”€â”€â”€â”€â”€â”€â”€â”€â”€â”€â”€â”€â”€â”€â”€â”€â”€â”€â”€â”€â”€â”€â”€â”€â”€â”€â”€â”€
  OK  t_a_new_edit_held_are_counted_apart
  OK  t_b_the_window_actually_excludes_older_rows
  OK  t_c_dm_and_group_are_split_by_chat_sign
  OK  t_d_duplicates_need_the_same_stream_chat_and_content
  OK  t_e_a_historical_burst_is_named_as_historical
  OK  t_f_a_live_burst_is_never_excused_as_historical
  OK  t_g_a_burst_that_is_dying_but_not_dead_is_not_excused
  OK  t_h_tiny_clusters_are_not_worth_a_warning
  OK  t_i_an_empty_log_reports_nothing_rather_than_exploding
  OK  t_j_a_corrupt_row_drops_only_itself

test_tg_traffic: 10/10

â”€â”€ test_stall_probe.py â”€â”€â”€â”€â”€â”€â”€â”€â”€â”€â”€â”€â”€â”€â”€â”€â”€â”€â”€â”€â”€â”€â”€â”€â”€â”€â”€â”€â”€â”€â”€â”€â”€â”€â”€â”€â”€â”€â”€â”€â”€
  OK  t_a_the_threshold_is_below_the_killer
  OK  t_b_it_reads_the_same_pulse_file_the_watchdog_reads
  OK  t_c_a_fresh_pulse_is_not_a_stall
  OK  t_d_a_stale_pulse_is_detected
  OK  t_e_an_unreadable_pulse_is_unknown_not_healthy
  OK  t_f_the_dump_contains_every_thread
  OK  t_g_the_dump_never_leaks_a_secret_or_message_text
  OK  t_h_a_stall_dumps_once_not_every_poll
  OK  t_i_a_healthy_pulse_produces_no_dump
  OK  t_j_the_center_actually_starts_the_probe
  OK  t_k_the_probe_thread_is_a_daemon
  OK  t_l_an_uncaught_exception_lands_in_the_crash_log
  OK  t_m_a_background_thread_crash_is_not_lost
  OK  t_n_the_center_installs_the_crash_log_too

test_stall_probe: 14/14

â”€â”€ test_miniapp_registration.py â”€â”€â”€â”€â”€â”€â”€â”€â”€â”€â”€â”€â”€â”€â”€â”€â”€â”€â”€â”€â”€â”€â”€â”€â”€â”€â”€â”€â”€â”€â”€â”€
  OK  t_a_only_read_only_methods_are_called
  OK  t_b_the_live_state_is_reported_as_unregistered
  OK  t_c_a_registered_main_app_is_green
  OK  t_d_a_matching_menu_button_is_green
  OK  t_e_a_menu_pointing_elsewhere_is_a_mismatch_not_green
  OK  t_f_unknown_is_never_ok
  OK  t_g_a_malformed_reply_is_unknown_not_green
  OK  t_h_an_ephemeral_host_is_flagged
  OK  t_i_the_url_is_never_returned_or_printed
  OK  t_j_the_readiness_report_consumes_this
  OK  t_k_the_menu_button_is_read_in_the_owners_chat_scope

test_miniapp_registration: 11/11

â”€â”€ test_miniapp_shell_2026.py â”€â”€â”€â”€â”€â”€â”€â”€â”€â”€â”€â”€â”€â”€â”€â”€â”€â”€â”€â”€â”€â”€â”€â”€â”€â”€â”€â”€â”€â”€â”€â”€â”€â”€
  OK  t_a_the_shell_module_and_its_test_exist
  OK  t_b_the_gateway_serves_the_shell
  OK  t_c_the_shell_is_reachable_through_the_real_router
  OK  t_d_index_html_loads_the_shell_before_the_app
  OK  t_e_the_css_actually_consumes_the_insets
  OK  t_f_the_javascript_suite_actually_runs_and_passes
  OK  t_g_the_shell_never_assumes_an_api_exists
  OK  t_h_every_tab_has_a_renderer_and_the_fallback_is_loud
  OK  t_i_latin_values_are_bidi_isolated
  OK  t_j_persian_text_never_gets_letter_spacing
  OK  t_k_the_persian_font_stack_is_real

test_miniapp_shell_2026: 11/11

â”€â”€ test_sync_health_unknown.py â”€â”€â”€â”€â”€â”€â”€â”€â”€â”€â”€â”€â”€â”€â”€â”€â”€â”€â”€â”€â”€â”€â”€â”€â”€â”€â”€â”€â”€â”€â”€â”€â”€
  ✅ t_a_record_without_any_run_is_unknown_not_ok
  ✅ t_absence_never_renders_as_a_number
  ✅ t_clock_is_fully_injectable
  ✅ t_corrupt_ledger_is_unknown_not_green
  ✅ t_divergence_with_a_missing_measurement_is_unknown
  ✅ t_ledger_of_the_wrong_shape_is_unknown
  ✅ t_live_vessels_stay_absent
  ✅ t_module_paths_are_isolated_from_the_live_vault
  ✅ t_recorded_failure_is_err_not_unknown
  ✅ t_reporting_creates_no_vessel
  ✅ t_single_record_fixture_greens_only_that_one
  ✅ t_stale_success_is_err_and_warn_band_is_warn
  ✅ t_three_targets_are_unknown_when_the_ledger_is_absent
  ✅ t_unknown_is_never_confusable_with_a_level
  ✅ t_write_snapshot_does_not_clobber_the_ledger

OK test_sync_health_unknown: 15/15

â”€â”€ test_arbiter_consensus_rule.py â”€â”€â”€â”€â”€â”€â”€â”€â”€â”€â”€â”€â”€â”€â”€â”€â”€â”€â”€â”€â”€â”€â”€â”€â”€â”€â”€â”€â”€â”€
  ✅ t_brake_still_wins_over_the_new_rule
  ✅ t_cardiac_is_stamped_constant_while_mass_is_pinned
  ✅ t_control_law_is_stamped_held_when_the_snapshot_is_old
  ✅ t_counts_are_exhaustive
  ✅ t_no_production_consumer_branches_on_the_driver_string
  ✅ t_one_mover_is_solo_not_consensus
  ✅ t_two_movers_is_still_consensus
  ✅ t_unknown_mode_does_not_count_as_moving
  ✅ t_vote_carries_the_three_new_fields
  ✅ t_zero_movers_is_frozen_never_consensus

OK test_arbiter_consensus_rule: 10/10

â”€â”€ test_state_write_monopoly.py â”€â”€â”€â”€â”€â”€â”€â”€â”€â”€â”€â”€â”€â”€â”€â”€â”€â”€â”€â”€â”€â”€â”€â”€â”€â”€â”€â”€â”€â”€â”€â”€
  ✅ t_a_second_direct_writer_is_caught_with_file_and_symbol
  ✅ t_allowlist_is_exactly_one_entry
  ✅ t_an_indirect_writer_is_caught_too
  ✅ t_fixture_with_the_sole_writer_is_clean
  ✅ t_readers_are_not_flagged
  ✅ t_the_live_tree_has_exactly_one_writer
  ✅ t_write_text_on_the_state_file_is_caught

OK test_state_write_monopoly: 7/7

â”€â”€ test_scanner_provenance.py â”€â”€â”€â”€â”€â”€â”€â”€â”€â”€â”€â”€â”€â”€â”€â”€â”€â”€â”€â”€â”€â”€â”€â”€â”€â”€â”€â”€â”€â”€â”€â”€â”€â”€
  ✅ t_a_capped_reference_scan_yields_unknown_not_a_number
  ✅ t_a_docstring_mention_is_not_a_reader
  ✅ t_a_missing_control_plane_file_is_unknown_not_green
  ✅ t_a_missing_source_renders_unknown_never_green_never_zero
  ✅ t_a_present_source_keeps_its_own_colour
  ✅ t_a_real_reader_is_counted
  ✅ t_every_metric_row_carries_a_provenance_stamp
  ✅ t_held_is_actually_reachable
  ✅ t_ingest_still_consumes_the_new_row_shape
  ✅ t_organism_state_top_level_ts_never_certifies_a_key
  ✅ t_provenance_absence_is_declared_not_simulated
  ✅ t_the_constant_verdict_is_measured_not_asserted
  ✅ t_the_doctors_own_test_fixtures_are_not_counted
  ✅ t_the_fixture_is_not_the_live_tree
  ✅ t_the_frozen_control_plane_renders_constant_not_green
  ✅ t_the_frozen_literal_becomes_a_finding
  ✅ t_the_keys_ingest_reads_are_untouched
  ✅ t_the_other_modules_key_was_not_renamed
  ✅ t_the_stamp_alone_would_have_called_it_live
  ✅ t_the_two_self_awareness_quantities_no_longer_share_a_name

✅ test_scanner_provenance: 20/20

â”€â”€ test_card_spec_contract.py â”€â”€â”€â”€â”€â”€â”€â”€â”€â”€â”€â”€â”€â”€â”€â”€â”€â”€â”€â”€â”€â”€â”€â”€â”€â”€â”€â”€â”€â”€â”€â”€â”€â”€
  ✅ t_contract_run_touches_zero_bytes_of_live_state
  ✅ t_the_legacy_shortcut_has_no_callers
  ✅ t_the_legacy_shortcut_is_retired
  ✅ t_the_shortcut_refuses_instead_of_producing_a_receiptless_terminal
  ✅ t_three_different_effectors_share_one_envelope_and_all_reach_applied
  ✅ t_without_a_receipt_it_cannot_reach_applied
  ✅ t_without_an_operation_key_it_cannot_reach_applied

OK test_card_spec_contract: 7/7

â”€â”€ test_reconcile_card.py â”€â”€â”€â”€â”€â”€â”€â”€â”€â”€â”€â”€â”€â”€â”€â”€â”€â”€â”€â”€â”€â”€â”€â”€â”€â”€â”€â”€â”€â”€â”€â”€â”€â”€â”€â”€â”€â”€
  ✅ t_absent_store_is_unknown_never_zero_debt
  ✅ t_applied_rows_are_not_debt
  ✅ t_building_touches_zero_bytes_of_live_state
  ✅ t_min_age_threshold_holds_fresh_debt_back
  ✅ t_no_debt_returns_none_not_a_card
  ✅ t_oldest_is_reported_with_its_age
  ✅ t_rows_with_a_receipt_are_not_debt
  ✅ t_state_dir_is_mandatory
  ✅ t_the_card_is_content_free
  ✅ t_the_card_is_idempotent_by_id
  ✅ t_the_module_neither_writes_nor_sends
  ✅ t_twentyone_rows_produce_exactly_one_card

OK test_reconcile_card: 12/12

â”€â”€ test_proposal_metrics_honesty.py â”€â”€â”€â”€â”€â”€â”€â”€â”€â”€â”€â”€â”€â”€â”€â”€â”€â”€â”€â”€â”€â”€â”€â”€â”€â”€â”€â”€
  ✅ t_a_fixture_is_never_the_live_tree
  ✅ t_b_state_dir_comes_from_env_not_from_the_repo
  ✅ t_c_the_in_memory_source_reports_zero_against_a_real_backlog
  ✅ t_d_off_is_byte_identical_to_pre_c7
  ✅ t_e_default_is_shadow_and_moves_no_published_number
  ✅ t_f_owner_vote_still_pays_one_shadow_cycle_first
  ✅ t_g_a_fresh_process_pays_the_shadow_cycle_again
  ✅ t_h_effected_is_surfaced_as_an_explicit_zero
  ✅ t_i_applied_without_a_receipt_is_not_an_effect
  ✅ t_j_missing_source_is_unknown_not_zero
  ✅ t_k_a_broken_fold_never_kills_the_tick
  ✅ t_l_published_block_is_stable_between_cycles
  ✅ t_m_derived_keys_go_unknown_when_the_source_moves
  ✅ t_n_the_fold_writes_nothing_to_the_card_store
  ✅ t_o_the_lifecycle_read_is_memoised
  ✅ t_p_the_writer_chain_is_unchanged_and_singular
  ✅ t_q_goal_baseline_sees_no_movement_in_shadow

✅ test_proposal_metrics_honesty: 17/17

â”€â”€ test_miniapp_lifecycle_view.py â”€â”€â”€â”€â”€â”€â”€â”€â”€â”€â”€â”€â”€â”€â”€â”€â”€â”€â”€â”€â”€â”€â”€â”€â”€â”€â”€â”€â”€â”€
  ✅ t_a_renamed_decision_field_renders_unknown_not_a_clean_zero
  ✅ t_absence_renders_unknown_never_zero
  ✅ t_dispatcher_takes_no_method_argument
  ✅ t_effected_is_zero_only_when_a_receipt_is_missing
  ✅ t_fixture_is_never_the_live_tree
  ✅ t_flag_off_opens_no_file_at_all
  ✅ t_flag_off_the_route_does_not_exist
  ✅ t_gateway_405_wall_is_byte_identical
  ✅ t_projection_keys_are_a_closed_whitelist
  ✅ t_serialised_body_carries_zero_card_text_or_token_material
  ✅ t_sources_are_a_pinned_allowlist_not_derived_text
  ✅ t_stalled_equals_the_probe
  ✅ t_the_flag_is_the_only_gate_and_it_holds_in_all_three_directions
  ✅ t_the_second_wall_refuses_a_leaking_projection
  ✅ t_this_module_declares_no_write_verb
  ✅ t_write_verbs_on_the_view_are_405_and_the_store_is_byte_identical

OK test_miniapp_lifecycle_view: 16/16

â”€â”€ test_owner_debt.py â”€â”€â”€â”€â”€â”€â”€â”€â”€â”€â”€â”€â”€â”€â”€â”€â”€â”€â”€â”€â”€â”€â”€â”€â”€â”€â”€â”€â”€â”€â”€â”€â”€â”€â”€â”€â”€â”€â”€â”€â”€â”€
  ✅ t_absent_store_is_unknown_not_zero_waiting
  ✅ t_applied_without_receipt_is_still_ineffective
  ✅ t_corrupt_store_is_unknown_not_zero_waiting
  ✅ t_counts_come_from_the_fold
  ✅ t_decided_but_never_effected_is_the_load_bearing_number
  ✅ t_fold_failure_is_unknown_not_zero
  ✅ t_level_is_monotone_in_age
  ✅ t_module_imports_no_telegram_or_network
  ✅ t_module_writes_nothing
  ✅ t_older_debt_is_strictly_louder
  ✅ t_sentence_and_dict_are_content_free
  ✅ t_state_dir_is_mandatory
  ✅ t_unknown_never_carries_a_count_key
  ✅ t_writes_nothing_under_the_live_vault
  ✅ t_zero_debt_produces_no_sentence
  ✅ t_zero_production_callers_on_day_one

OK test_owner_debt: 16/16

â”€â”€ test_metadata_scan_honesty.py â”€â”€â”€â”€â”€â”€â”€â”€â”€â”€â”€â”€â”€â”€â”€â”€â”€â”€â”€â”€â”€â”€â”€â”€â”€â”€â”€â”€â”€â”€â”€
  ✅ t_a_claude_dir_is_excluded_and_normal_dirs_are_counted
  ✅ t_b_exclude_dirs_declares_git_and_claude
  ✅ t_c_excluded_dirs_is_published_in_the_manifest
  ✅ t_d_truncated_is_true_when_cap_is_tiny
  ✅ t_e_truncated_is_false_when_cap_is_generous
  ✅ t_f_capped_scan_renders_unknown_not_a_number
  ✅ t_g_unknown_on_unreadable_result_never_zero
  ✅ t_h_by_top_dir_sums_to_files_seen
  ✅ t_i_by_top_dir_sums_even_when_truncated
  ✅ t_j_center_call_site_does_not_pass_max_files
  ✅ t_k_center_call_site_keeps_the_sixty_second_cap
  ✅ t_l_module_declares_exactly_one_file_cap

✅ test_metadata_scan_honesty: 12/12

â”€â”€ test_sog_provenance.py â”€â”€â”€â”€â”€â”€â”€â”€â”€â”€â”€â”€â”€â”€â”€â”€â”€â”€â”€â”€â”€â”€â”€â”€â”€â”€â”€â”€â”€â”€â”€â”€â”€â”€â”€â”€â”€â”€
  ✅ t_every_fixture_path_is_outside_the_live_vault
  ✅ t_matching_file_is_verified
  ✅ t_missing_source_is_unverifiable
  ✅ t_numeric_gate_outputs_are_bit_identical
  ✅ t_one_byte_changed_is_mismatch_not_verified
  ✅ t_only_a_real_sha256_counts_as_verifiable
  ✅ t_read_lock_absent_returns_unknown_not_empty
  ✅ t_read_lock_corrupt_returns_unknown
  ✅ t_read_lock_present_is_returned_untouched
  ✅ t_run_lock_main_exits_non_zero_and_touches_no_lock
  ✅ t_run_lock_refuses_and_leaves_the_lock_byte_identical
  ✅ t_run_lock_still_writes_when_provenance_is_verifiable
  ✅ t_shadow_latest_still_has_exactly_one_writer
  ✅ t_shadow_stamps_sog_provenance_from_sog_math
  ✅ t_unavailable_string_is_not_a_verifiable_digest
  ✅ t_unverifiable_recorded_digest_cannot_be_matched

OK test_sog_provenance: 16/16

â”€â”€ test_funnel_cmd.py â”€â”€â”€â”€â”€â”€â”€â”€â”€â”€â”€â”€â”€â”€â”€â”€â”€â”€â”€â”€â”€â”€â”€â”€â”€â”€â”€â”€â”€â”€â”€â”€â”€â”€â”€â”€â”€â”€â”€â”€â”€â”€
  ✅ t_a_missing_lead_id_is_refused_with_a_hint
  ✅ t_a_win_is_actually_recorded
  ✅ t_an_unknown_verb_creates_no_data
  ✅ t_every_verb_is_reachable_and_never_advertised_in_the_dm_menu
  ✅ t_every_verb_maps_to_a_contract_event
  ✅ t_flag_off_records_nothing_but_says_how_to_turn_it_on
  ✅ t_paid_moves_no_money_and_sends_nothing
  ✅ t_recording_twice_is_idempotent
  ✅ t_the_card_lists_the_verbs_for_the_owner
  ✅ t_the_card_says_plainly_that_nothing_moved
  ✅ t_the_dark_card_admits_what_is_lost
  ✅ t_the_module_never_touches_confirmed_revenue

✅ test_funnel_cmd: 12/12

â”€â”€ test_two_bot_bridge.py â”€â”€â”€â”€â”€â”€â”€â”€â”€â”€â”€â”€â”€â”€â”€â”€â”€â”€â”€â”€â”€â”€â”€â”€â”€â”€â”€â”€â”€â”€â”€â”€â”€â”€â”€â”€â”€â”€
  ✅ t_a_command_the_cards_advertise_is_reachable_from_the_group
  ✅ t_every_organism_command_is_covered_without_naming_it
  ✅ t_the_bridge_is_generic_not_a_hand_written_list
  ✅ t_the_bridge_is_tried_only_for_unknown_commands
  ✅ t_the_bridge_never_breaks_the_existing_path
  ✅ t_the_bridge_passes_the_real_sender_so_owner_gates_fire
  ✅ t_the_bridge_runs_in_process_not_as_a_second_poller
  ✅ t_the_emergency_commands_are_covered_by_the_bridge
  ✅ t_the_organism_router_still_owns_its_own_gates

✅ test_two_bot_bridge: 9/9

â”€â”€ test_self_coding_chain.py â”€â”€â”€â”€â”€â”€â”€â”€â”€â”€â”€â”€â”€â”€â”€â”€â”€â”€â”€â”€â”€â”€â”€â”€â”€â”€â”€â”€â”€â”€â”€â”€â”€â”€â”€
  ✅ t_a_broken_offer_never_kills_the_patch_loop
  ✅ t_a_broken_shadow_never_raises
  ✅ t_a_code_patch_always_requires_a_human
  ✅ t_a_green_patch_is_offered_when_armed
  ✅ t_a_red_patch_is_never_offered
  ✅ t_changing_the_patch_changes_the_action_hash
  ✅ t_flag_off_offers_nothing_at_all
  ✅ t_self_patch_never_applies_anything_itself
  ✅ t_the_approval_still_expires
  ✅ t_the_authz_shadow_is_off_by_default
  ✅ t_the_chain_has_no_hidden_shortcut_to_the_live_tree
  ✅ t_the_isolated_shadow_test_still_gates_everything
  ✅ t_the_patch_record_carries_the_actual_patch_text
  ✅ t_the_record_shape_matches_what_the_card_builder_needs
  ✅ t_the_same_patch_gives_the_same_hash
  ✅ t_the_shadow_log_stays_in_the_isolated_tree
  ✅ t_the_shadow_never_gates_the_offer

✅ test_self_coding_chain: 17/17

â”€â”€ test_output_critic.py â”€â”€â”€â”€â”€â”€â”€â”€â”€â”€â”€â”€â”€â”€â”€â”€â”€â”€â”€â”€â”€â”€â”€â”€â”€â”€â”€â”€â”€â”€â”€â”€â”€â”€â”€â”€â”€â”€â”€
  ✅ t_a_counter_change_is_not_a_new_message
  ✅ t_a_dead_command_is_actually_caught
  ✅ t_a_dead_command_suggestion_is_flagged
  ✅ t_a_message_without_commands_is_not_punished
  ✅ t_actionability_becomes_measurable_when_a_command_is_suggested
  ✅ t_an_unmeasurable_dimension_stays_none_not_zero
  ✅ t_every_score_is_bounded_and_higher_is_better
  ✅ t_genuinely_different_messages_score_well
  ✅ t_hostile_input_never_raises
  ✅ t_no_commands_still_returns_none_not_zero
  ✅ t_saying_unknown_without_investigating_is_flagged
  ✅ t_the_card_says_the_score_is_advice_not_a_filter
  ✅ t_the_critic_never_blocks_or_sends_anything
  ✅ t_the_critic_reads_the_real_reachable_command_set
  ✅ t_the_held_stream_is_a_source
  ✅ t_the_real_repeated_research_would_be_caught

✅ test_output_critic: 16/16

â”€â”€ test_callback_routing.py â”€â”€â”€â”€â”€â”€â”€â”€â”€â”€â”€â”€â”€â”€â”€â”€â”€â”€â”€â”€â”€â”€â”€â”€â”€â”€â”€â”€â”€â”€â”€â”€â”€â”€â”€â”€
  ✅ t_a_card_sent_by_the_organism_bot_is_routed_by_the_organism_bot
  ✅ t_every_emitted_callback_fits_the_64_byte_cap
  ✅ t_every_emitted_callback_verb_is_routed
  ✅ t_negotiate_and_mirror_emit_the_verbs_they_claim
  ✅ t_the_center_callback_handler_actually_knows_them
  ✅ t_the_two_verbs_that_were_dead_are_now_routed

✅ test_callback_routing: 6/6

â”€â”€ test_self_patch.py â”€â”€â”€â”€â”€â”€â”€â”€â”€â”€â”€â”€â”€â”€â”€â”€â”€â”€â”€â”€â”€â”€â”€â”€â”€â”€â”€â”€â”€â”€â”€â”€â”€â”€â”€â”€â”€â”€â”€â”€â”€â”€
  ✅ t_a_denied_target_is_refused_before_the_brain_is_asked
  ✅ t_a_green_shadow_produces_a_proposal
  ✅ t_a_red_shadow_never_becomes_a_card
  ✅ t_allowlist_is_borrowed_not_redefined
  ✅ t_an_unchanged_candidate_is_honesty_not_success
  ✅ t_arm_gate_allow_does_not_spam_an_alert
  ✅ t_arm_gate_default_off_is_byte_identical
  ✅ t_arm_gate_only_narrows_never_widens
  ✅ t_arm_gate_sensitive_default_allows_with_a_fresh_two_key_token
  ✅ t_arm_gate_sensitive_default_denies_without_a_fresh_token
  ✅ t_audit_a_corrupt_line_does_not_blank_the_whole_queue
  ✅ t_audit_a_failed_defect_reaches_the_owner
  ✅ t_audit_a_silent_downgrade_never_writes_a_patch
  ✅ t_audit_a_stale_taken_row_is_reopened_not_buried
  ✅ t_audit_a_transient_failure_does_not_burn_the_defect_forever
  ✅ t_audit_brain_silence_is_never_recorded_as_clean
  ✅ t_audit_the_downgrade_alert_tells_the_daily_cap_from_a_real_failure
  ✅ t_audit_the_input_cap_cannot_exceed_the_output_budget
  ✅ t_audit_transient_retries_are_bounded
  ✅ t_brain_silence_is_not_a_patch
  ✅ t_code_fences_are_stripped
  ✅ t_daily_cap_protects_owner_attention
  ✅ t_flag_off_does_nothing
  ✅ t_it_never_writes_to_the_live_tree
  ✅ t_loop_a_real_defect_is_queued_exactly_once
  ✅ t_loop_beat_async_flag_off_spawns_nothing
  ✅ t_loop_beat_async_never_blocks_and_never_doubles
  ✅ t_loop_clean_answer_queues_nothing
  ✅ t_loop_drive_locks_the_row_before_the_brain_call
  ✅ t_loop_drive_respects_effective_state_not_raw_rows
  ✅ t_loop_garbage_review_output_queues_nothing
  ✅ t_loop_green_drive_delivers_a_card_and_survives_a_dead_channel
  ✅ t_loop_red_shadow_drive_sends_no_card
  ✅ t_loop_review_burns_the_day_before_the_expensive_call
  ✅ t_loop_review_flag_off_is_a_pure_noop
  ✅ t_loop_review_is_pinned_to_the_expensive_tier
  ✅ t_loop_review_rotates_files_across_days
  ✅ t_loop_review_targets_all_pass_the_borrowed_allowlist
  ✅ t_money_and_secret_paths_stay_denied
  ✅ t_the_card_says_what_happens_if_ignored
  ✅ t_the_narrowed_scope_is_locked_not_just_unused

✅ test_self_patch: 41/41

â”€â”€ test_self_patch_quota.py â”€â”€â”€â”€â”€â”€â”€â”€â”€â”€â”€â”€â”€â”€â”€â”€â”€â”€â”€â”€â”€â”€â”€â”€â”€â”€â”€â”€â”€â”€â”€â”€â”€â”€â”€â”€
  ✅ t_cap_derives_from_shared_fugu_cap_and_share_env
  ✅ t_cap_fails_closed_when_fugu_quota_is_unavailable
  ✅ t_cap_falls_back_to_default_share_on_garbage_env
  ✅ t_cap_is_at_least_one_even_with_a_tiny_share
  ✅ t_count_increments_before_any_network_attempt
  ✅ t_default_share_comfortably_covers_self_patchs_real_daily_ceiling
  ✅ t_default_share_is_within_the_recommended_band
  ✅ t_drive_treats_self_patch_quota_as_transient_not_a_final_failure
  ✅ t_may_spend_blocks_once_the_cap_is_reached
  ✅ t_propose_never_calls_the_brain_once_quota_is_spent
  ✅ t_propose_proceeds_normally_while_quota_has_room
  ✅ t_quota_counter_is_isolated_from_daily_cap_records
  ✅ t_review_never_calls_the_brain_once_quota_is_spent
  ✅ t_review_proceeds_normally_while_quota_has_room
  ✅ t_used_is_scoped_to_today_and_ignores_other_days

✅ test_self_patch_quota: 15/15
test_activation_present_mints_both_keys (__main__.ArmRenewal.test_activation_present_mints_both_keys) ... C:\Users\Armin\.zcode\tmp\octopus-heart-g4-20260825\_ops\tests\test_arm_renewal.py:71: ResourceWarning: unclosed file <_io.TextIOWrapper name='C:\\Users\\Armin\\AppData\\Local\\Temp\\armrenewal_f_r48bvb\\arm\\code_autonomy.arm.json' mode='r' encoding='utf-8'>
  return json.loads(open(p, encoding="utf-8").read())
ResourceWarning: Enable tracemalloc to get the object allocation traceback
C:\Users\Armin\.zcode\tmp\octopus-heart-g4-20260825\_ops\tests\test_arm_renewal.py:71: ResourceWarning: unclosed file <_io.TextIOWrapper name='C:\\Users\\Armin\\AppData\\Local\\Temp\\armrenewal_f_r48bvb\\arm\\code_autonomy.arm2.json' mode='r' encoding='utf-8'>
  return json.loads(open(p, encoding="utf-8").read())
ResourceWarning: Enable tracemalloc to get the object allocation traceback
ok
test_cooldown_elapsed_allows_recheck (__main__.ArmRenewal.test_cooldown_elapsed_allows_recheck) ... ok
test_cooldown_skips_immediate_second_call (__main__.ArmRenewal.test_cooldown_skips_immediate_second_call) ... ok
test_corrupt_token_is_reminted (__main__.ArmRenewal.test_corrupt_token_is_reminted) ... C:\Users\Armin\.zcode\tmp\octopus-heart-g4-20260825\_ops\tests\test_arm_renewal.py:171: ResourceWarning: unclosed file <_io.TextIOWrapper name='C:\\Users\\Armin\\AppData\\Local\\Temp\\armrenewal_cbw43ih6\\arm\\code_autonomy.arm.json' mode='w' encoding='utf-8'>
  open(p, "w", encoding="utf-8").write("{not-json")
ResourceWarning: Enable tracemalloc to get the object allocation traceback
C:\Users\Armin\.zcode\tmp\octopus-heart-g4-20260825\_ops\tests\test_arm_renewal.py:173: ResourceWarning: unclosed file <_io.TextIOWrapper name='C:\\Users\\Armin\\AppData\\Local\\Temp\\armrenewal_cbw43ih6\\arm\\code_autonomy.arm2.json' mode='w' encoding='utf-8'>
  encoding="utf-8").write(json.dumps({"capability": "code_autonomy",
ResourceWarning: Enable tracemalloc to get the object allocation traceback
ok
test_flag_off_is_noop (__main__.ArmRenewal.test_flag_off_is_noop) ... ok
test_fresh_token_not_reminted (__main__.ArmRenewal.test_fresh_token_not_reminted) ... C:\Users\Armin\.zcode\tmp\octopus-heart-g4-20260825\_ops\tests\test_arm_renewal.py:61: ResourceWarning: unclosed file <_io.TextIOWrapper name='C:\\Users\\Armin\\AppData\\Local\\Temp\\armrenewal_wwki96bz\\arm\\code_autonomy.arm.json' mode='w' encoding='utf-8'>
  open(p, "w", encoding="utf-8").write(json.dumps(tok))
ResourceWarning: Enable tracemalloc to get the object allocation traceback
C:\Users\Armin\.zcode\tmp\octopus-heart-g4-20260825\_ops\tests\test_arm_renewal.py:61: ResourceWarning: unclosed file <_io.TextIOWrapper name='C:\\Users\\Armin\\AppData\\Local\\Temp\\armrenewal_wwki96bz\\arm\\code_autonomy.arm2.json' mode='w' encoding='utf-8'>
  open(p, "w", encoding="utf-8").write(json.dumps(tok))
ResourceWarning: Enable tracemalloc to get the object allocation traceback
C:\Users\Armin\.zcode\tmp\octopus-heart-g4-20260825\_ops\tests\test_arm_renewal.py:71: ResourceWarning: unclosed file <_io.TextIOWrapper name='C:\\Users\\Armin\\AppData\\Local\\Temp\\armrenewal_wwki96bz\\arm\\code_autonomy.arm.json' mode='r' encoding='utf-8'>
  return json.loads(open(p, encoding="utf-8").read())
ResourceWarning: Enable tracemalloc to get the object allocation traceback
ok
test_future_timestamp_token_is_reminted (__main__.ArmRenewal.test_future_timestamp_token_is_reminted) ... C:\Users\Armin\.zcode\tmp\octopus-heart-g4-20260825\_ops\tests\test_arm_renewal.py:61: ResourceWarning: unclosed file <_io.TextIOWrapper name='C:\\Users\\Armin\\AppData\\Local\\Temp\\armrenewal_62hkggwc\\arm\\code_autonomy.arm.json' mode='w' encoding='utf-8'>
  open(p, "w", encoding="utf-8").write(json.dumps(tok))
ResourceWarning: Enable tracemalloc to get the object allocation traceback
C:\Users\Armin\.zcode\tmp\octopus-heart-g4-20260825\_ops\tests\test_arm_renewal.py:61: ResourceWarning: unclosed file <_io.TextIOWrapper name='C:\\Users\\Armin\\AppData\\Local\\Temp\\armrenewal_62hkggwc\\arm\\code_autonomy.arm2.json' mode='w' encoding='utf-8'>
  open(p, "w", encoding="utf-8").write(json.dumps(tok))
ResourceWarning: Enable tracemalloc to get the object allocation traceback
ok
test_hmac_signed_token_verifies_via_arm_gate (__main__.ArmRenewal.test_hmac_signed_token_verifies_via_arm_gate) ... C:\Users\Armin\.zcode\tmp\octopus-heart-g4-20260825\_ops\tests\test_arm_renewal.py:71: ResourceWarning: unclosed file <_io.TextIOWrapper name='C:\\Users\\Armin\\AppData\\Local\\Temp\\armrenewal_b2bstctx\\arm\\code_autonomy.arm.json' mode='r' encoding='utf-8'>
  return json.loads(open(p, encoding="utf-8").read())
ResourceWarning: Enable tracemalloc to get the object allocation traceback
ok
test_keys_are_random_hex_and_differ_per_slot (__main__.ArmRenewal.test_keys_are_random_hex_and_differ_per_slot) ... C:\Users\Armin\.zcode\tmp\octopus-heart-g4-20260825\_ops\tests\test_arm_renewal.py:71: ResourceWarning: unclosed file <_io.TextIOWrapper name='C:\\Users\\Armin\\AppData\\Local\\Temp\\armrenewal_krqiieo0\\arm\\code_autonomy.arm.json' mode='r' encoding='utf-8'>
  return json.loads(open(p, encoding="utf-8").read())
ResourceWarning: Enable tracemalloc to get the object allocation traceback
C:\Users\Armin\.zcode\tmp\octopus-heart-g4-20260825\_ops\tests\test_arm_renewal.py:71: ResourceWarning: unclosed file <_io.TextIOWrapper name='C:\\Users\\Armin\\AppData\\Local\\Temp\\armrenewal_krqiieo0\\arm\\code_autonomy.arm2.json' mode='r' encoding='utf-8'>
  return json.loads(open(p, encoding="utf-8").read())
ResourceWarning: Enable tracemalloc to get the object allocation traceback
ok
test_minted_pair_actually_opens_via_arm_gate (__main__.ArmRenewal.test_minted_pair_actually_opens_via_arm_gate) ... ok
test_missing_token_reason_is_missing (__main__.ArmRenewal.test_missing_token_reason_is_missing) ... ok
test_near_expiry_token_is_reminted (__main__.ArmRenewal.test_near_expiry_token_is_reminted) ... C:\Users\Armin\.zcode\tmp\octopus-heart-g4-20260825\_ops\tests\test_arm_renewal.py:61: ResourceWarning: unclosed file <_io.TextIOWrapper name='C:\\Users\\Armin\\AppData\\Local\\Temp\\armrenewal_gh8gntl7\\arm\\code_autonomy.arm.json' mode='w' encoding='utf-8'>
  open(p, "w", encoding="utf-8").write(json.dumps(tok))
ResourceWarning: Enable tracemalloc to get the object allocation traceback
C:\Users\Armin\.zcode\tmp\octopus-heart-g4-20260825\_ops\tests\test_arm_renewal.py:61: ResourceWarning: unclosed file <_io.TextIOWrapper name='C:\\Users\\Armin\\AppData\\Local\\Temp\\armrenewal_gh8gntl7\\arm\\code_autonomy.arm2.json' mode='w' encoding='utf-8'>
  open(p, "w", encoding="utf-8").write(json.dumps(tok))
ResourceWarning: Enable tracemalloc to get the object allocation traceback
C:\Users\Armin\.zcode\tmp\octopus-heart-g4-20260825\_ops\tests\test_arm_renewal.py:71: ResourceWarning: unclosed file <_io.TextIOWrapper name='C:\\Users\\Armin\\AppData\\Local\\Temp\\armrenewal_gh8gntl7\\arm\\code_autonomy.arm.json' mode='r' encoding='utf-8'>
  return json.loads(open(p, encoding="utf-8").read())
ResourceWarning: Enable tracemalloc to get the object allocation traceback
ok
test_no_activation_flag_no_mint (__main__.ArmRenewal.test_no_activation_flag_no_mint) ... ok
test_only_the_two_wired_capabilities_are_touched (__main__.ArmRenewal.test_only_the_two_wired_capabilities_are_touched) ... ok
test_renewal_log_records_each_mint (__main__.ArmRenewal.test_renewal_log_records_each_mint) ... C:\Users\Armin\.zcode\tmp\octopus-heart-g4-20260825\_ops\tests\test_arm_renewal.py:265: ResourceWarning: unclosed file <_io.TextIOWrapper name='C:\\Users\\Armin\\AppData\\Local\\Temp\\armrenewal_lh0fgxu8\\arm\\renewal-log.jsonl' mode='r' encoding='utf-8'>
  rows = [json.loads(x) for x in open(log_path, encoding="utf-8").read().splitlines()
ResourceWarning: Enable tracemalloc to get the object allocation traceback
ok
test_self_improve_auto_symmetric_to_code_autonomy (__main__.ArmRenewal.test_self_improve_auto_symmetric_to_code_autonomy) ... ok
test_stop_marker_blocks_mint_even_with_activation (__main__.ArmRenewal.test_stop_marker_blocks_mint_even_with_activation) ... ok
test_stop_marker_name_matches_code_autonomy_constant (__main__.ArmRenewal.test_stop_marker_name_matches_code_autonomy_constant) ... ok
test_two_capabilities_independent (__main__.ArmRenewal.test_two_capabilities_independent) ... ok
test_wrong_secret_denied_by_arm_gate (__main__.ArmRenewal.test_wrong_secret_denied_by_arm_gate) ... ok

----------------------------------------------------------------------
Ran 20 tests in 0.303s

OK

â”€â”€ test_arm_renewal.py â”€â”€â”€â”€â”€â”€â”€â”€â”€â”€â”€â”€â”€â”€â”€â”€â”€â”€â”€â”€â”€â”€â”€â”€â”€â”€â”€â”€â”€â”€â”€â”€â”€â”€â”€â”€â”€â”€â”€â”€â”€

â”€â”€ test_center_heart_brain_doctor_cmds.py â”€â”€â”€â”€â”€â”€â”€â”€â”€â”€â”€â”€â”€â”€â”€â”€â”€â”€â”€â”€â”€â”€
  ✅ t_all_three_are_in_center_slash
  ✅ t_all_three_have_handler_methods
  ✅ t_brain_never_raises_and_has_expected_shape
  ✅ t_doctor_counts_pending_rfcs
  ✅ t_doctor_fail_soft_on_missing_file
  ✅ t_doctor_no_warning_under_threshold
  ✅ t_doctor_warns_when_stress_maxed
  ✅ t_heart_never_raises_with_no_state

✅ test_center_heart_brain_doctor_cmds: 8/8

â”€â”€ test_improve_deep.py â”€â”€â”€â”€â”€â”€â”€â”€â”€â”€â”€â”€â”€â”€â”€â”€â”€â”€â”€â”€â”€â”€â”€â”€â”€â”€â”€â”€â”€â”€â”€â”€â”€â”€â”€â”€â”€â”€â”€â”€
  ✅ t_a_new_day_reopens_the_slots
  ✅ t_an_exploding_brain_still_burns_the_slot
  ✅ t_daily_cap_is_a_hard_ceiling
  ✅ t_empty_top_burns_no_slot
  ✅ t_flag_off_is_none_and_zero_llm
  ✅ t_good_answer_lands_in_ledger_with_text
  ✅ t_hostile_daily_env_is_clamped
  ✅ t_short_answer_is_ledgered_but_not_returned
  ✅ t_the_ambient_local_layer_is_untouched_by_the_flag
  ✅ t_the_call_is_pinned_to_primary_with_room_and_data

✅ test_improve_deep: 10/10

â”€â”€ test_governor_contract.py â”€â”€â”€â”€â”€â”€â”€â”€â”€â”€â”€â”€â”€â”€â”€â”€â”€â”€â”€â”€â”€â”€â”€â”€â”€â”€â”€â”€â”€â”€â”€â”€â”€â”€â”€
  ✅ t_a_complete_fenced_reply_still_parses
  ✅ t_a_truncated_reply_is_reported_as_truncation_not_as_bad_json
  ✅ t_bespoke_genuine_complete_failure_stays_alarming
  ✅ t_bespoke_global_daily_cap_also_reads_as_designed
  ✅ t_bespoke_non_cap_gate_denial_stays_alarming
  ✅ t_bespoke_organ_monthly_cap_reads_as_designed_not_broken
  ✅ t_bespoke_price_not_locked_stays_dormant_calm
  ✅ t_bespoke_provider_rate_limit_reads_as_designed
  ✅ t_client_surfaces_finish_reason
  ✅ t_contract_example_is_itself_valid_json
  ✅ t_contract_names_the_real_organs_and_forbids_extras
  ✅ t_contract_survives_an_empty_organ_list
  ✅ t_extract_json_still_rejects_a_truncated_object_loudly
  ✅ t_hostile_token_env_is_clamped
  ✅ t_organs_come_from_live_state_never_hardcoded
  ✅ t_the_contract_never_claims_to_override_from_the_data_channel
  ✅ t_the_token_ceiling_leaves_room_after_reasoning
  ✅ t_the_user_message_carries_the_contract_not_the_vague_old_line

✅ test_governor_contract: 18/18

â”€â”€ test_hebbian_signals.py â”€â”€â”€â”€â”€â”€â”€â”€â”€â”€â”€â”€â”€â”€â”€â”€â”€â”€â”€â”€â”€â”€â”€â”€â”€â”€â”€â”€â”€â”€â”€â”€â”€â”€â”€â”€â”€
  ✅ t_a_lone_deviation_must_still_decay_old_pairs
  ✅ t_a_state_that_never_changes_produces_no_new_pairs
  ✅ t_calm_and_stressed_are_actually_distinguishable
  ✅ t_duplicate_signals_do_not_fake_a_pair
  ✅ t_flag_off_is_byte_identical_to_the_old_two_word_vocabulary
  ✅ t_malformed_input_never_raises
  ✅ t_no_partition_group_guarantees_a_signal_every_tick
  ✅ t_no_signal_fires_in_every_single_state
  ✅ t_signals_are_unique_within_a_tick
  ✅ t_vocabulary_does_not_explode_into_noise

✅ test_hebbian_signals: 10/10

â”€â”€ test_ziman_leg.py â”€â”€â”€â”€â”€â”€â”€â”€â”€â”€â”€â”€â”€â”€â”€â”€â”€â”€â”€â”€â”€â”€â”€â”€â”€â”€â”€â”€â”€â”€â”€â”€â”€â”€â”€â”€â”€â”€â”€â”€â”€â”€â”€
......................                                                   [100%]
22 passed in 0.47s

â”€â”€ test_ziman_phase2.py â”€â”€â”€â”€â”€â”€â”€â”€â”€â”€â”€â”€â”€â”€â”€â”€â”€â”€â”€â”€â”€â”€â”€â”€â”€â”€â”€â”€â”€â”€â”€â”€â”€â”€â”€â”€â”€â”€â”€â”€
................                                                         [100%]
16 passed in 0.44s

â”€â”€ test_cartographer_leg.py â”€â”€â”€â”€â”€â”€â”€â”€â”€â”€â”€â”€â”€â”€â”€â”€â”€â”€â”€â”€â”€â”€â”€â”€â”€â”€â”€â”€â”€â”€â”€â”€â”€â”€â”€â”€
...........                                                              [100%]
11 passed in 0.44s

â”€â”€ test_cartographer_wiring.py â”€â”€â”€â”€â”€â”€â”€â”€â”€â”€â”€â”€â”€â”€â”€â”€â”€â”€â”€â”€â”€â”€â”€â”€â”€â”€â”€â”€â”€â”€â”€â”€â”€
..........                                                               [100%]
10 passed in 1.98s

â”€â”€ test_master_halt.py â”€â”€â”€â”€â”€â”€â”€â”€â”€â”€â”€â”€â”€â”€â”€â”€â”€â”€â”€â”€â”€â”€â”€â”€â”€â”€â”€â”€â”€â”€â”€â”€â”€â”€â”€â”€â”€â”€â”€â”€â”€
  ✓ test_center_stopped_honors_global_boundary
  ✓ test_events_unknown_name_is_fail_loud
  ✓ test_halted_backward_compat
  ✓ test_master_halted_ordering
  ✓ test_raise_and_clear_halt_all
✅ test_master_halt: 5/5 سبز

â”€â”€ test_d1_outbound_halt.py â”€â”€â”€â”€â”€â”€â”€â”€â”€â”€â”€â”€â”€â”€â”€â”€â”€â”€â”€â”€â”€â”€â”€â”€â”€â”€â”€â”€â”€â”€â”€â”€â”€â”€â”€â”€
PASS - HALT-ALL + flag-on → 'halted', zero send, gate NOT reached
PASS - architect STOP + flag-on → 'halted'
PASS - HALT-ALL + flag-off → 'halted' (halt supreme over flag)
PASS - no halt + flag-on → status != 'halted' (no false trigger)
PASS - no halt + flag-off → 'flag_off' (gate not reached)

== 0 failure(s) ==
OK test_d1_outbound_halt

â”€â”€ test_d2_halt_coverage.py â”€â”€â”€â”€â”€â”€â”€â”€â”€â”€â”€â”€â”€â”€â”€â”€â”€â”€â”€â”€â”€â”€â”€â”€â”€â”€â”€â”€â”€â”€â”€â”€â”€â”€â”€â”€
    (audited 41 beats/ticks/cycles in wiring.py)
PASS - every wiring beat references a canonical halt gate — 41 audited, 0 missing
PASS - clear → _tg_halt_reason() is None
PASS - HALT-ALL → _tg_halt_reason() returns a reason (not None)
PASS - STOP-ORGANISM → _tg_halt_reason() returns 'STOP'
PASS - cockpit_requests_beat under HALT-ALL → skipped='halt' (no queue processing)
PASS - clear → master_halted() None
PASS - HALT-ALL → master_halted() truthy
PASS - architect STOP → master_halted() truthy

== 0 failure(s) ==
OK test_d2_halt_coverage

â”€â”€ test_panic_command.py â”€â”€â”€â”€â”€â”€â”€â”€â”€â”€â”€â”€â”€â”€â”€â”€â”€â”€â”€â”€â”€â”€â”€â”€â”€â”€â”€â”€â”€â”€â”€â”€â”€â”€â”€â”€â”€â”€â”€
  ✓ test_group_member_cannot_clear_halt_all
  ✓ test_group_member_cannot_panic_or_stop
  ✓ test_nonowner_panic_does_not_write
  ✓ test_panic_writes_halt_all
  ✓ test_resume_clears_halt_all
  ✓ test_stop_still_writes_organism
✅ test_panic_command: 6/6 سبز

â”€â”€ test_tg_restart.py â”€â”€â”€â”€â”€â”€â”€â”€â”€â”€â”€â”€â”€â”€â”€â”€â”€â”€â”€â”€â”€â”€â”€â”€â”€â”€â”€â”€â”€â”€â”€â”€â”€â”€â”€â”€â”€â”€â”€â”€â”€â”€
  ✓ test_halt_all_stops
  ✓ test_hard_boundary_beats_restart_marker
  ✓ test_no_flags_not_stopped
  ✓ test_stale_restart_marker_does_not_mask_full_stop
  ✓ test_stop_architect_stops
  ✓ test_stop_organism_alone_stops
  ✓ test_stop_organism_with_restart_survives
  ✓ test_stop_tg_center_stops
✅ test_tg_restart: 8/8 سبز

â”€â”€ test_backup_visibility.py â”€â”€â”€â”€â”€â”€â”€â”€â”€â”€â”€â”€â”€â”€â”€â”€â”€â”€â”€â”€â”€â”€â”€â”€â”€â”€â”€â”€â”€â”€â”€â”€â”€â”€â”€
  ✅ gitwrite_failed None بدونِ پرچم
  ✅ gitwrite_failed دلیل با پرچم
  ✅ gitwrite_failed BOM را پاک می‌کند
  ✅ پرچمِ خالی هم قرمز می‌شود
  ✅ backup_health سالم وقتی تازه+بی‌پرچم
  ✅ OBS-02: پرچم غالب بر mtimeِ تازه
  ✅ backup_health err بدونِ مصنوع
  ✅ armed_activation_flags آینه
  ✅ halt_reason None وقتی پاک
  ✅ halt_reason STOP معمار via master_halted
  ✅ halt_reason HALT-ALL از master_halted
  ✅ هوکِ خودکفای dashboard

â”€â”€ test_cortex_shadow_wiring.py â”€â”€â”€â”€â”€â”€â”€â”€â”€â”€â”€â”€â”€â”€â”€â”€â”€â”€â”€â”€â”€â”€â”€â”€â”€â”€â”€â”€â”€â”€â”€â”€
  ✓ test_all_flags_off_is_byte_identical_noop
  ✓ test_calibration_flag_on_invokes_only_calibration
  ✓ test_calibration_lenient_flag_truthy_values
  ✓ test_consolidate_flag_on_invokes_only_consolidate
  ✓ test_ignition_flag_on_invokes_only_ignition
  ✓ test_softwta_flag_on_invokes_only_softwta
✅ test_cortex_shadow_wiring: 6/6 سبز
Traceback (most recent call last):
  File "C:\Users\Armin\.zcode\tmp\octopus-heart-g4-20260825\_ops\tests\test_route_scorer_wire.py", line 228, in <module>
    _t()
    ~~^^
  File "C:\Users\Armin\.zcode\tmp\octopus-heart-g4-20260825\_ops\tests\test_route_scorer_wire.py", line 211, in test_collab_chat_pinned_to_secondary_ignores_scorer_local_vote
    res = model_router.ask("collab_chat", "سلام")
          ~~~~~~~~~~~~~~~~^^^^^^^^^^^^^^^^^^^^^^^
  File "C:\Users\Armin\.zcode\tmp\octopus-heart-g4-20260825\_ops\cortex\model_router.py", line 738, in ask
    res = _ask_impl(task, prompt, system, max_tokens, tier=tier, opener=opener, quality=quality,
                      temperature=temperature, seed=seed)
  File "C:\Users\Armin\.zcode\tmp\octopus-heart-g4-20260825\_ops\cortex\model_router.py", line 648, in _ask_impl
    out = _ask_paid(_t, prompt, system, max_tokens, task=task,
                       temperature=temperature, seed=seed)
TypeError: _Spy.__call__() got an unexpected keyword argument 'temperature'

â”€â”€ test_route_scorer_wire.py â”€â”€â”€â”€â”€â”€â”€â”€â”€â”€â”€â”€â”€â”€â”€â”€â”€â”€â”€â”€â”€â”€â”€â”€â”€â”€â”€â”€â”€â”€â”€â”€â”€â”€â”€
   â†» Ø§Ø¬Ø±Ø§ÛŒ Ø¯ÙˆÙ…: Ù‚Ø±Ù…Ø²Ù-Ù¾Ø§ÛŒØ¯Ø§Ø± â†’ tests/_flaky/test_route_scorer_wire.py.txt

â”€â”€ test_leg_chain_wire.py â”€â”€â”€â”€â”€â”€â”€â”€â”€â”€â”€â”€â”€â”€â”€â”€â”€â”€â”€â”€â”€â”€â”€â”€â”€â”€â”€â”€â”€â”€â”€â”€â”€â”€â”€â”€â”€â”€
🧪 test_leg_chain_wire — سیم‌کشیِ زنجیرهٔ درآمد + پاهای بیزنسی (WP-C)
  ✅ LEG-04: lead_quote تمیز import + wrapperها بی‌ImportError
  ✅ LEG-04: importِ مردهٔ lead_draft حذف شده
  ✅ LEG-02/03: leg_beat فلگ خاموش → بدون draft
  ✅ LEG-02/03: leg_beat فلگ روشن → draft_quote صدا می‌شود
  ✅ LEG-08: فقط یک make_ziman_leg/ziman_beat (نسخهٔ زنده)
  ✅ قرارداد: business_legs_beat ۷ پا + lead اجباری
  ✅ business_legs_beat سایدکار می‌نویسد
  ✅ no-op: ingest/email/heartstate با فلگِ خاموش None

✅ همه سبز (8 چک)

â”€â”€ test_render_legs.py â”€â”€â”€â”€â”€â”€â”€â”€â”€â”€â”€â”€â”€â”€â”€â”€â”€â”€â”€â”€â”€â”€â”€â”€â”€â”€â”€â”€â”€â”€â”€â”€â”€â”€â”€â”€â”€â”€â”€â”€â”€
  ✓ test_absent_state_safe_default_no_crash
  ✓ test_business_leg_skeleton_shows_note_not_blank
  ✓ test_business_legs_dict_shape
  ✓ test_business_legs_list_shape
  ✓ test_partial_business_legs_only_named_surface
  ✓ test_ziman_incubating_is_amber_not_dark
  ✓ test_ziman_live_not_dark
✅ test_render_legs: 7/7 سبز

â”€â”€ test_new_legs.py â”€â”€â”€â”€â”€â”€â”€â”€â”€â”€â”€â”€â”€â”€â”€â”€â”€â”€â”€â”€â”€â”€â”€â”€â”€â”€â”€â”€â”€â”€â”€â”€â”€â”€â”€â”€â”€â”€â”€â”€â”€â”€â”€â”€
  ✓ test_accounting_counts_workbooks_without_reading_values
  ✓ test_all_four_import_and_honor_contract
  ✓ test_crypto_reports_real_signal_when_source_present
  ✓ test_mining_and_knowledge_are_honest_skeletons
  ✓ test_never_crashes_on_missing_data
✅ test_new_legs: 5/5 سبز

â”€â”€ test_school_bridge.py â”€â”€â”€â”€â”€â”€â”€â”€â”€â”€â”€â”€â”€â”€â”€â”€â”€â”€â”€â”€â”€â”€â”€â”€â”€â”€â”€â”€â”€â”€â”€â”€â”€â”€â”€â”€â”€â”€â”€
  ✅ یادگیری awareness را بالا می‌برد
  ✅ حافظه بین‌اجراها می‌ماند (persist)
  ✅ رویدادِ PII-رد یاد نمی‌شود
  ✅ insight فقط propose-only
  ✅ isolation: بدونِ import production

â”€â”€ test_self_claims.py â”€â”€â”€â”€â”€â”€â”€â”€â”€â”€â”€â”€â”€â”€â”€â”€â”€â”€â”€â”€â”€â”€â”€â”€â”€â”€â”€â”€â”€â”€â”€â”€â”€â”€â”€â”€â”€â”€â”€â”€â”€
  ✓ test_emit_is_fail_soft
  ✓ test_flag_off_writes_nothing
  ✓ test_flag_on_appends_probe_schema
  ✓ test_flag_on_is_append_not_truncate
  ✓ test_run_and_persist_reports_claims_and_flag_off_default
✅ test_self_claims: 5/5 سبز
{"v":"1.0.0","ts":"2026-08-25T00:52:13","level":"INFO","event":"system.heartbeat","msg":"tick complete","organ":"cortex","trace":"3818b8d2d434c27b","span":"e3882f13","status":"success","p":{"beat_seq":1234}}
{"v":"1.0.0","ts":"2026-08-25T00:52:13","level":"INFO","event":"doctor.rfc.drafted","msg":"خاموش — نباید بنویسد","organ":"doctor","trace":"1f18595d5f96e5a7","span":"4365445d","status":"started","agent_id":"rfc-miner","confidence":0.7}
{"v":"1.0.0","ts":"2026-08-25T00:52:13","level":"INFO","event":"doctor.rfc.drafted","msg":"خاموش — نباید بنویسد","organ":"doctor","trace":"1f18595d5f96e5a7","span":"4365445d","status":"started","agent_id":"rfc-miner","confidence":0.7}
{"v":"1.0.0","ts":"2026-08-25T00:52:13","level":"INFO","event":"doctor.rfc.drafted","msg":"خاموش — نباید بنویسد","organ":"doctor","trace":"1f18595d5f96e5a7","span":"4365445d","status":"started","agent_id":"rfc-miner","confidence":0.7}
{"v":"1.0.0","ts":"2026-08-25T00:52:13","level":"INFO","event":"doctor.rfc.drafted","msg":"خاموش — نباید بنویسد","organ":"doctor","trace":"1f18595d5f96e5a7","span":"4365445d","status":"started","agent_id":"rfc-miner","confidence":0.7}
{"v":"1.0.0","ts":"2026-08-25T00:52:13","level":"INFO","event":"doctor.rfc.drafted","msg":"خاموش — نباید بنویسد","organ":"doctor","trace":"1f18595d5f96e5a7","span":"4365445d","status":"started","agent_id":"rfc-miner","confidence":0.7}
{"v":"1.0.0","ts":"2026-08-25T00:52:13","level":"WARN","event":"doctor.rfc.submitted","msg":"هنوز خاموش","organ":"doctor","trace":"1f18595d5f96e5a7","span":"4365445d","status":"blocked","agent_id":"rfc-miner"}
{"v":"1.0.0","ts":"2026-08-25T00:52:13","level":"INFO","event":"doctor.rfc.drafted","msg":"bottleneck: budget conflict","organ":"doctor","trace":"8f51a749bb4e78c8","span":"37adf52e","status":"started","agent_id":"rfc-miner","confidence":0.8,"tags":["audit"],"p":{"bottleneck":"freeze_halt"}}
{"v":"1.0.0","ts":"2026-08-25T00:52:13","level":"INFO","event":"doctor.rfc.sandboxed","msg":"RFC passed sandbox","organ":"doctor","trace":"8f51a749bb4e78c8","span":"776b0fb6","status":"success","agent_id":"sandbox","parent":"37adf52e","duration_ms":3420,"tags":["audit"]}
{"v":"1.0.0","ts":"2026-08-25T00:52:13","level":"INFO","event":"doctor.rfc.drafted","msg":"نباید کرش کند","organ":"doctor","trace":"88db46fb132c483f","span":"4cb3c46f","status":"started"}
{"v":"1.0.0","ts":"2026-08-25T00:52:13","level":"INFO","event":"doctor.tick","msg":"xxxxxxxxxxxxxxxxxxxxxxxxxxxxxxxxxxxxxxxx","organ":"doctor","trace":"927bfcd6ef25d287","span":"8f59fde0","status":"success","p":{"i":0}}
{"v":"1.0.0","ts":"2026-08-25T00:52:13","level":"INFO","event":"doctor.tick","msg":"xxxxxxxxxxxxxxxxxxxxxxxxxxxxxxxxxxxxxxxx","organ":"doctor","trace":"927bfcd6ef25d287","span":"8f59fde0","status":"success","p":{"i":1}}
{"v":"1.0.0","ts":"2026-08-25T00:52:13","level":"INFO","event":"doctor.tick","msg":"xxxxxxxxxxxxxxxxxxxxxxxxxxxxxxxxxxxxxxxx","organ":"doctor","trace":"927bfcd6ef25d287","span":"8f59fde0","status":"success","p":{"i":2}}
{"v":"1.0.0","ts":"2026-08-25T00:52:13","level":"INFO","event":"doctor.tick","msg":"xxxxxxxxxxxxxxxxxxxxxxxxxxxxxxxxxxxxxxxx","organ":"doctor","trace":"927bfcd6ef25d287","span":"8f59fde0","status":"success","p":{"i":3}}
{"v":"1.0.0","ts":"2026-08-25T00:52:13","level":"INFO","event":"doctor.tick","msg":"xxxxxxxxxxxxxxxxxxxxxxxxxxxxxxxxxxxxxxxx","organ":"doctor","trace":"927bfcd6ef25d287","span":"8f59fde0","status":"success","p":{"i":4}}
{"v":"1.0.0","ts":"2026-08-25T00:52:13","level":"INFO","event":"doctor.tick","msg":"xxxxxxxxxxxxxxxxxxxxxxxxxxxxxxxxxxxxxxxx","organ":"doctor","trace":"927bfcd6ef25d287","span":"8f59fde0","status":"success","p":{"i":5}}
{"v":"1.0.0","ts":"2026-08-25T00:52:13","level":"INFO","event":"doctor.tick","msg":"xxxxxxxxxxxxxxxxxxxxxxxxxxxxxxxxxxxxxxxx","organ":"doctor","trace":"927bfcd6ef25d287","span":"8f59fde0","status":"success","p":{"i":6}}
{"v":"1.0.0","ts":"2026-08-25T00:52:13","level":"INFO","event":"doctor.tick","msg":"xxxxxxxxxxxxxxxxxxxxxxxxxxxxxxxxxxxxxxxx","organ":"doctor","trace":"927bfcd6ef25d287","span":"8f59fde0","status":"success","p":{"i":7}}
{"v":"1.0.0","ts":"2026-08-25T00:52:13","level":"INFO","event":"doctor.tick","msg":"xxxxxxxxxxxxxxxxxxxxxxxxxxxxxxxxxxxxxxxx","organ":"doctor","trace":"927bfcd6ef25d287","span":"8f59fde0","status":"success","p":{"i":8}}
{"v":"1.0.0","ts":"2026-08-25T00:52:13","level":"INFO","event":"doctor.tick","msg":"xxxxxxxxxxxxxxxxxxxxxxxxxxxxxxxxxxxxxxxx","organ":"doctor","trace":"927bfcd6ef25d287","span":"8f59fde0","status":"success","p":{"i":9}}
{"v":"1.0.0","ts":"2026-08-25T00:52:13","level":"INFO","event":"doctor.tick","msg":"xxxxxxxxxxxxxxxxxxxxxxxxxxxxxxxxxxxxxxxx","organ":"doctor","trace":"927bfcd6ef25d287","span":"8f59fde0","status":"success","p":{"i":10}}
{"v":"1.0.0","ts":"2026-08-25T00:52:13","level":"INFO","event":"doctor.tick","msg":"xxxxxxxxxxxxxxxxxxxxxxxxxxxxxxxxxxxxxxxx","organ":"doctor","trace":"927bfcd6ef25d287","span":"8f59fde0","status":"success","p":{"i":11}}
{"v":"1.0.0","ts":"2026-08-25T00:52:13","level":"INFO","event":"doctor.tick","msg":"xxxxxxxxxxxxxxxxxxxxxxxxxxxxxxxxxxxxxxxx","organ":"doctor","trace":"927bfcd6ef25d287","span":"8f59fde0","status":"success","p":{"i":12}}
{"v":"1.0.0","ts":"2026-08-25T00:52:13","level":"INFO","event":"doctor.tick","msg":"xxxxxxxxxxxxxxxxxxxxxxxxxxxxxxxxxxxxxxxx","organ":"doctor","trace":"927bfcd6ef25d287","span":"8f59fde0","status":"success","p":{"i":13}}
{"v":"1.0.0","ts":"2026-08-25T00:52:13","level":"INFO","event":"doctor.tick","msg":"xxxxxxxxxxxxxxxxxxxxxxxxxxxxxxxxxxxxxxxx","organ":"doctor","trace":"927bfcd6ef25d287","span":"8f59fde0","status":"success","p":{"i":14}}
{"v":"1.0.0","ts":"2026-08-25T00:52:13","level":"INFO","event":"doctor.tick","msg":"xxxxxxxxxxxxxxxxxxxxxxxxxxxxxxxxxxxxxxxx","organ":"doctor","trace":"927bfcd6ef25d287","span":"8f59fde0","status":"success","p":{"i":15}}
{"v":"1.0.0","ts":"2026-08-25T00:52:13","level":"INFO","event":"doctor.tick","msg":"xxxxxxxxxxxxxxxxxxxxxxxxxxxxxxxxxxxxxxxx","organ":"doctor","trace":"927bfcd6ef25d287","span":"8f59fde0","status":"success","p":{"i":16}}
{"v":"1.0.0","ts":"2026-08-25T00:52:13","level":"INFO","event":"doctor.tick","msg":"xxxxxxxxxxxxxxxxxxxxxxxxxxxxxxxxxxxxxxxx","organ":"doctor","trace":"927bfcd6ef25d287","span":"8f59fde0","status":"success","p":{"i":17}}
{"v":"1.0.0","ts":"2026-08-25T00:52:13","level":"INFO","event":"doctor.tick","msg":"xxxxxxxxxxxxxxxxxxxxxxxxxxxxxxxxxxxxxxxx","organ":"doctor","trace":"927bfcd6ef25d287","span":"8f59fde0","status":"success","p":{"i":18}}
{"v":"1.0.0","ts":"2026-08-25T00:52:13","level":"INFO","event":"doctor.tick","msg":"xxxxxxxxxxxxxxxxxxxxxxxxxxxxxxxxxxxxxxxx","organ":"doctor","trace":"927bfcd6ef25d287","span":"8f59fde0","status":"success","p":{"i":19}}
{"v":"1.0.0","ts":"2026-08-25T00:52:13","level":"INFO","event":"doctor.tick","msg":"xxxxxxxxxxxxxxxxxxxxxxxxxxxxxxxxxxxxxxxx","organ":"doctor","trace":"927bfcd6ef25d287","span":"8f59fde0","status":"success","p":{"i":20}}
{"v":"1.0.0","ts":"2026-08-25T00:52:13","level":"INFO","event":"doctor.tick","msg":"xxxxxxxxxxxxxxxxxxxxxxxxxxxxxxxxxxxxxxxx","organ":"doctor","trace":"927bfcd6ef25d287","span":"8f59fde0","status":"success","p":{"i":21}}
{"v":"1.0.0","ts":"2026-08-25T00:52:13","level":"INFO","event":"doctor.tick","msg":"xxxxxxxxxxxxxxxxxxxxxxxxxxxxxxxxxxxxxxxx","organ":"doctor","trace":"927bfcd6ef25d287","span":"8f59fde0","status":"success","p":{"i":22}}
{"v":"1.0.0","ts":"2026-08-25T00:52:13","level":"INFO","event":"doctor.tick","msg":"xxxxxxxxxxxxxxxxxxxxxxxxxxxxxxxxxxxxxxxx","organ":"doctor","trace":"927bfcd6ef25d287","span":"8f59fde0","status":"success","p":{"i":23}}
{"v":"1.0.0","ts":"2026-08-25T00:52:13","level":"INFO","event":"doctor.tick","msg":"xxxxxxxxxxxxxxxxxxxxxxxxxxxxxxxxxxxxxxxx","organ":"doctor","trace":"927bfcd6ef25d287","span":"8f59fde0","status":"success","p":{"i":24}}
{"v":"1.0.0","ts":"2026-08-25T00:52:13","level":"INFO","event":"doctor.tick","msg":"xxxxxxxxxxxxxxxxxxxxxxxxxxxxxxxxxxxxxxxx","organ":"doctor","trace":"927bfcd6ef25d287","span":"8f59fde0","status":"success","p":{"i":25}}
{"v":"1.0.0","ts":"2026-08-25T00:52:13","level":"INFO","event":"doctor.tick","msg":"xxxxxxxxxxxxxxxxxxxxxxxxxxxxxxxxxxxxxxxx","organ":"doctor","trace":"927bfcd6ef25d287","span":"8f59fde0","status":"success","p":{"i":26}}
{"v":"1.0.0","ts":"2026-08-25T00:52:13","level":"INFO","event":"doctor.tick","msg":"xxxxxxxxxxxxxxxxxxxxxxxxxxxxxxxxxxxxxxxx","organ":"doctor","trace":"927bfcd6ef25d287","span":"8f59fde0","status":"success","p":{"i":27}}
{"v":"1.0.0","ts":"2026-08-25T00:52:13","level":"INFO","event":"doctor.tick","msg":"xxxxxxxxxxxxxxxxxxxxxxxxxxxxxxxxxxxxxxxx","organ":"doctor","trace":"927bfcd6ef25d287","span":"8f59fde0","status":"success","p":{"i":28}}
{"v":"1.0.0","ts":"2026-08-25T00:52:13","level":"INFO","event":"doctor.tick","msg":"xxxxxxxxxxxxxxxxxxxxxxxxxxxxxxxxxxxxxxxx","organ":"doctor","trace":"927bfcd6ef25d287","span":"8f59fde0","status":"success","p":{"i":29}}

â”€â”€ test_octopus_logger_wire.py â”€â”€â”€â”€â”€â”€â”€â”€â”€â”€â”€â”€â”€â”€â”€â”€â”€â”€â”€â”€â”€â”€â”€â”€â”€â”€â”€â”€â”€â”€â”€â”€â”€
  ✓ test_cockpit_reader_sees_records
  ✓ test_flag_off_writes_nothing
  ✓ test_flag_on_appends_wellformed_record
  ✓ test_flag_on_is_fail_soft
  ✓ test_rotation_bound
✅ test_octopus_logger_wire: 5/5 سبز

â”€â”€ test_improve_refractory.py â”€â”€â”€â”€â”€â”€â”€â”€â”€â”€â”€â”€â”€â”€â”€â”€â”€â”€â”€â”€â”€â”€â”€â”€â”€â”€â”€â”€â”€â”€â”€â”€â”€â”€
  ✓ test_flag_off_is_byte_identical_noop
  ✓ test_no_apply_does_not_stamp
  ✓ test_persist_preserves_existing_keys
  ✓ test_persist_writes_last_auto_ts
  ✓ test_refractory_blocks_after_apply_then_opens
✅ test_improve_refractory: 5/5 سبز

â”€â”€ test_wiring_cleanup.py â”€â”€â”€â”€â”€â”€â”€â”€â”€â”€â”€â”€â”€â”€â”€â”€â”€â”€â”€â”€â”€â”€â”€â”€â”€â”€â”€â”€â”€â”€â”€â”€â”€â”€â”€â”€â”€â”€
  ✓ test_scheduler_seed_beat_calls_producer_when_on
  ✓ test_scheduler_seed_beat_kill_switch_first
  ✓ test_scheduler_seed_beat_noop_when_flag_off
  ✓ test_wiring_imports_without_phantom
  ✓ test_ziman_beat_no_biology_alert_and_shape
✅ test_wiring_cleanup: 5/5 سبز

â”€â”€ test_deadwrite_readers.py â”€â”€â”€â”€â”€â”€â”€â”€â”€â”€â”€â”€â”€â”€â”€â”€â”€â”€â”€â”€â”€â”€â”€â”€â”€â”€â”€â”€â”€â”€â”€â”€â”€â”€â”€
  ✓ test_dash_card_absent_shows_absent
  ✓ test_dash_card_present_shows_values
  ✓ test_dash_page_activity_gated_by_flag
  ✓ test_live_absent_renders_safe_default
  ✓ test_live_corrupt_never_crashes
  ✓ test_live_flag_default_off
  ✓ test_live_present_surfaces_values
✅ test_deadwrite_readers: 7/7 سبز

â”€â”€ test_business_legs_shape.py â”€â”€â”€â”€â”€â”€â”€â”€â”€â”€â”€â”€â”€â”€â”€â”€â”€â”€â”€â”€â”€â”€â”€â”€â”€â”€â”€â”€â”€â”€â”€â”€â”€
ok t_a_nested_shape_renders
ok t_b_flat_shape_still_works
ok t_c_absent_is_calm_default
PASS test_business_legs_shape

â”€â”€ test_correlation_id_generated.py â”€â”€â”€â”€â”€â”€â”€â”€â”€â”€â”€â”€â”€â”€â”€â”€â”€â”€â”€â”€â”€â”€â”€â”€â”€â”€â”€â”€
ok t_a_minted_when_empty
ok t_b_explicit_preserved
ok t_c_unique_per_event
PASS test_correlation_id_generated
test_absent_project_root (__main__.TestStudioPfLeg.test_absent_project_root) ... ok
test_corrupt_json_is_unknown (__main__.TestStudioPfLeg.test_corrupt_json_is_unknown) ... ok
test_counts_are_real (__main__.TestStudioPfLeg.test_counts_are_real) ... ok
test_halt_beats_stamp (__main__.TestStudioPfLeg.test_halt_beats_stamp) ... ok
test_kill_beats_stamp (__main__.TestStudioPfLeg.test_kill_beats_stamp) ... ok
test_live_only_with_stamp (__main__.TestStudioPfLeg.test_live_only_with_stamp) ... ok
test_missing_files_are_none_not_zero (__main__.TestStudioPfLeg.test_missing_files_are_none_not_zero) ... ok
test_never_live_without_human_stamp (__main__.TestStudioPfLeg.test_never_live_without_human_stamp) ... ok
test_no_content_crosses_the_boundary (__main__.TestStudioPfLeg.test_no_content_crosses_the_boundary) ... ok
test_registered_in_business_legs_spec (__main__.TestStudioPfLeg.test_registered_in_business_legs_spec) ... ok
test_registered_in_weekly_review (__main__.TestStudioPfLeg.test_registered_in_weekly_review) ... ok
test_visible_through_registry_beat (__main__.TestStudioPfLeg.test_visible_through_registry_beat) ... C:\Users\Armin\.zcode\tmp\octopus-heart-g4-20260825\_ops\legs\crypto_leg.py:115: ResourceWarning: unclosed file <_io.TextIOWrapper name='C:\\Users\\Armin\\.zcode\\tmp\\octopus-heart-g4-20260825\\03 - Projects\\Crypto - etoro\\cryptoquant_analysis_2026-06-15-16-38-35.json' mode='r' encoding='utf-8'>
  o = json.load(open(ap, encoding="utf-8"))
ResourceWarning: Enable tracemalloc to get the object allocation traceback
ok

----------------------------------------------------------------------
Ran 12 tests in 0.175s

OK

â”€â”€ test_studio_pf_leg.py â”€â”€â”€â”€â”€â”€â”€â”€â”€â”€â”€â”€â”€â”€â”€â”€â”€â”€â”€â”€â”€â”€â”€â”€â”€â”€â”€â”€â”€â”€â”€â”€â”€â”€â”€â”€â”€â”€â”€
test_every_leg_appears_in_telegram_organ_menu (__main__.TestLegRegistryParity.test_every_leg_appears_in_telegram_organ_menu) ... ok
test_every_leg_appears_in_weekly_review (__main__.TestLegRegistryParity.test_every_leg_appears_in_weekly_review)
عمداً `_INTENTIONALLY_HIDDEN` این‌جا کم نمی‌شود: هر پنهان‌کاری یک **سطح** ... ok
test_every_leg_module_is_importable (__main__.TestLegRegistryParity.test_every_leg_module_is_importable)
رجیستری نباید به ماژولی اشاره کند که وجود ندارد (fail-soft پنهانش می‌کند). ... ok
test_project_f_label_is_content_free_everywhere (__main__.TestLegRegistryParity.test_project_f_label_is_content_free_everywhere)
قاعدهٔ قفل‌شدهٔ #۷: بیرون از پوشهٔ پروژه فقط کدِ «Project-F». ... ok
test_spec_is_not_empty (__main__.TestLegRegistryParity.test_spec_is_not_empty)
گاردِ ضدِ سبزِ توخالی: اگر spec خالی شود بقیهٔ assertها بی‌معنا سبز می‌شوند. ... ok
test_weekly_review_display_labels_exist (__main__.TestLegRegistryParity.test_weekly_review_display_labels_exist)
هر پایی که در گزارش هست باید برچسب داشته باشد وگرنه کلیدِ خام رندر می‌شود. ... ok

----------------------------------------------------------------------
Ran 6 tests in 0.061s

OK

â”€â”€ test_leg_registry_parity.py â”€â”€â”€â”€â”€â”€â”€â”€â”€â”€â”€â”€â”€â”€â”€â”€â”€â”€â”€â”€â”€â”€â”€â”€â”€â”€â”€â”€â”€â”€â”€â”€â”€

â”€â”€ test_channel_status_stale_not_green.py â”€â”€â”€â”€â”€â”€â”€â”€â”€â”€â”€â”€â”€â”€â”€â”€â”€â”€â”€â”€â”€â”€
ok t_a_stale_snapshot_flagged
ok t_b_missing_files_never_green
ok t_c_fresh_file_is_green
PASS test_channel_status_stale_not_green

â”€â”€ test_cockpit_truthful.py â”€â”€â”€â”€â”€â”€â”€â”€â”€â”€â”€â”€â”€â”€â”€â”€â”€â”€â”€â”€â”€â”€â”€â”€â”€â”€â”€â”€â”€â”€â”€â”€â”€â”€â”€â”€
ok t_a_wiring_missing_never_green
ok t_b_wiring_fresh_heart_is_green
ok t_c_health_money_gate_closed_by_default
ok t_d_health_capability_present_green
PASS test_cockpit_truthful

â”€â”€ test_tg_exec_consumer.py â”€â”€â”€â”€â”€â”€â”€â”€â”€â”€â”€â”€â”€â”€â”€â”€â”€â”€â”€â”€â”€â”€â”€â”€â”€â”€â”€â”€â”€â”€â”€â”€â”€â”€â”€â”€
ok t_a_flag_off_noop
ok t_b_first_activation_ffwd_no_replay
ok t_c_halt_blocks
ok t_d_safe_verb_runs_after_activation
ok t_e_unsafe_verb_acked_not_run
PASS test_tg_exec_consumer

â”€â”€ test_ziman_wiring.py â”€â”€â”€â”€â”€â”€â”€â”€â”€â”€â”€â”€â”€â”€â”€â”€â”€â”€â”€â”€â”€â”€â”€â”€â”€â”€â”€â”€â”€â”€â”€â”€â”€â”€â”€â”€â”€â”€â”€â”€
............                                                             [100%]
12 passed in 0.55s

â”€â”€ test_ziman_biology.py â”€â”€â”€â”€â”€â”€â”€â”€â”€â”€â”€â”€â”€â”€â”€â”€â”€â”€â”€â”€â”€â”€â”€â”€â”€â”€â”€â”€â”€â”€â”€â”€â”€â”€â”€â”€â”€â”€â”€
..........                                                               [100%]
10 passed in 0.43s
Traceback (most recent call last):
  File "C:\Users\Armin\.zcode\tmp\octopus-heart-g4-20260825\_ops\tests\test_brain_fix.py", line 131, in <module>
    f()
    ~^^
  File "C:\Users\Armin\.zcode\tmp\octopus-heart-g4-20260825\_ops\tests\test_brain_fix.py", line 32, in t_a_key_aware_uses_fugu_when_glm_absent
    assert r.get("ok") and r.get("tier") == "primary", r
           ^^^^^^^^^^^^^^^^^^^^^^^^^^^^^^^^^^^^^^^^^^
AssertionError: {'ok': True, 'text': 'سلام! چطور می\u200cتوان', 'ms': 286, 'model': 'qwen2.5:1.5b', 'tier': 'local', 'cost_usd': 0.0, 'fallback_from': 'secondary: activation flag missing: ACTIVATION-CORTEX-PAID.flag (owner-only)'}

â”€â”€ test_brain_fix.py â”€â”€â”€â”€â”€â”€â”€â”€â”€â”€â”€â”€â”€â”€â”€â”€â”€â”€â”€â”€â”€â”€â”€â”€â”€â”€â”€â”€â”€â”€â”€â”€â”€â”€â”€â”€â”€â”€â”€â”€â”€â”€â”€
   â†» Ø§Ø¬Ø±Ø§ÛŒ Ø¯ÙˆÙ…: Ù‚Ø±Ù…Ø²Ù-Ù¾Ø§ÛŒØ¯Ø§Ø± â†’ tests/_flaky/test_brain_fix.py.txt

â”€â”€ test_lead_scorer.py â”€â”€â”€â”€â”€â”€â”€â”€â”€â”€â”€â”€â”€â”€â”€â”€â”€â”€â”€â”€â”€â”€â”€â”€â”€â”€â”€â”€â”€â”€â”€â”€â”€â”€â”€â”€â”€â”€â”€â”€â”€
ok t_a_strata_dream_is_draft
ok t_b_commercial_fitout_is_save
ok t_c_demolition_hard_skip
ok t_d_thresholds_pinned_to_yaml
ok t_e_out_of_radius_penalised
ok t_f_single_dwelling_value_floor
ok t_g_direct_residential_flag_off_is_skip
ok t_h_direct_residential_flag_on_is_draft
ok t_i_direct_residential_no_geo_is_save
ok t_j_hard_skip_still_works_for_non_repaint
ok t_k_pin_new_category_values
PASS test_lead_scorer

â”€â”€ test_lead_discovery_beat.py â”€â”€â”€â”€â”€â”€â”€â”€â”€â”€â”€â”€â”€â”€â”€â”€â”€â”€â”€â”€â”€â”€â”€â”€â”€â”€â”€â”€â”€â”€â”€â”€â”€
ok t_a_flag_off_is_noop
ok t_b_sense_score_propose
ok t_c_dedup_idempotent
ok t_d_killswitch_wins
ok t_e_cadence_and_no_leg
ok t_f_structurally_wired_and_out_of_profile
PASS test_lead_discovery_beat

â”€â”€ test_harvest_austender.py â”€â”€â”€â”€â”€â”€â”€â”€â”€â”€â”€â”€â”€â”€â”€â”€â”€â”€â”€â”€â”€â”€â”€â”€â”€â”€â”€â”€â”€â”€â”€â”€â”€â”€â”€
  ✅ [الف] فلگ خاموش → no-op
  ✅ [ب] مرتبط → JSONِ conformant
  ✅ [ب] نامرتبط فیلتر می‌شود
  ✅ [ب] بی‌description رد می‌شود
  ✅ [ج] releaseِ بدشکل batch را نمی‌کشد
  ✅ [ج] idempotent
  ✅ [ج] fetch fail-soft
  ✅ [ج] kill-switch → no-op
  ✅ [ج] کرانِ ضدِ سیل
  ✅ [د] صفر ارسال/راز، تک‌هاست

â”€â”€ test_cadence_aliasing.py â”€â”€â”€â”€â”€â”€â”€â”€â”€â”€â”€â”€â”€â”€â”€â”€â”€â”€â”€â”€â”€â”€â”€â”€â”€â”€â”€â”€â”€â”€â”€â”€â”€â”€â”€â”€
  ✅ [باگ] modulo با آفست هرگز شلیک نمی‌کرد
  ✅ [رفع] epoch قابل‌اعتماد شلیک می‌کند
  ✅ [رفع] یک شلیک per epoch
  ✅ [مرز] beat=0 هرگز شلیک نمی‌کند
  ✅ [مرز] every_n=0 امن است
  ✅ [مرز] نام‌ها ایزوله‌اند
  ✅ [گارد] هیچ modulo کادنس نماند
  ✅ [گارد] هر ۸ سایت مهاجرت کرد

â”€â”€ test_organism_honesty.py â”€â”€â”€â”€â”€â”€â”€â”€â”€â”€â”€â”€â”€â”€â”€â”€â”€â”€â”€â”€â”€â”€â”€â”€â”€â”€â”€â”€â”€â”€â”€â”€â”€â”€â”€â”€
  ✅ [A1] merge_prev بلوک‌ها را حفظ می‌کند
  ✅ [A1] بدونِ merge = wholesale
  ✅ [A1] مسیرِ خطا حفظ + mark
  ✅ [A3] سایدکارِ نسخه نوشته می‌شود
  ✅ [A3] کدِ کهنه تشخیص داده می‌شود
  ✅ [A3] تطابق → live
  ✅ [A3] بی‌سایدکار → None
  ✅ [A3] سایدکارِ غیر-object fail-soft
  ✅ [A1] markerهای گذرا حمل نمی‌شوند

â”€â”€ test_genome_safety.py â”€â”€â”€â”€â”€â”€â”€â”€â”€â”€â”€â”€â”€â”€â”€â”€â”€â”€â”€â”€â”€â”€â”€â”€â”€â”€â”€â”€â”€â”€â”€â”€â”€â”€â”€â”€â”€â”€â”€
  ✅ [C1] override env برنده می‌ماند
  ✅ [C1] pin ORG_ROOT را نادیده می‌گیرد
  ✅ [B1] verify فقط‌خواندنی است
  ✅ [B1] بلوکِ روزانه verify می‌کند
  ✅ [C2] STATUS retired، لجر scoped
  ✅ [C2] لجر همچنان resolve می‌شود
  ✅ [C2] genome_guard آرشیو شد بی‌caller

â”€â”€ test_truthmap_fixes.py â”€â”€â”€â”€â”€â”€â”€â”€â”€â”€â”€â”€â”€â”€â”€â”€â”€â”€â”€â”€â”€â”€â”€â”€â”€â”€â”€â”€â”€â”€â”€â”€â”€â”€â”€â”€â”€â”€
  ✅ [P3] بحران → protective_proposal (ADR-034)
  ✅ [P3] سلامت → pain پایین
  ✅ [P3] error_rate واقعاً forward می‌شود
  ✅ [P3] ورودیِ خراب fail-soft
  ✅ [P5] بعد از depletion → resting
  ✅ [P5] organism الگوی صادق دارد
  ✅ [P6] tickِ ۹۰۰s دیگر آرتیفکت نمی‌سازد
  ✅ [P6] مرگِ واقعی همچنان دیده می‌شود
  ✅ [P6] بدونِ قلب → رفتارِ قبلی
  ✅ [P8] registry خود-توصیف
  ✅ [P7] کلیدهای journal
  ✅ [W3] aligned ≠ changed
  ✅ [W3] ژورنال خودش را نقض نمی‌کند
  ✅ [P11] بلاکِ wiring کامل
  ✅ [box] ردِ ماندگار
  ✅ [rev] واحدِ budget_pct درست شد
  ✅ [rev] inf/غول‌آسا در innervation
  ✅ [rev] فایلِ خراب بدونِ KeyError
  ✅ [rev] rolloverِ روزِ status
  ✅ [rev] NaN/inf خنثی می‌شود

â”€â”€ test_p4_p9_fixes.py â”€â”€â”€â”€â”€â”€â”€â”€â”€â”€â”€â”€â”€â”€â”€â”€â”€â”€â”€â”€â”€â”€â”€â”€â”€â”€â”€â”€â”€â”€â”€â”€â”€â”€â”€â”€â”€â”€â”€â”€â”€
  ✅ [P4] dedup یک‌بار در session
  ✅ [P4] اجرای موفق re-arm
  ✅ [P4] گیتِ بسته → صفر هشدار
  ✅ [P4] شکلِ source
  ✅ [P9] heartbeatِ مرگ در source
  ✅ [P9] server هنوز import می‌شود

â”€â”€ test_doctor_selfknowledge.py â”€â”€â”€â”€â”€â”€â”€â”€â”€â”€â”€â”€â”€â”€â”€â”€â”€â”€â”€â”€â”€â”€â”€â”€â”€â”€â”€â”€â”€â”€â”€â”€
  ✅ snapshotِ غنی
  ✅ LLM محلیِ $0
  ✅ فهمِ لایه‌ای
  ✅ هیوریستیکِ لایه‌ای
  ✅ deep-dive (hop2)
  ✅ run دو-مرحله‌ای
  ✅ روی هیوریستیک بدونِ hop2
  ✅ trajectory همگرایی
  ✅ run بهبودِ نسخه‌ای
  ✅ change-gate صفر کال
  ✅ hash کلاک را نادیده
  ✅ منطقِ adaptive hop-2
  ✅ hop-2 روی پایدار رد
  ✅ run فقط‌خواندنی
  ✅ beat خاموش=no-op
  ✅ beat در ترس شلیک
  ✅ run_async گارد
  ✅ خرج هرگز درآمد خوانده نشود
  ✅ درآمدِ واقعی درآمد گزارش شود
  ✅ snapshot خرج و درآمد را جدا کند
  ✅ خودآگاهی کلِ بدنش را ببیند
  ✅ بازوی زنده live گزارش شود
  ✅ مدخلِ ونچر content-free بماند
  ✅ درآمد دلار است نه شمارش
  ✅ بلوکِ خرابِ انتساب crash ندهد
  ✅ _clamp_confidence خالص
  ✅ دادهٔ کم = بدونِ کلمپ
  ✅ فلگِ خاموش = بدونِ کلمپ
  ✅ run بدونِ تاریخچه = بدونِ کلمپ
  ✅ تاریخچهٔ دقتِ پایین heuristic را کلمپ می‌کند
  ✅ تاریخچهٔ دقتِ پایین LLM را کلمپ می‌کند
  ✅ ema=None روی synthesize کلمپ نمی‌کند
  ✅ run با تاریخچهٔ ضعیف confidence را پایین می‌آورد
  ✅ confidence از ردیفِ همین چرخهٔ خودش گریدنمی‌شود
  ✅ سنِ تصحیح محاسبه می‌شود
  ✅ فلگِ کهنگی بالاتر از آستانه شلیک می‌کند
  ✅ سنِ تصحیح از ردیفِ تازه‌ترین نه قدیمی‌ترین
  ✅ ts خراب فیل‌سیف است
  ✅ بدونِ فایل = بدونِ فیلدِ سن
  ✅ V2 EMAِ اندازه‌گیری‌شده را اعمال می‌کند
  ✅ V2 بدونِ EMA همان None می‌ماند
  ✅ run+V2 EMA را persist می‌کند
  ✅ run سن/کهنگیِ تصحیح را persist می‌کند

â”€â”€ test_self_accuracy.py â”€â”€â”€â”€â”€â”€â”€â”€â”€â”€â”€â”€â”€â”€â”€â”€â”€â”€â”€â”€â”€â”€â”€â”€â”€â”€â”€â”€â”€â”€â”€â”€â”€â”€â”€â”€â”€â”€â”€
  ✅ منبعِ legs دو-لایه را باز می‌کند
  ✅ منبعِ legs بازوهای جدا را می‌بیند
  ✅ منبعِ درآمد دلار را جمع می‌زند
  ✅ منبعِ wire واقعی را می‌خواند
  ✅ snapshotِ درست accuracy=1.0
  ✅ شمارشِ غلطِ لِگ drift می‌گیرد
  ✅ درآمدِ غلط drift می‌گیرد
  ✅ نامعلوم هنگامِ نبودِ داده
  ✅ سریِ زمانی append و accuracy دارد
  ✅ فلگ خاموش no-op است
  ✅ فلگ روشن سنجش و ثبت می‌کند
  ✅ هرگز خارجِ trail نمی‌نویسد
  ✅ state خراب crash نمی‌دهد

â”€â”€ test_email_lead_bridge.py â”€â”€â”€â”€â”€â”€â”€â”€â”€â”€â”€â”€â”€â”€â”€â”€â”€â”€â”€â”€â”€â”€â”€â”€â”€â”€â”€â”€â”€â”€â”€â”€â”€â”€â”€
ok t_a_parse_detects_painting_lead
ok t_b_bridge_writes_candidate_idempotent
ok t_c_bridged_candidate_flows_through_discovery
ok t_d_poll_noop_without_flag
PASS test_email_lead_bridge

â”€â”€ test_lead_llm_enrich.py â”€â”€â”€â”€â”€â”€â”€â”€â”€â”€â”€â”€â”€â”€â”€â”€â”€â”€â”€â”€â”€â”€â”€â”€â”€â”€â”€â”€â”€â”€â”€â”€â”€â”€â”€â”€â”€
ok t_a_flag_off_no_llm_call
ok t_b_flag_on_enriches_without_changing_gate
ok t_c_llm_failure_fail_soft
PASS test_lead_llm_enrich

â”€â”€ test_lead_quote_chain.py â”€â”€â”€â”€â”€â”€â”€â”€â”€â”€â”€â”€â”€â”€â”€â”€â”€â”€â”€â”€â”€â”€â”€â”€â”€â”€â”€â”€â”€â”€â”€â”€â”€â”€â”€â”€
ok t_a_lead_to_intake_mapping
ok t_b_end_to_end_real_propose_and_draft
ok t_c_no_draft_without_flag
ok t_d_probe_removed_from_chain
PASS test_lead_quote_chain

â”€â”€ test_durable_journal.py â”€â”€â”€â”€â”€â”€â”€â”€â”€â”€â”€â”€â”€â”€â”€â”€â”€â”€â”€â”€â”€â”€â”€â”€â”€â”€â”€â”€â”€â”€â”€â”€â”€â”€â”€â”€â”€
PASS - resume_point: unknown run -> None
PASS - resume_point after ok == step name
PASS - resume_point advances to latest ok step
PASS - run_status has both steps
PASS - invalid status rejected
PASS - incomplete_runs finds interrupted step
PASS - incomplete_runs does not flag a finished step
PASS - incomplete_runs clears once error recorded
PASS - append-only: line count only grows
PASS - record() is fail-soft on unwritable path (no exception raised)

== 0 failure(s) ==

â”€â”€ test_ui_truth.py â”€â”€â”€â”€â”€â”€â”€â”€â”€â”€â”€â”€â”€â”€â”€â”€â”€â”€â”€â”€â”€â”€â”€â”€â”€â”€â”€â”€â”€â”€â”€â”€â”€â”€â”€â”€â”€â”€â”€â”€â”€â”€â”€â”€
ok t_a_dead_buttons_removed_from_all_tabs
ok t_b_toast_no_longer_lies
ok t_c_channels_card_stale_never_green
PASS test_ui_truth

â”€â”€ test_organ_console.py â”€â”€â”€â”€â”€â”€â”€â”€â”€â”€â”€â”€â”€â”€â”€â”€â”€â”€â”€â”€â”€â”€â”€â”€â”€â”€â”€â”€â”€â”€â”€â”€â”€â”€â”€â”€â”€â”€â”€
ok t_a_organs_registered_in_gates
ok t_b_organs_command_lists_all_legs
ok t_c_toggle_buttons_are_tokened_flag_verbs
ok t_d_current_flag_reflects_live_env
ok t_e_toggle_confirm_mints_flaggo_token
ok t_f_render_never_crashes
PASS test_organ_console

â”€â”€ test_organ_create.py â”€â”€â”€â”€â”€â”€â”€â”€â”€â”€â”€â”€â”€â”€â”€â”€â”€â”€â”€â”€â”€â”€â”€â”€â”€â”€â”€â”€â”€â”€â”€â”€â”€â”€â”€â”€â”€â”€â”€â”€
ok t_a_propose_then_approve_writes_registry_only
ok t_b_organs_tab_lists_custom
ok t_c_approve_without_proposal_refused
ok t_d_duplicate_refused
ok t_e_short_name_refused
ok t_f_no_production_code_written
PASS test_organ_create

â”€â”€ test_calibration_loop.py â”€â”€â”€â”€â”€â”€â”€â”€â”€â”€â”€â”€â”€â”€â”€â”€â”€â”€â”€â”€â”€â”€â”€â”€â”€â”€â”€â”€â”€â”€â”€â”€â”€â”€â”€â”€
  ✅ t_a_closure_persisted_flag_off_no_claims
  ✅ t_b_flag_on_claim_key_matches_truth_key
  ✅ t_c_probe_pairs_n_gt_0_and_truth_refreshes
  ✅ t_d_closure_growth_is_bounded
  ✅ t_e_measure_contract_unchanged

✅ test_calibration_loop: 5/5

â”€â”€ test_cockpit_golive_honesty.py â”€â”€â”€â”€â”€â”€â”€â”€â”€â”€â”€â”€â”€â”€â”€â”€â”€â”€â”€â”€â”€â”€â”€â”€â”€â”€â”€â”€â”€â”€
  ✅ bundleِ کهنه ← liveِ تازه برنده
  ✅ bundleِ تازه برنده می‌ماند
  ✅ bundle بدونِ منبعِ زنده fail-soft
  ✅ ACTIVATION غایب → قفل با تاریخِ واقعی
  ✅ ACTIVATION+GO-LIVE → 🟢 مسلح
  ✅ فلگ بدونِ GO-LIVE → 🟡 صادق
  ✅ کورتکسِ کهنه → ⚫ نه «در حالِ فکر»
  ✅ کورتکسِ تازه → رندرِ عادی
  ✅ /health گیت‌های مسلح را می‌شمارد
  ✅ /health صفرِ صادق

✅ PASS test_cockpit_golive_honesty (10/10)

â”€â”€ test_legs_freshness.py â”€â”€â”€â”€â”€â”€â”€â”€â”€â”€â”€â”€â”€â”€â”€â”€â”€â”€â”€â”€â”€â”€â”€â”€â”€â”€â”€â”€â”€â”€â”€â”€â”€â”€â”€â”€â”€â”€
  ✓ test_accounting_fresh_workbook_is_live
  ✓ test_accounting_newest_workbook_wins
  ✓ test_accounting_stale_workbooks_not_live
  ✓ test_age_days_backdated_file
  ✓ test_age_days_is_call_time_not_cached
  ✓ test_age_days_none_and_missing
  ✓ test_crypto_boundary_just_inside_threshold
  ✓ test_crypto_fresh_analysis_is_live
  ✓ test_crypto_missing_dir_age_null
  ✓ test_crypto_name_timestamp_beats_touched_mtime
  ✓ test_crypto_stale_analysis_not_live_but_honest_signal
  ✓ test_fresh_true_false_and_fail_closed
  ✓ test_knowledge_honest_skeleton_reports_newest_note_age
  ✓ test_knowledge_missing_dir_age_null
  ✓ test_mining_honest_skeleton_reports_source_age
  ✓ test_mining_missing_source_age_null
✅ test_legs_freshness: 16/16 سبز

â”€â”€ test_ziman_catalog_bridge.py â”€â”€â”€â”€â”€â”€â”€â”€â”€â”€â”€â”€â”€â”€â”€â”€â”€â”€â”€â”€â”€â”€â”€â”€â”€â”€â”€â”€â”€â”€â”€â”€
── test_ziman_catalog_bridge ──
  ✅ missing_catalog_exact_legacy_behavior
  ✅ corrupt_or_misshapen_catalog_fail_soft
  ✅ catalog_families_counts_and_flags
  ✅ inventory_report_grounded_per_family
  ✅ org_root_resolution_and_removal
  ✅ utf8_bom_catalog_loads
  ✅ draft_content_alias_and_derived_warnings
  ✅ allowlist_gate_blocks_catalog_read
  ✅ bridge_stays_propose_only

â”€â”€ test_legs_cultivation.py â”€â”€â”€â”€â”€â”€â”€â”€â”€â”€â”€â”€â”€â”€â”€â”€â”€â”€â”€â”€â”€â”€â”€â”€â”€â”€â”€â”€â”€â”€â”€â”€â”€â”€â”€â”€
ok t_a_flag_off_is_noop
ok t_b_digests_two_legs
ok t_c_dedup_idempotent
ok t_d_school_link_absorbs_digest
ok t_e_killswitch_wins
ok t_f_cadence
ok t_g_doctor_sees_report
ok t_h_structurally_wired_and_out_of_profile
PASS test_legs_cultivation

â”€â”€ test_leg_feed.py â”€â”€â”€â”€â”€â”€â”€â”€â”€â”€â”€â”€â”€â”€â”€â”€â”€â”€â”€â”€â”€â”€â”€â”€â”€â”€â”€â”€â”€â”€â”€â”€â”€â”€â”€â”€â”€â”€â”€â”€â”€â”€â”€â”€
  ✅ ensure_food drops all legs
  ✅ idempotent same day
  ✅ cultivate clears starved+stale
  ✅ wiring feed off
  ✅ wiring feed on

â”€â”€ test_pii_read_guard.py â”€â”€â”€â”€â”€â”€â”€â”€â”€â”€â”€â”€â”€â”€â”€â”€â”€â”€â”€â”€â”€â”€â”€â”€â”€â”€â”€â”€â”€â”€â”€â”€â”€â”€â”€â”€â”€â”€
PASS - partner PII dir denied (segment)
PASS - DNA/EEG data dir denied (segment)
PASS - DNA report PDF denied (MyHeritage glob)
PASS - HRV N-of-1 dir denied (segment)
PASS - owner psychotherapeutic profile denied (segment+glob)
PASS - relocated genetic file denied (armin_dna* glob)
PASS - 23andme export denied (*23andme* glob)
PASS - relocated profile denied anywhere (OWNER-PROFILE* glob)
PASS - relocated ANZ bank statement denied (*ANZ-BE* glob)
PASS - in-place ANZ statement denied (/statements/ segment)
PASS - normal dashboard note allowed
PASS - normal knowledge note allowed
PASS - organism genome-system NOT over-blocked (no *genome* glob)
PASS - existing secret glob still denied (wallet)
PASS - existing finance segment still denied (accounting/data)
PASS - main() emits deny JSON on PII match
PASS - main() stays silent on normal path (allowed)

== 0 failure(s) ==

â”€â”€ test_adversarial_eval.py â”€â”€â”€â”€â”€â”€â”€â”€â”€â”€â”€â”€â”€â”€â”€â”€â”€â”€â”€â”€â”€â”€â”€â”€â”€â”€â”€â”€â”€â”€â”€â”€â”€â”€â”€â”€
  ✅ dataset loads + covers 8 categories
  ✅ injection resistance proven (score/action unchanged)
  ✅ full dataset → eval-gate-open
  ✅ seeded failure → eval-gate-closed
  ✅ router cases stay offline / no paid call
PASS test_adversarial_eval

â”€â”€ test_personal_ledger.py â”€â”€â”€â”€â”€â”€â”€â”€â”€â”€â”€â”€â”€â”€â”€â”€â”€â”€â”€â”€â”€â”€â”€â”€â”€â”€â”€â”€â”€â”€â”€â”€â”€â”€â”€â”€â”€
ok t_a_no_ledger
ok t_b_personal_networth_cashflow
ok t_c_joint_split_settlement
ok t_d_entity_ato_rollup
ok t_e_no_desc_or_raw_entries_leaked
ok t_f_categories_taxonomy_present
PASS test_personal_ledger

â”€â”€ test_pocketsmith_import.py â”€â”€â”€â”€â”€â”€â”€â”€â”€â”€â”€â”€â”€â”€â”€â”€â”€â”€â”€â”€â”€â”€â”€â”€â”€â”€â”€â”€â”€â”€â”€â”€â”€â”€
ok t_a_read_and_import
ok t_b_balance_after_import
ok t_c_import_output_no_raw_txn
PASS test_pocketsmith_import

â”€â”€ test_claims_backfill.py â”€â”€â”€â”€â”€â”€â”€â”€â”€â”€â”€â”€â”€â”€â”€â”€â”€â”€â”€â”€â”€â”€â”€â”€â”€â”€â”€â”€â”€â”€â”€â”€â”€â”€â”€â”€â”€
  ✅ t_a_deposits_export_only_positive_locked_format
  ✅ t_b_backfill_dry_writes_nothing
  ✅ t_c_backfill_write_then_idempotent
  ✅ t_d_full_pipeline_claim_csv_reconcile_confirmed

✅ test_claims_backfill: 4/4

â”€â”€ test_pocketsmith_api.py â”€â”€â”€â”€â”€â”€â”€â”€â”€â”€â”€â”€â”€â”€â”€â”€â”€â”€â”€â”€â”€â”€â”€â”€â”€â”€â”€â”€â”€â”€â”€â”€â”€â”€â”€â”€â”€
  ✓ test_flag_off_is_noop
  ✓ test_key_value_never_leaks
  ✓ test_missing_key_honest_empty
  ✓ test_pagination_follows_next_link
  ✓ test_rate_limit_backoff_then_success
  ✓ test_sync_merges_and_is_idempotent
  ✓ test_to_store_txns_cents_and_category_labels
✅ test_pocketsmith_api: 7/7 سبز

â”€â”€ test_ps_writeback.py â”€â”€â”€â”€â”€â”€â”€â”€â”€â”€â”€â”€â”€â”€â”€â”€â”€â”€â”€â”€â”€â”€â”€â”€â”€â”€â”€â”€â”€â”€â”€â”€â”€â”€â”€â”€â”€â”€â”€â”€
✓ فلگ خاموش: enqueue صف نمی‌کند
✓ فلگ خاموش: flush no-op (wired=False)
✓ PUT با amount → blocked (وایت‌لیست)
✓ PUT با فیلدِ اضافه کنارِ labels → blocked
✓ PUT به مسیرِ غیرِ /transactions/{id} → blocked
✓ متدِ DELETE → blocked
✓ PUTِ بدنه‌خالی → blocked
✓ enqueue صف می‌کند (۱ خط)
✓ owner/ptype ناشناخته → صف نمی‌شود
✓ flush: یک GET بعد یک PUT به /transactions/222
✓ برچسبِ مالک می‌ماند + دو برچسبِ oct اضافه می‌شود
✓ flush ok و صف خالی شد
✓ لاگِ ممیزی «written» دارد
✓ از-قبل-درست: skip، هیچ PUT، صف خالی
✓ namespaceِ کهنه جایگزین، برچسبِ مالک محفوظ
✓ 403: ok=False + صف دست‌نخورده + پیامِ کلیدِ full-access
✓ 404: drop و صف خالی
✓ سقف=۱: یک نوشتن، بقیه در صف می‌مانند
✓ dedup: یک PUT با آخرین جواب (درآمد)
✓ raceِ صف: آیتمِ همزمان می‌ماند، آیتمِ پردازش‌شده حذف
✓ idِ غیرِ PocketSmith صف نمی‌شود
✓ رقمِ یونیکد (isdigit-پاس) هم صف نمی‌شود
✓ منشأِ غیرِ PocketSmith (گاردِ provenance) صف نمی‌شود
✓ منشأِ PocketSmith صف می‌شود
✓ HALT: صفر شبکه، صف دست‌نخورده، نوتِ صادق
✓ قفلِ تازه: flushِ دوم رد می‌شود، صف دست‌نخورده
✓ برچسبِ کامادار: skip، هیچ PUT، صف خالی
✓ tidِ سمی: drop بدونِ هیچ درخواست، صف خالی
✓ auto-backfill: تأییدِ قدیمیِ PS نوشته شد، ردیفِ فایل نه، مارکر ساخته شد
✓ backfill فقط یک‌بار (مارکر)
✓ خطِ خراب: پردازش‌شده حذف، بدونِ تکثیرِ خطوط
✓ مقدارِ کلید هرگز در خروجی/صف/لاگ نیست

همه سبز — 32 چک ✅

â”€â”€ test_accountant.py â”€â”€â”€â”€â”€â”€â”€â”€â”€â”€â”€â”€â”€â”€â”€â”€â”€â”€â”€â”€â”€â”€â”€â”€â”€â”€â”€â”€â”€â”€â”€â”€â”€â”€â”€â”€â”€â”€â”€â”€â”€â”€
ok t_a_report_excludes_transfer
ok t_b_unknown_split_by_sign
ok t_c_apply_review_changes_report
ok t_d_network_summary_card_pii_safe
ok t_e_network_summary_absent_is_honest
ok t_f_network_k_anonymity_masks_singletons
ok t_g_network_fail_soft_bad_rows
ok t_h_pin_restore_by_content_hash
ok t_i_pin_fail_closed_on_corrupt_store
ok t_j_suggestion_pinned_across_sync
ok t_k_content_hash_unified_with_txn_store_hash
PASS test_accountant

â”€â”€ test_txn_store.py â”€â”€â”€â”€â”€â”€â”€â”€â”€â”€â”€â”€â”€â”€â”€â”€â”€â”€â”€â”€â”€â”€â”€â”€â”€â”€â”€â”€â”€â”€â”€â”€â”€â”€â”€â”€â”€â”€â”€â”€â”€â”€â”€
ok t_a_load_to_cents
ok t_b_dedup_cross_source
ok t_c_reconcile_tie_out
ok t_d_schema_fields
ok t_e_save_atomic_roundtrip
PASS test_txn_store

â”€â”€ test_asset_map.py â”€â”€â”€â”€â”€â”€â”€â”€â”€â”€â”€â”€â”€â”€â”€â”€â”€â”€â”€â”€â”€â”€â”€â”€â”€â”€â”€â”€â”€â”€â”€â”€â”€â”€â”€â”€â”€â”€â”€â”€â”€â”€â”€
  ✓ test_aggregates_at_least_three_legs
  ✓ test_broken_leg_is_failsoft
  ✓ test_flag_off_beat_returns_none
  ✓ test_flag_on_beat_builds_map_and_sidecar
  ✓ test_never_leaks_amount_or_pii
  ✓ test_stale_fixture_yields_refresh_proposal
✅ test_asset_map: 6/6 سبز

â”€â”€ test_finance_card.py â”€â”€â”€â”€â”€â”€â”€â”€â”€â”€â”€â”€â”€â”€â”€â”€â”€â”€â”€â”€â”€â”€â”€â”€â”€â”€â”€â”€â”€â”€â”€â”€â”€â”€â”€â”€â”€â”€â”€â”€
ok t_a_finance_registered_and_read_only
ok t_b_command_and_menu_route_to_finance
ok t_c_present_renders_asset_and_personal_aggregates
ok t_d_present_never_leaks_raw_txn_or_account_number
ok t_e_absent_renders_honest_off_and_no_fake_number
ok t_f_off_ledger_present_asset_partial
ok t_g_real_path_never_crashes_and_ledger_off
ok t_h_network_section_renders_aggregate_no_names
ok t_i_network_off_is_honest
ok t_j_simple_view_zero_jargon_enforced
ok t_k_expert_view_still_has_jargon_for_owner
PASS test_finance_card

â”€â”€ test_attributor.py â”€â”€â”€â”€â”€â”€â”€â”€â”€â”€â”€â”€â”€â”€â”€â”€â”€â”€â”€â”€â”€â”€â”€â”€â”€â”€â”€â”€â”€â”€â”€â”€â”€â”€â”€â”€â”€â”€â”€â”€â”€â”€
ok t_a_wage_detection
ok t_a2_wage_non_multiple_not_wage
ok t_b_transfer_pair_passthrough
ok t_b2_transfer_desc_hint
ok t_b3_diff_account_not_paired
ok t_c_vendor_rule
ok t_d_unknown_needs_review
ok t_e_apply_corrections_confirms
ok t_f_agent_never_confirms
ok t_g_review_queue_material_first
ok t_h_counts_shape
ok t_i_no_raw_amount_leak
PASS test_attributor

â”€â”€ test_txn_categorize.py â”€â”€â”€â”€â”€â”€â”€â”€â”€â”€â”€â”€â”€â”€â”€â”€â”€â”€â”€â”€â”€â”€â”€â”€â”€â”€â”€â”€â”€â”€â”€â”€â”€â”€â”€â”€â”€â”€
  ✅ (الف) هیچ مبلغی در promptِ LLM نیست
  ✅ (ب) محلی پیش‌فرض؛ ابری فقط با flag+use_cloud
  ✅ (پ) scrub نام+عددِ ۶رقمی قبل از ابری
  ✅ (ت) suggestion ست؛ review همان needs_review
  ✅ (ث) JSONِ خراب → txn دست‌نخورده

â”€â”€ test_acct_review.py â”€â”€â”€â”€â”€â”€â”€â”€â”€â”€â”€â”€â”€â”€â”€â”€â”€â”€â”€â”€â”€â”€â”€â”€â”€â”€â”€â”€â”€â”€â”€â”€â”€â”€â”€â”€â”€â”€â”€â”€â”€
ok t_a_start_biggest_first
ok t_b_answer_applies_and_learns
ok t_c_identity_guard_wrong_row
ok t_d_parse_free_deterministic
ok t_e_skip_advances_no_change
ok t_f_desc_scrubs_account_number
ok t_g_empty_queue
ok t_h_stop_ends_session
ok t_i_vanished_not_counted
ok t_j_iterative_skip_no_recursion
ok t_k_memory_guess_ladder
ok t_l_persisted_suggestion_used
PASS test_acct_review

â”€â”€ test_review_telegram.py â”€â”€â”€â”€â”€â”€â”€â”€â”€â”€â”€â”€â”€â”€â”€â”€â”€â”€â”€â”€â”€â”€â”€â”€â”€â”€â”€â”€â”€â”€â”€â”€â”€â”€â”€â”€â”€
ok t_a_review_start_gives_question_card
ok t_b_callback_answer_applies_and_advances
ok t_c_freetext_flow_proposes_then_confirms
ok t_f_need_clarify_keeps_listening
ok t_g_slash_clears_awaiting
ok t_d_stop_ends
ok t_e_freetext_ignored_when_not_in_review
PASS test_review_telegram

â”€â”€ test_ledger_core.py â”€â”€â”€â”€â”€â”€â”€â”€â”€â”€â”€â”€â”€â”€â”€â”€â”€â”€â”€â”€â”€â”€â”€â”€â”€â”€â”€â”€â”€â”€â”€â”€â”€â”€â”€â”€â”€â”€â”€â”€â”€
ok t_a_balanced_posts_unbalanced_rejected
ok t_b_float_money_rejected
ok t_c_unknown_account_entity_profile
ok t_d_locked_period_rejected
ok t_e_gst_fail_closed
ok t_f_idempotent_post
ok t_g_reversal_not_overwrite
ok t_h_trial_balance_always_balanced
ok t_i_ikey_conflict_different_payload
ok t_j_rev_namespace_reserved
ok t_k_identical_no_ikey_both_post
ok t_l_unknown_keys_rejected
ok t_m_gst_control_account_gated
ok t_n_tax_whitelist_when_open
ok t_o_truthy_gst_still_closed
ok t_p_torn_tail_blocks_post
ok t_q_calendar_and_bounds
ok t_r_reverse_of_reversal_reinstates
ok t_s_reversal_keeps_tax_code
ok t_t_corrupt_original_reverse_clean_error
PASS test_ledger_core

â”€â”€ test_raw_store.py â”€â”€â”€â”€â”€â”€â”€â”€â”€â”€â”€â”€â”€â”€â”€â”€â”€â”€â”€â”€â”€â”€â”€â”€â”€â”€â”€â”€â”€â”€â”€â”€â”€â”€â”€â”€â”€â”€â”€â”€â”€â”€â”€
ok t_a_ingest_idempotent_provider_id
ok t_b_fingerprint_fallback
ok t_c_no_mutation_api
ok t_d_bad_rows_counted_append_only
ok t_e_identical_pair_in_batch_both_stored
ok t_f_non_utf8_no_crash
PASS test_raw_store

â”€â”€ test_recon.py â”€â”€â”€â”€â”€â”€â”€â”€â”€â”€â”€â”€â”€â”€â”€â”€â”€â”€â”€â”€â”€â”€â”€â”€â”€â”€â”€â”€â”€â”€â”€â”€â”€â”€â”€â”€â”€â”€â”€â”€â”€â”€â”€â”€â”€â”€â”€
ok t_a_balance_identity
ok t_b_FLAGSHIP_offsetting_errors_equal_net_must_fail
ok t_c_mismatch_and_dup_detected
ok t_d_perfect_match_green
ok t_e_bad_amounts_gate_red
ok t_f_id_zero_valid
ok t_g_vacuous_empty_not_green
ok t_h_truncation_flagged
ok t_i_long_id_capped
PASS test_recon

â”€â”€ test_journal_bridge.py â”€â”€â”€â”€â”€â”€â”€â”€â”€â”€â”€â”€â”€â”€â”€â”€â”€â”€â”€â”€â”€â”€â”€â”€â”€â”€â”€â”€â”€â”€â”€â”€â”€â”€â”€â”€â”€â”€
ok t_a_mapping_four_types
ok t_b_guards_and_honest_skips
ok t_c_rebuild_idempotent_and_refresh
ok t_d_apply_rederives_and_double_tap_safe
ok t_e_poisoned_queue_never_posts
ok t_f_corrupt_queue_fail_closed
ok t_g_reject_final_and_scrub
ok t_h_coa_validity_all_account_codes_exist
PASS test_journal_bridge

â”€â”€ test_books_telegram.py â”€â”€â”€â”€â”€â”€â”€â”€â”€â”€â”€â”€â”€â”€â”€â”€â”€â”€â”€â”€â”€â”€â”€â”€â”€â”€â”€â”€â”€â”€â”€â”€â”€â”€â”€â”€â”€â”€
ok t_a_books_shows_proposal_card
ok t_b_approve_posts_and_double_tap_safe
ok t_c_reject_then_empty_honest
ok t_d_finance_shows_ledger_section
ok t_e_acct_sync_dispatch_via_callback
ok t_f_finance_expert_command_and_callback
PASS test_books_telegram

â”€â”€ test_company_books.py â”€â”€â”€â”€â”€â”€â”€â”€â”€â”€â”€â”€â”€â”€â”€â”€â”€â”€â”€â”€â”€â”€â”€â”€â”€â”€â”€â”€â”€â”€â”€â”€â”€â”€â”€â”€â”€â”€â”€
ok t_a_flag_off_honest
ok t_b_unknown_or_missing_provider_honest
ok t_c_draft_only_enforced
ok t_d_injected_provider_paths
ok t_e_no_secret_in_status
PASS test_company_books

â”€â”€ test_books_xero.py â”€â”€â”€â”€â”€â”€â”€â”€â”€â”€â”€â”€â”€â”€â”€â”€â”€â”€â”€â”€â”€â”€â”€â”€â”€â”€â”€â”€â”€â”€â”€â”€â”€â”€â”€â”€â”€â”€â”€â”€â”€â”€
ok t_a_no_creds_honest
ok t_b_connect_and_token_cache
ok t_c_draft_always_draft_even_malicious
ok t_d_429_retries_once
ok t_e_401_refreshes_token_once
ok t_f_no_secret_leak_anywhere
PASS test_books_xero

â”€â”€ test_acct_memory.py â”€â”€â”€â”€â”€â”€â”€â”€â”€â”€â”€â”€â”€â”€â”€â”€â”€â”€â”€â”€â”€â”€â”€â”€â”€â”€â”€â”€â”€â”€â”€â”€â”€â”€â”€â”€â”€â”€â”€â”€â”€
ok t_a_merchant_key_normal
ok t_b_rules_majority_and_min_samples
ok t_c_exception_rate_deactivates
ok t_d_reproducible_after_delete
ok t_e_evaluate_and_drift
PASS test_acct_memory

â”€â”€ test_acct_beat.py â”€â”€â”€â”€â”€â”€â”€â”€â”€â”€â”€â”€â”€â”€â”€â”€â”€â”€â”€â”€â”€â”€â”€â”€â”€â”€â”€â”€â”€â”€â”€â”€â”€â”€â”€â”€â”€â”€â”€â”€â”€â”€â”€
ok t_a_flag_off_none
ok t_b_epoch_window_once_per_epoch
ok t_c_runs_and_writes_sidecar
ok t_d_killswitch_first
PASS test_acct_beat

â”€â”€ test_brain_cortisol.py â”€â”€â”€â”€â”€â”€â”€â”€â”€â”€â”€â”€â”€â”€â”€â”€â”€â”€â”€â”€â”€â”€â”€â”€â”€â”€â”€â”€â”€â”€â”€â”€â”€â”€â”€â”€â”€â”€
  ✅ t_a2_synth_gate_structural_completeness
  ✅ t_a_quality_gate_rejects_echo_and_degenerate
  ✅ t_b_router_local_first_echo_falls_through
  💥 t_c_boot_think_via_every_n_flag: AttributeError: module 'cortex' has no attribute 'THINK_EVERY_N'
  💥 t_d_cortisol_fires_on_fear_entry_with_alarm_context: AttributeError: module 'cortex' has no attribute 'cortisol_tick'
  💥 t_e_cortisol_flag_off_is_noop: AttributeError: module 'cortex' has no attribute 'CORTISOL_EVENTS'
  ✅ t_f_parse_skips_template_echo
  ✅ t_g_synthesize_alarm_changes_sig_and_prompt_and_passes_quality
  ✅ t_h_event_driven_dedup_skips_same_sig_but_not_alarm
  ✅ t_i_llm_learn_cadence_untouched_until_phase_c

❌ test_brain_cortisol: 7/10
   â†» Ø§Ø¬Ø±Ø§ÛŒ Ø¯ÙˆÙ…: Ù‚Ø±Ù…Ø²Ù-Ù¾Ø§ÛŒØ¯Ø§Ø± â†’ tests/_flaky/test_brain_cortisol.py.txt

â”€â”€ test_blocker_fixes_2026_07_22.py â”€â”€â”€â”€â”€â”€â”€â”€â”€â”€â”€â”€â”€â”€â”€â”€â”€â”€â”€â”€â”€â”€â”€â”€â”€â”€â”€â”€
..........                                                               [100%]
10 passed in 0.44s

â”€â”€ test_chrono_schema_migration.py â”€â”€â”€â”€â”€â”€â”€â”€â”€â”€â”€â”€â”€â”€â”€â”€â”€â”€â”€â”€â”€â”€â”€â”€â”€â”€â”€â”€â”€
  ✅ t_a_fresh_db_migrates_to_v1
  ✅ t_b_legacy_unversioned_v1_preserved
  ✅ t_c_already_v1_is_noop
  ✅ t_d_malformed_gated_effect_fail_closed
  ✅ t_e_higher_unknown_version_fail_closed
  ✅ t_f_version_never_decreases
  ✅ t_g_v2_binding_columns_exist

=== 7/7 C1 schema-migration checks ===

â”€â”€ test_effector_idempotency.py â”€â”€â”€â”€â”€â”€â”€â”€â”€â”€â”€â”€â”€â”€â”€â”€â”€â”€â”€â”€â”€â”€â”€â”€â”€â”€â”€â”€â”€â”€â”€â”€
PASS - keyless request(): no dedup, two distinct effects
PASS - keyed request(): same key -> same effect_id
PASS - keyed request(): dedup created exactly one row
PASS - keyed request(): different key -> different effect_id
PASS - same key + different content -> IdempotencyConflict
PASS - settle() works on an idempotent effect
PASS - status_of reflects settled
PASS - replay after settle -> same (already-settled) effect_id
PASS - caller sees it is already settled (no re-execution)

== 0 failure(s) ==

â”€â”€ test_c4_exact_authorization.py â”€â”€â”€â”€â”€â”€â”€â”€â”€â”€â”€â”€â”€â”€â”€â”€â”€â”€â”€â”€â”€â”€â”€â”€â”€â”€â”€â”€â”€â”€
PASS - money 'pay' NOT batch-released by generic approval
PASS - non-money 'send' IS batch-released
PASS - release_effect exact binding → True
PASS -   effect now releasable
PASS -   settle() carries releasable → settled
PASS - release_effect content_hash mismatch → False + still pending
PASS - release_effect action_kind mismatch → False + still pending
PASS - release_effect target_ref mismatch → False + still pending
PASS - release_effect effect_id mismatch → False + still pending
PASS - release_effect empty approval_id → False
PASS - release_effect expired approval → False
PASS - release_effect first use of approval_id → True
PASS - release_effect replayed approval_id on 2nd effect → False + 2nd pending
PASS - release_effect on already-releasable → False
PASS - release_effect under STOP → False + refused
PASS - routing: money judgment WITH binding → release_effect (exact)
PASS - routing: generic (no effect_id) → batch (money excluded)
PASS - routing: id-only, no binding → release_one (legacy customer path)

== 0 failure(s) ==
OK test_c4_exact_authorization

â”€â”€ test_c41_e4_id_only.py â”€â”€â”€â”€â”€â”€â”€â”€â”€â”€â”€â”€â”€â”€â”€â”€â”€â”€â”€â”€â”€â”€â”€â”€â”€â”€â”€â”€â”€â”€â”€â”€â”€â”€â”€â”€â”€â”€
PASS - E4 id-only via release_one → False
PASS -   money effect NOT released (stays pending)
PASS - E4 wrong-binding via release_effect → False
PASS - E4 exact binding + ledger ref → True + releasable
PASS - non-E4 lead_outbound via release_one id-only → True (releasable)
PASS - generic append (no effect_id) → money stays pending
PASS - replayed approval_id on 2nd money effect → False
PASS - missing human ledger reference (empty release_ref) → False
PASS - legacy-unbound money id-only → NEEDS_OWNER_REVIEW (never auto-released)
PASS - on_human_judgment money id-only → NOT released (bypass closed)

== 0 failure(s) ==
OK test_c41_e4_id_only

â”€â”€ test_c5_cas_execution.py â”€â”€â”€â”€â”€â”€â”€â”€â”€â”€â”€â”€â”€â”€â”€â”€â”€â”€â”€â”€â”€â”€â”€â”€â”€â”€â”€â”€â”€â”€â”€â”€â”€â”€â”€â”€
PASS - fresh DB migrates to v4
PASS - second open is a no-op (still v4)
PASS - v4 execution columns all present
PASS - C3 UNIQUE idempotency index SURVIVES the v4 rebuild
PASS - v3→v4: user_version now 4
PASS - v3→v4: rows and statuses preserved (additive, zero status rewrites)
PASS - legacy releasable row claimable after migration
PASS - legacy row completes with receipt → settled
PASS - failed 3→4 step raises and stays v3 (no half-migration)
PASS - failed step: data intact, no leftover v4 table
PASS - retry after restored migration → v4
PASS - user_version=5 (future) → ChronoSchemaError
PASS - claim: releasable → EXECUTING with execution_id
PASS - complete with external receipt → settled
PASS - receipt + worker_ref durably recorded
PASS - two executors: exactly one winner
PASS - loser did not disturb state (still EXECUTING, winner's claim)
PASS - wrong execution_id → False, stays EXECUTING
PASS - correct execution_id then completes
PASS - duplicate completion (same xid+receipt) → True, idempotent
PASS - same xid but DIFFERENT receipt → False (no silent receipt rewrite)
PASS - fail_execution: EXECUTING → FAILED_SAFE
PASS - stale worker complete after FAILED_SAFE → False, state unchanged
PASS - second fail_execution → False (terminal)
PASS - settle(pending) → False
PASS - begin_execution(pending) → None
PASS - complete_execution(pending) → False
PASS - releasable WITHOUT release_ref cannot be claimed
PASS - STOP before claim → None + refused
PASS - STOP during execution → False + RECONCILE_REQUIRED
PASS -   reconcile row keeps halt reason + the external receipt
PASS - settle first call wins
PASS - settle second call → False (single winner, no blind re-update)

== 0 failure(s) ==
OK test_c5_cas_execution

â”€â”€ test_c6_receipt_reconciliation.py â”€â”€â”€â”€â”€â”€â”€â”€â”€â”€â”€â”€â”€â”€â”€â”€â”€â”€â”€â”€â”€â”€â”€â”€â”€â”€â”€
PASS - stale releasable (authorized, never claimed) → refused
PASS - fresh releasable untouched
PASS - stale releasable carries an explicit sweep reason
PASS - knob=0 → releasable sweep off
PASS - releasable sweep never touches pending
PASS - sweep_stale_effects contract unchanged (refuses stale pending only)
PASS - stale EXECUTING → RECONCILE_REQUIRED (never refused)
PASS - fresh EXECUTING untouched
PASS - stale execution keeps honest reason, no fabricated receipt
PASS - knob=0 → execution sweep off
PASS - reconcile settled with evidence → settled + receipt filled
PASS - reconciled row records evidence as receipt + audit trail
PASS - stale worker cannot double-settle a reconciled row (effectively-once)
PASS - precondition: halt-during left RECONCILE_REQUIRED with receipt
PASS - reconcile never overwrites an existing receipt
PASS - reconcile failed_safe → FAILED_SAFE, zero receipt
PASS - reconcile on non-RECONCILE row → False
PASS - reconcile without evidence → False
PASS - reconcile without operator → False
PASS - reconcile with bogus resolution → False
PASS - no reconciliation under halt (D-block)
PASS - report lists the unresolved RECONCILE_REQUIRED row
PASS - report has zero side effects
PASS - redrive: pending money judgment → releasable (no new ledger append)
PASS - redrive is idempotent (second run: no state change, no double release)
PASS - redrive after settle → no-op
PASS - generic (no effect_id) judgment is never redriven — fail-closed
PASS - id-only non-money redrive → release_one path → releasable
PASS - no redrive under halt
PASS - empty entry_ref → no redrive
PASS - post-refactor routing identical (exact / one / batch, ledger hash as ref)

== 0 failure(s) ==
OK test_c6_receipt_reconciliation

â”€â”€ test_c6_trigger_propose_only.py â”€â”€â”€â”€â”€â”€â”€â”€â”€â”€â”€â”€â”€â”€â”€â”€â”€â”€â”€â”€â”€â”€â”€â”€â”€â”€â”€â”€â”€
PASS — test_c6_trigger_propose_only

â”€â”€ test_c6_bench_honesty.py â”€â”€â”€â”€â”€â”€â”€â”€â”€â”€â”€â”€â”€â”€â”€â”€â”€â”€â”€â”€â”€â”€â”€â”€â”€â”€â”€â”€â”€â”€â”€â”€â”€â”€â”€â”€
── C6 bench honesty (C1) ─────────────────────────────────────────
  ✅ NULL (دو بازوی یکسان) رد می‌شود
  ✅ baselineِ اعلامیِ فرضیه بی‌اثر است
  ✅ کنترلِ مثبت پذیرفته می‌شود
  ✅ معیارِ پذیرش نویز را رد می‌کند
  ✅ آزمونِ علامتِ دقیق
  ✅ ادعای مکانیزمی قطعی است
  ✅ طرحِ جفت‌شده + بازگشتِ gc
  ✅ باگِ baselineِ هاردکد برنگشته
  ✅ payloadِ غایب = نامعلوم، نه پذیرفته
==================================================================
✅ test_c6_bench_honesty: 0 failure(s)

â”€â”€ test_c3_owner_trust_forgery.py â”€â”€â”€â”€â”€â”€â”€â”€â”€â”€â”€â”€â”€â”€â”€â”€â”€â”€â”€â”€â”€â”€â”€â”€â”€â”€â”€â”€â”€â”€
  ✅ C3 research_loop owner-forge blocked
  ✅ C3 unattested semantic claim caps trust + audit
  ✅ C3 real owner verdict stays owner confirmed
  ✅ C3 attestation writer single canonical
  ✅ C3 defense-in-depth gate

â”€â”€ test_paid_router_dark_config.py â”€â”€â”€â”€â”€â”€â”€â”€â”€â”€â”€â”€â”€â”€â”€â”€â”€â”€â”€â”€â”€â”€â”€â”€â”€â”€â”€â”€â”€
PASS — test_paid_router_dark_config

â”€â”€ test_budgets_resilience_config.py â”€â”€â”€â”€â”€â”€â”€â”€â”€â”€â”€â”€â”€â”€â”€â”€â”€â”€â”€â”€â”€â”€â”€â”€â”€â”€â”€
  ✅ ۱ بخشِ resilience موجود و parseشدنی
  ✅ ۲ مقادیر در محدودهٔ معقول
  ✅ ۳ _cfg از yaml می‌خواند

â”€â”€ test_telegram_silence.py â”€â”€â”€â”€â”€â”€â”€â”€â”€â”€â”€â”€â”€â”€â”€â”€â”€â”€â”€â”€â”€â”€â”€â”€â”€â”€â”€â”€â”€â”€â”€â”€â”€â”€â”€â”€
  ✅ ۱ ۵۰ هم‌امضا → ۱ push
  ✅ ۲ ۵۰ متفاوت → سقفِ روزانه
  ✅ ۳ امضاهای متفاوت مجاز
  ✅ ۴ فلگِ خاموش = صفر push
  ✅ ۵ constants با build-spec
  ✅ ۶ notif_inbox: خطِ critical → صندوق
  ✅ ۷ notif_inbox: task.failed → صندوق
  ✅ ۸ notif_inbox: incident.opened همیشه مستقیم
  ✅ ۹ notif_inbox: protective-halt همیشه مستقیم
  ✅ ۱۰ notif_inbox خاموش → مستقیم مثلِ همیشه
test_beat_never_raises (__main__.TestMoneyPulse.test_beat_never_raises) ... ok
test_cold_revenue_no_notify (__main__.TestMoneyPulse.test_cold_revenue_no_notify) ... ok
test_flag_off_noop (__main__.TestMoneyPulse.test_flag_off_noop) ... ok
test_flag_on_writes_sample (__main__.TestMoneyPulse.test_flag_on_writes_sample) ... ok
test_hot_revenue_notifies (__main__.TestMoneyPulse.test_hot_revenue_notifies) ... ok
test_never_writes_money_attribution (__main__.TestMoneyPulse.test_never_writes_money_attribution)
money-pulse فقط می‌خونه. نوشتنِ پول باید از مسیرِ claim→confirm بیاد. ... ok
test_status_structure (__main__.TestMoneyPulse.test_status_structure) ... ok

----------------------------------------------------------------------
Ran 7 tests in 0.025s

OK

â”€â”€ test_money_pulse.py â”€â”€â”€â”€â”€â”€â”€â”€â”€â”€â”€â”€â”€â”€â”€â”€â”€â”€â”€â”€â”€â”€â”€â”€â”€â”€â”€â”€â”€â”€â”€â”€â”€â”€â”€â”€â”€â”€â”€â”€â”€

â”€â”€ test_organ_dialogue_digest.py â”€â”€â”€â”€â”€â”€â”€â”€â”€â”€â”€â”€â”€â”€â”€â”€â”€â”€â”€â”€â”€â”€â”€â”€â”€â”€â”€â”€â”€â”€â”€
  ✅ severity='high' (رشتهٔ انگلیسی high): متنِ غیرخالی برمی‌گردد
  ✅ severity='high': علامت در متن هست
  ✅ high → عددِ ۴ نگاشت شد
  ✅ severity='متوسط' (رشتهٔ فارسی متوسط): متنِ غیرخالی برمی‌گردد
  ✅ severity='متوسط': علامت در متن هست
  ✅ متوسط → عددِ ۳ نگاشت شد
  ✅ severity=3 (عدد صحیح 3): متنِ غیرخالی برمی‌گردد
  ✅ severity=3: علامت در متن هست
  ✅ severity=None (None): متنِ غیرخالی برمی‌گردد
  ✅ severity=None: علامت در متن هست
  ✅ severity='چرت' (برچسب ناشناخته): متنِ غیرخالی برمی‌گردد
  ✅ severity='چرت': علامت در متن هست
  ✅ برچسبِ ناشناخته خودش نمایش داده شد (نه کرش، نه صفرِ ساختگی)

PASS — test_organ_dialogue_digest

â”€â”€ test_leg_failure_reason.py â”€â”€â”€â”€â”€â”€â”€â”€â”€â”€â”€â”€â”€â”€â”€â”€â”€â”€â”€â”€â”€â”€â”€â”€â”€â”€â”€â”€â”€â”€â”€â”€â”€â”€
  ✅ last-failure.json ساخته شد (مسیرِ phi-timeout)
  ✅ علتِ صادق: phi-timeout:no-ack
  ✅ phi ثبت شد
  ✅ silence_ms واقعی ثبت شد
  ✅ beat ثبت شد
  ✅ selfheal-events.jsonl نوشته شد
  ✅ دقیقاً یک ردیفِ selfheal
  ✅ ردیفِ selfheal فیلدِ reason دارد (قبلاً فقط {leg,ts} بود)
  ✅ ردیفِ selfheal فیلدِ phi دارد
  ✅ restart_from_known_good صدا زده شد (رفتارِ self-heal دست‌نخورده)
  ✅ events.jsonl در sandbox نوشته شد (نه درختِ زنده)
  ✅ یک رویدادِ task.blocked
  ✅ task.blocked به فایلِ علت اشاره می‌کند
  ✅ خلاصهٔ task.blocked phi را دارد
  ✅ leg_beat با لِگِ معیوب None برمی‌گردد (tick نمرد)
  ✅ last-error.json ساخته شد (مسیرِ استثنا)
  ✅ error_type ثبت شد
  ✅ پیامِ خطا ثبت شد
  ✅ آخرین فریمِ stack ثبت شد

PASS — test_leg_failure_reason

â”€â”€ test_heart_honest_pulse.py â”€â”€â”€â”€â”€â”€â”€â”€â”€â”€â”€â”€â”€â”€â”€â”€â”€â”€â”€â”€â”€â”€â”€â”€â”€â”€â”€â”€â”€â”€â”€â”€â”€â”€
  ✅ metronome_share واقعاً >0.9 است (=0.9057)
  ✅ فلگ خاموش: authoritative طبق قاعدهٔ قدیم True (بایت‌به‌بایت)
  ✅ فلگ خاموش: self_referential=False (رفتارِ قدیم)
  ✅ فلگ روشن: self_referential=True وقتی متروَنوم >0.9
  ✅ فلگ روشن: authoritative=False — عددِ متروَنوم دیگر «معتبر» اعلام نمی‌شود
  ✅ fixture واقعاً Δ منفی تولید می‌کند (raw=-0.630193)
  ✅ فلگ روشن: مقدارِ منفی منتشر می‌شود (نه صفرِ ساختگی)
  ✅ فلگ خاموش: clamp به 0.0 (بایت‌به‌بایتِ رفتارِ قدیم)
  ✅ دندان: بدونِ پنجره همین فیکسچر مادّیاً منفی است (raw=-0.372488)
  ✅ پنجره رژیمِ مرده را پیر می‌کند: raw≈0 (raw=0.0)
  ✅ کوواریت‌های بی‌واریانس (مرده) صادقانه در خروجی اعلام می‌شوند
  ✅ کفِ رزولوشن با رسید منتشر می‌شود (clamp ِ پنهان نیست)
  ✅ خروجیِ منفیِ estimator برای آزمون consumer معتبر است (authoritative)
  ✅ compute_all مقدارِ منفی را بدون clamp عبور می‌دهد
  ✅ gate0 با Δ منفی بسته است — «خودشناسی منفی» دیگر گیت را باز نمی‌کند

PASS — test_heart_honest_pulse

â”€â”€ test_doctor_rfc_stale_dedup.py â”€â”€â”€â”€â”€â”€â”€â”€â”€â”€â”€â”€â”€â”€â”€â”€â”€â”€â”€â”€â”€â”€â”€â”€â”€â”€â”€â”€â”€â”€
  ✅ dedupe: propose دوم همان RFCِ باز را برمی‌گرداند
  ✅ dedupe: فقط یک RFC در registry است
  ✅ reconcile: RFCی σ≈1 روی trace سالم stale-input شد
  ✅ وضعیت = stale-input
  ✅ دلیلِ staleness در رکورد ثبت شد
  ✅ reconcile: FREEZE و σ_effective هر دو stale-input شدند
  ✅ FREEZE با frozen=false → stale-input
  ✅ σ_effective با σ=0.0 → stale-input
  ✅ knob-RFC دست‌نخورده (وابسته به trace نیست)
  ✅ شرطِ طیفیِ برقرار (σ≈1 واقعی) → stale-input نمی‌شود
  ✅ RFC سالم می‌ماند
  ✅ submit روی RFCی submitted=True برمی‌گردد
  ✅ هیچ کارتِ تکراری فرستاده نشد
  ✅ بازگشتِ شرط پس از staleness → RFCِ نو مجاز است
  ✅ RFCِ نو در وضعیتِ عادی است

PASS — test_doctor_rfc_stale_dedup

â”€â”€ test_honest_outcomes.py â”€â”€â”€â”€â”€â”€â”€â”€â”€â”€â”€â”€â”€â”€â”€â”€â”€â”€â”€â”€â”€â”€â”€â”€â”€â”€â”€â”€â”€â”€â”€â”€â”€â”€â”€â”€â”€
  ✅ لایهٔ ۱: دقیقاً یک بستار برای idِ تکراری نوشته شد (نه 1)
  ✅ baselineِ قدیمی‌تر (۵) ملاک است: با now=3 بیت=False — نه flip با baselineهای متفاوت
  ✅ لایهٔ ۱: هیچ (ts,key) تکراریِ متناقضی تولید نشد
  ✅ لایهٔ ۳: رشدِ فقط total_discoveries (درون‌زاد) moved را True نمی‌کند
  ✅ بستار=False ثبت شد
  ✅ درون‌زاد در رکورد لاگ شد (endogenous_delta) — شفافیت بدونِ رأی
  ✅ فلگ خاموش: رفتارِ قدیم — رشدِ درون‌زاد moved=True (بایت‌به‌بایت)
  ✅ فلگ خاموش: شمارشِ خامِ قدیم (closed=4, moved=3 — 75.0٪)
  ✅ لایهٔ ۲: مخرج = نیتِ متمایز (۲ نه ۴)
  ✅ لایهٔ ۲: آخرین رأی per key برنده است (A=False، B=True)
  ✅ rate_pct=50.0 (عددِ پایینِ راست، نه بالای دروغ)
  ✅ داده نبود → rate_pct=None (قاعدهٔ صداقت حفظ شد)

PASS — test_honest_outcomes

â”€â”€ test_live_debug_fixes_2026_07_25.py â”€â”€â”€â”€â”€â”€â”€â”€â”€â”€â”€â”€â”€â”€â”€â”€â”€â”€â”€â”€â”€â”€â”€â”€â”€

── ۱ گاردِ گرافِ دژنرهٔ spectral ─────────────────────
  ✅ ارگانیسمِ بی‌خطا گرافِ بی‌یال می‌دهد (n=3, edges=0) — ریشهٔ باگ
  ✅ بی‌خطا → سکوت (قبلاً «σ≈1 … critical» می‌داد)
  ✅ تک‌گره → سکوت (n<2)
  ✅ با ساختارِ خطای واقعی همچنان حرف می‌زند (edges=3, severity=high) — گارد over-block نکرد
  ✅ traceِ خالی → None (رفتارِ قبلی)

── ۲ persistِ created_ts ─────────────────────────────
  ✅ to_dict حالا created_ts دارد (True)
  ✅ سن پس از لود حفظ می‌شود (نه ریست به now) → sweep می‌تواند expire کند
  ✅ رکوردِ قدیمیِ بی‌created_ts هنوز لود می‌شود (__post_init__ پرش می‌کند)

── ۳ تحمّلِ صادقِ phi ────────────────────────────────
  ✅ فلگ خاموش: لحظهٔ ack → زنده (phi=-0.00)
  ✅ فلگ خاموش: یک سکونِ ۲×mean → «مرده» — رفتارِ قدیم حفظ شد (phi=23.1)
  ✅ فلگ روشن: با ۱ فاصله هرگز «مرده» نمی‌شود (phi=15.99 < 16.0)
  ✅ فلگ روشن: ولی «مشکوک» می‌شود — سیگنال خفه نشد (phi=15.99)
  ✅ با ۵ فاصله، سکونِ ۲×mean: روشن=1.64 زنده · خاموش=23.1 مرده (کفِ std از 0.1 به 0.5 رفت)
  ✅ knobها کران‌دارند (MIN_PHI_GAPS=4, STD_FLOOR_FRAC=0.5)

── ۴ legs_diag در snapshot ───────────────────────────
  ✅ status حالا legs_diag دارد
  ✅ legs_diag همهٔ فیلدهای تشخیصی را دارد (['ack_samples', 'honest_tolerance', 'mean_gap_ms', 'phi', 'phi_dead', 'silence_ms', 'state'])
  ✅ ack_samples شمارشِ واقعی است (2)
  ✅ phi و آستانهٔ مرگ هر دو دیده می‌شوند (phi=300.0, dead=16.0)
  ✅ برچسبِ legs و legs_diag.state یک حقیقت‌اند (دو نامِ متناقض ممنوع)

── ۵ Gate-0 با Δ منفی ────────────────────────────────
  ✅ Δ منفی: گیت بسته است
  ✅ Δ منفی: دلیلِ صریحِ Δ در فهرست هست (نه سکوت)
  ✅ Δ مثبت: دلیلِ Δ حذف می‌شود (گیت بی‌جهت مسدود نمی‌کند)
  ✅ Δ مثبت + authoritative: شرطِ Gate-0 کاملاً پاس می‌شود
  ✅ سیگنالِ قدیمیِ بی‌gate0 → سقوطِ سازگار به authoritative (بدونِ رگرسیون)

── ۶ فلگ‌های پولی در wire_summary ────────────────────
  ✅ wire_summary هر سه فلگِ پولی را دارد (['paid_governor_router', 'paid_heart_doctor_router', 'paid_doctor_selfknow'])
  ✅ فلگ روشن → True در خلاصه
  ✅ فلگ خاموش → False در خلاصه

── ۷ صداقتِ متنِ آلارم ───────────────────────────────
  ✅ متنِ «fallback local» حذف شد — در شاهدِ زنده primary افتاد ولی secondaryِ *پولی* جواب داد، پس آن متن دروغ بود
  ✅ متنِ نو می‌گوید انتخابِ tierِ بعدی دستِ caller است

── ۸ شمارندهٔ per-tierِ Fugu ─────────────────────────
  ✅ سراسری بعد از ۲ شکستِ primary = ۲ (2)
  ✅ per-tier[primary] = ۲ ({'primary': 2})
  ✅ موفقیتِ secondary شمارندهٔ سراسری را صفر کرد — رفتارِ تاریخی دست‌نخورده
  ✅ ولی per-tier[primary] همچنان ۲ است → tierِ مرده دیگر نامرئی نیست ({'primary': 2, 'secondary': 0})
  ✅ per-tier[secondary] صفر شد ({'primary': 2, 'secondary': 0})
  ✅ سقف همچنان از شمارندهٔ سراسری شلیک می‌کند (STOP-FUGU نوشته شد)
  ✅ sandbox ایزوله بود — هیچ STOP-FUGU خارج از temp نوشته نشد
  ✅ فایلِ قدیمیِ بی‌کلید → roll آن را می‌سازد (بدونِ KeyError)

── ۹ C3: شمردنِ اندام‌های خود ────────────────────────
  ✅ فلگ خاموش: legs یک شبه-لِگ است (['business_legs']) — عددِ beat هم به‌خاطرِ گاردِ isinstance(v, dict) خطِ ۱۵۵ می‌افتد
  ✅ فلگ خاموش: liveِ آن شبه-لِگ همیشه False است (bool(None)) — منبعِ گزارشِ غلطِ «۱ لِگِ تجاری در وضعیتِ مرگ» در خودشناسیِ v10
  ✅ فلگ خاموش: خروجی با برگشتنِ واقعیتِ لِگ‌ها **عوض نمی‌شود** — کوریِ ساختاری
  ✅ فلگ روشن: لِگ‌های واقعی دیده می‌شوند (['crypto', 'mining'])
  ✅ شمارشِ اندام درست شد: خاموش=1 ← روشن=2 (همان «۱» در برابرِ واقعیت)
  ✅ فلگ روشن: liveِ هر لِگ از واقعیت می‌آید
  ✅ فلگ روشن: خروجی با واقعیت **تغییر می‌کند** (شرطِ لازمِ سنجهٔ C3)
  ✅ شکلِ تک‌لایه دست‌نخورده می‌ماند (بدونِ unwrapِ کور) (['mining'])

── ۱۰ throttleِ آلارمِ fence ─────────────────────────
  ✅ اولین آلارم نوشته می‌شود
  ✅ یک خط (1)
  ✅ تکرارِ عینِ همان پیام در پنجره سرکوب می‌شود
  ✅ هنوز یک خط (1)
  ✅ متنِ **نو** فوراً عبور می‌کند (throttle فقط روی تکرارِ عین است)
  ✅ کلیدِ دیگر مستقل است (یک task نو خفه نمی‌شود)
  ✅ شمارندهٔ سرکوب پیش از انقضا = ۲ (2)
  ✅ پس از انقضای پنجره، همان پیام دوباره نوشته می‌شود
  ✅ بعد از بسته‌شدنِ پنجره، شمارِ سرکوب‌شده‌ها صریح گزارش می‌شود
  ✅ fail-open: با stateِ خراب هم آلارم نوشته شد
  ✅ سایتِ آلارمِ fence throttled است (پیش‌شرطِ VQ-ALERT-001 برای R5)

── ۱۱ هویتِ فاکتور از profile ────────────────────────
  ✅ ABN از profileِ gitignored می‌آید (11 222 333 444)
  ✅ نامِ حقوقی از profile می‌آید (وقتی trading_name نباشد)
  ✅ آدرس و شمارهٔ حساب از profile خوانده می‌شوند → لازم نیست در فایلِ tracked بروند
  ✅ کلیدهای غیرحساس از budgets.yaml حفظ می‌شوند (سقوطِ سازگار)
  ✅ profileِ خراب → fail-soft به budgets.yaml (رفتارِ قبلی)
  ✅ invoice.py هویت را از منبعِ gitignored می‌خواند (تک‌منبع با گیتِ GST)

PASS — test_live_debug_fixes_2026_07_25 (0 failure(s))

â”€â”€ test_thesis_queue.py â”€â”€â”€â”€â”€â”€â”€â”€â”€â”€â”€â”€â”€â”€â”€â”€â”€â”€â”€â”€â”€â”€â”€â”€â”€â”€â”€â”€â”€â”€â”€â”€â”€â”€â”€â”€â”€â”€â”€â”€
PASS 81/81 — thesis_queue (سه قاعدهٔ دفترِ تز ساختاراً قفل)

â”€â”€ test_governor_lapsed_deadline.py â”€â”€â”€â”€â”€â”€â”€â”€â”€â”€â”€â”€â”€â”€â”€â”€â”€â”€â”€â”€â”€â”€â”€â”€â”€â”€â”€â”€
PASS 94/94 — ددلاینِ گذشته فوریتِ ابدی نمی‌سازد (هر دو سمتِ فلگ قفل)

â”€â”€ test_paid_timeout_chain.py â”€â”€â”€â”€â”€â”€â”€â”€â”€â”€â”€â”€â”€â”€â”€â”€â”€â”€â”€â”€â”€â”€â”€â”€â”€â”€â”€â”€â”€â”€â”€â”€â”€â”€
PASS 60/60 — زنجیرهٔ مرگِ مغزِ پولی در هر سه حلقه قفل شد

â”€â”€ test_card_render_profile.py â”€â”€â”€â”€â”€â”€â”€â”€â”€â”€â”€â”€â”€â”€â”€â”€â”€â”€â”€â”€â”€â”€â”€â”€â”€â”€â”€â”€â”€â”€â”€â”€â”€
PASS 86/86 — قیدهای شناختیِ کارت به assertion تبدیل شدند

â”€â”€ test_audit_origin_guard.py â”€â”€â”€â”€â”€â”€â”€â”€â”€â”€â”€â”€â”€â”€â”€â”€â”€â”€â”€â”€â”€â”€â”€â”€â”€â”€â”€â”€â”€â”€â”€â”€â”€â”€
PASS 20/20 — ردیفِ ساختگی نمی‌تواند مدرکِ تأییدِ مالک شود

â”€â”€ test_coherence.py â”€â”€â”€â”€â”€â”€â”€â”€â”€â”€â”€â”€â”€â”€â”€â”€â”€â”€â”€â”€â”€â”€â”€â”€â”€â”€â”€â”€â”€â”€â”€â”€â”€â”€â”€â”€â”€â”€â”€â”€â”€â”€â”€
PASS 42/42 — پروبِ انسجام در سه جهتِ دروغ بسته شد

â”€â”€ test_d3_provider_effect_halt.py â”€â”€â”€â”€â”€â”€â”€â”€â”€â”€â”€â”€â”€â”€â”€â”€â”€â”€â”€â”€â”€â”€â”€â”€â”€â”€â”€â”€â”€
PASS - model_router.ask under HALT-ALL → kill-switch, no call
PASS - model_router.ask under architect STOP → kill-switch, no call
PASS - ps_writeback.flush under HALT-ALL → zero writes, queue untouched
PASS - release_effect under HALT-ALL → False + refused
PASS - release_one under HALT-ALL → False (D3 defense-in-depth)
PASS - release_gated_effects under HALT-ALL → 0 released
PASS - begin_execution under HALT-ALL → None + refused
PASS - settle under HALT-ALL → False
PASS - complete_execution of in-flight under HALT-ALL → RECONCILE_REQUIRED
PASS - fail_execution of in-flight under HALT-ALL → RECONCILE_REQUIRED (not FAILED_SAFE)
PASS - reconcile_effect under HALT-ALL → False (no reconciliation under halt)
PASS - redrive_approval under HALT-ALL → False
PASS - after halt clear: reconcile works again

== 0 failure(s) ==
OK test_d3_provider_effect_halt

â”€â”€ test_d4_launcher_halt.py â”€â”€â”€â”€â”€â”€â”€â”€â”€â”€â”€â”€â”€â”€â”€â”€â”€â”€â”€â”€â”€â”€â”€â”€â”€â”€â”€â”€â”€â”€â”€â”€â”€â”€â”€â”€
PASS - RUN-ORGANISM.bat: HALT-ALL guard aborts boot before first launch
PASS - RUN-ORGANISM.bat: architect-STOP guard aborts boot before first launch
PASS - RUN-CORTEX.bat: HALT-ALL guard aborts boot before first launch
PASS - RUN-CORTEX.bat: architect-STOP guard aborts boot before first launch
PASS - RUN-LIVE.bat: HALT-ALL guard aborts boot before first launch
PASS - RUN-LIVE.bat: architect-STOP guard aborts boot before first launch
PASS - run-live-headless.bat: HALT-ALL guard aborts boot before first launch
PASS - run-live-headless.bat: architect-STOP guard aborts boot before first launch
PASS - RUN-CODE-AUTONOMY.bat: HALT-ALL guard aborts boot before first launch
PASS - RUN-CODE-AUTONOMY.bat: architect-STOP guard aborts boot before first launch
PASS - RESTART-ORGANISM.bat: HALT-ALL guard aborts boot before first launch
PASS - RESTART-ORGANISM.bat: architect-STOP guard aborts boot before first launch
PASS - RUN-ORGANISM.bat never deletes STOP-ORGANISM (P2 invariant)
PASS - organism-watchdog.ps1 delegates the decision to watchdog.py
PASS - organism-watchdog.ps1 launches only on an explicit REVIVE verdict
PASS - watchdog.STOP_FLAGS == [HALT_ALL, STOP_ARCHITECT, STOP_ORGANISM] (canonical)
PASS - should_revive yields under HALT-ALL
PASS - should_revive yields under STOP
PASS - should_revive yields under STOP-ORGANISM
PASS - alive port → no revive
PASS - no prior state → first-birth is owner-only
PASS - port dead + no STOP + prior state → revive

== 0 failure(s) ==
OK test_d4_launcher_halt

â”€â”€ test_d5_halt_integration.py â”€â”€â”€â”€â”€â”€â”€â”€â”€â”€â”€â”€â”€â”€â”€â”€â”€â”€â”€â”€â”€â”€â”€â”€â”€â”€â”€â”€â”€â”€â”€â”€â”€
PASS - phase1: full lane works before halt (request→release→claim→receipt→settled)
PASS - phase3: model router refuses (zero provider calls)
PASS - phase3: watchdog yields under HALT-ALL (zero revivals)
PASS - phase3: no new authorization (release under halt refused)
PASS - phase3: no new claim (authorized effect refused, fail-closed)
PASS - phase3: no settle under halt
PASS - phase5: in-flight completion under halt → RECONCILE_REQUIRED once
PASS - phase5: repeated stale completion attempts change nothing
PASS - phase4: settled-count bit-identical across the halted window
PASS - phase7: watchdog may revive after halt clears
PASS - phase7: fresh effect flows end-to-end after recovery
PASS - phase7: interrupted effect resolves through the reconcile lane (no duplicate)

== 0 failure(s) ==
OK test_d5_halt_integration

â”€â”€ test_pre0_real_entry.py â”€â”€â”€â”€â”€â”€â”€â”€â”€â”€â”€â”€â”€â”€â”€â”€â”€â”€â”€â”€â”€â”€â”€â”€â”€â”€â”€â”€â”€â”€â”€â”€â”€â”€â”€â”€â”€
FAIL - P1: AGI identity claim via real intake → ADVISORY, never authoritative
FAIL - P1: stored trust is ADVISORY (no FACT/OWNER_CONFIRMED path exists)
FAIL - P6: claimant-set external_graded flag cannot self-promote (still ADVISORY)
PASS - P1 (seam): governance.agi_is_fact() is constitutionally False
PASS - P3: mission prompt (with embedded override) cannot beat global halt
PASS - P2: forged binding from hostile data → refused at the effect gate
PASS - P4: code-autonomy target refused: PRE-0/governance.py
PASS - P4: code-autonomy target refused: PRE-0/CONSTITUTION.md
PASS - P4: code-autonomy target refused: _ops/tests/run_all.py
PASS - P4: code-autonomy target refused: _ops/budget/human_append_guard.py
PASS - P4: code-autonomy target refused: 04 - Architect System/STOP
PASS - P4 (seam): self_improvement_permits refuses constitution/verifier edits
PASS - P4 (seam): verifier/constitution defects route to the owner maintenance lane
PASS - P5 (seam): hard-constraint failure → utility -inf (gain cannot compensate)
PASS - P7 (seam): 1000 agreeing models promote nothing without independent evidence
PASS - P8: broad approval via real entry releases ZERO money
PASS - P8: id-only approval via real entry cannot release money
PASS - P9 (seam): experiment without budget/timeout/rollback rejected
PASS - P10: watchdog yields to STOP (no revival under owner shutdown)
PASS - P10: launcher never deletes the owner STOP flag
PASS - P10: HALT-ALL unlink exists ONLY inside opslib.clear_halt_all
PASS - P10: clear_halt_all called ONLY from owner-command surfaces (/resume)
PASS - P10: no automated clear of halt in wiring.py
PASS - P10: no automated clear of halt in watchdog.py
PASS - P10: no automated clear of halt in organism.py
PASS - P10: no automated clear of halt in live_loop.py

== 3 failure(s) ==
FAIL test_pre0_real_entry
   â†» Ø§Ø¬Ø±Ø§ÛŒ Ø¯ÙˆÙ…: Ù‚Ø±Ù…Ø²Ù-Ù¾Ø§ÛŒØ¯Ø§Ø± â†’ tests/_flaky/test_pre0_real_entry.py.txt

â”€â”€ test_tg_approval_store.py â”€â”€â”€â”€â”€â”€â”€â”€â”€â”€â”€â”€â”€â”€â”€â”€â”€â”€â”€â”€â”€â”€â”€â”€â”€â”€â”€â”€â”€â”€â”€â”€â”€â”€â”€
  ✅ t_a_add_pending_creates_job_with_id
  ✅ t_b_add_duplicate_id_idempotent
  ✅ t_c_approve_moves_pending_to_approved
  ✅ t_d_reject_moves_pending_to_rejected
  ✅ t_e2_mark_done_before_approve_is_denied
  ✅ t_e3_invalid_action_hash_is_rejected_before_queue_write
  ✅ t_e_mark_done_after_approve
  ✅ t_f_approve_unknown_id_returns_false
  ✅ t_g_sanitize_id_blocks_path_traversal
  ✅ t_h_summary_returns_all_buckets
  ✅ t_i_get_finds_job_in_any_bucket
  ✅ t_j_legacy_bridge_sync_reads_old_verdicts
  ✅ t_k_legacy_bridge_writes_verdict
  ✅ t_l_load_octopus_approvals_empty_when_missing
  ✅ t_m_broken_input_does_not_crash
  ✅ t_n_content_not_stored_in_job
  ✅ t_o_cross_process_lock_serializes_dual_writer_race

✅ test_tg_approval_store: 17/17
test_all_green_is_green (__main__.GateTests.test_all_green_is_green) ... ok
test_file_granularity_alone_can_never_be_green (__main__.GateTests.test_file_granularity_alone_can_never_be_green)
ستونِ فقراتِ §۱۴ — «هیچ خطایی ندیدم» سبز نیست. ... ok
test_mixed_granularity_is_reported_and_lists_unparsed (__main__.GateTests.test_mixed_granularity_is_reported_and_lists_unparsed) ... ok
test_render_never_raises (__main__.GateTests.test_render_never_raises) ... ok
test_the_one_intentional_red_does_not_turn_the_gate_red (__main__.GateTests.test_the_one_intentional_red_does_not_turn_the_gate_red) ... ok
test_unexpected_red_is_red (__main__.GateTests.test_unexpected_red_is_red) ... ok
test_unreadable_dynamic_list_forces_unknown_even_if_all_green (__main__.GateTests.test_unreadable_dynamic_list_forces_unknown_even_if_all_green) ... ok
test_ambiguous_unittest_with_red_exit_never_claims_passes (__main__.ParseCountsTests.test_ambiguous_unittest_with_red_exit_never_claims_passes) ... ok
test_pytest_green (__main__.ParseCountsTests.test_pytest_green) ... ok
test_pytest_mixed_counts_errors_and_skips (__main__.ParseCountsTests.test_pytest_mixed_counts_errors_and_skips) ... ok
test_pytest_red (__main__.ParseCountsTests.test_pytest_red) ... ok
test_silent_failure_is_recorded_as_one_failure (__main__.ParseCountsTests.test_silent_failure_is_recorded_as_one_failure) ... ok
test_silent_success_is_file_granularity_not_a_test_count (__main__.ParseCountsTests.test_silent_success_is_file_granularity_not_a_test_count)
هیچ عددی چاپ نشد و exit صفر بود → ادعای «N تست پاس شد» ممنوع. ... ok
test_unittest_green (__main__.ParseCountsTests.test_unittest_green) ... ok
test_unittest_red_splits_failures_and_errors (__main__.ParseCountsTests.test_unittest_red_splits_failures_and_errors) ... ok
test_unittest_skipped_is_not_counted_as_passed (__main__.ParseCountsTests.test_unittest_skipped_is_not_counted_as_passed) ... ok
test_dynamic_list_is_reported_not_silently_dropped (__main__.ReadTestListsTests.test_dynamic_list_is_reported_not_silently_dropped) ... ok
test_literal_lists_are_read_without_import (__main__.ReadTestListsTests.test_literal_lists_are_read_without_import) ... ok
test_real_run_all_is_parsed_if_present (__main__.ReadTestListsTests.test_real_run_all_is_parsed_if_present) ... ok

----------------------------------------------------------------------
Ran 19 tests in 0.035s

OK

â”€â”€ test_gate_report.py â”€â”€â”€â”€â”€â”€â”€â”€â”€â”€â”€â”€â”€â”€â”€â”€â”€â”€â”€â”€â”€â”€â”€â”€â”€â”€â”€â”€â”€â”€â”€â”€â”€â”€â”€â”€â”€â”€â”€â”€â”€
test_center_main_block_is_last_so_late_defs_bind (__main__.BootCallSiteTests.test_center_main_block_is_last_so_late_defs_bind)
(الف) در center.py بلوکِ __main__ وسطِ فایل بود و run_forever تا STOP ... ok
test_every_entrypoint_snapshots_its_own_env_at_boot (__main__.BootCallSiteTests.test_every_entrypoint_snapshots_its_own_env_at_boot) ... ok
test_flags_card_uses_the_per_process_view (__main__.BootCallSiteTests.test_flags_card_uses_the_per_process_view)
اگر کارتِ /flags به probeِ تک‌فایلی برگردد، مالک دوباره یک پروسه را ... ok
test_snapshot_is_taken_only_after_the_liveness_guard (__main__.BootCallSiteTests.test_snapshot_is_taken_only_after_the_liveness_guard) ... ok
test_THE_INVARIANT_arm_without_restart_yields_exactly_one_drift (__main__.DriftTests.test_THE_INVARIANT_arm_without_restart_yields_exactly_one_drift)
قلبِ ماجرا: فلگ در فایل عوض شد، پروسه ری‌استارت نشد → دقیقاً ۱. ... ok
test_added_and_removed_are_distinguished (__main__.DriftTests.test_added_and_removed_are_distinguished) ... ok
test_no_snapshot_never_reports_green (__main__.DriftTests.test_no_snapshot_never_reports_green) ... ok
test_probe_is_fail_soft_on_missing_file (__main__.DriftTests.test_probe_is_fail_soft_on_missing_file) ... ok
test_render_never_raises_for_any_status (__main__.DriftTests.test_render_never_raises_for_any_status) ... ok
test_snapshot_matching_file_reports_zero_drift (__main__.DriftTests.test_snapshot_matching_file_reports_zero_drift) ... ok
test_untracked_env_keys_are_ignored (__main__.DriftTests.test_untracked_env_keys_are_ignored) ... ok
test_bare_and_inline_set_forms (__main__.ParseTests.test_bare_and_inline_set_forms) ... ok
test_comments_are_ignored (__main__.ParseTests.test_comments_are_ignored) ... ok
test_hygiene_counts_lone_lf (__main__.ParseTests.test_hygiene_counts_lone_lf) ... ok
test_last_definition_wins_and_duplicate_is_counted (__main__.ParseTests.test_last_definition_wins_and_duplicate_is_counted) ... ok
test_card_is_rtl_safe (__main__.PerProcessTests.test_card_is_rtl_safe)
۲۰۲۶-۰۷-۲۹ — از مشاهدهٔ کارتِ واقعی در گروه: نسخهٔ اول ... ok
test_deleted_flag_is_still_reported_as_removed (__main__.PerProcessTests.test_deleted_flag_is_still_reported_as_removed)
فلگی که *بود* و حذف شد، رانش است — دامنه نباید این را ببلعد. ... ok
test_env_only_var_is_not_drift (__main__.PerProcessTests.test_env_only_var_is_not_drift)
کلیدهای .env هرگز در فایلِ فلگ نیستند — شمردنشان = پروبِ همیشه‌قرمز. ... ok
test_fa_num_and_age_helpers (__main__.PerProcessTests.test_fa_num_and_age_helpers) ... ok
test_legacy_snapshot_without_file_flags_keeps_old_behaviour (__main__.PerProcessTests.test_legacy_snapshot_without_file_flags_keeps_old_behaviour)
شکافِ پوششی که راستی‌آزمایی گرفت: شاخهٔ سازگاریِ عقب‌رو فقط با ... ok
test_probe_all_without_snapshots_never_reports_green (__main__.PerProcessTests.test_probe_all_without_snapshots_never_reports_green) ... ok
test_proc_slug_cannot_escape_state_dir (__main__.PerProcessTests.test_proc_slug_cannot_escape_state_dir) ... ok
test_real_drift_still_caught_next_to_env_only_vars (__main__.PerProcessTests.test_real_drift_still_caught_next_to_env_only_vars)
جهشِ عمدی: مبادا فیکسِ بالا پروب را کور کرده باشد. ... ok
test_secret_values_never_leak_through_per_process_layer (__main__.PerProcessTests.test_secret_values_never_leak_through_per_process_layer) ... ok
test_snapshot_boot_is_absolutely_fail_soft (__main__.PerProcessTests.test_snapshot_boot_is_absolutely_fail_soft)
در مسیرِ بوتِ ارگانیسمِ زنده است — حق ندارد چیزی را بکشد. ... ok
test_two_processes_do_not_clobber_each_other (__main__.PerProcessTests.test_two_processes_do_not_clobber_each_other)
قلبِ per-process: organism ِ کهنه نباید پشتِ center ِ تازه پنهان شود. ... ok
test_real_flags_file_or_tracked_manifest_is_structurally_valid (__main__.RealVaultShapeTests.test_real_flags_file_or_tracked_manifest_is_structurally_valid) ... ok
test_chat_ids_are_treated_as_secrets (__main__.SecretTests.test_chat_ids_are_treated_as_secrets)
۲۰۲۶-۰۷-۲۹: snapshotِ boot مقدارِ TELEGRAM_OWNER_CHAT_ID را خام ... ok
test_miniapp_url_is_treated_as_a_secret (__main__.SecretTests.test_miniapp_url_is_treated_as_a_secret)
VQ-CAPABILITY-URL-LEAK-001 (۲۰۲۶-۰۸-۰۳، برشِ ۳): OCTOPUS_MINIAPP_URL ... ok
test_secret_name_detection_is_conservative (__main__.SecretTests.test_secret_name_detection_is_conservative) ... ok
test_secret_values_never_appear_in_snapshot_or_probe (__main__.SecretTests.test_secret_values_never_appear_in_snapshot_or_probe) ... ok
test_snapshot_boot_never_writes_a_chat_id (__main__.SecretTests.test_snapshot_boot_never_writes_a_chat_id)
گاردِ end-to-end: مقدارِ شناسهٔ چت نباید در فایلِ روی دیسک باشد. ... ok

----------------------------------------------------------------------
Ran 32 tests in 0.349s

OK

â”€â”€ test_flag_drift.py â”€â”€â”€â”€â”€â”€â”€â”€â”€â”€â”€â”€â”€â”€â”€â”€â”€â”€â”€â”€â”€â”€â”€â”€â”€â”€â”€â”€â”€â”€â”€â”€â”€â”€â”€â”€â”€â”€â”€â”€â”€â”€
test_counts_split_three_ways (__main__.AnalyseTests.test_counts_split_three_ways) ... ok
test_group_topic_rate_ignores_dm (__main__.AnalyseTests.test_group_topic_rate_ignores_dm) ... ok
test_misrouted_chars_only_counts_general (__main__.AnalyseTests.test_misrouted_chars_only_counts_general) ... ok
test_per_stream_localisation_names_the_culprit (__main__.AnalyseTests.test_per_stream_localisation_names_the_culprit) ... ok
test_rate_is_none_when_no_group_traffic (__main__.AnalyseTests.test_rate_is_none_when_no_group_traffic) ... ok
test_dm_has_no_topic_and_is_not_misrouted (__main__.ClassifyTests.test_dm_has_no_topic_and_is_not_misrouted) ... ok
test_group_with_topic_is_correct (__main__.ClassifyTests.test_group_with_topic_is_correct) ... ok
test_group_without_topic_is_the_defect (__main__.ClassifyTests.test_group_without_topic_is_the_defect) ... ok
test_missing_config_never_invents_a_group (__main__.ClassifyTests.test_missing_config_never_invents_a_group) ... ok
test_unknown_topic_id_still_counts_as_topic_addressed (__main__.ClassifyTests.test_unknown_topic_id_still_counts_as_topic_addressed) ... ok
test_broken_lines_are_counted_not_swallowed (__main__.IOTests.test_broken_lines_are_counted_not_swallowed) ... ok
test_missing_log_is_fail_soft_and_flagged (__main__.IOTests.test_missing_log_is_fail_soft_and_flagged) ... ok
test_render_of_empty_window_is_a_sentence_not_a_crash (__main__.IOTests.test_render_of_empty_window_is_a_sentence_not_a_crash) ... ok
test_since_hours_filters_by_clock (__main__.IOTests.test_since_hours_filters_by_clock) ... ok
test_trace_end_to_end_and_render_is_content_free (__main__.IOTests.test_trace_end_to_end_and_render_is_content_free) ... ok
test_real_log_reproduces_the_2026_07_27_finding (__main__.RealLogTests.test_real_log_reproduces_the_2026_07_27_finding) ... ok

----------------------------------------------------------------------
Ran 16 tests in 0.054s

OK

â”€â”€ test_tg_trace.py â”€â”€â”€â”€â”€â”€â”€â”€â”€â”€â”€â”€â”€â”€â”€â”€â”€â”€â”€â”€â”€â”€â”€â”€â”€â”€â”€â”€â”€â”€â”€â”€â”€â”€â”€â”€â”€â”€â”€â”€â”€â”€â”€â”€
test_bak_snapshot_is_not_counted (__main__.NonProductionDirTests.test_bak_snapshot_is_not_counted) ... ok
test_patch_backups_is_not_counted (__main__.NonProductionDirTests.test_patch_backups_is_not_counted) ... ok
test_unknown_dirs_are_still_audited (__main__.NonProductionDirTests.test_unknown_dirs_are_still_audited)
پوشهٔ ناشناخته باید همچنان audit شود — فقط لیستِ دقیق حذف می‌شود. ... ok
test_absent_sites_never_increase (__main__.RealTreeRatchetTests.test_absent_sites_never_increase) ... FAIL
test_reply_paths_without_topic_never_increase (__main__.RealTreeRatchetTests.test_reply_paths_without_topic_never_increase) ... ok
test_client_like_receivers_are_included (__main__.ScopeTests.test_client_like_receivers_are_included) ... ok
test_module_level_send_has_no_enclosing_function (__main__.ScopeTests.test_module_level_send_has_no_enclosing_function) ... ok
test_non_telegram_send_is_excluded (__main__.ScopeTests.test_non_telegram_send_is_excluded)
`sock.send(buf)` نباید به‌عنوانِ ارسالِ بی‌تاپیک شمرده شود. ... ok
test_reply_path_detected_from_any_message_param_name (__main__.ScopeTests.test_reply_path_detected_from_any_message_param_name) ... ok
test_syntax_error_is_reported_not_raised (__main__.ScopeTests.test_syntax_error_is_reported_not_raised) ... ok
test_explicit_chat_id_without_topic_can_never_get_a_topic (__main__.StreamRoutedTests.test_explicit_chat_id_without_topic_can_never_get_a_topic) ... ok
test_explicit_topic_id_beats_the_chat_id_rule (__main__.StreamRoutedTests.test_explicit_topic_id_beats_the_chat_id_rule) ... ok
test_literal_topic_id_on_send_text_is_certain (__main__.StreamRoutedTests.test_literal_topic_id_on_send_text_is_certain) ... ok
test_neither_is_owner_dm_and_not_a_defect (__main__.StreamRoutedTests.test_neither_is_owner_dm_and_not_a_defect) ... ok
test_positional_chat_id_is_detected (__main__.StreamRoutedTests.test_positional_chat_id_is_detected) ... ok
test_positional_topic_id_is_seen_too (__main__.StreamRoutedTests.test_positional_topic_id_is_seen_too) ... ok
test_star_kwargs_on_send_text_is_conditional_not_absent (__main__.StreamRoutedTests.test_star_kwargs_on_send_text_is_conditional_not_absent) ... ok
test_stream_only_is_conditional (__main__.StreamRoutedTests.test_stream_only_is_conditional) ... ok
test_topic_id_none_falls_back_to_the_old_rules_not_a_new_class (__main__.StreamRoutedTests.test_topic_id_none_falls_back_to_the_old_rules_not_a_new_class)
`isinstance(None, int)` رد می‌شود ⇒ عملاً «داده نشده». ... ok
test_proven_rate_counts_only_literals (__main__.SummaryTests.test_proven_rate_counts_only_literals) ... ok
test_render_never_raises (__main__.SummaryTests.test_render_never_raises) ... ok
test_summary_survives_parse_errors_without_counting_them (__main__.SummaryTests.test_summary_survives_parse_errors_without_counting_them) ... ok
test_dict_get_is_conditional_because_the_key_may_be_missing (__main__.TopicParamTests.test_dict_get_is_conditional_because_the_key_may_be_missing) ... ok
test_explicit_none_is_absent (__main__.TopicParamTests.test_explicit_none_is_absent) ... ok
test_literal_int_is_the_only_certain_case (__main__.TopicParamTests.test_literal_int_is_the_only_certain_case) ... ok
test_missing_kwarg_is_absent (__main__.TopicParamTests.test_missing_kwarg_is_absent) ... ok
test_runtime_expression_is_conditional_never_certain (__main__.TopicParamTests.test_runtime_expression_is_conditional_never_certain)
قلبِ تست — این همان الگویی است که ۴۸ پیام را به General فرستاد. ... ok
test_star_kwargs_is_conditional_not_absent (__main__.TopicParamTests.test_star_kwargs_is_conditional_not_absent) ... ok

======================================================================
FAIL: test_absent_sites_never_increase (__main__.RealTreeRatchetTests.test_absent_sites_never_increase)
----------------------------------------------------------------------
Traceback (most recent call last):
  File "C:\Users\Armin\.zcode\tmp\octopus-heart-g4-20260825\_ops\tests\test_tg_send_audit.py", line 221, in test_absent_sites_never_increase
    self._ratchet("absent", s["by_topic"]["absent"],
    ~~~~~~~~~~~~~^^^^^^^^^^^^^^^^^^^^^^^^^^^^^^^^^^^
                  "یک مسیرِ ارسالِ بی‌تاپیکِ تازه اضافه شده — پیامش در General می‌افتد")
                  ^^^^^^^^^^^^^^^^^^^^^^^^^^^^^^^^^^^^^^^^^^^^^^^^^^^^^^^^^^^^^^^^^^^^^^
  File "C:\Users\Armin\.zcode\tmp\octopus-heart-g4-20260825\_ops\tests\test_tg_send_audit.py", line 206, in _ratchet
    self.assertLessEqual(current, prior, f"{why} (خط‌پایه {prior} → حالا {current})")
    ~~~~~~~~~~~~~~~~~~~~^^^^^^^^^^^^^^^^^^^^^^^^^^^^^^^^^^^^^^^^^^^^^^^^^^^^^^^^^^^^^
AssertionError: 3 not less than or equal to 2 : یک مسیرِ ارسالِ بی‌تاپیکِ تازه اضافه شده — پیامش در General می‌افتد (خط‌پایه 2 → حالا 3)

----------------------------------------------------------------------
Ran 28 tests in 2.106s

FAILED (failures=1)

â”€â”€ test_tg_send_audit.py â”€â”€â”€â”€â”€â”€â”€â”€â”€â”€â”€â”€â”€â”€â”€â”€â”€â”€â”€â”€â”€â”€â”€â”€â”€â”€â”€â”€â”€â”€â”€â”€â”€â”€â”€â”€â”€â”€â”€
test_armed_but_no_reader_is_found (__main__.FlagTests.test_armed_but_no_reader_is_found) ... ok
test_limits_are_declared_in_every_result (__main__.FlagTests.test_limits_are_declared_in_every_result) ... ok
test_missing_flags_file_is_reported_not_crashed (__main__.FlagTests.test_missing_flags_file_is_reported_not_crashed) ... ok
test_read_but_never_defined_is_found (__main__.FlagTests.test_read_but_never_defined_is_found) ... ok
test_secrets_are_skipped_not_reported_as_undeclared (__main__.FlagTests.test_secrets_are_skipped_not_reported_as_undeclared)
رازها در .env هستند نه flags.cmd — گزارششان مثبتِ کاذب است. ... ok
test_noqa_lines_are_not_markers (__main__.MarkerTests.test_noqa_lines_are_not_markers) ... ok
test_test_files_are_excluded_from_markers (__main__.MarkerTests.test_test_files_are_excluded_from_markers) ... ok
test_todo_and_fixme_are_found_with_line_numbers (__main__.MarkerTests.test_todo_and_fixme_are_found_with_line_numbers) ... ok
test_a_broken_check_does_not_kill_the_others (__main__.RunTests.test_a_broken_check_does_not_kill_the_others) ... ok
test_card_never_raises_and_states_its_own_limits (__main__.RunTests.test_card_never_raises_and_states_its_own_limits) ... ok
test_forbidden_paths_are_structurally_excluded (__main__.RunTests.test_forbidden_paths_are_structurally_excluded) ... ok
test_run_produces_headline_without_a_composite_score (__main__.RunTests.test_run_produces_headline_without_a_composite_score) ... ok
test_single_referencer_is_the_write_only_signature (__main__.StateTests.test_single_referencer_is_the_write_only_signature)
امضایِ دقیقِ tg-send-log.jsonl: فقط نویسنده‌اش نامش را می‌برد. ... ok
test_tests_do_not_count_as_consumers (__main__.StateTests.test_tests_do_not_count_as_consumers)
اگر فقط یک تست نامش را ببرد، هنوز مصرف‌کنندهٔ واقعی ندارد. ... ok
test_two_referencers_is_not_flagged (__main__.StateTests.test_two_referencers_is_not_flagged) ... ok
test_zero_reference_state_file_is_an_orphan (__main__.StateTests.test_zero_reference_state_file_is_an_orphan) ... ok
test_private_and_short_symbols_are_ignored (__main__.SymbolTests.test_private_and_short_symbols_are_ignored) ... ok
test_symbol_used_elsewhere_is_not_flagged (__main__.SymbolTests.test_symbol_used_elsewhere_is_not_flagged) ... ok
test_unused_public_function_is_flagged (__main__.SymbolTests.test_unused_public_function_is_flagged) ... ok
test_coverage_is_labelled_as_an_optimistic_ceiling (__main__.TestCoverageTests.test_coverage_is_labelled_as_an_optimistic_ceiling) ... ok
test_module_imported_by_a_test_is_covered (__main__.TestCoverageTests.test_module_imported_by_a_test_is_covered) ... ok
test_module_with_no_test_reference_is_listed (__main__.TestCoverageTests.test_module_with_no_test_reference_is_listed) ... ok

----------------------------------------------------------------------
Ran 22 tests in 0.301s

OK
   â†» Ø§Ø¬Ø±Ø§ÛŒ Ø¯ÙˆÙ…: Ù‚Ø±Ù…Ø²Ù-Ù¾Ø§ÛŒØ¯Ø§Ø± â†’ tests/_flaky/test_tg_send_audit.py.txt

â”€â”€ test_self_scan.py â”€â”€â”€â”€â”€â”€â”€â”€â”€â”€â”€â”€â”€â”€â”€â”€â”€â”€â”€â”€â”€â”€â”€â”€â”€â”€â”€â”€â”€â”€â”€â”€â”€â”€â”€â”€â”€â”€â”€â”€â”€â”€â”€
test_correlation_not_causation_is_stated (__main__.CalibrationTests.test_correlation_not_causation_is_stated) ... ok
test_corrupt_journal_is_survived (__main__.CalibrationTests.test_corrupt_journal_is_survived) ... ok
test_no_journal_means_no_score_not_a_perfect_score (__main__.CalibrationTests.test_no_journal_means_no_score_not_a_perfect_score) ... ok
test_prediction_counts_as_resolved_when_the_subject_disappears (__main__.CalibrationTests.test_prediction_counts_as_resolved_when_the_subject_disappears) ... ok
test_prediction_stays_open_while_the_subject_is_still_there (__main__.CalibrationTests.test_prediction_stays_open_while_the_subject_is_still_there) ... ok
test_unmeasurable_predictions_are_excluded_from_the_rate (__main__.CalibrationTests.test_unmeasurable_predictions_are_excluded_from_the_rate)
نمرهٔ خوب از حذفِ سؤالِ سخت به‌دست نمی‌آید — جدا شمرده می‌شود. ... ok
test_confidence_is_a_probability (__main__.ContractTests.test_confidence_is_a_probability) ... ok
test_every_rule_produces_at_least_one_hypothesis (__main__.ContractTests.test_every_rule_produces_at_least_one_hypothesis) ... ok
test_no_hypothesis_ships_without_a_falsifier_or_prediction (__main__.ContractTests.test_no_hypothesis_ships_without_a_falsifier_or_prediction) ... ok
test_rank_is_exactly_impact_times_confidence_over_cost (__main__.ContractTests.test_rank_is_exactly_impact_times_confidence_over_cost) ... ok
test_dead_symbols_below_threshold_are_not_a_cluster (__main__.HonestyTests.test_dead_symbols_below_threshold_are_not_a_cluster) ... ok
test_empty_scan_yields_no_hypotheses_and_does_not_raise (__main__.HonestyTests.test_empty_scan_yields_no_hypotheses_and_does_not_raise) ... ok
test_ghost_flag_confidence_stays_low_because_the_tree_may_be_partial (__main__.HonestyTests.test_ghost_flag_confidence_stays_low_because_the_tree_may_be_partial) ... ok
test_ghost_flags_are_one_hypothesis_not_n (__main__.HonestyTests.test_ghost_flags_are_one_hypothesis_not_n) ... ok
test_low_fan_in_modules_are_not_promoted (__main__.HonestyTests.test_low_fan_in_modules_are_not_promoted) ... ok
test_a_broken_rule_does_not_kill_the_run (__main__.RunTests.test_a_broken_rule_does_not_kill_the_run) ... ok
test_card_never_raises_on_an_empty_tree (__main__.RunTests.test_card_never_raises_on_an_empty_tree) ... ok
test_hypotheses_come_back_sorted_by_rank (__main__.RunTests.test_hypotheses_come_back_sorted_by_rank) ... ok
test_journal_round_trip_then_self_score (__main__.RunTests.test_journal_round_trip_then_self_score) ... ok
test_a_duration_is_never_called_off (__main__.SilentDefaultTests.test_a_duration_is_never_called_off)
باگِ نسخهٔ اول: `'3600'` را «خاموش» می‌خواند — ادعایی صریحاً غلط. ... ok
test_a_path_default_is_treated_as_unvoted_config (__main__.SilentDefaultTests.test_a_path_default_is_treated_as_unvoted_config) ... ok
test_falsy_default_is_reported_as_off (__main__.SilentDefaultTests.test_falsy_default_is_reported_as_off) ... ok
test_truthy_default_is_reported_as_on_and_weighs_most (__main__.SilentDefaultTests.test_truthy_default_is_reported_as_on_and_weighs_most) ... ok

----------------------------------------------------------------------
Ran 23 tests in 0.065s

OK

â”€â”€ test_self_insight.py â”€â”€â”€â”€â”€â”€â”€â”€â”€â”€â”€â”€â”€â”€â”€â”€â”€â”€â”€â”€â”€â”€â”€â”€â”€â”€â”€â”€â”€â”€â”€â”€â”€â”€â”€â”€â”€â”€â”€â”€
test_callback_query_in_general_is_still_refused (__main__.FailClosedTests.test_callback_query_in_general_is_still_refused) ... ok
test_callback_query_message_is_reached (__main__.FailClosedTests.test_callback_query_message_is_reached) ... ok
test_garbage_update_never_raises (__main__.FailClosedTests.test_garbage_update_never_raises) ... ok
test_general_has_no_topic_flag_so_no_thread_is_sent (__main__.FailClosedTests.test_general_has_no_topic_flag_so_no_thread_is_sent) ... ok
test_missing_is_topic_message_is_not_assumed (__main__.FailClosedTests.test_missing_is_topic_message_is_not_assumed) ... ok
test_non_integer_thread_is_refused (__main__.FailClosedTests.test_non_integer_thread_is_refused) ... ok
test_flag_absent_means_exactly_todays_behaviour (__main__.ParityTests.test_flag_absent_means_exactly_todays_behaviour) ... ok
test_flag_off_means_exactly_todays_behaviour (__main__.ParityTests.test_flag_off_means_exactly_todays_behaviour) ... ok
test_flag_on_accepts_the_usual_truthy_spellings (__main__.ParityTests.test_flag_on_accepts_the_usual_truthy_spellings) ... ok
test_every_poll_once_reply_passes_a_topic (__main__.SourceContractTests.test_every_poll_once_reply_passes_a_topic)
سه نقطهٔ پاسخ در poll_once باید topic_id بگیرند — وگرنه دوباره General. ... ok
test_explicit_topic_wins_over_stream_routing (__main__.SourceContractTests.test_explicit_topic_wins_over_stream_routing) ... ok
test_send_text_still_accepts_topic_id (__main__.SourceContractTests.test_send_text_still_accepts_topic_id) ... ok
test_the_second_sender_uses_the_same_flag_not_a_new_one (__main__.SourceContractTests.test_the_second_sender_uses_the_same_flag_not_a_new_one) ... ok

----------------------------------------------------------------------
Ran 13 tests in 1.422s

OK

â”€â”€ test_tg_topic_reply_parity.py â”€â”€â”€â”€â”€â”€â”€â”€â”€â”€â”€â”€â”€â”€â”€â”€â”€â”€â”€â”€â”€â”€â”€â”€â”€â”€â”€â”€â”€â”€â”€

â”€â”€ test_c6_card_redelivery.py â”€â”€â”€â”€â”€â”€â”€â”€â”€â”€â”€â”€â”€â”€â”€â”€â”€â”€â”€â”€â”€â”€â”€â”€â”€â”€â”€â”€â”€â”€â”€â”€â”€â”€
  ✅ t_a_refused_card_is_not_marked_so_it_retries
  ✅ t_cap_stops_a_backlog_storm
  ✅ t_flag_off_sends_nothing
  ✅ t_live_queue_was_never_touched
  ✅ t_no_channel_is_counted_not_crashed
  ✅ t_pending_cards_finds_only_the_real_debt
  ✅ t_pending_cards_survives_a_corrupt_line
  ✅ t_redelivers_then_marks_it_so_it_never_repeats
  ✅ t_redelivery_runs_with_an_empty_queue
  ✅ t_rfc_id_always_fits_the_telegram_callback_cap
  ✅ t_short_rfc_id_is_stable_so_the_anti_duplicate_guard_works
  ✅ t_summary_states_the_real_date_and_never_pretends_to_be_fresh

✅ test_c6_card_redelivery: 12/12

â”€â”€ test_c6_probe_coverage.py â”€â”€â”€â”€â”€â”€â”€â”€â”€â”€â”€â”€â”€â”€â”€â”€â”€â”€â”€â”€â”€â”€â”€â”€â”€â”€â”€â”€â”€â”€â”€â”€â”€â”€â”€
  ✅ t_a_count_above_floor_becomes_a_row
  ✅ t_blind_probe_never_becomes_a_hypothesis
  ✅ t_cmd_lone_lf_probe_separates_crlf_from_lf
  ✅ t_coverage_did_not_shrink
  ✅ t_discovery_lag_probe_is_blind_without_a_seen_marker
  ✅ t_every_probe_declares_the_full_contract
  ✅ t_flags_probe_is_blind_without_a_boot_timestamp
  ✅ t_no_probe_ever_raises_and_all_return_the_same_shape
  ✅ t_producer_reports_blindness_separately_from_health
  ✅ t_the_two_repaired_probes_are_registered_and_point_at_real_things
  ✅ t_undelivered_card_probe_counts_only_the_real_debt

✅ test_c6_probe_coverage: 11/11

â”€â”€ test_cortex_circuit_breaker.py â”€â”€â”€â”€â”€â”€â”€â”€â”€â”€â”€â”€â”€â”€â”€â”€â”€â”€â”€â”€â”€â”€â”€â”€â”€â”€â”€â”€â”€â”€
  ✅ ۱ threshold→OPEN→fail-fast
  ✅ ۲ جداییِ per-provider
  ✅ ۳ half-open recovery
  ❌ ۴ یکپارچگیِ model_router (skip بی‌شبکه): ۵ بار واقعاً network صدا زده شد (got 0)
  ✅ ۵ موفقیت در closed → reset
   â†» Ø§Ø¬Ø±Ø§ÛŒ Ø¯ÙˆÙ…: Ù‚Ø±Ù…Ø²Ù-Ù¾Ø§ÛŒØ¯Ø§Ø± â†’ tests/_flaky/test_cortex_circuit_breaker.py.txt

â”€â”€ test_cortex_symmetric_revive.py â”€â”€â”€â”€â”€â”€â”€â”€â”€â”€â”€â”€â”€â”€â”€â”€â”€â”€â”€â”€â”€â”€â”€â”€â”€â”€â”€â”€â”€
test_cortex_symmetric_revive (M3) — offline, hermetic
  ok decision: dead+born+no-STOP -> revive
  ok decision: alive            -> no revive
  ok decision: STOP present     -> no revive (senior)
  ok decision: never born       -> no revive
  ok dry-run                    -> reports, no launch
  ok flag OFF + --revive        -> would-revive, no launch
  ok flag ON + --revive         -> launches once, records history
  ok backoff belt               -> refuses relaunch within 90s
  ok restart-cap belt           -> >5/hr refuses + opens incident
PASS 9/9

â”€â”€ test_ledger_integrity_probe.py â”€â”€â”€â”€â”€â”€â”€â”€â”€â”€â”€â”€â”€â”€â”€â”€â”€â”€â”€â”€â”€â”€â”€â”€â”€â”€â”€â”€â”€â”€
test_ledger_integrity_probe (M1) — offline, hermetic
  ok clean chain            -> verdict=clean, ok=True
  ok tampered chain         -> verdict=broken, ok=False
  ok torn-but-anchored      -> verdict=scarred (scar-aware OK)
  ok flag OFF               -> on_beat() no-op (None)
  ok broken + emit=True     -> incident.opened (R4, approval=required)
  ok same state twice       -> emits once, then silent (no alarm fatigue)
  ok worsening scar->break  -> re-emits (severity escalation detected)
  ok acknowledge then probe -> accepted state stays silent
PASS 8/8

â”€â”€ test_module_self_manifest.py â”€â”€â”€â”€â”€â”€â”€â”€â”€â”€â”€â”€â”€â”€â”€â”€â”€â”€â”€â”€â”€â”€â”€â”€â”€â”€â”€â”€â”€â”€â”€â”€
test_module_self_manifest (M6) — offline, hermetic
  ok manifest              -> reverse-deps + entrypoints + depends_on
  ok flag resolution       -> env=1 True, unset+no-file False
  ok globals               -> wire_flag_state dict + counts present
  ok write vs build        -> write_manifest writes; build_manifest doesn't
PASS 4/4

â”€â”€ test_operator_doctrine.py â”€â”€â”€â”€â”€â”€â”€â”€â”€â”€â”€â”€â”€â”€â”€â”€â”€â”€â”€â”€â”€â”€â”€â”€â”€â”€â”€â”€â”€â”€â”€â”€â”€â”€â”€
  ✅ t_a_decision_card_without_a_stake_is_flagged
  ✅ t_check_catches_a_backreference
  ✅ t_check_catches_a_duration_deadline
  ✅ t_check_never_raises_and_never_rewrites
  ✅ t_doctrine_is_pure
  ✅ t_empty_text_is_the_worst_failure
  ✅ t_every_rule_carries_real_evidence
  ✅ t_it_never_reads_the_private_owner_profile
  ✅ t_rule_ids_are_unique_and_stable
  ✅ t_self_knowledge_injects_it_only_behind_the_flag
  ✅ t_snapshot_shape_is_small_enough_for_a_prompt
  ✅ t_the_card_is_reachable_from_telegram
  ✅ t_the_card_marks_which_rules_are_actually_enforced
  ✅ t_unenforced_rules_are_named_not_hidden

✅ test_operator_doctrine: 14/14

â”€â”€ test_route_scorer_shadow_log.py â”€â”€â”€â”€â”€â”€â”€â”€â”€â”€â”€â”€â”€â”€â”€â”€â”€â”€â”€â”€â”€â”€â”€â”€â”€â”€â”€â”€â”€
test_route_scorer_shadow_log (M7) — offline, hermetic
  ok log_decision          -> one shadow record written to jsonl
  ok scorer tier           -> valid tier from real route_scorer
  ok agree flag            -> True iff scorer_tier == dict_tier
  ok summary               -> agreement rate over recent records
  ok fail-soft             -> never raises, never blocks ask()
PASS 5/5

â”€â”€ test_staleness_stamp.py â”€â”€â”€â”€â”€â”€â”€â”€â”€â”€â”€â”€â”€â”€â”€â”€â”€â”€â”€â”€â”€â”€â”€â”€â”€â”€â”€â”€â”€â”€â”€â”€â”€â”€â”€â”€â”€
test_staleness_stamp (M2) — offline, hermetic
  ok dead organ            -> cell 🟢->🔴 + age in detail
  ok bare-glyph contract   -> status is exactly '🔴' (leg-rank safe)
  ok healthy organ         -> cell unchanged
  ok slow organ            -> cell 🟢->🟡
  ok never upgrades        -> 🔴 cell stays 🔴 vs slow organ
  ok unmatched cell        -> passes through unchanged
  ok read-only             -> input list/dicts not mutated
  ok stamp_summary         -> wraps summary['parts'], keeps siblings
PASS 8/8

â”€â”€ test_synapse_sense.py â”€â”€â”€â”€â”€â”€â”€â”€â”€â”€â”€â”€â”€â”€â”€â”€â”€â”€â”€â”€â”€â”€â”€â”€â”€â”€â”€â”€â”€â”€â”€â”€â”€â”€â”€â”€â”€â”€â”€
....................                                                     [100%]
20 passed in 0.67s

â”€â”€ test_synapse_beat.py â”€â”€â”€â”€â”€â”€â”€â”€â”€â”€â”€â”€â”€â”€â”€â”€â”€â”€â”€â”€â”€â”€â”€â”€â”€â”€â”€â”€â”€â”€â”€â”€â”€â”€â”€â”€â”€â”€â”€â”€
============================= test session starts =============================
platform win32 -- Python 3.13.7, pytest-9.1.1, pluggy-1.6.0 -- C:\Program Files\Python313\python.exe
cachedir: .pytest_cache
hypothesis profile 'default'
rootdir: C:\Users\Armin\.zcode\tmp\octopus-heart-g4-20260825\_ops\tests
plugins: anyio-4.13.0, hypothesis-6.158.1, jaxtyping-0.3.11, langsmith-0.10.1
collecting ... collected 7 items

test_synapse_beat.py::test_flag_off_is_noop PASSED                       [ 14%]
test_synapse_beat.py::test_stop_organism_wins PASSED                     [ 28%]
test_synapse_beat.py::test_halt_wins PASSED                              [ 42%]
test_synapse_beat.py::test_first_boot_fires PASSED                       [ 57%]
test_synapse_beat.py::test_same_epoch_skips PASSED                       [ 71%]
test_synapse_beat.py::test_beat_writes_proposal_and_trail PASSED         [ 85%]
test_synapse_beat.py::test_beat_non_blocking_on_error PASSED             [100%]

============================== 7 passed in 0.65s ==============================

â”€â”€ test_tg_callback_actor.py â”€â”€â”€â”€â”€â”€â”€â”€â”€â”€â”€â”€â”€â”€â”€â”€â”€â”€â”€â”€â”€â”€â”€â”€â”€â”€â”€â”€â”€â”€â”€â”€â”€â”€â”€
  ✅ t_a_callback_without_a_from_does_not_crash
  ✅ t_a_click_is_attributed_to_the_clicker_not_the_card_sender
  ✅ t_a_plain_message_still_uses_its_own_sender
  ✅ t_a_stranger_click_stays_a_stranger
  ✅ t_mutating_callback_from_a_stranger_is_still_refused
  ✅ t_mutating_callback_from_the_owner_is_no_longer_refused
  ✅ t_owner_gate_accepts_the_real_owner
  ✅ t_owner_gate_still_refuses_the_bot_and_a_stranger
  ✅ t_the_old_extraction_would_have_failed_this_suite

✅ test_tg_callback_actor: 9/9

â”€â”€ test_tg_instant_and_sendlog.py â”€â”€â”€â”€â”€â”€â”€â”€â”€â”€â”€â”€â”€â”€â”€â”€â”€â”€â”€â”€â”€â”€â”€â”€â”€â”€â”€â”€â”€â”€
  ✅ t_a_broken_signal_is_counted_not_fatal
  ✅ t_a_refused_send_is_not_marked_so_it_retries
  ✅ t_bridge_needs_a_channel_and_says_so
  ✅ t_bridge_off_by_default
  ✅ t_bridge_routes_each_signal_to_its_own_topic
  ✅ t_c6_signal_reports_only_pending_rows
  ✅ t_every_signal_stream_has_a_topic_route
  ✅ t_fear_hash_changes_with_the_subsystem_so_a_new_fear_is_not_throttled
  ✅ t_fear_signal_fires_only_on_red
  ✅ t_prune_drops_only_what_is_past_the_window
  ✅ t_sendlog_failure_never_changes_the_send_result
  ✅ t_sendlog_never_stores_the_message_text
  ✅ t_sendlog_off_by_default_writes_nothing
  ✅ t_stats_counts_duplicates_per_destination
  ✅ t_stats_window_excludes_old_rows

✅ test_tg_instant_and_sendlog: 15/15

â”€â”€ test_tg_stream_routing.py â”€â”€â”€â”€â”€â”€â”€â”€â”€â”€â”€â”€â”€â”€â”€â”€â”€â”€â”€â”€â”€â”€â”€â”€â”€â”€â”€â”€â”€â”€â”€â”€â”€â”€â”€
  ✅ t_a_keyboard_card_is_never_held_and_never_quiet_dropped
  ✅ t_b_quiet_hours_hold_not_drop_with_receipt
  ✅ t_broken_config_falls_back_to_dm_not_silence
  ✅ t_every_stream_key_maps_to_a_real_topic_key
  ✅ t_explicit_chat_always_wins
  ✅ t_no_stream_still_goes_to_owner
  ✅ t_rfc_card_refuses_an_oversized_callback_loudly
  ✅ t_route_is_off_by_default
  ✅ t_route_resolves_from_the_centre_config
  ✅ t_send_text_flag_off_is_byte_identical
  ✅ t_send_text_routes_to_the_topic
  ✅ t_unknown_stream_falls_back_to_dm

✅ test_tg_stream_routing: 12/12

â”€â”€ test_tg_topic_reply_quiet.py â”€â”€â”€â”€â”€â”€â”€â”€â”€â”€â”€â”€â”€â”€â”€â”€â”€â”€â”€â”€â”€â”€â”€â”€â”€â”€â”€â”€â”€â”€â”€â”€
  ✅ t_dejargon_translates_instead_of_hiding
  ✅ t_general_topic_gets_no_thread
  ✅ t_handle_message_general_stays_unthreaded
  ✅ t_handle_message_lands_in_the_asking_topic
  ✅ t_info_card_enforces_length_cap
  ✅ t_info_card_enforces_row_cap
  ✅ t_info_card_happy_path_is_short
  ✅ t_info_card_rejects_machine_id_and_jargon
  ✅ t_info_card_requires_a_lead
  ✅ t_malformed_update_never_raises
  ✅ t_private_chat_gets_no_thread
  ✅ t_quiet_flag_is_off_by_default
  ✅ t_quiet_live_is_short_and_keeps_the_numbers
  ✅ t_quiet_never_returns_silence_on_failure
  ✅ t_topic_reply_off_by_default
  ✅ t_topic_reply_on_returns_thread

✅ test_tg_topic_reply_quiet: 16/16

â”€â”€ test_unified_bus_guard.py â”€â”€â”€â”€â”€â”€â”€â”€â”€â”€â”€â”€â”€â”€â”€â”€â”€â”€â”€â”€â”€â”€â”€â”€â”€â”€â”€â”€â”€â”€â”€â”€â”€â”€â”€
test_unified_bus_guard (M4) — offline, hermetic
  ok non-human publish     -> passthrough, guard not consulted
  ok human + guard allows  -> is_human preserved
  ok human + guard denies  -> downgraded to machine append
  ok guard absent          -> fail-soft passthrough
  ok delegation            -> non-publish attrs/methods pass through
  ok wrap(None)            -> None (factory returned no bus)
PASS 6/6

â”€â”€ test_code_apply_wiring.py â”€â”€â”€â”€â”€â”€â”€â”€â”€â”€â”€â”€â”€â”€â”€â”€â”€â”€â”€â”€â”€â”€â”€â”€â”€â”€â”€â”€â”€â”€â”€â”€â”€â”€â”€
  ✅ t_a_broken_driver_never_kills_boot
  ✅ t_active_is_checked_before_the_thread_starts
  ✅ t_organism_starts_the_driver_but_never_applies_anything
  ✅ t_the_consume_call_sits_under_the_active_guard
  ✅ t_the_flag_defaults_to_off
  ✅ t_the_flag_is_read_before_the_driver_is_imported
  ✅ t_the_kill_file_beats_activation
  ✅ t_the_kill_file_stops_the_driver_immediately
  ✅ t_the_thread_is_a_daemon
  ✅ t_this_test_never_touches_the_live_tree
  ✅ t_without_activation_the_gate_is_closed

✅ test_code_apply_wiring: 11/11

â”€â”€ test_research_query_sanity.py â”€â”€â”€â”€â”€â”€â”€â”€â”€â”€â”€â”€â”€â”€â”€â”€â”€â”€â”€â”€â”€â”€â”€â”€â”€â”€â”€â”€â”€â”€â”€
  ✅ t_a_bare_internal_id_never_reaches_the_engine
  ✅ t_a_hyphenated_slug_becomes_a_real_phrase
  ✅ t_a_normal_phrase_is_left_alone
  ✅ t_a_prefix_only_match_is_rejected
  ✅ t_a_real_match_survives
  ✅ t_a_substring_is_not_enough
  ✅ t_an_empty_result_stays_empty
  ✅ t_an_id_shaped_word_that_is_a_real_topic_still_passes
  ✅ t_mixed_input_drops_only_the_ids
  ✅ t_the_pipeline_drops_the_irrelevant_hit
  ✅ t_the_query_that_actually_leaves_is_the_normalized_one
  ✅ t_the_report_label_keeps_the_original_topic
  ✅ t_this_test_makes_no_network_call

✅ test_research_query_sanity: 13/13

â”€â”€ test_latent_persist.py â”€â”€â”€â”€â”€â”€â”€â”€â”€â”€â”€â”€â”€â”€â”€â”€â”€â”€â”€â”€â”€â”€â”€â”€â”€â”€â”€â”€â”€â”€â”€â”€â”€â”€â”€â”€â”€â”€
  ✅ t_a_foreign_cycle_is_never_touched
  ✅ t_a_repeated_cycle_still_gets_its_vector
  ✅ t_an_empty_history_is_safe
  ✅ t_flag_absent_means_off
  ✅ t_none_never_overwrites_a_real_vector
  ✅ t_run_alone_persists_no_vector
  ✅ t_sync_latent_writes_the_enrichment_to_disk
  ✅ t_sync_never_writes_outside_its_own_file
  ✅ t_syncing_twice_changes_nothing_the_second_time
  ✅ t_the_canonical_writer_persists_a_vector
  ✅ t_the_frequent_writer_persists_a_vector
  ✅ t_the_wiring_call_is_flag_gated_and_after_enrichment

✅ test_latent_persist: 12/12

â”€â”€ test_neural_loop_close.py â”€â”€â”€â”€â”€â”€â”€â”€â”€â”€â”€â”€â”€â”€â”€â”€â”€â”€â”€â”€â”€â”€â”€â”€â”€â”€â”€â”€â”€â”€â”€â”€â”€â”€â”€
  ✅ #214: known_keys=[] وزن‌ها را حفظ می‌کنه
  ✅ #214: known_keys=None وزن‌ها را حفظ می‌کنه
  ✅ #214 regression: known_keys غیرخالی هنوز sync می‌کنه
  ✅ #214: recovery بعد از empty، feed واقعی کار می‌کنه
  ✅ #310: bcm=None → learned_pressure=0 (backward compat)
  ✅ #310: bcm با وزن → learned_pressure>0
  ✅ #310: bcm خالی → learned_pressure=0
  ✅ #310: learned_pressure در [0,1] کران‌دار
  ✅ #310: bcm خراب → safe-fail به 0
  ✅ #310 apply: env=0 → ADR-034 proposal-only
  ✅ #310 apply: flag on → learned به pain اضافه می‌شه
  ✅ #310 apply: flag on ولی learned پایین → no override
  ✅ #310 apply: unset → tracked fallback ARMED

â”€â”€ test_redact_failclosed.py â”€â”€â”€â”€â”€â”€â”€â”€â”€â”€â”€â”€â”€â”€â”€â”€â”€â”€â”€â”€â”€â”€â”€â”€â”€â”€â”€â”€â”€â”€â”€â”€â”€â”€â”€
  ✅ #131: _redact fail-closed روی exception
  ✅ #131: _redact fail-closed روی ImportError
  ✅ #131: _redact_pii fail-closed روی ImportError
  ✅ #131: _redact_pii fail-closed روی AttributeError
  ✅ #131: redact normal operation

â”€â”€ test_extract_json_robust.py â”€â”€â”€â”€â”€â”€â”€â”€â”€â”€â”€â”€â”€â”€â”€â”€â”€â”€â”€â”€â”€â”€â”€â”€â”€â”€â”€â”€â”€â”€â”€â”€â”€
  ✅ t_empty_string
  ✅ t_fenced_json_complete
  ✅ t_fenced_json_truncated_and_json_truncated
  ✅ t_fenced_json_truncated_missing_close_fence_but_valid_json
  ✅ t_fenced_json_with_extra_newlines
  ✅ t_fenced_json_with_surrounding_text
  ✅ t_fenced_json_without_lang_tag
  ✅ t_governor_reply_style
  ✅ t_invalid_json_syntax
  ✅ t_invalid_json_with_offset
  ✅ t_no_json_at_all
  ✅ t_only_close_brace
  ✅ t_truncated_json_missing_close_brace
  ✅ t_truncated_json_open_brace_at_end
  ✅ t_truncated_json_partial_value
  ✅ t_valid_json_nested
  ✅ t_valid_json_plain
  ✅ t_valid_json_with_surrounding_text

â”€â”€ test_surface_policy.py â”€â”€â”€â”€â”€â”€â”€â”€â”€â”€â”€â”€â”€â”€â”€â”€â”€â”€â”€â”€â”€â”€â”€â”€â”€â”€â”€â”€â”€â”€â”€â”€â”€â”€â”€â”€â”€â”€
  ✅ t_a_broken_hold_never_raises
  ✅ t_a_missing_room_falls_back_instead_of_vanishing
  ✅ t_a_stream_is_never_both_a_leg_and_a_self_stream
  ✅ t_ambient_streams_route_to_the_classifier_not_straight_to_dm
  ✅ t_an_empty_headline_produces_nothing
  ✅ t_every_leg_goes_to_its_own_room
  ✅ t_flag_off_never_holds
  ✅ t_flag_off_routes_nothing_at_all
  ✅ t_hold_dispatches_by_classification_and_never_loses_a_record
  ✅ t_hold_policy_state_also_stays_inside_the_isolated_tree
  ✅ t_needs_owner_bypasses_the_classifier_entirely
  ✅ t_one_thing_carries_at_most_one_button
  ✅ t_one_thing_keeps_context_to_a_single_line
  ✅ t_one_thing_without_an_action_has_zero_buttons
  ✅ t_safety_is_never_held
  ✅ t_self_awareness_streams_go_to_the_private_chat
  ✅ t_the_hold_log_stays_inside_the_isolated_tree
  ✅ t_the_leg_rooms_exist_in_the_centre_config_contract
  ✅ t_the_policy_is_reachable_from_every_process_not_just_the_centre
  ✅ t_the_policy_module_sends_nothing_itself
  ✅ t_the_send_path_cannot_be_killed_by_the_policy
  ✅ t_the_send_path_consults_the_policy_before_routing
  ✅ t_the_send_path_honours_all_three_destinations_not_just_hold
  ✅ t_what_was_not_sent_is_still_recorded

✅ test_surface_policy: 24/24

â”€â”€ test_epoch_guard.py â”€â”€â”€â”€â”€â”€â”€â”€â”€â”€â”€â”€â”€â”€â”€â”€â”€â”€â”€â”€â”€â”€â”€â”€â”€â”€â”€â”€â”€â”€â”€â”€â”€â”€â”€â”€â”€â”€â”€â”€â”€
  ✅ t_a_broken_store_fails_towards_speaking
  ✅ t_a_fired_window_is_remembered
  ✅ t_a_later_window_still_fires
  ✅ t_both_helpers_consult_the_disk_guard
  ✅ t_cadences_do_not_share_a_window
  ✅ t_five_restarts_produce_five_fires_when_off
  ✅ t_five_restarts_produce_one_fire_when_on
  ✅ t_flag_off_is_a_complete_no_op
  ✅ t_no_hand_rolled_epoch_check_remains
  ✅ t_the_counter_never_goes_backwards
  ✅ t_the_guard_module_decides_nothing_else
  ✅ t_the_hand_rolled_sites_are_guarded_too

✅ test_epoch_guard: 12/12

â”€â”€ test_mining_os_wiring.py â”€â”€â”€â”€â”€â”€â”€â”€â”€â”€â”€â”€â”€â”€â”€â”€â”€â”€â”€â”€â”€â”€â”€â”€â”€â”€â”€â”€â”€â”€â”€â”€â”€â”€â”€â”€
  ✅ t_center_routes_the_mining_verb
  ✅ t_flag_absent_returns_none
  ✅ t_flag_is_owner_gated_not_in_paper_profile
  ✅ t_flag_on_returns_honest_skeleton
  ✅ t_flag_zero_returns_none
  ✅ t_mining_command_is_flag_gated_and_bridge_safe
  ✅ t_organism_actually_calls_the_beat
  ✅ t_stop_organism_wins_over_flag
  ✅ t_ui_is_dark_until_the_owner_flips_the_flag
  ✅ t_write_false_touches_no_file_in_the_live_tree

✅ test_mining_os_wiring: 10/10

â”€â”€ test_chat_room.py â”€â”€â”€â”€â”€â”€â”€â”€â”€â”€â”€â”€â”€â”€â”€â”€â”€â”€â”€â”€â”€â”€â”€â”€â”€â”€â”€â”€â”€â”€â”€â”€â”€â”€â”€â”€â”€â”€â”€â”€â”€â”€â”€
  ok   t_a_plain_persian_reaches_the_right_employee
  ok   t_ab_a_new_keyword_may_never_steal_an_old_route
  ok   t_ac_the_room_is_part_of_the_question
  ok   t_acb_saying_the_name_of_the_room_you_are_in_is_not_a_jump
  ok   t_acc_the_cards_speak_the_group_s_own_names
  ok   t_ad_outside_a_subject_room_nothing_changed
  ok   t_ae_the_venture_is_reachable_only_from_its_own_room
  ok   t_b_arabic_forms_normalise
  ok   t_c_ambiguous_asks_instead_of_guessing
  ok   t_d_no_keyword_returns_none_not_a_guess
  ok   t_e_every_advertised_command_is_real
  ok   t_f_menu_lists_only_live_staff
  ok   t_g_flag_off_is_a_no_op
  ok   t_h_flag_on_replays_the_command_not_the_persian
  ok   t_hb_the_replay_keeps_the_real_sender
  ok   t_i_ambiguous_sends_a_question_and_replays_nothing
  ok   t_j_depth_guard_blocks_a_second_hop
  ok   t_k_no_match_falls_through_untouched
  ok   t_ka_silence_is_never_an_answer
  ok   t_kb_the_room_reaches_the_centre_not_just_classify
  ok   t_kc_a_broken_room_lookup_must_not_silence_the_room
  ok   t_kd_a_gated_command_falls_back_to_the_generic_organ_card
  ok   t_kda_a_gated_brain_never_falls_back_to_an_organ_card
  ok   t_ke_the_dark_card_still_comes_when_there_is_no_fallback
  ok   t_l_a_routed_room_gets_observed_when_both_mirror_flags_are_on
  ok   t_m_allrooms_flag_off_means_no_observe_row_anywhere
  ok   t_n_mirror_base_flag_off_also_blocks_observe
  ok   t_o_observe_never_breaks_the_employees_answer

PASSED: 0 fail

â”€â”€ test_leg_parity.py â”€â”€â”€â”€â”€â”€â”€â”€â”€â”€â”€â”€â”€â”€â”€â”€â”€â”€â”€â”€â”€â”€â”€â”€â”€â”€â”€â”€â”€â”€â”€â”€â”€â”€â”€â”€â”€â”€â”€â”€â”€â”€
  ✅ t_a_every_organ_has_a_room_in_the_group
  ✅ t_b_every_organ_is_reachable_by_talking
  ✅ t_c_a_closed_gap_must_leave_the_declared_list
  ✅ t_d_no_orphan_topic
  ✅ t_e_declared_infrastructure_topics_really_exist
  ✅ t_f_chat_room_never_invents_an_organ
  ✅ t_g_cultivation_only_touches_real_organs
  ✅ t_h_every_advertised_leg_command_exists_in_a_router
  ✅ t_ha_every_organ_room_knows_its_own_subject
  ✅ t_hb_no_room_subject_points_at_a_ghost

✅ test_leg_parity: 10/10

â”€â”€ test_leg_rooms.py â”€â”€â”€â”€â”€â”€â”€â”€â”€â”€â”€â”€â”€â”€â”€â”€â”€â”€â”€â”€â”€â”€â”€â”€â”€â”€â”€â”€â”€â”€â”€â”€â”€â”€â”€â”€â”€â”€â”€â”€â”€â”€â”€
  ✅ t_a_flag_off_sends_nothing
  ✅ t_b_first_run_speaks_then_stays_quiet
  ✅ t_c_age_days_alone_is_not_a_change
  ✅ t_d_a_real_change_does_speak
  ✅ t_e_a_flapping_signal_cannot_flood_the_room
  ✅ t_f_a_failed_send_is_never_marked_as_done
  ✅ t_g_no_channel_means_nothing_is_lost
  ✅ t_h_a_leg_with_no_data_stays_silent
  ✅ t_i_an_unknown_leg_is_never_broadcast
  ✅ t_j_every_reported_leg_has_a_room_to_go_to
  ✅ t_ja_the_labels_come_from_one_place_only
  ✅ t_jb_the_beat_has_a_production_caller
  ✅ t_k_the_state_survives_a_restart

✅ test_leg_rooms: 13/13

â”€â”€ test_bridge_buttons.py â”€â”€â”€â”€â”€â”€â”€â”€â”€â”€â”€â”€â”€â”€â”€â”€â”€â”€â”€â”€â”€â”€â”€â”€â”€â”€â”€â”€â”€â”€â”€â”€â”€â”€â”€â”€â”€â”€
  ✅ t_a_reply_markup_survives_the_bridge
  ✅ t_b_the_legacy_key_still_works
  ✅ t_c_none_stays_none
  ✅ t_d_a_plain_string_reply_is_untouched
  ✅ t_e_a_tuple_reply_keeps_its_buttons
  ✅ t_f_an_empty_reply_sends_nothing
  ✅ t_g_the_real_router_still_uses_reply_markup
  ✅ t_h_real_scrub_keyboard_unwraps_dict_markup

✅ test_bridge_buttons: 8/8

â”€â”€ test_power_isolation_guard.py â”€â”€â”€â”€â”€â”€â”€â”€â”€â”€â”€â”€â”€â”€â”€â”€â”€â”€â”€â”€â”€â”€â”€â”€â”€â”€â”€â”€â”€â”€â”€
  ✅ t_a_a_mis_isolated_probe_cannot_stop_the_live_organism
  ✅ t_b_panic_is_blocked_too_because_a_fake_emergency_is_still_fake
  ✅ t_c_a_properly_isolated_test_is_not_blocked
  ✅ t_d_production_is_never_blocked
  ✅ t_e_a_broken_guard_defaults_to_allowing_the_brake
  ✅ t_f_the_live_tree_is_clean_after_all_of_this

✅ test_power_isolation_guard: 6/6

â”€â”€ test_selfknow_unknown_bridge.py â”€â”€â”€â”€â”€â”€â”€â”€â”€â”€â”€â”€â”€â”€â”€â”€â”€â”€â”€â”€â”€â”€â”€â”€â”€â”€â”€â”€â”€
── test_selfknow_unknown_bridge ──
  ❌ (a0) فلگ خاموش = رفتارِ دیروز: خاموش باید همان ۰.۴ دیروز را بدهد
  ✅ (a1) نشانهٔ ردشده تمرکز را از دست می‌دهد
  ✅ (a2) نشانهٔ خواسته‌شده تمرکز می‌گیرد
  ✅ (a3) prev واقعاً خوانده می‌شود
  ✅ (a4) اجرای کاملِ heuristic از مالک اطاعت می‌کند
  ✅ (b1) عددِ ۰.۴ هاردکد رفت
  ✅ (b2) شاهد سنجیده می‌شود نه ثابت
  ✅ (c0) شکلِ trajectory با فلگ خاموش
  ✅ (c1) مقایسهٔ بین دو مغز رد می‌شود
  ✅ (c2) هم‌مغز هنوز مقایسه می‌شود
  ✅ (c3) اطمینانِ نامعلوم = نامعلوم
  ✅ (c4) گاردِ قدیمی زیرِ فلگ سبز می‌ماند
  ✅ (d1) گیتِ کاوش خاموش = دیروز
  ✅ (d2) heuristic می‌تواند کاوش را ماشه بکشد
  ✅ (d3) اطمینانِ نامعلوم دلیلِ کاوش است
  ✅ (e0) فلگ خاموش هیچ ردیفی نمی‌نویسد
  ✅ (e1) ریشهٔ نامعلوم → ردیفِ صف
  ✅ (e2) idempotent بینِ چرخه‌ها
  ✅ (e3) ریشهٔ معلوم ردیف نمی‌سازد
  ✅ (e4) پرسشِ باز صف را آلوده نمی‌کند
  ✅ (e5) خودِ run() ردیف را می‌نویسد
  ✅ (e6) نامِ فلگ در دو طرفِ پل یکی است
  ✅ (e7) صداکنندهٔ تولیدی وجود دارد
  ✅ (f0) contextِ ابتکار با فلگ خاموش
  ✅ (f1) ابتکار نمی‌دانم‌ها را نام می‌برد
  ✅ (f2) رکورد چیزی را که خوانده می‌شود حمل می‌کند
  ✅ (g) هیچ primitive خطرناکی اضافه نشد
26/27 pass
FAIL — test_selfknow_unknown_bridge
   â†» Ø§Ø¬Ø±Ø§ÛŒ Ø¯ÙˆÙ…: Ù‚Ø±Ù…Ø²Ù-Ù¾Ø§ÛŒØ¯Ø§Ø± â†’ tests/_flaky/test_selfknow_unknown_bridge.py.txt

â”€â”€ test_selfknow_calibration.py â”€â”€â”€â”€â”€â”€â”€â”€â”€â”€â”€â”€â”€â”€â”€â”€â”€â”€â”€â”€â”€â”€â”€â”€â”€â”€â”€â”€â”€â”€â”€â”€
  ✅ monitor_off_writes_zero_rows
  ✅ both_flags_off_is_absolute_noop
  ✅ claim_and_truth_share_one_keyspace
  ✅ probe_pairs_and_brier_is_exact
  ✅ confidence_can_never_move_the_truth
  ✅ absent_confidence_fabricates_nothing
  ✅ confidence_scale_is_normalised
  ✅ unpairable_key_is_named_not_silent
  ✅ new_truth_source_is_inert_when_absent
     📏 دادهٔ واقعی: 2933 ردیفِ لِجِر · 22 کلیدِ بسته‌شده · n=21 (y=1: 10) · BRIER=0.512804 · AURC=0.433691 · abstain_below=1.0
  ✅ real_brier_from_live_outcomes_ledger

✅ test_selfknow_calibration: 10/10

â”€â”€ test_pain_calibration.py â”€â”€â”€â”€â”€â”€â”€â”€â”€â”€â”€â”€â”€â”€â”€â”€â”€â”€â”€â”€â”€â”€â”€â”€â”€â”€â”€â”€â”€â”€â”€â”€â”€â”€â”€â”€
  ✅ توزیعِ منجمد = ۲۲۱۴ تیکِ ضبط‌شده
  ✅ آستانهٔ ۰.۷۰ روی ۲۲۱۴/۲۲۱۴ تیک غیرقابلِ‌رسیدن است
  ✅ آستانهٔ کالیبره: صفر halt کاذب روی دادهٔ سالم
  ✅ قیدهای C1/C2/C3 کالیبراسیون برقرارند
  ✅ ناوردی: کالیبره هرگز کم‌محافظ‌تر نیست
  ✅ [پذیرش] بحرانِ واقع‌گرایانه ترمز را باز می‌کند
  ✅ بدترین بحرانِ دو-نقصی امروز بی‌صداست
  ✅ سقفِ دست‌یافتنیِ درد با سیم‌کشیِ امروز ۰.۷۱
  ✅ partner_stress هنوز از تولید پاس داده نمی‌شود
  ✅ فلگ خاموش = بایت‌به‌بایتِ امروز
  ✅ تصویرِ تولید severity را می‌اندازد
  ✅ شاخهٔ critical بدونِ بازیابی مرده است
  ✅ شاخهٔ high بدونِ بازیابی مرده است
  ✅ نقشهٔ severity با reflex.py drift ندارد
  ✅ velocity در کلِ دامنهٔ عملگر ثابت است (بهره صفر)
  ✅ ضدنمونهٔ اشباع
  ✅ honest-pulse خاموش → ادعایی نمی‌کند
  ✅ وزنِ beat با producers drift ندارد
  ✅ تله‌متریِ اشباع پشتِ فلگ است

â”€â”€ test_consolidation_compress_and_recall.py â”€â”€â”€â”€â”€â”€â”€â”€â”€â”€â”€â”€â”€â”€â”€â”€â”€â”€â”€
  ✅ پیش‌فرض خاموش + کفِ مستند
  ✅ flag خاموش = رفتارِ امروز (فقط متوالی)
  ✅ تکرارِ غیرمتوالی فشرده می‌شود (۵→۲)
  ✅ بازپخشِ الگویِ زنده: ۲۰۰→۵
  ✅ امضا هیچ شمارنده‌ای ندارد
  ✅ کفِ زمانی ردیفِ نو باز می‌کند
  ✅ ردیفِ غنی هرگز مقصدِ تا شدن نیست
  ✅ sync_latent ردیفِ تاشده را پیدا می‌کند
  ✅ sync_latent با flag خاموش یک ردیف می‌بیند
  ✅ sync_latent سیکلِ بیگانه را رد می‌کند
  ✅ دوام + سازگاریِ عقب‌رو با ردیفِ قدیمی
  ✅ متریک: خطِ پایهٔ امروز
  ✅ متریک: فقط با یادآوریِ دور بالا می‌رود
  ✅ متریک: ورودیِ خالی/خراب

â”€â”€ test_debate_owner_verdict.py â”€â”€â”€â”€â”€â”€â”€â”€â”€â”€â”€â”€â”€â”€â”€â”€â”€â”€â”€â”€â”€â”€â”€â”€â”€â”€â”€â”€â”€â”€â”€â”€
WS-E — رأیِ مالک روی مناظره (15 چک)
  ✅ رأیِ «نه» ایده را برای همیشه از صف بیرون می‌برد
  ✅ رأیِ «آره» هم دوباره پرسیده نمی‌شود
  ✅ ایدهٔ متفاوت روی همان موضوع هنوز صف می‌شود
  ✅ دندان: کدِ پیش‌از‌فیکس ایدهٔ ردشده را دوباره صف می‌کند
  ✅ هر callback_data به handlerِ واقعی می‌رسد
  ✅ callback از رجیستری می‌آید نه از رشتهٔ hardcode
  ✅ شناسهٔ روی دکمه همان است که handler رویش عمل می‌کند
  ✅ حالتِ توکن با آنچه handler پارس می‌کند می‌خواند
  ✅ فلگ خاموش → خروجیِ بایت‌به‌بایتِ امروز
  ✅ فلگ خاموش → هیچ چیز منتشر نمی‌شود
  ✅ پروسهٔ ارگانیسم approval_store را import نمی‌کند
  ✅ کارتِ مغز با فلگِ خاموش دست‌نخورده
  ✅ کارتِ مغز با فلگِ روشن خودِ ایده‌ها را نشان می‌دهد
     صداکننده‌های تولیدی (بیرونِ tests): {"render_debate_survivors": 1, "ingest_debate_survivors": 1, "owner_verdict_for": 1, "_publish_survivor": 1, "debate_survivor_card": 1, "_ap_callback": 2, "_debate_pending_path": 1}
  ✅ هر تابعِ تازه صداکنندهٔ تولیدی دارد
  ✅ صفِ زندهٔ تأیید دست‌نخورده ماند

15/15 پاس

â”€â”€ test_hebbian_eventclock.py â”€â”€â”€â”€â”€â”€â”€â”€â”€â”€â”€â”€â”€â”€â”€â”€â”€â”€â”€â”€â”€â”€â”€â”€â”€â”€â”€â”€â”€â”€â”€â”€â”€â”€
  ✅ t_a_result_without_the_cap_key_behaves_exactly_as_before
  ✅ t_a_saturated_bcm_cannot_push_learned_pressure_past_the_ceiling
  ✅ t_an_empty_cycle_touches_no_disk
  ✅ t_decay_on_an_empty_table_writes_nothing
  ✅ t_every_vocabulary_name_is_activatable_in_production_or_declared_dormant
  ✅ t_one_burst_is_credited_once_per_window_not_once_per_tick
  ✅ t_the_ceiling_keeps_learning_from_halting_the_organism_alone
  ✅ t_the_ceiling_never_rewrites_the_field_the_owner_reads
  ✅ t_the_ceiling_reaches_the_real_apply_path
  ✅ t_the_dormant_names_stay_in_the_bcm_vocabulary_so_forgetting_still_works
  ✅ t_the_eval_bcm_source_is_named_and_is_not_the_latent_index
  ✅ t_the_event_clock_ties_decay_to_the_learning_clock
  ✅ t_the_measured_replay_leaves_the_table_non_empty
  ✅ t_the_payload_contract_mirrors_the_live_producer_source
  ✅ t_the_second_producer_supplies_no_key_outside_the_contract
  ✅ t_two_deviations_minutes_apart_can_finally_associate
  ✅ t_with_the_event_clock_off_the_same_replay_survives_but_still_overcounts
  ✅ t_without_the_window_non_simultaneous_deviations_never_pair

OK test_hebbian_eventclock: 18/18 passed, 0 failed

â”€â”€ test_watchdog_stall.py â”€â”€â”€â”€â”€â”€â”€â”€â”€â”€â”€â”€â”€â”€â”€â”€â”€â”€â”€â”€â”€â”€â”€â”€â”€â”€â”€â”€â”€â”€â”€â”€â”€â”€â”€â”€â”€â”€
  ✅ t_a_paths_are_sandboxed
  ✅ t_b_port_open_ts_stale_is_stall
  ✅ t_c_stall_emits_exactly_one_alert
  ✅ t_d_fresh_beat_is_silent
  ✅ t_e_plain_death_revive_emits_exactly_one_alert
  ✅ t_f_stop_wins_under_stall
  ✅ t_g_absence_never_manufactures_stall
  ✅ t_h2_marker_file_is_a_real_arming_path
  ✅ t_h_armed_env_flag_revives_on_stall
  ✅ t_i_broken_alert_never_blocks_revive
  ✅ t_j_registered_ops_legs_alert_after_the_real_start_process
  ✅ t_k_beat_artifact_is_the_live_one
  ✅ t_l_every_alert_text_passes_the_live_critical_filter
  ✅ t_m_alert_text_is_dedup_stable
  ✅ t_n_frozen_beat_counter_is_a_stall_even_with_fresh_ts
  ✅ t_o_alert_cli_writes_through_a_real_subprocess
      ⚠️ organism-watchdog.ps1: هیچ تسکی به `_ops\` اشاره نمی‌کند ⇒ در تولید اجرا نمی‌شود (مستند شده؛ رفعش owner-gated)
      ✔ cortex-watchdog.ps1: در تولید از `_ops\` اجرا می‌شود (پوششِ واقعی)
      ✔ live-watchdog.ps1: در تولید از `_ops\` اجرا می‌شود (پوششِ واقعی)
      ✔ tg-center-watchdog.ps1: در تولید از `_ops\` اجرا می‌شود (پوششِ واقعی)
  ✅ t_p_docs_match_registered_reality

OK test_watchdog_stall: 17/17 passed, 0 failed

â”€â”€ test_action_durability.py â”€â”€â”€â”€â”€â”€â”€â”€â”€â”€â”€â”€â”€â”€â”€â”€â”€â”€â”€â”€â”€â”€â”€â”€â”€â”€â”€â”€â”€â”€â”€â”€â”€â”€â”€
  ✅ t_flag_off_is_still_a_total_noop_with_the_new_code
  ✅ t_nonces_roundtrip_and_corruption_is_an_empty_set
  ✅ t_replay_of_the_same_cycle_is_a_noop_not_a_second_execution
  ✅ t_same_action_id_with_a_different_payload_is_a_conflict_not_a_noop
  ✅ t_the_ledger_loader_survives_corrupt_lines
  ✅ t_the_mission_envelope_now_carries_cycle_and_prereg_ids

✅ test_action_durability: 6/6

â”€â”€ test_retrieval_router.py â”€â”€â”€â”€â”€â”€â”€â”€â”€â”€â”€â”€â”€â”€â”€â”€â”€â”€â”€â”€â”€â”€â”€â”€â”€â”€â”€â”€â”€â”€â”€â”€â”€â”€â”€â”€
  💥 t_a_non_admitted_veto_row_is_invisible: ValueError: F3: confidence required for canonical insert (fail-closed)
  💥 t_citations_are_ref_shaped_never_raw_text: ValueError: F3: confidence required for canonical insert (fail-closed)
  💥 t_empty_goal_key_is_an_honest_no_op: ValueError: F3: confidence required for canonical insert (fail-closed)
  ✅ t_flag_off_bridge_attaches_nothing
  ✅ t_flag_off_touches_no_database_at_all
  💥 t_owner_fact_veto_narrows_and_cites: ValueError: F3: confidence required for canonical insert (fail-closed)
  ✅ t_router_failure_never_stalls_the_chain
  💥 t_the_bridge_blocks_on_veto_and_the_executor_is_never_called: ValueError: F3: confidence required for canonical insert (fail-closed)

❌ test_retrieval_router: 3/8
   â†» Ø§Ø¬Ø±Ø§ÛŒ Ø¯ÙˆÙ…: Ù‚Ø±Ù…Ø²Ù-Ù¾Ø§ÛŒØ¯Ø§Ø± â†’ tests/_flaky/test_retrieval_router.py.txt

â”€â”€ test_mission_kernel.py â”€â”€â”€â”€â”€â”€â”€â”€â”€â”€â”€â”€â”€â”€â”€â”€â”€â”€â”€â”€â”€â”€â”€â”€â”€â”€â”€â”€â”€â”€â”€â”€â”€â”€â”€â”€â”€â”€
  ✅ t_a_complete_cycle_yields_a_complete_timeline_with_joined_ids
  ✅ t_a_cycle_that_died_before_the_mission_ledger_shows_the_exact_stage
  ✅ t_corrupt_lines_are_skipped_not_fatal
  ✅ t_fsck_catches_a_done_mission_without_a_receipt
  ✅ t_fsck_catches_a_verdict_whose_prereg_never_existed
  ✅ t_fsck_is_green_on_a_consistent_chain
  ✅ t_fsck_separates_legacy_unlinked_from_broken
  ✅ t_missing_state_dir_is_honest_emptiness_not_an_exception
  ✅ t_receipt_present_but_verdict_absent_is_pending_evaluation
  ✅ t_the_kernel_never_writes_anything
  ✅ t_unknown_cycle_is_honest_all_gaps

✅ test_mission_kernel: 11/11

â”€â”€ test_state_write_retry.py â”€â”€â”€â”€â”€â”€â”€â”€â”€â”€â”€â”€â”€â”€â”€â”€â”€â”€â”€â”€â”€â”€â”€â”€â”€â”€â”€â”€â”€â”€â”€â”€â”€â”€â”€
  ✅ t_a_permanent_failure_is_loud_and_leaves_the_old_state_intact
  ✅ t_a_transient_lock_is_absorbed_and_the_file_really_updates
  ✅ t_the_happy_path_is_byte_identical_to_before_the_fix

✅ test_state_write_retry: 3/3

â”€â”€ test_action_schema_drift.py â”€â”€â”€â”€â”€â”€â”€â”€â”€â”€â”€â”€â”€â”€â”€â”€â”€â”€â”€â”€â”€â”€â”€â”€â”€â”€â”€â”€â”€â”€â”€â”€â”€
  ✅ t_a_valid_request_passes_both_validators
  ✅ t_every_required_field_is_required_by_both
  ✅ t_hostile_shapes_are_rejected_by_both
  ✅ t_known_deliberate_difference_is_pinned_not_hidden
  ✅ t_the_schema_string_is_identical_in_both_packages

✅ test_action_schema_drift: 5/5

â”€â”€ test_tg_leg_tasks.py â”€â”€â”€â”€â”€â”€â”€â”€â”€â”€â”€â”€â”€â”€â”€â”€â”€â”€â”€â”€â”€â”€â”€â”€â”€â”€â”€â”€â”€â”€â”€â”€â”€â”€â”€â”€â”€â”€â”€â”€
  ✅ t_a_bogus_spy_message_id_never_freezes_the_card_forever
  ✅ t_a_message_becomes_a_queued_task_with_an_id
  ✅ t_a_paused_leg_shows_paused_on_the_card
  ✅ t_an_i_dont_know_answer_becomes_blocked_with_the_question
  ✅ t_an_invalid_state_is_rejected_not_invented
  ✅ t_blocked_gets_a_question_card_instead_of_silence
  ✅ t_cancel_is_done_with_a_result_not_a_fifth_state
  ✅ t_every_leg_card_is_refreshed_even_when_idle
  ✅ t_every_tk_button_the_module_emits_is_dispatched_in_the_center
  ✅ t_persian_digits_on_the_card_no_bare_latin_counters
  ✅ t_questions_are_not_turned_into_tasks
  ✅ t_state_stays_inside_the_isolated_tree
  ✅ t_the_card_has_the_agreed_fields_and_exactly_four_buttons
  ✅ t_the_center_wires_all_three_seams
  ✅ t_the_engine_claims_only_working_tasks_started_by_the_owner
  ✅ t_the_engine_has_no_external_effectors
  ✅ t_the_lifecycle_walks_queued_working_done
  ✅ t_the_receipt_never_fabricates_confidence_and_tells_the_truth_about_cost

✅ test_tg_leg_tasks: 18/18

â”€â”€ test_tg_group_is_legs_only.py â”€â”€â”€â”€â”€â”€â”€â”€â”€â”€â”€â”€â”€â”€â”€â”€â”€â”€â”€â”€â”€â”€â”€â”€â”€â”€â”€â”€â”€â”€â”€
  ✅ t_a_leg_stream_may_reach_the_group_with_its_own_topic
  ✅ t_an_ambiguous_surface_goes_to_dm_not_the_group
  ✅ t_an_explicit_dm_surface_reaches_dm
  ✅ t_an_explicit_group_surface_still_reaches_the_group
  ✅ t_an_unknown_stream_is_still_not_silent
  ✅ t_an_unknown_stream_never_lands_in_the_group
  ✅ t_core_streams_never_resolve_to_the_group

✅ test_tg_group_is_legs_only: 7/7

â”€â”€ test_tg_leg_commands.py â”€â”€â”€â”€â”€â”€â”€â”€â”€â”€â”€â”€â”€â”€â”€â”€â”€â”€â”€â”€â”€â”€â”€â”€â”€â”€â”€â”€â”€â”€â”€â”€â”€â”€â”€â”€â”€
  ✅ t_a_all_nine_commands_classify
  ✅ t_b_worklike_sentences_are_not_swallowed
  ✅ t_c_enqueue_prefix_strips_and_empty_stays_honest
  ✅ t_d_every_command_key_has_a_branch_in_the_center
  ✅ t_e_status_answers_with_the_card_and_queues_nothing
  ✅ t_f_pause_and_resume_really_flip_the_power_flag
  ✅ t_g_next_starts_the_oldest_queued_task
  ✅ t_h_blockers_command_lists_the_open_question
  ✅ t_i_reply_to_the_blocked_card_unblocks_that_task
  ✅ t_j_reply_resolve_only_touches_blocked_tasks
  ✅ t_k_enqueue_prefix_creates_the_task_from_the_remainder
  ✅ t_l_regression_a_worklike_message_still_becomes_a_task
  ✅ t_m_daily_report_counts_the_truth_and_stays_silent_when_idle
  ✅ t_n_the_beat_digest_carries_the_task_truth
  ✅ t_o_the_beat_digest_stays_silent_with_no_activity
  ✅ t_p_a_photo_or_document_in_the_topic_becomes_a_task
  ✅ t_q_feedback_good_and_bad_with_reason_stick_to_the_task
  ✅ t_r_kpi_target_is_set_by_command_and_shown_on_the_card
  ✅ t_s_kpi_parser_is_full_match_and_clamped
  ✅ t_t_the_engine_receipt_carries_the_feedback_buttons
  ✅ t_u_every_feedback_button_has_a_dispatch_branch
  ✅ t_v_a_bare_acknowledgement_is_never_filed_as_work
  ✅ t_w_an_ack_prefix_does_not_swallow_real_work
  ✅ t_x_the_centre_answers_an_ack_with_the_two_real_paths

✅ test_tg_leg_commands: 24/24

â”€â”€ test_tg_callback_emitter_parity.py â”€â”€â”€â”€â”€â”€â”€â”€â”€â”€â”€â”€â”€â”€â”€â”€â”€â”€â”€â”€â”€â”€â”€â”€â”€â”€
  ✅ t_approval_channel_merge_is_a_known_orphan_not_a_silent_blind_spot
  ✅ t_every_emitted_verb_is_handled_by_its_producing_bots_own_router
  ✅ t_every_verb_the_approval_channel_emits_is_handled_on_its_own_router
  ✅ t_every_verb_the_center_emits_is_handled_on_its_own_router
  ✅ t_one_poller_per_token
  ✅ t_the_iv_verb_is_present_where_it_is_emitted
  ✅ t_the_scanner_actually_finds_something
  ✅ t_the_tr_verb_is_present_on_both_routers
  ✅ t_verbs_emitted_by_shared_modules_are_handled_on_both_routers

✅ test_tg_callback_emitter_parity: 9/9

â”€â”€ test_tg_input_surface_policy.py â”€â”€â”€â”€â”€â”€â”€â”€â”€â”€â”€â”€â”€â”€â”€â”€â”€â”€â”€â”€â”€â”€â”€â”€â”€â”€â”€â”€â”€
  ✅ t_a_leg_topic_allows_leg_scoped_talk
  ✅ t_a_legs_own_persian_name_in_its_own_topic_is_not_cross_leg
  ✅ t_a_name_shared_by_two_legs_is_ambiguous_not_evidence
  ✅ t_a_non_owner_is_denied_everywhere
  ✅ t_an_unknown_bot_role_is_denied
  ✅ t_an_unknown_chat_is_denied
  ✅ t_an_unknown_topic_is_denied_not_guessed
  ✅ t_common_persian_words_are_not_mistaken_for_leg_names
  ✅ t_core_commands_in_a_leg_topic_are_denied
  ✅ t_core_topics_in_natural_language_are_denied_too
  ✅ t_cross_leg_is_detected_when_the_owner_writes_in_persian
  ✅ t_cross_leg_talk_asks_instead_of_guessing
  ✅ t_every_leg_with_a_persian_name_is_detected_across_topics
  ✅ t_general_is_denied_and_redirected
  ✅ t_inner_dm_is_status_and_approval_not_free_chat
  ✅ t_malformed_input_never_raises_and_never_allows
  ✅ t_non_core_slash_commands_are_also_denied_in_a_leg_topic
  ✅ t_outer_dm_accepts_core_commands_that_the_group_rejects
  ✅ t_outer_dm_owner_gets_full_conversation
  ✅ t_persian_slash_commands_are_caught_too
  ✅ t_system_and_mirror_topics_are_not_legs
  ✅ t_the_inner_bot_has_no_voice_in_the_group
  ✅ t_the_same_leg_named_in_its_own_topic_is_fine

✅ test_tg_input_surface_policy: 23/23

â”€â”€ test_tg_surface_router.py â”€â”€â”€â”€â”€â”€â”€â”€â”€â”€â”€â”€â”€â”€â”€â”€â”€â”€â”€â”€â”€â”€â”€â”€â”€â”€â”€â”€â”€â”€â”€â”€â”€â”€â”€
  ✅ t_dm_surface_never_returns_topic_even_with_spec
  ✅ t_flag_off_intuition_is_silenced_in_current_too
  ✅ t_flag_off_topic_for_legs_all_group
  ✅ t_flag_off_uses_current_block_from_file
  ✅ t_flag_on_dm_surface_drops_topic_id
  ✅ t_flag_on_inner_streams_use_inner_client
  ✅ t_flag_on_legs_all_stays_group_with_per_leg_topic
  ✅ t_flag_on_outer_dm_uses_outer_client
  ✅ t_inner_unwired_falls_back_to_outer
  ✅ t_interactive_inner_alert_is_throttled_not_silent
  ✅ t_interactive_never_selects_send_only_inner
  ✅ t_intuition_bot_none_in_current_silenced
  ✅ t_mutation_hardcoding_bot_breaks_parity
  ✅ t_unknown_stream_falls_back_to_outer_not_silence

✅ test_tg_surface_router: 14/14

â”€â”€ test_tg_canonical_access_model.py â”€â”€â”€â”€â”€â”€â”€â”€â”€â”€â”€â”€â”€â”€â”€â”€â”€â”€â”€â”€â”€â”€â”€â”€â”€â”€â”€
  ✅ t_inner_dm_is_not_a_second_full_conversation_surface
  ✅ t_live_output_tracks_whether_the_router_actually_has_a_caller
  ✅ t_outer_dm_is_the_full_conversation_surface
  ✅ t_ratification_is_explicitly_not_permission_to_go_live
  ✅ t_the_contract_records_the_owner_ratification
  ✅ t_the_group_is_legs_only_in_behaviour_not_just_in_the_document
  ✅ t_the_policy_is_ratified_but_still_not_wired
  ✅ t_the_three_surfaces_are_exactly_the_ratified_ones

✅ test_tg_canonical_access_model: 8/8

â”€â”€ test_tg_client_contract.py â”€â”€â”€â”€â”€â”€â”€â”€â”€â”€â”€â”€â”€â”€â”€â”€â”€â”€â”€â”€â”€â”€â”€â”€â”€â”€â”€â”€â”€â”€â”€â”€â”€â”€
  ✅ t_an_ambiguous_surface_reaches_the_owner_not_nowhere
  ✅ t_an_unconfigured_client_reports_none_not_a_wrong_id
  ✅ t_every_attribute_the_router_reads_exists_on_the_real_client
  ✅ t_the_accessors_are_read_only
  ✅ t_the_real_client_exposes_owner_and_center_chat_id
  ✅ t_the_router_resolves_dm_against_the_real_client
  ✅ t_the_router_resolves_group_against_the_real_client

✅ test_tg_client_contract: 7/7

â”€â”€ test_capability_manifest_registry.py â”€â”€â”€â”€â”€â”€â”€â”€â”€â”€â”€â”€â”€â”€â”€â”€â”€â”€â”€â”€â”€â”€â”€â”€
  ✅ t_a_malformed_manifest_is_skipped_not_partially_accepted
  ✅ t_a_manifest_claiming_authorization_is_rejected
  ✅ t_a_valid_manifest_round_trips
  ✅ t_discovery_imports_nothing
  ✅ t_every_manifest_carries_risk_and_surface
  ✅ t_manifest_wins_over_scan_for_the_same_key
  ✅ t_registration_is_never_authorization
  ✅ t_the_catalog_merges_both_sources_without_losing_either
  ✅ t_the_new_namespaces_are_discovered
  ✅ t_unreadable_json_does_not_crash_discovery

✅ test_capability_manifest_registry: 10/10

â”€â”€ test_tg_hold_policy.py â”€â”€â”€â”€â”€â”€â”€â”€â”€â”€â”€â”€â”€â”€â”€â”€â”€â”€â”€â”€â”€â”€â”€â”€â”€â”€â”€â”€â”€â”€â”€â”€â”€â”€â”€â”€â”€â”€
  ✅ t_a_marker_already_in_the_shared_state_is_still_honoured
  ✅ t_a_truncated_html_tag_in_a_head_can_never_kill_the_digest
  ✅ t_classifier_failure_never_silences_and_never_crashes_the_send_path
  ✅ t_proof1_a_new_critical_reaches_the_inner_dm
  ✅ t_proof2_approvals_bypass_the_classifier_and_keep_their_handler_bot
  ✅ t_proof3_a_new_normal_message_lands_in_the_hourly_digest
  ✅ t_proof4_a_duplicate_is_held_even_when_only_the_numbers_changed
  ✅ t_proof5_a_recovery_sends_a_short_receipt_not_the_full_text
  ✅ t_proof6_core_streams_can_never_reach_the_group
  ✅ t_proof7_the_historical_backlog_is_structurally_unreplayable
  ✅ t_the_held_view_summarises_without_echoing_text
  ✅ t_the_organism_writer_can_never_clobber_the_flush_marker
  ✅ t_the_urgent_marker_survives_the_same_interleaving

✅ test_tg_hold_policy: 13/13

â”€â”€ test_tg_route_seam.py â”€â”€â”€â”€â”€â”€â”€â”€â”€â”€â”€â”€â”€â”€â”€â”€â”€â”€â”€â”€â”€â”€â”€â”€â”€â”€â”€â”€â”€â”€â”€â”€â”€â”€â”€â”€â”€â”€â”€
  ✅ t_every_home_button_verb_is_dispatched_in_the_center_router
  ✅ t_flag_off_center_alert_stays_on_outer_in_group
  ✅ t_flag_off_center_digest_still_goes_to_system_topic
  ✅ t_flag_off_pulse_goes_nowhere_at_all
  ✅ t_flag_on_alert_falls_back_to_outer_when_inner_is_dead
  ✅ t_flag_on_alert_moves_to_the_inner_bot_dm
  ✅ t_flag_on_core_streams_reach_the_owner_dm_not_the_group
  ✅ t_flag_on_legs_keep_their_topics
  ✅ t_route_send_honours_the_deliberate_silence_of_the_none_block
  ✅ t_route_send_passes_the_precise_stream_label_to_the_receipt
  ✅ t_the_center_actually_calls_route_send_for_its_core_ambient_sends
  ✅ t_the_home_keyboard_never_exceeds_three_decision_points

✅ test_tg_route_seam: 12/12

â”€â”€ test_tg_build_surface.py â”€â”€â”€â”€â”€â”€â”€â”€â”€â”€â”€â”€â”€â”€â”€â”€â”€â”€â”€â”€â”€â”€â”€â”€â”€â”€â”€â”€â”€â”€â”€â”€â”€â”€â”€â”€
  ✅ t_a_bare_build_prefix_asks_instead_of_queueing_nonsense
  ✅ t_a_build_request_from_the_group_is_structurally_impossible
  ✅ t_a_dark_code_brain_is_stated_too
  ✅ t_a_dark_patch_card_is_stated_not_hidden
  ✅ t_a_real_request_is_queued_and_the_note_tells_the_truth
  ✅ t_a_too_short_request_is_refused_with_a_reason
  ✅ t_build_intent_is_recognised_in_natural_persian
  ✅ t_loop_status_reports_every_rung_separately
  ✅ t_ordinary_chat_is_not_a_build_request
  ✅ t_the_center_wires_the_build_seam_and_the_button
  ✅ t_the_module_sends_nothing_and_applies_nothing
  ✅ t_the_patch_view_never_echoes_code_content
  ✅ t_the_prefix_is_stripped_but_the_body_survives
  ✅ t_the_queue_view_is_honest_when_empty
  ✅ t_the_status_never_claims_a_producer_that_does_not_exist

✅ test_tg_build_surface: 15/15

â”€â”€ test_state_write_loudness.py â”€â”€â”€â”€â”€â”€â”€â”€â”€â”€â”€â”€â”€â”€â”€â”€â”€â”€â”€â”€â”€â”€â”€â”€â”€â”€â”€â”€â”€â”€â”€â”€
  ✅ t_a_write_failure_alerts_and_drops_marker
  ✅ t_b_successful_write_clears_the_marker
  ✅ t_c_source_contract_cortex_checks_ok_and_alerts
  ✅ t_d_observability_blocks_on_stale_self_model
  ✅ t_e_observability_blocks_on_failure_marker
  ✅ t_f_observability_green_when_both_fresh_and_no_marker

✅ test_state_write_loudness: 6/6 passed, 0 failed

â”€â”€ test_mission_approval_and_receipt_critic.py â”€â”€â”€â”€â”€â”€â”€â”€â”€â”€â”€â”€â”€â”€â”€â”€â”€
  ✅ t_a_owner_gate_card_is_staged_to_disk_not_discarded
  ✅ t_b_flag_off_bridge_does_nothing
  ✅ t_c_sweep_puts_card_in_owner_queue_and_transitions_mission
  ✅ t_d_owner_approve_closes_mission_done
  ✅ t_e_owner_reject_closes_mission_failed_with_reason
  ✅ t_f2_append_transition_itself_refuses_illegal_moves
  ✅ t_f_illegal_transition_is_refused_not_forced
  ✅ t_g_clean_receipt_passes
  ✅ t_h_broken_invariants_fail_with_named_checks
  ✅ t_i_evaluate_new_is_flag_gated_and_idempotent
  ✅ t_j_beat_wiring_respects_the_single_consumer_process_invariant

✅ test_mission_approval_and_receipt_critic: 11/11 passed, 0 failed

â”€â”€ test_verdict_feedback_loop.py â”€â”€â”€â”€â”€â”€â”€â”€â”€â”€â”€â”€â”€â”€â”€â”€â”€â”€â”€â”€â”€â”€â”€â”€â”€â”€â”€â”€â”€â”€â”€
  💥 t_a_rejected_verdict_returns_to_lead_memory_with_tokens: ValueError: F3: confidence required for canonical insert (fail-closed)
  💥 t_b_accepted_verdict_promotes_via_readtime_outcome_attestation: ValueError: F3: confidence required for canonical insert (fail-closed)
  ✅ t_c_verdict_without_prior_category_stays_honest
  ✅ t_d_doctor_verdict_carries_bottleneck_key_and_forgetting_fires
  ✅ t_e_rfc_dataclass_persists_evidence_key
  ✅ t_f_claim_site_passes_the_key_source_contract

❌ test_verdict_feedback_loop: 4/6 passed, 2 failed
   â†» Ø§Ø¬Ø±Ø§ÛŒ Ø¯ÙˆÙ…: Ù‚Ø±Ù…Ø²Ù-Ù¾Ø§ÛŒØ¯Ø§Ø± â†’ tests/_flaky/test_verdict_feedback_loop.py.txt

â”€â”€ test_mission_reconcile_step1.py â”€â”€â”€â”€â”€â”€â”€â”€â”€â”€â”€â”€â”€â”€â”€â”€â”€â”€â”€â”€â”€â”€â”€â”€â”€â”€â”€â”€â”€
  ✅ t_a_legal_transition_stays_clean
  ✅ t_b_illegal_transition_is_annotated_not_blocked
  ✅ t_c_can_transition_12_is_failclosed_on_unknown
  ✅ t_d_every_genome_state_maps_to_a_valid_canonical_state
  ✅ t_e_snapshot_reports_the_genome_world_in_canonical_vocab

✅ test_mission_reconcile_step1: 5/5 passed, 0 failed

â”€â”€ test_ledger_reanchor_2026_07_31.py â”€â”€â”€â”€â”€â”€â”€â”€â”€â”€â”€â”€â”€â”€â”€â”€â”€â”€â”€â”€â”€â”€â”€â”€â”€â”€
  ✅ t_anchor_prev_is_genesis
  ✅ t_anchor_record_exists_and_points_to_archive
  ✅ t_archive_and_backup_are_byte_equal
  ✅ t_live_chain_passes_both_verifiers
  ✅ t_no_reanchor_rerun_possible

✅ test_ledger_reanchor_2026_07_31: 5/5

â”€â”€ test_tg_send_receipt_schema.py â”€â”€â”€â”€â”€â”€â”€â”€â”€â”€â”€â”€â”€â”€â”€â”€â”€â”€â”€â”€â”€â”€â”€â”€â”€â”€â”€â”€â”€â”€
  ✅ t_invalid_state_defaults_to_sent
  ✅ t_old_call_shape_still_works
  ✅ t_prune_works_across_restart
  ✅ t_record_carries_bot_role
  ✅ t_record_carries_surface
  ✅ t_record_has_sent_held_blocked_tri_state

✅ test_tg_send_receipt_schema: 6/6

â”€â”€ test_redact_before_archive.py â”€â”€â”€â”€â”€â”€â”€â”€â”€â”€â”€â”€â”€â”€â”€â”€â”€â”€â”€â”€â”€â”€â”€â”€â”€â”€â”€â”€â”€â”€â”€
  ✅ t_redact_call_precedes_hold_call_in_send_text
  ✅ t_redact_is_early_in_function_body

✅ test_redact_before_archive: 2/2

â”€â”€ test_tg_409_rival_poller.py â”€â”€â”€â”€â”€â”€â”€â”€â”€â”€â”€â”€â”€â”€â”€â”€â”€â”€â”€â”€â”€â”€â”€â”€â”€â”€â”€â”€â”€â”€â”€â”€â”€
  ✅ t_409_alert_is_throttled_to_once_per_hour
  ✅ t_non_409_error_still_silent
  ❌ t_poll_alerts_on_409: no alert emitted on 409 — رقیب‌poller ساکت می‌ماند
  ✅ t_poll_returns_empty_on_409

❌ test_tg_409_rival_poller: 3/4
   â†» Ø§Ø¬Ø±Ø§ÛŒ Ø¯ÙˆÙ…: Ù‚Ø±Ù…Ø²Ù-Ù¾Ø§ÛŒØ¯Ø§Ø± â†’ tests/_flaky/test_tg_409_rival_poller.py.txt

â”€â”€ test_flag_load_shortfall.py â”€â”€â”€â”€â”€â”€â”€â”€â”€â”€â”€â”€â”€â”€â”€â”€â”€â”€â”€â”€â”€â”€â”€â”€â”€â”€â”€â”€â”€â”€â”€â”€â”€
  ✅ t_a_a_healthy_boot_is_silent
  ✅ t_b_todays_every_other_line_collapse_fires
  ✅ t_c_a_total_wipeout_fires_too
  ✅ t_d_a_tiny_file_never_cries_wolf
  ✅ t_e_one_missing_flag_out_of_many_is_below_the_bar
  ✅ t_f_untracked_env_keys_are_not_counted
  ✅ t_g_snapshot_records_the_shortfall_and_alerts_once
  ✅ t_h_a_healthy_snapshot_stays_quiet
  ✅ t_i_a_broken_alerter_never_kills_boot

✅ test_flag_load_shortfall: 9/9

â”€â”€ test_flag_shortfall_smtp_exemption.py â”€â”€â”€â”€â”€â”€â”€â”€â”€â”€â”€â”€â”€â”€â”€â”€â”€â”€â”€â”€â”€â”€â”€
  ✅ معافیت باریک و دقیق
  ✅ کلیدهای SMTP شمرده نمی‌شوند
  ✅ کلیدِ غیرمعافِ گم‌شده همچنان می‌شمارد
  ✅ معافیت منقضی‌شونده است
  ✅ flags.cmd poison پابرجا

â”€â”€ test_ask_reasoning_preamble_strip.py â”€â”€â”€â”€â”€â”€â”€â”€â”€â”€â”€â”€â”€â”€â”€â”€â”€â”€â”€â”€â”€â”€â”€â”€
  ✅ نمونهٔ زندهٔ لاگ → پاسخ فارسی
  ✅ متن فارسیِ خالص دست‌نخورده
  ✅ انگلیسیِ خالص fail-soft
  ✅ خالی/None ایمن
  ✅ چندپاراگراف استدلال → اولین فارسی

â”€â”€ test_telegram_pep_shadow.py â”€â”€â”€â”€â”€â”€â”€â”€â”€â”€â”€â”€â”€â”€â”€â”€â”€â”€â”€â”€â”€â”€â”€â”€â”€â”€â”€â”€â”€â”€â”€â”€â”€
  ✅ بدون lease ⇒ deny-by-default
  ✅ lease معتبر یک‌بار؛ replay رد
  ✅ lease منقضی رد
  ✅ دستکاری params (hash) رد
  ✅ kill توزیع‌شده = ردِ محلی
  ✅ ناظر fail-soft + لاگ سایه
  ✅ هوک‌های زنده نصب‌اند
  ✅ ماژول PEP بدون شبکه

â”€â”€ test_recall_loop_distant.py â”€â”€â”€â”€â”€â”€â”€â”€â”€â”€â”€â”€â”€â”€â”€â”€â”€â”€â”€â”€â”€â”€â”€â”€â”€â”€â”€â”€â”€â”€â”€â”€â”€
  ✅ hash never NaN
  ✅ rfc stable identical
  ✅ select prefers far
  ✅ select keeps near
  ✅ union never deletes
  ✅ NaN query empty
  ✅ reach rises with far union
  ✅ 4d insight recall fires

â”€â”€ test_circuit_demote_persist_errorhunt.py â”€â”€â”€â”€â”€â”€â”€â”€â”€â”€â”€â”€â”€â”€â”€â”€â”€â”€â”€â”€
  ✅ check ⇒ half_open روی دیسک
  ✅ status ⇒ half_open روی دیسک
  ✅ چک دوم فایل را به closed برنمی‌گرداند
  ✅ close واقعی بدون opened_at دست‌نخورده

â”€â”€ test_discovery_nudge_high_water_errorhunt.py â”€â”€â”€â”€â”€â”€â”€â”€â”€â”€â”€â”€â”€â”€â”€â”€
  ✅ call-site دیگر mark_nudged() بی‌آرگومان ندارد
  ✅ ارسال موفق + delta ⇒ نشانگر نوشته می‌شود نه TypeError

â”€â”€ test_circuit_reset_not_recovery.py â”€â”€â”€â”€â”€â”€â”€â”€â”€â”€â”€â”€â”€â”€â”€â”€â”€â”€â”€â”€â”€â”€â”€â”€â”€â”€
  ✅ شکلِ ریست ⇒ half_open (نه allow-as-closed)
  ✅ closeِ واقعی دست‌نخورده
  ❌ ریکاوری فقط با تماسِ موفق اثبات می‌شود: {'state': 'closed', 'fail_count': 0, 'success_count': 0, 'last_fail_ts': '2026-08-25T10:54:02', 'last_ok_ts': '2026-08-25T10:54:02', 'opened_at_ts': None, 'half_open_attempts': 0, 'consecutive_opens': 0, 'recent_outcomes': [False, False, False, False, False, False, False, False, False, False, False, False, False, False, False, False, False, False, True, True]}
  ✅ استنتاج idempotent
   â†» Ø§Ø¬Ø±Ø§ÛŒ Ø¯ÙˆÙ…: Ù‚Ø±Ù…Ø²Ù-Ù¾Ø§ÛŒØ¯Ø§Ø± â†’ tests/_flaky/test_circuit_reset_not_recovery.py.txt

â”€â”€ test_tg_poll_health.py â”€â”€â”€â”€â”€â”€â”€â”€â”€â”€â”€â”€â”€â”€â”€â”€â”€â”€â”€â”€â”€â”€â”€â”€â”€â”€â”€â”€â”€â”€â”€â”€â”€â”€â”€â”€â”€â”€
  ✅ t_a_quiet_healthy_round_still_leaves_a_mark
  ✅ t_b_a_failed_round_counts_and_keeps_the_last_success
  ✅ t_c2_a_boot_that_never_succeeded_is_unknown_not_healthy
  ✅ t_c_not_knowing_is_never_reported_as_healthy
  ❌ t_d_deaf_duration_is_measured_from_the_last_success: None
  ❌ t_e2_the_first_failure_after_a_gap_waits_for_a_second_opinion: دومین شکستِ پیاپی باید فریاد بزند: []
  ✅ t_e_a_single_blip_does_not_cry_wolf
  ❌ t_f_a_truly_deaf_ear_shouts_once_per_hour: گوشِ مرده باید فریاد بزند: []
  ❌ t_g_a_bad_api_payload_is_a_failed_round_too: {'counters': {'poll_started_total': 1}, 'last_ok_ts': 0, 'consecutive_failures': 1, 'last_reason': 'schedule:OSError', 'last_poll_started_at': 1787619243.2743115, 'last_progress_at': 1787619243.2765357, 'process_thread_count': 1, 'active_transport_workers': 0, 'active_config_workers': 0, 'last_round_ts': 1787619243.2765357}

❌ test_tg_poll_health: 5/9
   â†» Ø§Ø¬Ø±Ø§ÛŒ Ø¯ÙˆÙ…: Ù‚Ø±Ù…Ø²Ù-Ù¾Ø§ÛŒØ¯Ø§Ø± â†’ tests/_flaky/test_tg_poll_health.py.txt

â”€â”€ test_tg_voice_worker.py â”€â”€â”€â”€â”€â”€â”€â”€â”€â”€â”€â”€â”€â”€â”€â”€â”€â”€â”€â”€â”€â”€â”€â”€â”€â”€â”€â”€â”€â”€â”€â”€â”€â”€â”€â”€â”€
  ✅ t_a_voice_returns_immediately_and_does_not_block_the_loop
  ✅ t_b_owner_gets_an_instant_ack_then_the_same_message_becomes_the_result
  ✅ t_c_when_the_worker_is_unavailable_the_voice_is_still_captured
  ✅ t_d_text_capture_stays_synchronous
  ✅ t_e_a_refusal_inside_the_worker_is_spoken_not_swallowed
  ✅ t_f_the_worker_survives_a_crashing_job

✅ test_tg_voice_worker: 6/6

â”€â”€ test_tg_model_cache.py â”€â”€â”€â”€â”€â”€â”€â”€â”€â”€â”€â”€â”€â”€â”€â”€â”€â”€â”€â”€â”€â”€â”€â”€â”€â”€â”€â”€â”€â”€â”€â”€â”€â”€â”€â”€â”€â”€
  ✅ t_a_two_calls_load_the_model_once
  ✅ t_b_changing_the_model_name_drops_the_old_one
  ✅ t_c_only_one_model_is_held_at_a_time
  ✅ t_d_the_local_only_flag_is_part_of_the_identity
  ✅ t_e_an_idle_model_is_released_so_the_ram_comes_back
  ✅ t_f_last_used_moves_on_every_hit_so_a_busy_model_is_never_evicted
  ✅ t_g_a_starving_machine_does_not_get_a_cached_model
  ✅ t_h_not_knowing_the_free_ram_keeps_the_old_behaviour

✅ test_tg_model_cache: 8/8

â”€â”€ test_tg_voice_keep_audio.py â”€â”€â”€â”€â”€â”€â”€â”€â”€â”€â”€â”€â”€â”€â”€â”€â”€â”€â”€â”€â”€â”€â”€â”€â”€â”€â”€â”€â”€â”€â”€â”€â”€
  ✅ t_a_by_default_the_audio_is_gone
  ✅ t_b_with_the_flag_one_file_is_kept_for_diagnosis
  ✅ t_c_the_audio_never_lands_in_the_note_tree
  ✅ t_d_a_failed_keep_never_breaks_the_voice

✅ test_tg_voice_keep_audio: 4/4

â”€â”€ test_tg_menu_contract.py â”€â”€â”€â”€â”€â”€â”€â”€â”€â”€â”€â”€â”€â”€â”€â”€â”€â”€â”€â”€â”€â”€â”€â”€â”€â”€â”€â”€â”€â”€â”€â”€â”€â”€â”€â”€
  ✅ t_a_private_menu_is_at_most_ten_commands
  ✅ t_b_no_funnel_or_business_name_in_the_dm_menu
  ✅ t_c_removed_commands_keep_their_typed_handlers
  ✅ t_d_the_private_scope_is_actually_passed_to_set_commands
  ❌ t_e_the_group_menu_is_emptied_with_the_group_scope: منوی گروه/default پاک نشد: []
  ❌ t_f_menu_registration_happens_exactly_once_per_content_change: 
  ❌ t_g_a_client_without_scope_support_still_gets_a_menu: []
  ✅ t_h_center_never_writes_the_inner_bot_menu
  ✅ t_i_the_len_marker_survives_for_the_discoverability_guard

❌ test_tg_menu_contract: 6/9
   â†» Ø§Ø¬Ø±Ø§ÛŒ Ø¯ÙˆÙ…: Ù‚Ø±Ù…Ø²Ù-Ù¾Ø§ÛŒØ¯Ø§Ø± â†’ tests/_flaky/test_tg_menu_contract.py.txt

â”€â”€ test_tg_callback_answer.py â”€â”€â”€â”€â”€â”€â”€â”€â”€â”€â”€â”€â”€â”€â”€â”€â”€â”€â”€â”€â”€â”€â”€â”€â”€â”€â”€â”€â”€â”€â”€â”€â”€â”€
  ✅ t_a_policy_denied_group_callback_still_dismisses_the_spinner
  ✅ t_b_policy_denied_unknown_topic_callback_is_also_answered
  ✅ t_c_a_blocked_owner_console_callback_is_answered
  ✅ t_d_every_center_callback_verb_answers_at_least_once
  ✅ t_e_non_owner_callback_stays_totally_silent_by_design

✅ test_tg_callback_answer: 5/5

â”€â”€ test_tg_group_allowlist_policy.py â”€â”€â”€â”€â”€â”€â”€â”€â”€â”€â”€â”€â”€â”€â”€â”€â”€â”€â”€â”€â”€â”€â”€â”€â”€â”€â”€
  ✅ t_all_callbacks_stay_allowed_in_dm
  ✅ t_any_slash_command_is_denied_in_group_even_non_core
  ✅ t_arbitrary_persian_work_sentence_stays_leg_scoped
  ✅ t_callbacks_in_general_topic_stay_denied
  ✅ t_classify_never_raises_on_malformed_updates
  ✅ t_contract_shape_is_stable
  ✅ t_core_callbacks_are_denied_in_group_topics
  ✅ t_every_contract_leg_topic_is_leg_scoped
  ✅ t_every_leg_verb_is_allowed_in_its_own_topic
  ✅ t_is_leg_verb_is_exact_match_not_substring
  ✅ t_leg_card_callbacks_stay_allowed_in_their_topic
  ✅ t_leg_of_helper_refuses_non_contract_keys
  ✅ t_leg_verbs_survive_future_tightening_of_core_words
  ✅ t_media_with_empty_text_stays_leg_scoped
  ✅ t_non_owner_is_denied_everywhere
  ✅ t_persian_slash_commands_no_longer_bypass_the_gate
  ✅ t_reply_to_blocked_card_stays_allowed
  ✅ t_slash_commands_stay_allowed_in_outer_dm
  ✅ t_system_and_mirror_topics_are_not_legs_but_still_talk
  ✅ t_unknown_topic_is_denied

✅ test_tg_group_allowlist_policy: 20/20

â”€â”€ test_tg_send_receipts.py â”€â”€â”€â”€â”€â”€â”€â”€â”€â”€â”€â”€â”€â”€â”€â”€â”€â”€â”€â”€â”€â”€â”€â”€â”€â”€â”€â”€â”€â”€â”€â”€â”€â”€â”€â”€
  ✅ t_a_quiet_non_interactive_writes_held_row
  ✅ t_b_hold_policy_writes_held_row
  ✅ t_c_not_wired_writes_blocked_row
  ✅ t_d_normal_send_writes_attempted_inner_dm_and_group
  ✅ t_e_tg_api_send_records_bot_role_and_surface
  ✅ t_f_edit_writes_receipt_row
  ✅ t_g2_keyboarded_route_send_never_sends_via_the_send_only_inner
  ✅ t_g_resolve_interactive_never_returns_inner
  ✅ t_h_set_commands_passes_scope_through
  ✅ t_i_delete_commands_posts_deleteMyCommands
  ✅ t_j_inner_menu_is_small_and_handlers_exist

✅ test_tg_send_receipts: 11/11

â”€â”€ test_tg_capture.py â”€â”€â”€â”€â”€â”€â”€â”€â”€â”€â”€â”€â”€â”€â”€â”€â”€â”€â”€â”€â”€â”€â”€â”€â”€â”€â”€â”€â”€â”€â”€â”€â”€â”€â”€â”€â”€â”€â”€â”€â”€â”€
  ✅ t_a_classification_table_covers_all_five_kinds
  ✅ t_b_lead_lands_on_the_painting_leg_and_tasks_detect_their_leg
  ✅ t_c_when_is_extracted_from_natural_persian
  ✅ t_d_llm_refinement_only_runs_behind_its_flag
  ✅ t_e_filename_follows_the_machine_capture_pattern
  ✅ t_f_frontmatter_has_the_six_core_keys_and_legal_status
  ✅ t_g_duplicate_message_id_in_same_chat_is_skipped
  ✅ t_h_dedup_is_scoped_to_the_chat_id
  ✅ t_i_business_task_goes_to_the_legs_task_queue
  ✅ t_j_personal_task_becomes_a_reminder_when_the_engine_exists
  ✅ t_k_personal_task_without_an_engine_stays_in_raw_as_idea
  ✅ t_l_lead_is_submitted_with_the_consented_manual_channel
  ✅ t_m_expense_appends_a_dated_line_item_to_the_raw_note
  ✅ t_n_voice_is_captured_honestly_without_a_fake_transcript
  ✅ t_o_handle_files_routes_and_acks_in_one_gesture
  ✅ t_p_acks_are_one_line_short_and_persian_digit
  ✅ t_q_flag_off_means_capture_never_touches_anything
  ✅ t_r_capture_writes_only_inside_the_isolated_vault
  ✅ t_s_voice_becomes_a_structured_note_not_a_raw_transcript
  ✅ t_t_voice_frontmatter_keeps_file_id_duration_and_adds_transcript_keys
  ✅ t_u_transcript_is_classified_and_routed_exactly_like_text
  ✅ t_v_the_audio_file_never_survives_and_never_touches_the_vault
  ✅ t_w_every_failure_branch_is_honest_and_says_why
  ✅ t_x2_voice_flag_off_keeps_yesterdays_behaviour_byte_for_byte
  ✅ t_x3_voice_dedup_still_holds_after_transcription
  ✅ t_x4_voice_language_is_persian_by_default_and_overridable
  ✅ t_x_a_failed_backend_can_never_smuggle_text_into_the_vault

✅ test_tg_capture: 27/27

â”€â”€ test_tg_reminders.py â”€â”€â”€â”€â”€â”€â”€â”€â”€â”€â”€â”€â”€â”€â”€â”€â”€â”€â”€â”€â”€â”€â”€â”€â”€â”€â”€â”€â”€â”€â”€â”€â”€â”€â”€â”€â”€â”€â”€â”€
  ✅ t_a_failed_send_does_not_mark_fired
  ✅ t_a_manual_window_wins_forever_even_against_rich_data
  ✅ t_beat_runs_the_learner_once_a_day_by_itself
  ✅ t_done_stamps_the_time_the_learner_needs
  ✅ t_flag_is_default_off
  ✅ t_keyboard_verbs_are_the_documented_contract
  ✅ t_learner_moves_on_rich_data_and_writes_the_window
  ✅ t_learner_never_produces_a_window_shorter_than_the_floor
  ✅ t_learner_refuses_to_move_on_thin_data_and_says_so
  ✅ t_leg_scope_fires_into_the_leg_not_dm
  ✅ t_legacy_items_without_a_stamp_are_unmeasurable_not_slow
  ✅ t_parse_when_no_match_returns_none_and_untouched_text
  ✅ t_parse_when_strips_the_time_phrase_from_the_text
  ✅ t_parse_when_understands_the_owner_language
  ✅ t_quiet_window_defers_normal_but_lets_critical_through
  ✅ t_send_log_dm_rows_are_the_corroboration_that_tips_the_bar
  ✅ t_send_log_rows_that_are_not_owner_dm_are_ignored
  ✅ t_state_stays_inside_the_isolated_tree
  ✅ t_store_roundtrip_add_fire_done_snooze
  ✅ t_the_adaptive_learner_can_be_switched_off_by_the_owner
  ✅ t_the_learner_writes_nothing_and_preserves_the_owner_keys
  ✅ t_the_module_has_no_external_effectors

✅ test_tg_reminders: 22/22

â”€â”€ test_tg_brief.py â”€â”€â”€â”€â”€â”€â”€â”€â”€â”€â”€â”€â”€â”€â”€â”€â”€â”€â”€â”€â”€â”€â”€â”€â”€â”€â”€â”€â”€â”€â”€â”€â”€â”€â”€â”€â”€â”€â”€â”€â”€â”€â”€â”€
  ✅ t_beat_fires_each_brief_once_per_day
  ✅ t_empty_vault_gives_a_short_graceful_brief
  ✅ t_evening_text_is_honest_when_nothing_finished
  ✅ t_evening_text_reports_done_blocked_and_tomorrow
  ✅ t_flag_is_default_off
  ✅ t_morning_brief_counts_open_reminders_in_persian_digits
  ✅ t_morning_brief_has_at_most_three_task_lines_blocked_first
  ✅ t_morning_brief_isolates_ltr_links_with_bidi_marks
  ✅ t_morning_brief_links_every_nonempty_business_topic
  ✅ t_state_stays_inside_the_isolated_tree
  ✅ t_the_module_has_no_external_effectors
  ✅ t_todays_due_reminder_is_a_candidate_task_line
  ✅ t_topic_link_strips_the_minus_100_prefix

✅ test_tg_brief: 13/13

â”€â”€ test_tg_ask_vault.py â”€â”€â”€â”€â”€â”€â”€â”€â”€â”€â”€â”€â”€â”€â”€â”€â”€â”€â”€â”€â”€â”€â”€â”€â”€â”€â”€â”€â”€â”€â”€â”€â”€â”€â”€â”€â”€â”€â”€â”€
  ✅ t_a_broken_receipt_path_never_kills_the_answer
  ✅ t_a_failure_is_recorded_too_so_silence_becomes_falsifiable
  ✅ t_a_fake_sources_section_from_the_model_is_cut
  ✅ t_a_frontmatter_tag_outranks_a_deep_body_match
  ✅ t_a_note_without_frontmatter_gets_no_frontmatter_bonus
  ✅ t_a_secret_shaped_string_in_an_excluded_path_is_never_cited
  ✅ t_a_successful_question_leaves_a_provable_receipt
  ✅ t_a_temporal_question_boosts_the_recently_modified_note
  ✅ t_agentignore_paths_are_respected
  ✅ t_archive_is_never_cited_and_never_leaks
  ✅ t_chat_local_an_important_question_escalates_straight_to_paid
  ✅ t_chat_local_card_marks_the_tier_honestly
  ✅ t_chat_local_failure_of_the_free_brain_falls_up_to_paid
  ✅ t_chat_local_has_its_own_sanity_cap_and_never_burns_paid_quota
  ✅ t_chat_local_off_is_byte_identical_paid_only
  ✅ t_chat_local_ordinary_question_goes_to_the_free_brain_first
  ✅ t_flag_off_is_the_default_and_silent
  ✅ t_flag_off_writes_no_receipt
  ✅ t_missing_rg_is_an_honest_reason_not_a_crash
  ✅ t_recency_can_reorder_inside_a_class_but_never_across_classes
  ✅ t_retrieved_text_is_declared_data_not_instructions
  ✅ t_state_stays_inside_the_isolated_tree
  ✅ t_the_answer_cites_the_right_note_and_ends_with_sources
  ✅ t_the_filename_match_outranks_the_passing_mention
  ✅ t_the_hard_exclusion_list_is_independent_of_agentignore
  ✅ t_the_honest_not_found_answer_is_recorded_with_zero_sources
  ✅ t_the_post_filter_is_a_second_belt_not_just_rg_globs
  ✅ t_the_receipt_is_append_only
  ✅ t_the_receipt_log_lands_in_the_isolated_state_dir
  ✅ t_the_receipt_stores_neither_the_question_nor_the_answer
  ✅ t_the_receipt_wrapper_stays_transparent_to_inspect
  ✅ t_the_temporal_marker_is_detected_but_not_over_detected
  ✅ t_this_module_only_reads_and_talks_it_never_sends_or_pays
  ✅ t_without_a_temporal_marker_recency_does_not_reorder
  ✅ t_zero_hits_answers_i_dont_know_without_calling_the_model

✅ test_tg_ask_vault: 35/35

â”€â”€ test_miniapp_gateway.py â”€â”€â”€â”€â”€â”€â”€â”€â”€â”€â”€â”€â”€â”€â”€â”€â”€â”€â”€â”€â”€â”€â”€â”€â”€â”€â”€â”€â”€â”€â”€â”€â”€â”€â”€â”€â”€
  ✅ t_a_missing_or_empty_header_is_403
  ✅ t_a_non_owner_user_is_403_even_with_a_valid_hash
  ✅ t_a_stale_auth_date_is_replay_and_403
  ✅ t_a_tampered_hash_is_403_with_an_empty_body
  ✅ t_a_wrong_token_key_direction_would_fail
  ✅ t_actions_post_is_rate_limited_after_window_capacity
  ✅ t_actions_post_requires_owner_auth_and_blocks_without_it
  ✅ t_ask_empty_question_is_400
  ✅ t_ask_falls_back_to_brain_when_vault_has_no_sources
  ✅ t_ask_is_rate_limited_after_window_capacity
  ✅ t_ask_non_post_is_405
  ✅ t_ask_prefers_vault_when_it_has_real_sources
  ✅ t_ask_reports_ok_false_when_neither_brain_answers
  ✅ t_ask_requires_owner_auth_and_blocks_without_it
  ✅ t_ask_survives_an_unexpected_exception_with_500_not_a_crash
  ✅ t_ask_unauth_still_403
  ✅ t_ask_vault_empty_is_honest_when_sources_missing
  ✅ t_assets_version_is_cached_until_mtime_changes
  ✅ t_assets_version_recomputes_when_mtime_differs
miniapp_gateway: نمونهٔ دیگری روی 3820 زنده است — خروجِ تمیز.
  ✅ t_bind_failure_alerts_instead_of_silent_exit
  ✅ t_compare_digest_is_used_no_timing_leak
  ✅ t_every_non_get_method_is_405
  ✅ t_extra_fields_still_validate_sorting_is_correct
  ✅ t_fallback_redaction_covers_bearer_and_email
  ✅ t_get_header_is_case_insensitive_both_directions
  ✅ t_lifecycle_requires_owner_auth_like_every_other_read_path
  ✅ t_main_snapshots_boot_flags_like_every_other_limb
  ✅ t_mirror_empty_question_is_400
  ✅ t_mirror_non_post_is_405
  ✅ t_mirror_reports_ok_false_when_the_module_declines
  ✅ t_mirror_requires_owner_auth_and_blocks_without_it
  ✅ t_mirror_returns_the_real_answer_and_flags_recorded_corrections
  ✅ t_mirror_shares_the_ask_rate_limit_window_not_a_third_counter
  ✅ t_mirror_survives_an_unexpected_exception_with_500_not_a_crash
  ✅ t_notifications_requires_owner_auth_like_every_other_read_path
  ✅ t_owner_can_create_local_lead_but_onlyfans_automation_is_blocked
  ✅ t_post_auth_works_with_lowercase_header_like_a_real_browser_sends
  ✅ t_read_api_paths_can_be_explicitly_reopened_only_in_dev
  ✅ t_read_api_paths_require_owner_auth_by_default
  ✅ t_root_path_also_serves_the_shell
  ✅ t_state_stays_inside_the_isolated_tree
  ✅ t_stop_miniapp_kills_every_request_with_503
  ✅ t_the_bot_token_never_appears_in_any_response_body
  ✅ t_the_flag_is_default_off
  ✅ t_the_module_never_writes_the_token_to_disk_or_logs
  ✅ t_the_page_serves_without_initdata_and_injects_the_header_snippet
  ✅ t_unknown_paths_are_404
  ✅ t_valid_initdata_gets_200_and_the_upstream_body
  ✅ t_versioned_static_assets_get_immutable_cache_but_api_never_does

âœ… test_miniapp_gateway: 49/49

â”€â”€ test_api_collab.py â”€â”€â”€â”€â”€â”€â”€â”€â”€â”€â”€â”€â”€â”€â”€â”€â”€â”€â”€â”€â”€â”€â”€â”€â”€â”€â”€â”€â”€â”€â”€â”€â”€â”€â”€â”€â”€â”€â”€â”€â”€â”€
  ✅ t_collab_ask_tab_ui_wires_endpoint
  ✅ t_collab_contract_compliance
  ✅ t_collab_empty_text_is_400
  ✅ t_collab_flag_off_is_feature_disabled
  ✅ t_collab_get_is_405
  ✅ t_collab_missing_text_key_is_400
  ✅ t_collab_model_source_is_deterministic_stub
  ✅ t_collab_no_setdefault_auto_arm_in_source
  ✅ t_collab_post_is_not_405
  ✅ t_collab_requires_owner_auth
  ✅ t_collab_response_has_rationale
  ✅ t_collab_route_exists_in_source
  ✅ t_collab_route_has_redact
  ✅ t_collab_shares_ask_rate_limit
  ✅ t_collab_survives_exception_with_500
  ✅ t_collab_tampered_hash_is_403
  ✅ t_collab_valid_request_returns_reply

OK test_api_collab: 17/17

â”€â”€ test_collab_components.py â”€â”€â”€â”€â”€â”€â”€â”€â”€â”€â”€â”€â”€â”€â”€â”€â”€â”€â”€â”€â”€â”€â”€â”€â”€â”€â”€â”€â”€â”€â”€â”€â”€â”€â”€
  ✅ memory-default-off
  ✅ memory-rejects-secrets
  ✅ memory-rejects-emails
  ✅ memory-idempotent
  ✅ memory-append-only
  ✅ memory-disabled-returns-not-ok
  ✅ memory-rejects-empty-turn-id
  ✅ memory-rejects-oversized-turn-id
  ✅ memory-rejects-invalid-role
  ✅ memory-rejects-empty-intent
  ✅ memory-rejects-oversized-summary
  ✅ memory-rejects-state-dir-escape
  ✅ collaborator-default-off
  ✅ collaborator-contract-compliance
  ✅ collaborator-deterministic-stub
  ✅ collaborator-intro-without-model
  ✅ collaborator-intro-excluded-from-model
  ✅ collaborator-chat-model-fallback
  ✅ collaborator-structured-stays-stub
  ✅ digest-builds-from-snapshot
  ✅ digest-critical-on-halted
  ✅ digest-ok-when-healthy
  ✅ sim-deterministic
  ✅ sim-no-external-effect
  ✅ sim-produces-memory
  ✅ sim-produces-digest

â”€â”€ test_telegram_adapter_collab.py â”€â”€â”€â”€â”€â”€â”€â”€â”€â”€â”€â”€â”€â”€â”€â”€â”€â”€â”€â”€â”€â”€â”€â”€â”€â”€â”€â”€â”€
  ✅ adapter-conversation-when-off
  ✅ adapter-collaborator-when-on
  ✅ adapter-rejects-non-core

â”€â”€ test_talk_discovery.py â”€â”€â”€â”€â”€â”€â”€â”€â”€â”€â”€â”€â”€â”€â”€â”€â”€â”€â”€â”€â”€â”€â”€â”€â”€â”€â”€â”€â”€â”€â”€â”€â”€â”€â”€â”€â”€â”€
  ✅ journal-append-forbid-money-arm
  ✅ dark-pulse-excludes-lead
  ✅ heldout-at-least-five
  ✅ seed-journal-idempotent
  ✅ living-card-no-auto-arm
  ✅ discover-intent-text
  ✅ capability-journal-md
  ✅ discovery-protocol-md
  ✅ model-daily-cap-blocks
  ✅ living-callback
  ✅ discover-hidden-callback
  ✅ task-tiers-collab-chat
  ✅ interaction-contract-canonical
  ✅ discover-stays-stub-with-model
test_expired_initdata_is_403 (__main__.TestPfGatewayWall.test_expired_initdata_is_403) ... ok
test_flag_off_gives_404_even_for_owner (__main__.TestPfGatewayWall.test_flag_off_gives_404_even_for_owner) ... ok
test_forged_initdata_is_403 (__main__.TestPfGatewayWall.test_forged_initdata_is_403) ... ok
test_no_initdata_is_403 (__main__.TestPfGatewayWall.test_no_initdata_is_403) ... ok
test_post_to_pf_path_is_rejected (__main__.TestPfGatewayWall.test_post_to_pf_path_is_rejected)
مسیرهای PF فقط خواندنی‌اند — هیچ POST ی نباید به آن‌ها برسد. ... ok
test_stop_file_wins_over_everything (__main__.TestPfGatewayWall.test_stop_file_wins_over_everything) ... ok
test_stranger_user_is_403 (__main__.TestPfGatewayWall.test_stranger_user_is_403) ... ok
test_valid_owner_gets_data (__main__.TestPfGatewayWall.test_valid_owner_gets_data) ... ok
test_capabilities_are_locked_without_human_stamp (__main__.TestPfMiniappData.test_capabilities_are_locked_without_human_stamp) ... ok
test_corrupt_json_is_unknown (__main__.TestPfMiniappData.test_corrupt_json_is_unknown) ... ok
test_gates_read_from_manifest (__main__.TestPfMiniappData.test_gates_read_from_manifest) ... ok
test_ids_pass_but_only_id_shaped (__main__.TestPfMiniappData.test_ids_pass_but_only_id_shaped) ... ok
test_kpi_lights_follow_spec_thresholds (__main__.TestPfMiniappData.test_kpi_lights_follow_spec_thresholds) ... ok
test_missing_files_are_unknown_not_safe_zero (__main__.TestPfMiniappData.test_missing_files_are_unknown_not_safe_zero) ... ok
test_no_draft_text_crosses_the_boundary (__main__.TestPfMiniappData.test_no_draft_text_crosses_the_boundary) ... ok
test_stale_snapshot_is_marked (__main__.TestPfMiniappData.test_stale_snapshot_is_marked) ... ok
test_status_counts_real_data (__main__.TestPfMiniappData.test_status_counts_real_data) ... ok
test_flag_off_is_404_for_every_path (__main__.TestPfMiniappFlag.test_flag_off_is_404_for_every_path) ... ok
test_flag_only_literal_one (__main__.TestPfMiniappFlag.test_flag_only_literal_one) ... ok

----------------------------------------------------------------------
Ran 19 tests in 0.175s

OK

â”€â”€ test_pf_miniapp.py â”€â”€â”€â”€â”€â”€â”€â”€â”€â”€â”€â”€â”€â”€â”€â”€â”€â”€â”€â”€â”€â”€â”€â”€â”€â”€â”€â”€â”€â”€â”€â”€â”€â”€â”€â”€â”€â”€â”€â”€â”€â”€

â”€â”€ test_tg_leg_activation.py â”€â”€â”€â”€â”€â”€â”€â”€â”€â”€â”€â”€â”€â”€â”€â”€â”€â”€â”€â”€â”€â”€â”€â”€â”€â”€â”€â”€â”€â”€â”€â”€â”€â”€â”€
  ✅ t_a_broken_manifest_on_disk_is_not_ready
  ✅ t_a_manifest_missing_version_fails_both_validators
  ✅ t_activate_marks_existing_pieces_as_not_needed
  ✅ t_activate_returns_a_plan_and_never_calls_create_topic
  ✅ t_group_manifest_always_carries_leg_key
  ✅ t_manifest_plus_topic_without_activity_is_ready
  ✅ t_no_manifest_or_no_topic_means_dormant
  ✅ t_recent_leg_activity_makes_it_active_and_stale_activity_does_not
  ✅ t_registration_is_never_authorization
  ✅ t_required_field_list_matches_validate_contract_source
  ✅ t_skeleton_passes_the_real_validate_contract
  ✅ t_state_stays_inside_the_isolated_tree
  ✅ t_the_blocklist_is_parametrizable
  ✅ t_the_guard_passes_real_event_text
  ✅ t_the_guard_rejects_boilerplate_and_empty_text
  ✅ t_the_module_has_no_external_effectors

✅ test_tg_leg_activation: 16/16

â”€â”€ test_tg_weekly_review.py â”€â”€â”€â”€â”€â”€â”€â”€â”€â”€â”€â”€â”€â”€â”€â”€â”€â”€â”€â”€â”€â”€â”€â”€â”€â”€â”€â”€â”€â”€â”€â”€â”€â”€â”€â”€
  ✅ t_beat_fires_once_per_saturday_and_again_next_week
  ✅ t_beat_is_silent_with_the_flag_off
  ✅ t_cursor_never_advances_on_a_failed_send
  ✅ t_data_paths_stay_inside_the_isolated_tree
  ✅ t_delivered_leads_and_paid_come_from_the_real_funnel_writer
  ✅ t_due_only_saturday_after_8_and_once_per_week
  ✅ t_empty_stores_say_no_data_and_never_fabricate_numbers
  ✅ t_expenses_section_reads_the_real_capture_writer_and_is_honest_when_empty
  ✅ t_hours_freed_disappears_when_no_component_has_data
  ✅ t_hours_freed_shows_its_formula_and_counts_only_engine_work
  ✅ t_leg_activity_shows_up_with_persian_digits_and_next_step
  ✅ t_no_suggestion_below_the_threshold_or_sample_floor
  ✅ t_octopus_llm_spend_is_labeled_as_its_own_money_not_the_owners
  ✅ t_over_90_percent_approval_suggests_a_tier_demotion
  ✅ t_reminder_quality_is_honestly_absent_without_a_store
  ✅ t_reminder_quality_splits_fired_into_done_snoozed_and_open
  ✅ t_reminders_fired_count_reads_the_real_store_shape_and_the_real_clock
  ✅ t_stale_approvals_outside_the_week_are_ignored
  ✅ t_the_module_itself_never_sends_or_writes_state

✅ test_tg_weekly_review: 19/19

â”€â”€ test_tg_question_budget.py â”€â”€â”€â”€â”€â”€â”€â”€â”€â”€â”€â”€â”€â”€â”€â”€â”€â”€â”€â”€â”€â”€â”€â”€â”€â”€â”€â”€â”€â”€â”€â”€â”€â”€
  ✅ t_a_submitted_question_is_actually_deliverable
  ✅ t_an_empty_question_is_rejected_not_counted
  ✅ t_mark_asked_is_fail_closed_on_budget_and_idempotent
  ✅ t_next_week_frees_the_queue_head
  ✅ t_question_text_and_callback_contract
  ✅ t_record_answer_roundtrip
  ✅ t_remaining_math_counts_down_on_delivery_not_on_submit
  ✅ t_state_stays_inside_the_isolated_tree
  ✅ t_the_flag_defaults_off_and_module_never_sends
  ✅ t_thirty_deliveries_burn_the_week_then_pending_goes_quiet

✅ test_tg_question_budget: 10/10

â”€â”€ test_tg_wiring_w2.py â”€â”€â”€â”€â”€â”€â”€â”€â”€â”€â”€â”€â”€â”€â”€â”€â”€â”€â”€â”€â”€â”€â”€â”€â”€â”€â”€â”€â”€â”€â”€â”€â”€â”€â”€â”€â”€â”€â”€â”€
  ✅ t_d1_a_media_dm_is_captured_acked_and_never_falls_to_the_console
  ✅ t_d2_plain_chat_text_is_not_captured_and_reaches_the_ask_path
  ✅ t_d3_sabt_prefix_expense_is_captured_and_dedup_is_idempotent
  ✅ t_d4_group_system_mirror_rooms_never_capture_even_with_the_flag_on
  ✅ t_d5_a_vault_question_reaches_ask_vault_never_capture
  ✅ t_d6_questions_belong_to_the_chat_brain_but_sabt_still_captures
  ✅ t_e1_reminder_beat_delivers_due_reminder_with_rm_buttons
  ✅ t_e2_rm_done_tap_marks_done_answers_and_edits_the_card
  ✅ t_e3_morning_brief_fires_once_through_beat_and_persists_cursor
  ✅ t_f1_miniapp_button_only_appears_with_a_fresh_https_url_file
  ✅ t_g1_boot_receipt_is_one_line_with_pid_and_version_once_per_process
  ✅ t_h1_weekly_review_fires_saturday_morning_once
  ✅ t_h2_qbudget_question_is_delivered_once_and_reply_records_answer
  ✅ t_h3_qbudget_without_owner_dm_skips_the_beat_never_leaks_to_group

✅ test_tg_wiring_w2: 14/14

â”€â”€ test_tg_wiring_w3.py â”€â”€â”€â”€â”€â”€â”€â”€â”€â”€â”€â”€â”€â”€â”€â”€â”€â”€â”€â”€â”€â”€â”€â”€â”€â”€â”€â”€â”€â”€â”€â”€â”€â”€â”€â”€â”€â”€â”€â”€
  ✅ t_dg1_flag_off_emits_nothing_flag_on_emits_a_handled_card_and_advances
  ✅ t_dg2_a_failed_card_send_never_advances_the_cursor
  ✅ t_g1_a_template_leg_card_is_blocked_with_a_held_receipt_a_real_one_passes
  ✅ t_l1_the_quiet_learner_runs_at_most_once_a_day_through_beat
  ✅ t_l2_the_owners_manual_quiet_window_always_wins
  ✅ t_m1_panel_option_two_prompts_then_the_next_text_builds_a_real_mission
  ✅ t_m2_a_panel_error_is_shown_verbatim_never_swallowed
  ✅ t_n1_an_interrupting_send_beyond_the_cap_goes_to_digest_and_announces
  ❌ t_n2_ambient_streams_edit_digest_pulse_never_consume_budget: پیش‌فرضِ تست: دایجستی نرفت: {'edited': True, 'digests': 0, 'decisions': 0}
  ✅ t_n3_failed_question_send_is_refunded_and_never_marked_asked
  ✅ t_p1_pulse_line_appears_with_data_and_is_absent_without
  ✅ t_q1_producers_submit_in_beat_and_the_same_beat_delivers_and_marks
  ✅ t_v1_voice_dep_reaches_capture_and_a_fake_backend_yields_a_note
  ✅ t_v2_flag_off_voice_stays_a_raw_note_with_an_honest_reason

❌ test_tg_wiring_w3: 13/14
   â†» Ø§Ø¬Ø±Ø§ÛŒ Ø¯ÙˆÙ…: Ù‚Ø±Ù…Ø²Ù-Ù¾Ø§ÛŒØ¯Ø§Ø± â†’ tests/_flaky/test_tg_wiring_w3.py.txt

â”€â”€ test_tg_transcribe.py â”€â”€â”€â”€â”€â”€â”€â”€â”€â”€â”€â”€â”€â”€â”€â”€â”€â”€â”€â”€â”€â”€â”€â”€â”€â”€â”€â”€â”€â”€â”€â”€â”€â”€â”€â”€â”€â”€â”€
  ✅ t_a_available_reports_the_truth_and_keeps_ladder_order
  ✅ t_b_import_is_pure_no_backend_or_model_loaded
  ✅ t_c_models_land_in_ops_state_never_in_the_default_hf_cache
  ✅ t_d_no_backend_carries_the_exact_install_command
  ✅ t_e_missing_file_is_reported_not_guessed
  ✅ t_f_audio_longer_than_the_cap_is_refused_before_any_engine_runs
  ✅ t_g_backend_error_never_leaks_the_library_message
  ✅ t_h2_missing_model_is_its_own_reason_not_a_generic_error
  ✅ t_h_empty_result_is_never_sold_as_success
  ✅ t_i_no_failure_path_ever_returns_text
  ✅ t_j_happy_path_returns_cleaned_text_with_engine_and_secs
  ✅ t_k2_auto_language_means_let_the_engine_decide
  ✅ t_k_language_and_path_reach_the_runner_unchanged
  ✅ t_l_selected_engine_without_a_runner_fails_loudly
  ✅ t_m_env_knobs_have_honest_defaults
  ✅ t_n_real_environment_state_is_reported_truthfully

✅ test_tg_transcribe: 16/16

â”€â”€ test_tg_notify_budget.py â”€â”€â”€â”€â”€â”€â”€â”€â”€â”€â”€â”€â”€â”€â”€â”€â”€â”€â”€â”€â”€â”€â”€â”€â”€â”€â”€â”€â”€â”€â”€â”€â”€â”€â”€â”€
  ✅ t_ambient_streams_never_touch_the_budget
  ✅ t_an_unknown_class_is_treated_as_interrupting
  ✅ t_announce_fires_once_a_day_and_only_after_a_real_overflow
  ✅ t_announce_line_is_honest_in_both_states
  ✅ t_defer_is_honest_when_the_buffer_cannot_be_written
  ✅ t_every_interrupting_class_shares_the_same_five
  ✅ t_exempt_classes_are_never_blocked_and_counted_separately
  ✅ t_five_interrupts_pass_then_the_sixth_is_refused_with_a_reason
  ✅ t_midnight_rollover_resets_the_day_and_keeps_history
  ✅ t_overflow_really_lands_in_the_hold_policy_buffer_never_dropped
  ✅ t_peek_does_not_consume
  ✅ t_refund_gives_back_a_slot_when_the_send_failed
  ✅ t_route_makes_dropping_an_overflow_structurally_impossible
  ✅ t_state_stays_inside_the_isolated_tree
  ✅ t_summary_carries_what_the_weekly_report_needs
  ✅ t_the_module_never_sends_anything
  ✅ t_the_store_is_durable_across_a_fresh_read
  ✅ t_there_is_exactly_one_digest_buffer

✅ test_tg_notify_budget: 18/18

â”€â”€ test_tg_question_producers.py â”€â”€â”€â”€â”€â”€â”€â”€â”€â”€â”€â”€â”€â”€â”€â”€â”€â”€â”€â”€â”€â”€â”€â”€â”€â”€â”€â”€â”€â”€â”€
  ✅ t_a_failed_dedup_write_blocks_the_submit_loudly
  ✅ t_a_goal_with_no_movement_in_7_days_is_questioned
  ✅ t_a_resolved_block_stops_being_a_question
  ✅ t_a_truncated_quote_says_that_it_is_truncated
  ✅ t_all_five_producers_can_fire_in_one_run
  ✅ t_armed_capability_is_not_asked_about
  ✅ t_blocked_leg_is_silent_below_the_window_and_without_the_artifact
  ✅ t_blocked_leg_over_24h_asks_and_quotes_the_task
  ✅ t_disarmed_capability_asks_with_its_one_line_consequence
  ✅ t_disarmed_producer_is_silent_without_any_flags_file
  ✅ t_lead_stuck_is_silent_below_the_window_and_without_the_store
  ✅ t_lead_stuck_over_12h_asks_for_exactly_the_missing_field
  ✅ t_money_producer_is_silent_when_revenue_exists_or_cost_is_trivial
  ✅ t_no_flag_value_ever_leaks_into_a_question
  ✅ t_one_question_per_producer_per_run
  ✅ t_producers_stop_at_the_weekly_production_ceiling
  ✅ t_production_never_escapes_the_budget_path
  ✅ t_scan_throttles_itself_so_the_beat_can_call_it_every_tick
  ✅ t_stale_goal_is_silent_when_the_movement_ledger_does_not_exist
  ✅ t_stale_goal_is_silent_without_a_goals_file
  ✅ t_state_stays_inside_the_isolated_tree
  ✅ t_the_module_never_sends_and_touches_no_network
  ✅ t_the_next_iso_week_frees_the_same_key_again
  ✅ t_the_same_question_is_never_asked_twice_in_one_week
  ✅ t_vault_text_with_html_chars_survives_the_html_render
  ✅ t_zero_revenue_with_real_cost_asks_which_business_to_automate

✅ test_tg_question_producers: 26/26

â”€â”€ test_tg_send_log_stats.py â”€â”€â”€â”€â”€â”€â”€â”€â”€â”€â”€â”€â”€â”€â”€â”€â”€â”€â”€â”€â”€â”€â”€â”€â”€â”€â”€â”€â”€â”€â”€â”€â”€â”€â”€
  ✅ t_a_corrupt_log_never_raises_and_never_lies
  ✅ t_a_fractional_window_is_labelled_honestly
  ✅ t_a_streamless_flood_is_named_not_hidden
  ✅ t_below_the_floor_says_nothing
  ✅ t_digits_are_persian_and_the_latin_stream_is_bidi_isolated
  ✅ t_flag_off_returns_none_instead_of_an_undercount
  ✅ t_no_log_at_all_says_nothing
  ✅ t_pulse_line_has_zero_side_effects
  ✅ t_rows_older_than_the_window_are_not_counted
  ✅ t_state_stays_inside_the_isolated_tree
  ✅ t_the_injected_clock_is_the_only_clock
  ✅ t_the_line_never_leaks_message_content
  ✅ t_the_line_reports_sends_unique_and_duplicate_percent
  ✅ t_the_top_stream_is_the_loudest_one_and_ties_are_deterministic

✅ test_tg_send_log_stats: 14/14

â”€â”€ test_tg_orphans_wired.py â”€â”€â”€â”€â”€â”€â”€â”€â”€â”€â”€â”€â”€â”€â”€â”€â”€â”€â”€â”€â”€â”€â”€â”€â”€â”€â”€â”€â”€â”€â”€â”€â”€â”€â”€â”€
  ✅ t_a_important_request_is_gated_before_anything_runs
  ✅ t_a_looks_like_lead_is_the_only_gate_of_capture
  ✅ t_a_mission_without_text_asks_and_fabricates_nothing
  ✅ t_a_other_options_stay_with_menu_integration
  ✅ t_a_panel_emits_only_callbacks_the_emitting_bot_handles
  ✅ t_a_panel_option_two_reaches_the_real_mission_handler
  ✅ t_b_pending_cards_dedupes_a_trace_and_honours_since_and_limit
  ✅ t_b_pending_cards_is_read_only_and_never_raises
  ✅ t_b_pending_cards_skips_ai_traceless_and_stale
  ✅ t_b_pending_cards_surfaces_what_waits_for_the_owner
  ✅ t_c_bool_guard_and_send_guard_never_disagree
  ✅ t_c_guard_allows_short_but_factual_and_names_its_reason
  ✅ t_c_guard_blocks_a_template_and_passes_a_real_event
  ✅ t_d_every_stream_has_a_producer_or_an_explicit_note
  ✅ t_d_legs_all_note_is_true_not_decorative
  ✅ t_d_producerless_set_only_shrinks
  ✅ t_d_routing_file_is_still_parseable_by_the_live_router
  ✅ t_d_state_stays_inside_the_isolated_tree
  ✅ t_d_the_scanner_actually_finds_the_live_producers
  ✅ t_d_validate_contract_still_passes

✅ test_tg_orphans_wired: 20/20
Traceback (most recent call last):
  File "C:\Users\Armin\.zcode\tmp\octopus-heart-g4-20260825\_ops\tests\test_mail_credentials.py", line 34, in <module>
    import mail_credentials as mc   # noqa: E402
    ^^^^^^^^^^^^^^^^^^^^^^^^^^^^^
ModuleNotFoundError: No module named 'mail_credentials'

â”€â”€ test_mail_credentials.py â”€â”€â”€â”€â”€â”€â”€â”€â”€â”€â”€â”€â”€â”€â”€â”€â”€â”€â”€â”€â”€â”€â”€â”€â”€â”€â”€â”€â”€â”€â”€â”€â”€â”€â”€â”€
   â†» Ø§Ø¬Ø±Ø§ÛŒ Ø¯ÙˆÙ…: Ù‚Ø±Ù…Ø²Ù-Ù¾Ø§ÛŒØ¯Ø§Ø± â†’ tests/_flaky/test_mail_credentials.py.txt

â”€â”€ test_tg_owner_readiness.py â”€â”€â”€â”€â”€â”€â”€â”€â”€â”€â”€â”€â”€â”€â”€â”€â”€â”€â”€â”€â”€â”€â”€â”€â”€â”€â”€â”€â”€â”€â”€â”€â”€â”€
  ✅ t_a_bad_kpi_daily_shape_is_flagged_and_absence_is_fine
  ✅ t_a_broken_leg_task_file_is_flagged
  ✅ t_a_fresh_pulse_is_green
  ✅ t_a_launcher_with_org_root_is_green
  ✅ t_a_launcher_without_org_root_is_a_blocker
  ✅ t_a_leg_card_id_just_outside_the_spy_range_is_clean
  ✅ t_a_non_https_miniapp_url_is_a_blocker
  ✅ t_a_planted_spy_leg_card_id_is_flagged
  ✅ t_a_process_running_older_flags_than_the_file_is_flagged
  ✅ t_a_redacted_snapshot_value_never_fakes_a_drift
  ✅ t_a_required_flag_that_is_off_in_the_snapshot_is_a_blocker
  ✅ t_a_stale_center_pulse_is_flagged
  ✅ t_all_eight_contract_leg_topics_are_required
  ✅ t_an_absent_optional_store_is_honest_not_red
  ✅ t_armed_in_the_file_but_absent_from_the_snapshot_is_caught
  ✅ t_check_never_writes_anything
  ✅ t_check_writes_nothing_even_when_the_tree_is_empty
  ✅ t_corrupt_json_is_reported_not_raised
  ✅ t_every_check_returns_the_documented_shape
  ✅ t_every_failing_check_carries_a_fix_line
  ✅ t_live_false_never_touches_a_socket
  ✅ t_missing_files_never_raise
  ✅ t_outbound_armed_without_smtp_creds_is_a_blocker
  ✅ t_overall_ok_is_exactly_no_blockers
  ✅ t_render_marks_every_line_and_lists_the_blockers
  ✅ t_state_stays_inside_the_isolated_tree
  ✅ t_the_module_holds_no_send_and_no_poller
  ✅ t_the_send_cap_is_pinned_to_the_owners_vote

✅ test_tg_owner_readiness: 28/28

â”€â”€ test_tg_acceptance_journey.py â”€â”€â”€â”€â”€â”€â”€â”€â”€â”€â”€â”€â”€â”€â”€â”€â”€â”€â”€â”€â”€â”€â”€â”€â”€â”€â”€â”€â”€â”€â”€
  ✅ t_a_broken_capability_is_loud_and_terminal
  ✅ t_a_callback_tap_plus_a_periodic_card_is_not_a_conversation
  ✅ t_a_corrupt_state_file_is_survived_not_fatal
  ✅ t_a_disarmed_flag_is_blocked_not_broken
  ✅ t_a_distinguishable_reply_stream_still_passes_p6
  ✅ t_a_done_journey_is_inert
  ✅ t_a_group_row_claimed_by_another_phase_is_invisible_to_p6
  ✅ t_a_leg_engine_askbrain_row_is_not_a_message_anchor
  ✅ t_a_marker_updated_before_the_prompt_is_stale_evidence
  ✅ t_a_note_from_a_message_before_our_prompt_is_not_evidence
  ✅ t_a_note_without_message_id_frontmatter_is_not_evidence
  ✅ t_a_passing_phase_keeps_its_claims_and_legacy_buckets_survive
  ✅ t_a_pasted_photo_string_in_the_body_is_not_media
  ✅ t_a_phase_exception_does_not_kill_the_tick
  ✅ t_a_pure_send_failure_still_never_advances
  ✅ t_a_real_half_hour_reminder_is_not_missed_by_the_window
  ✅ t_a_received_but_unanswered_message_is_partial_not_pass
  ✅ t_a_recurring_24h_card_sha_is_not_an_ask_vault_answer
  ✅ t_a_regraded_verdict_releases_its_claims
  ✅ t_a_retouched_old_note_is_never_fresh_evidence
  ✅ t_a_send_failure_never_advances_the_cursor
  ✅ t_a_spontaneous_card_without_cursor_movement_never_passes_p5
  ✅ t_a_spontaneous_organism_card_is_never_read_as_a_conversation
  ✅ t_a_structurally_unbuildable_prompt_becomes_blocked_and_advances
  ✅ t_a_tg_vote_on_someone_elses_lead_is_not_this_phases_vote
  ✅ t_an_agent_self_test_reminder_is_never_the_owners_tap
  ✅ t_an_autonomous_research_measurement_is_not_the_owners_vote
  ✅ t_an_empty_blocked_snapshot_never_grades_everything
  ✅ t_an_empty_broken_group_is_still_stated_out_loud
  ✅ t_an_isolated_journey_can_never_delete_the_machines_schedule
  ✅ t_an_unauthed_shell_hit_is_capability_not_the_owner
  ✅ t_an_unauthenticated_api_hit_is_logged_as_not_authed
  ✅ t_an_undeliverable_final_report_still_lands_in_the_vault_and_stops
  ✅ t_ask_vault_pass_needs_cursor_plus_fresh_outer_content
  ✅ t_autonomous_group_streams_never_pass_p6
  ✅ t_capability_ok_replaces_timeout_when_the_owner_never_taps
  ✅ t_capture_evidence_is_detected_from_a_planted_raw_note
  ✅ t_capture_proof_writes_a_real_note_and_dedups_the_second_send
  ✅ t_deleting_a_missing_task_is_reported_honestly_not_claimed
  ✅ t_evening_wrap_before_the_cursor_is_pending
  ✅ t_evening_wrap_never_claims_an_arbitrary_dm_row
  ✅ t_final_report_names_every_phase_and_is_telegram_safe
  ✅ t_first_tick_sends_the_kickoff_and_records_state
  ✅ t_free_chat_needs_both_a_consumed_update_and_an_outer_reply
  ✅ t_lead_card_proof_builds_a_ready_card_without_sending_anything
  ✅ t_leg_command_proof_maps_every_verb_and_never_swallows_a_work_sentence
  ✅ t_media_capture_needs_a_media_marker
  ✅ t_media_proof_keeps_file_id_and_refuses_a_fake_transcript
  ✅ t_miniapp_proof_wants_200_on_the_shell_and_403_on_the_api
  ✅ t_missing_evidence_is_pending_never_pass
  ✅ t_only_send_is_used_on_the_client
  ✅ t_our_own_send_row_is_never_counted_as_the_owners_reply
  ✅ t_owner_evidence_still_outranks_the_in_process_proof
  ✅ t_p0_is_terminal_even_when_the_environment_is_incomplete
  ✅ t_p10_marks_the_question_asked_so_the_centre_wont_resend_it
  ✅ t_p2_never_eats_the_media_note_that_belongs_to_p3
  ✅ t_phases_advance_in_declared_order
  ✅ t_question_budget_proof_round_trips_submit_ask_and_answer
  ✅ t_reminder_creation_is_detected_from_a_planted_store
  ✅ t_reminder_fired_detection_needs_the_reminders_own_sha
  ✅ t_reminder_proof_covers_parse_fire_and_the_quiet_window
  ✅ t_running_every_proof_leaves_live_state_and_the_vault_untouched
  ✅ t_state_stays_inside_the_isolated_tree
  ✅ t_stuck_lead_proof_unblocks_and_stamps_the_owner_line
  ✅ t_the_default_task_name_matches_the_live_scheduled_task
  ✅ t_the_final_phase_sends_writes_a_vault_note_and_marks_done
  ✅ t_the_final_report_groups_every_phase_into_three_buckets_with_counts
  ✅ t_the_gateway_writes_exactly_the_hit_line_the_journey_reads
  ✅ t_the_global_deadline_jumps_straight_to_the_report
  ✅ t_the_journeys_own_planted_reminder_is_not_an_ask_vault_answer
  ✅ t_the_miniapp_probe_hit_is_never_read_as_the_owners_tap
  ✅ t_the_module_never_imports_center
  ✅ t_the_module_never_polls_telegram
  ✅ t_the_owners_button_vote_on_the_synthetic_lead_passes_p8
  ✅ t_the_report_is_one_message_and_splits_only_when_it_overflows
  ✅ t_three_windows_without_evidence_become_timeout_then_advance
  ✅ t_two_ticks_in_the_same_window_send_only_once

✅ test_tg_acceptance_journey: 77/77
Traceback (most recent call last):
  File "C:\Users\Armin\.zcode\tmp\octopus-heart-g4-20260825\_ops\tests\test_lead_pipeline.py", line 45, in <module>
    import lead_outbound_transport as lot  # noqa: E402
    ^^^^^^^^^^^^^^^^^^^^^^^^^^^^^^^^^^^^^
  File "C:\Users\Armin\.zcode\tmp\octopus-heart-g4-20260825\_ops\legs\lead_outbound_transport.py", line 65, in <module>
    import mail_credentials   # noqa: E402 — هم‌پوشه؛ حلِ نام، بدونِ I/O شبکه
    ^^^^^^^^^^^^^^^^^^^^^^^
ModuleNotFoundError: No module named 'mail_credentials'

â”€â”€ test_lead_pipeline.py â”€â”€â”€â”€â”€â”€â”€â”€â”€â”€â”€â”€â”€â”€â”€â”€â”€â”€â”€â”€â”€â”€â”€â”€â”€â”€â”€â”€â”€â”€â”€â”€â”€â”€â”€â”€â”€â”€â”€
Traceback (most recent call last):
  File "C:\Users\Armin\.zcode\tmp\octopus-heart-g4-20260825\_ops\tests\test_lead_send_cap.py", line 31, in <module>
    import lead_outbound_transport as lot  # noqa: E402
    ^^^^^^^^^^^^^^^^^^^^^^^^^^^^^^^^^^^^^
  File "C:\Users\Armin\.zcode\tmp\octopus-heart-g4-20260825\_ops\legs\lead_outbound_transport.py", line 65, in <module>
    import mail_credentials   # noqa: E402 — هم‌پوشه؛ حلِ نام، بدونِ I/O شبکه
    ^^^^^^^^^^^^^^^^^^^^^^^
ModuleNotFoundError: No module named 'mail_credentials'
   â†» Ø§Ø¬Ø±Ø§ÛŒ Ø¯ÙˆÙ…: Ù‚Ø±Ù…Ø²Ù-Ù¾Ø§ÛŒØ¯Ø§Ø± â†’ tests/_flaky/test_lead_pipeline.py.txt

â”€â”€ test_lead_send_cap.py â”€â”€â”€â”€â”€â”€â”€â”€â”€â”€â”€â”€â”€â”€â”€â”€â”€â”€â”€â”€â”€â”€â”€â”€â”€â”€â”€â”€â”€â”€â”€â”€â”€â”€â”€â”€â”€â”€â”€
Traceback (most recent call last):
  File "C:\Users\Armin\.zcode\tmp\octopus-heart-g4-20260825\_ops\tests\test_lead_outbound_transport.py", line 29, in <module>
    import lead_outbound_transport as lot  # noqa: E402
    ^^^^^^^^^^^^^^^^^^^^^^^^^^^^^^^^^^^^^
  File "C:\Users\Armin\.zcode\tmp\octopus-heart-g4-20260825\_ops\legs\lead_outbound_transport.py", line 65, in <module>
    import mail_credentials   # noqa: E402 — هم‌پوشه؛ حلِ نام، بدونِ I/O شبکه
    ^^^^^^^^^^^^^^^^^^^^^^^
ModuleNotFoundError: No module named 'mail_credentials'
   â†» Ø§Ø¬Ø±Ø§ÛŒ Ø¯ÙˆÙ…: Ù‚Ø±Ù…Ø²Ù-Ù¾Ø§ÛŒØ¯Ø§Ø± â†’ tests/_flaky/test_lead_send_cap.py.txt

â”€â”€ test_lead_outbound_transport.py â”€â”€â”€â”€â”€â”€â”€â”€â”€â”€â”€â”€â”€â”€â”€â”€â”€â”€â”€â”€â”€â”€â”€â”€â”€â”€â”€â”€â”€
Traceback (most recent call last):
  File "C:\Users\Armin\.zcode\tmp\octopus-heart-g4-20260825\_ops\tests\test_lead_send_notify.py", line 43, in <module>
    import lead_outbound_transport as lot  # noqa: E402
    ^^^^^^^^^^^^^^^^^^^^^^^^^^^^^^^^^^^^^
  File "C:\Users\Armin\.zcode\tmp\octopus-heart-g4-20260825\_ops\legs\lead_outbound_transport.py", line 65, in <module>
    import mail_credentials   # noqa: E402 — هم‌پوشه؛ حلِ نام، بدونِ I/O شبکه
    ^^^^^^^^^^^^^^^^^^^^^^^
ModuleNotFoundError: No module named 'mail_credentials'
   â†» Ø§Ø¬Ø±Ø§ÛŒ Ø¯ÙˆÙ…: Ù‚Ø±Ù…Ø²Ù-Ù¾Ø§ÛŒØ¯Ø§Ø± â†’ tests/_flaky/test_lead_outbound_transport.py.txt

â”€â”€ test_lead_send_notify.py â”€â”€â”€â”€â”€â”€â”€â”€â”€â”€â”€â”€â”€â”€â”€â”€â”€â”€â”€â”€â”€â”€â”€â”€â”€â”€â”€â”€â”€â”€â”€â”€â”€â”€â”€â”€
Traceback (most recent call last):
  File "C:\Users\Armin\.zcode\tmp\octopus-heart-g4-20260825\_ops\tests\test_lead_price_in_email.py", line 39, in <module>
    import lead_outbound_transport as lot  # noqa: E402
    ^^^^^^^^^^^^^^^^^^^^^^^^^^^^^^^^^^^^^
  File "C:\Users\Armin\.zcode\tmp\octopus-heart-g4-20260825\_ops\legs\lead_outbound_transport.py", line 65, in <module>
    import mail_credentials   # noqa: E402 — هم‌پوشه؛ حلِ نام، بدونِ I/O شبکه
    ^^^^^^^^^^^^^^^^^^^^^^^
ModuleNotFoundError: No module named 'mail_credentials'
   â†» Ø§Ø¬Ø±Ø§ÛŒ Ø¯ÙˆÙ…: Ù‚Ø±Ù…Ø²Ù-Ù¾Ø§ÛŒØ¯Ø§Ø± â†’ tests/_flaky/test_lead_send_notify.py.txt

â”€â”€ test_lead_price_in_email.py â”€â”€â”€â”€â”€â”€â”€â”€â”€â”€â”€â”€â”€â”€â”€â”€â”€â”€â”€â”€â”€â”€â”€â”€â”€â”€â”€â”€â”€â”€â”€â”€â”€
   â†» Ø§Ø¬Ø±Ø§ÛŒ Ø¯ÙˆÙ…: Ù‚Ø±Ù…Ø²Ù-Ù¾Ø§ÛŒØ¯Ø§Ø± â†’ tests/_flaky/test_lead_price_in_email.py.txt

â”€â”€ test_funnel_sent.py â”€â”€â”€â”€â”€â”€â”€â”€â”€â”€â”€â”€â”€â”€â”€â”€â”€â”€â”€â”€â”€â”€â”€â”€â”€â”€â”€â”€â”€â”€â”€â”€â”€â”€â”€â”€â”€â”€â”€â”€â”€
  ✅ t_a2_a_full_cap_says_so_out_loud
  ✅ t_a_sent_today_renders_from_the_real_counter
  ✅ t_b_a_corrupt_counter_is_unknown_never_zero
  ✅ t_c_a_missing_counter_is_unknown_never_zero
  ✅ t_d_a_counter_from_another_day_is_an_honest_zero
  ✅ t_e2_the_authorized_queue_renders_from_the_gates_own_store
  ✅ t_e3_a_missing_or_broken_authz_store_is_unknown_never_zero
  ✅ t_e4_the_queue_line_never_prints_a_zero_nobody_can_back_up
  ✅ t_e5_our_authz_path_is_the_gates_authz_path
  ✅ t_e_the_ledger_and_the_queue_render_from_the_funnel_db
  ✅ t_f_an_unreadable_ledger_never_claims_zero_sends
  ✅ t_g_the_dark_card_still_shows_the_outbound_reality
  ✅ t_h_every_old_section_of_the_card_survives
  ✅ t_i_the_old_dark_card_keeps_its_confession
  ✅ t_j_a_recorded_win_finally_shows_up_on_the_card
  ✅ t_k_rendering_the_card_never_touches_the_counter
  ✅ t_l_the_card_never_calls_the_sender
  ✅ t_m_the_card_shows_counts_not_customers
  ✅ t_n_the_real_writer_and_this_reader_still_speak_the_same_shape
  ✅ t_o_the_card_never_leaks_an_authorization_token

✅ test_funnel_sent: 20/20

â”€â”€ test_tg_receive_probe.py â”€â”€â”€â”€â”€â”€â”€â”€â”€â”€â”€â”€â”€â”€â”€â”€â”€â”€â”€â”€â”€â”€â”€â”€â”€â”€â”€â”€â”€â”€â”€â”€â”€â”€â”€â”€
  ✅ t_a_a_missing_token_is_answered_not_hunted_for
  ✅ t_b_the_token_never_reaches_the_output_through_the_real_env_path
  ✅ t_c_a_token_telegram_hands_back_is_redacted
  ✅ t_d_getupdates_is_structurally_impossible
  ✅ t_e_the_probe_writes_nothing_into_organism_state
  ✅ t_f_the_local_view_reads_the_very_file_the_poller_writes
  ✅ t_g_a_writer_that_went_silent_is_never_reported_healthy
  ✅ t_h_pending_plus_a_sick_poller_is_the_deaf_verdict
  ✅ t_i_an_absent_or_never_successful_file_is_unknown_not_healthy
  ✅ t_j_the_local_view_is_pinned_to_the_bot_that_actually_writes_it
  ✅ t_k_two_env_vars_pointing_at_one_bot_is_a_409_warning
  ✅ t_l_a_network_failure_is_unknown_not_healthy
  ✅ t_m_a_genuinely_quiet_morning_is_allowed_to_be_green
  ✅ t_n_the_last_ditch_net_catches_a_field_that_forgot_to_scrub
  ✅ t_o_a_non_json_answer_is_unknown_not_a_traceback
  ✅ t_p_a_token_on_the_truncation_boundary_is_still_scrubbed
  ✅ t_q_a_token_hidden_in_the_webhook_userinfo_is_scrubbed_at_source
  ✅ t_r_one_healthy_bot_does_not_mask_the_other_bots_unknown
  ✅ t_s_a_competing_webhook_and_a_recorded_error_have_their_own_verdicts
  ✅ t_t_a_poller_that_is_running_but_failing_is_reported_failing

✅ test_tg_receive_probe: 20/20

â”€â”€ test_governor_routing.py â”€â”€â”€â”€â”€â”€â”€â”€â”€â”€â”€â”€â”€â”€â”€â”€â”€â”€â”€â”€â”€â”€â”€â”€â”€â”€â”€â”€â”€â”€â”€â”€â”€â”€â”€â”€
  ✅ t_a_secret_locks_every_contract_to_local
  ✅ t_b_an_ambiguous_secret_flag_fails_towards_local
  ✅ t_c_the_delivery_guard_is_a_second_independent_lock
  ✅ t_d_a_secret_call_reaches_the_router_only_as_local
  ✅ t_e_local_is_structurally_egress_free
  ✅ t_f_allow_ultra_false_never_requests_the_expensive_tier
  ✅ t_g_deep_audit_reaches_ultra_only_with_explicit_permission
  ✅ t_h_the_governor_never_enlarges_what_the_router_may_try
  ✅ t_i_the_ceiling_follows_the_router_not_a_stale_copy
  ✅ t_j_purpose_routes_to_the_tier_the_owner_asked_for
  ✅ t_k_a_cache_hit_makes_zero_model_calls
  ✅ t_l_a_secret_answer_is_never_cached
  ✅ t_m_is_write_reaches_the_real_gate_and_the_governor_never_grants
  ✅ t_n_the_write_gate_fails_closed_when_it_is_unavailable
  ✅ t_o2_an_escalation_by_the_routers_own_fallback_is_recorded
  ✅ t_o_flag_off_is_a_byte_identical_passthrough
  💥 t_p_the_measured_router_facts_are_still_true: TypeError: t_p_the_measured_router_facts_are_still_true.<locals>.<lambda>() got an unexpected keyword argument 'temperature'

❌ test_governor_routing: 16/17
   â†» Ø§Ø¬Ø±Ø§ÛŒ Ø¯ÙˆÙ…: Ù‚Ø±Ù…Ø²Ù-Ù¾Ø§ÛŒØ¯Ø§Ø± â†’ tests/_flaky/test_governor_routing.py.txt

â”€â”€ test_miniapp_ops_readmodel.py â”€â”€â”€â”€â”€â”€â”€â”€â”€â”€â”€â”€â”€â”€â”€â”€â”€â”€â”€â”€â”€â”€â”€â”€â”€â”€â”€â”€â”€â”€â”€
  ✅ کلیدهای موجود دست‌نخورده
  ✅ registry از خودِ موتور
  ✅ چهار بخشِ تازه با شکلِ اعلام‌شده
  ✅ brain نخواندنی ⇒ available=false + 200
  ✅ منبعِ منفجرشده کلِ پاسخ را نمی‌کشد
  ✅ اعدادِ brain مشتقِ فایل‌اند
  ✅ governor بدونِ فایل ⇒ null + دلیل
  ✅ governor فقط بعد از تأیید ادعا می‌کند
  ✅ drift از خودِ سند مشتق است
  ✅ سند providerِ ناموجود را نام می‌برد
  ✅ routes دسترسیِ واقعی را می‌گوید
  ✅ obsidian فایلِ غایب را غایب می‌گوید
  ✅ obsidian مسیرِ مرجع را echo نمی‌کند
  ✅ هر زیرمسیر = برشِ دقیقِ همان بخش
  ✅ برشِ سبک بخشِ سنگین نمی‌سازد
  ✅ زیرمسیرِ ناشناخته ⇒ 404
  ✅ زیرمسیرها در فهرستِ خواندنیِ gateway
  ✅ گاردِ زیرمسیر = گاردِ والد
  ✅ هیچ مسیرِ خواندنیِ بی‌گارد
  ✅ TTL کش بینِ ۲ تا ۵ ثانیه
  ✅ کش داخلِ TTL سرو و بعدش منقضی
  ✅ کش خطای کهنه را موفقیت نمی‌کند
  ✅ استثنا هرگز کش نمی‌شود
  ✅ سطحِ خواندنی نمی‌نویسد
  ✅ کش per-path است نه مشترک
  ✅ برشِ سبک بخشِ سنگین را صدا نمی‌زند
  ✅ قدمِ drift از خودِ سنجه می‌آید
  ✅ UI ِ نیمه‌ساخته «done» نمی‌شود

✅ test_miniapp_ops_readmodel: 28/28 passed

â”€â”€ test_tg_ops_buttons.py â”€â”€â”€â”€â”€â”€â”€â”€â”€â”€â”€â”€â”€â”€â”€â”€â”€â”€â”€â”€â”€â”€â”€â”€â”€â”€â”€â”€â”€â”€â”€â”€â”€â”€â”€â”€â”€â”€
  ✅ t_a_flag_off_the_ops_answer_is_keyboardless_and_shape_identical
  ✅ t_b_flag_off_an_ops_press_falls_through_to_todays_ignore_path
  ✅ t_c_flag_off_a_marked_reply_is_not_intercepted
  ✅ t_d_flag_on_ops_carries_the_six_buttons_within_telegrams_budget
  ✅ t_e_navigation_buttons_become_web_app_only_when_a_live_url_exists
  ✅ t_f_only_the_ops_command_gets_the_keyboard
  ✅ t_g_every_ops_path_answers_the_callback_including_refusals
  ✅ t_h_a_press_that_needs_input_creates_nothing_even_twice
  ✅ t_i_the_reply_flow_records_exactly_one_lead_even_when_redelivered
  ✅ t_j_double_press_of_a_mutating_button_creates_exactly_one_record
  ✅ t_k_money_is_only_recorded_never_moved
  ✅ t_l_a_refused_input_is_audited_and_writes_no_record
  ✅ t_m_a_forged_lead_id_is_refused_answered_and_audited
  ✅ t_n_a_non_owner_press_changes_nothing_and_reveals_nothing
  ✅ t_o_the_lane_rides_the_existing_ops_route_not_a_second_one
  ✅ t_p_a_lead_id_that_cannot_survive_a_callback_roundtrip_gets_no_button

✅ test_tg_ops_buttons: 16/16

â”€â”€ test_miniapp_cockpit_ui.py â”€â”€â”€â”€â”€â”€â”€â”€â”€â”€â”€â”€â”€â”€â”€â”€â”€â”€â”€â”€â”€â”€â”€â”€â”€â”€â”€â”€â”€â”€â”€â”€â”€â”€
  ✅ t_a_the_init_data_header_literal_survives_verbatim
  ✅ t_b_the_tristate_helper_never_renders_unknown_as_green
  ✅ t_c_panel_guard_never_lets_bad_or_missing_data_render_as_healthy
  ✅ t_d_every_mutation_targets_the_one_gated_endpoint
  ✅ t_e_index_html_has_every_current_tab_and_the_gateway_injection_anchor
  ✅ t_f_no_secret_value_lands_in_the_frontend
  ✅ t_g_the_header_is_on_every_single_request
  ✅ t_h_rendering_never_mutates_anything
  ✅ t_i_owner_actions_post_only_to_the_gated_endpoint
  ✅ t_j_without_owner_auth_the_client_does_not_block_mutating_taps
  ✅ t_k_backend_values_are_html_escaped_before_they_are_painted

✅ test_miniapp_cockpit_ui: 11/11

â”€â”€ test_proposal_counter_durable.py â”€â”€â”€â”€â”€â”€â”€â”€â”€â”€â”€â”€â”€â”€â”€â”€â”€â”€â”€â”€â”€â”€â”€â”€â”€â”€â”€â”€
  ✅ t_a_flag_off_is_todays_behaviour
  ✅ t_b_flag_on_recovers_the_durable_rows
  ✅ t_c_rehydration_never_writes_a_row
  ✅ t_d_rehydration_is_idempotent_within_one_loop
  ✅ t_e_other_event_types_are_never_counted
  ✅ t_f_a_synthetic_delivery_is_not_counted_as_sent
  ✅ t_g_a_broken_store_never_kills_the_boot
  ✅ t_h_no_store_at_all_is_not_an_error
  ✅ t_i_self_run_and_non_tg_rows_are_excluded_from_the_vote

✅ test_proposal_counter_durable: 9/9

â”€â”€ test_invoice_unpayable_is_loud.py â”€â”€â”€â”€â”€â”€â”€â”€â”€â”€â”€â”€â”€â”€â”€â”€â”€â”€â”€â”€â”€â”€â”€â”€â”€â”€â”€
  ✅ t_a_empty_bank_details_is_loud_not_silent
  ✅ t_b_a_healthy_invoice_is_untouched
  ✅ t_c_whitespace_only_counts_as_empty
  ✅ t_ca_a_padded_real_value_is_trimmed_not_rejected
  ✅ t_d_every_invoice_issued_since_the_fix_is_payable
  ✅ t_e_the_warning_never_leaks_a_number
  ✅ t_f_bank_details_are_found_under_bank_accounts
  ✅ t_fa_root_wins_over_the_account_entry
  ✅ t_fb_a_malformed_accounts_list_is_not_a_crash

✅ test_invoice_unpayable_is_loud: 9/9

â”€â”€ test_dark_capabilities.py â”€â”€â”€â”€â”€â”€â”€â”€â”€â”€â”€â”€â”€â”€â”€â”€â”€â”€â”€â”€â”€â”€â”€â”€â”€â”€â”€â”€â”€â”€â”€â”€â”€â”€â”€
  ✅ t_a_missing_live_source_is_never_reported_as_live
  ✅ t_b_absent_source_does_not_manufacture_darkness
  ✅ t_c_a_corrupt_snapshot_is_not_evidence
  ✅ t_d_a_default_makes_it_tuning_not_dark
  ✅ t_da_an_empty_string_default_is_still_a_default
  ✅ t_db_a_truth_comparison_beats_the_default
  ✅ t_e_one_undefaulted_read_makes_it_a_gate
  ✅ t_f_on_in_some_processes_is_its_own_verdict
  ✅ t_g_on_in_every_process_is_on
  ✅ t_h_paper_full_membership_counts_as_on
  ✅ t_ha_the_repos_own_flag_helper_counts_as_a_read
  ✅ t_hb_a_bare_mention_is_not_a_read_but_is_not_an_orphan
  ✅ t_i_no_value_is_ever_emitted
  ✅ t_j_tests_are_not_counted_as_readers
  ✅ t_k_a_broken_module_does_not_stop_the_scan
  ✅ t_l_armed_but_unread_is_reported
  ✅ t_m_a_secret_shaped_flag_name_is_not_a_false_orphan
  ✅ t_n_worktree_parent_name_does_not_empty_the_scan

✅ test_dark_capabilities: 18/18

â”€â”€ test_lead_email_intake.py â”€â”€â”€â”€â”€â”€â”€â”€â”€â”€â”€â”€â”€â”€â”€â”€â”€â”€â”€â”€â”€â”€â”€â”€â”€â”€â”€â”€â”€â”€â”€â”€â”€â”€â”€
=== test_lead_email_intake ===
  ✅ الف — فلگ خاموش no-opِ مطلق
  ✅ ب — مسیرِ پیش‌فرض هرگز سوکت باز نمی‌کند
  ✅ پ — پیامِ غیرِ استعلام صفر رد می‌گذارد
  ✅ ت — پذیرش: دقیقاً یک کاندید از صندوقِ ۴تایی
  ✅ ث — idempotency دو-لایه (+دندان)
  ✅ ج — صداقتِ کانال: مستقیم ⇒ other ⇒ signal
  ✅ چ — دندان: طبقه‌بندِ پیش-از-فیکس رد می‌شود
  ✅ ح — گیتِ پایین‌دستِ خاموش لید را نگه می‌دارد
  ✅ ز — بی‌دستگیرهٔ پاسخ لید نیست (صفر رد)
  ✅ ژ — halt ضربان را می‌ایستاند (بی‌فایلِ STOP)
  ✅ خ — ساختاری: بی‌ارسال، readonly، بی‌نشتِ secret
  ✅ د — ضربانِ wiring + سایدکارِ بی‌محتوا
  ✅ ذ — AST: صداکنندهٔ تولیدی هست

✅ 13/13 سبز

â”€â”€ test_lead_first_reply.py â”€â”€â”€â”€â”€â”€â”€â”€â”€â”€â”€â”€â”€â”€â”€â”€â”€â”€â”€â”€â”€â”€â”€â”€â”€â”€â”€â”€â”€â”€â”€â”€â”€â”€â”€â”€
  ✅ t_a1_flag_off_produces_nothing
  ✅ t_a2_halt_produces_nothing
  ✅ t_b1_consented_inbound_produces_a_warm_reply
  ✅ t_b2_echo_quotes_the_customer_back
  ✅ t_b3_no_name_still_reads_human
  ✅ t_b4_suburb_personalises_when_the_echo_has_to_be_dropped
  ✅ t_c1_no_price_ever_across_the_adversarial_battery
  ✅ t_c2_price_sentences_are_dropped_not_half_quoted
  ✅ t_c3_customer_phone_never_leaks_into_the_reply
  ✅ t_c4_digits_are_scrubbed_from_a_sentence_that_survives
  ✅ t_d1_non_consented_candidate_yields_nothing
  ✅ t_d1b_outreach_allowed_b2b_still_gets_no_reply
  ✅ t_d2_missing_scope_yields_nothing
  ✅ t_d3_synthetic_is_stamped_not_disguised
  ✅ t_e1_phone_comes_from_config_two_different_values
  ✅ t_e2_no_phone_in_config_means_no_phone_and_no_digits
  ✅ t_e3_module_source_holds_no_phone_literal
  ✅ t_e4_config_precedence_overrides_beat_env_beat_profile
  ✅ t_e5_profile_file_is_a_config_source
  ✅ t_f1_no_commitment_to_date_duration_or_scope
  ✅ t_f2_template_is_english_only
  ✅ t_g1_module_imports_nothing_that_can_reach_a_network
  ✅ t_g2_module_makes_no_write_call_at_all
  ✅ t_g3_composing_writes_nothing_to_disk
  ✅ t_g4_self_guard_catches_a_regression_upstream_of_it
  ✅ t_g4b_price_detector_sees_each_family_of_signal
  ✅ t_g5_numeric_business_name_does_not_kill_the_reply
  ✅ t_h1_roundtrip_from_the_real_submit_candidate_file
  ✅ t_h2_roundtrip_signal_file_never_yields_a_reply
  ✅ t_h3_interface_pin_with_module_a_email_intake
  ✅ t_i1_customer_email_never_appears_in_the_body
  ✅ t_j1_teeth_pre_fix_fails_the_price_assertion
  ✅ t_j2_teeth_pre_fix_fails_the_commitment_and_config_assertions
  ✅ t_j3_teeth_pre_fix_replies_to_someone_who_never_wrote
  ✅ t_j4_the_in_repo_pre_fix_artifact_is_still_consent_blind
  ✅ t_k1_deterministic_and_never_raises

✅ test_lead_first_reply: 36/36

â”€â”€ test_lead_form_notification.py â”€â”€â”€â”€â”€â”€â”€â”€â”€â”€â”€â”€â”€â”€â”€â”€â”€â”€â”€â”€â”€â”€â”€â”€â”€â”€â”€â”€â”€â”€
  ✅ t_a_contact_email_is_the_customer_not_the_notifier
  ✅ t_b_reply_to_still_wins_when_the_form_sets_it
  ✅ t_c_a_non_form_email_keeps_the_envelope_sender
  ✅ t_d_the_greeting_uses_the_customers_name
  ✅ t_e_a_nameless_form_is_not_a_crash
  ✅ t_f_a_form_that_carries_an_email_field_still_gets_a_reply
  ✅ t_g_the_customers_email_never_appears_in_the_body
  ✅ t_h_no_price_and_no_customer_phone_survive
  ✅ t_i_the_echo_quotes_the_message_not_the_form_metadata
  ✅ t_j_a_multiline_message_is_kept_whole
  ✅ t_k_a_body_with_no_message_field_falls_back_to_the_whole_body
  ✅ t_l_teeth_the_old_envelope_order_would_fail_t_a

✅ test_lead_form_notification: 12/12

â”€â”€ test_lead_inbound_consent.py â”€â”€â”€â”€â”€â”€â”€â”€â”€â”€â”€â”€â”€â”€â”€â”€â”€â”€â”€â”€â”€â”€â”€â”€â”€â”€â”€â”€â”€â”€â”€â”€
  ✅ t_a_flag_off_is_exactly_yesterday
  ✅ t_b_flag_on_makes_a_real_inquiry_consented
  ✅ t_c_bulk_and_automated_mail_is_still_refused
  ✅ t_d_a_noreply_sender_is_still_refused
  ✅ t_e_marketing_text_is_still_refused
  ✅ t_f_both_term_families_are_still_required
  ✅ t_g_an_inquiry_with_no_way_to_answer_is_still_refused
  ✅ t_ga_owner_mail_to_himself_is_still_refused
  ✅ t_h_exactly_one_production_module_may_emit_this_channel
  ✅ t_i_a_lying_producer_still_cannot_promote_itself
  ✅ t_j_the_channel_is_valid_at_the_canonical_door
  ✅ t_k_teeth_without_the_flag_the_ceiling_is_unreachable

✅ test_lead_inbound_consent: 12/12

â”€â”€ test_approval_actuator_panel.py â”€â”€â”€â”€â”€â”€â”€â”€â”€â”€â”€â”€â”€â”€â”€â”€â”€â”€â”€â”€â”€â”€â”€â”€â”€â”€â”€â”€â”€
  ✅ t_a_panel_counts_the_unactuated
  ✅ t_b_seeing_is_not_actuating
  ✅ t_c_timezone_aware_ancient_is_excluded
  ✅ t_d_no_and_later_never_appear
  ✅ t_e_menu_dispatch_actually_shows_it
  ✅ t_f_backward_compatible_two_args
  ✅ t_g_never_raises_when_module_is_missing

✅ test_approval_actuator_panel: 7/7

â”€â”€ test_kill_seam_closer.py â”€â”€â”€â”€â”€â”€â”€â”€â”€â”€â”€â”€â”€â”€â”€â”€â”€â”€â”€â”€â”€â”€â”€â”€â”€â”€â”€â”€â”€â”€â”€â”€â”€â”€â”€â”€
test_kill_seam_closer (M5) — offline, hermetic
  ok flag OFF + STOP present -> seam_denies False (zero change)
  ok flag ON + no STOP       -> seam_denies False
  ok flag ON + STOP present  -> seam_denies True
  ok call-site logic         -> armed sets stop; OFF leaves it (both sites)
  ok precedence              -> existing halt reason preserved (not stop)
PASS 5/5

â”€â”€ test_kill_seam_wire.py â”€â”€â”€â”€â”€â”€â”€â”€â”€â”€â”€â”€â”€â”€â”€â”€â”€â”€â”€â”€â”€â”€â”€â”€â”€â”€â”€â”€â”€â”€â”€â”€â”€â”€â”€â”€â”€â”€
  ✅ t_a_flag_off_means_stop_organism_is_ignored_by_the_spender
  ✅ t_b_armed_seam_denies_a_paid_reservation_and_records_it
  ✅ t_c_armed_without_the_stop_file_changes_nothing
  ✅ t_d_an_existing_halt_reason_is_never_overwritten
  ✅ t_e_armed_seam_stops_the_paid_debate_too
  ✅ t_f_the_armed_seam_survives_a_production_shaped_syspath
  ✅ t_g_the_shared_halted_source_of_truth_is_untouched
  ✅ t_h_the_flag_is_off_by_default_and_out_of_the_boot_profile

✅ test_kill_seam_wire: 8/8

â”€â”€ test_debate_card_roundtrip.py â”€â”€â”€â”€â”€â”€â”€â”€â”€â”€â”€â”€â”€â”€â”€â”€â”€â”€â”€â”€â”€â”€â”€â”€â”€â”€â”€â”€â”€â”€â”€
پلِ رأیِ مناظره — رفت‌وبرگشتِ کامل (14 چک)
  ✅ ایدهٔ ارگانیسم به کارتِ واقعیِ مرکز می‌رسد
  ✅ تپِ مالک روی دکمهٔ همان کارت رأی را ثبت می‌کند
  ✅ رأی به پروسهٔ ارگانیسم برمی‌گردد و ایده دوباره نمی‌آید
  ✅ توکن با jobِ واقعی امضا می‌شود نه با dictِ تهی
  ✅ jobی که از قبل در صف است بایندِ قبلی‌اش را نگه می‌دارد
  ✅ بایند از snapshot می‌آید نه از خواندنِ تازه (ضدِ TOCTOU)
  ✅ توکنِ دستکاری‌شده هنوز رد می‌شود
  ✅ callbackِ قدیمیِ بی‌توکن هنوز رد می‌شود
  ✅ مقصدِ نامعتبر هنوز رد می‌شود
  ✅ بدونِ فلگِ توکن، کارت tokenless است و رأی می‌نشیند
  ✅ فلگِ مناظره خاموش → نه پروژکشن، نه کارت، نه دکمه
  ✅ نصفه‌مسلح: کارت نیست ولی ردیف گم نمی‌شود
  ✅ رندرِ دوم job را تکراری نمی‌سازد
  ✅ صفِ زندهٔ تأیید دست‌نخورده ماند

14/14 پاس

â”€â”€ test_fence_ledger_owner_surface.py â”€â”€â”€â”€â”€â”€â”€â”€â”€â”€â”€â”€â”€â”€â”€â”€â”€â”€â”€â”€â”€â”€â”€â”€â”€â”€
  ✅ t_a_flag_off_leaves_no_trace
  ✅ t_b_armed_hit_is_recorded_content_free
  ✅ t_c_record_survives_alert_dedup
  ✅ t_d_record_precedes_and_outlives_delivery
  ✅ t_e_model_router_hot_path_records
  ✅ t_f_wire_summary_exposes_flag_and_stays_default_off
  ✅ t_g_ledger_is_bounded
  ✅ t_h_zero_while_dark_is_not_a_verdict
  ✅ t_i_armed_reads_organism_state_not_process_env
  ✅ t_j_ledger_scrubs_at_its_own_boundary

✅ test_fence_ledger_owner_surface: 10/10

â”€â”€ test_lead_suppression.py â”€â”€â”€â”€â”€â”€â”€â”€â”€â”€â”€â”€â”€â”€â”€â”€â”€â”€â”€â”€â”€â”€â”€â”€â”€â”€â”€â”€â”€â”€â”€â”€â”€â”€â”€â”€
  ✅ t_a_flag_off_is_byte_identical_and_still_refuses_to_call_the_guards
  ✅ t_b_stop_is_recognised_before_the_inquiry_guards_run
  ✅ t_c_optout_vocabulary_covers_english_and_persian
  ✅ t_d_our_own_quoted_footer_never_suppresses_a_real_customer
  ✅ t_e_bulk_and_pasted_newsletters_are_not_optout_requests_but_long_humans_are
  ✅ t_f_the_store_never_holds_the_plaintext_address
  ✅ t_g_suppressed_is_refused_at_send_even_when_a_valid_authorized_effect_exists
  ✅ t_h_suppression_is_forever_and_idempotent
  ✅ t_i_rows_exist_but_salt_is_gone_fails_closed
  ✅ t_j_every_refusal_carries_a_reason_code_and_never_returns_silence
  ✅ t_k_it_reuses_consent_store_and_builds_no_second_store
  ✅ t_l_the_audit_trail_exists_and_carries_no_address

✅ test_lead_suppression: 12/12
Traceback (most recent call last):
  File "C:\Users\Armin\.zcode\tmp\octopus-heart-g4-20260825\_ops\tests\test_lead_suppression_wired.py", line 42, in <module>
    import lead_outbound_transport as tx  # noqa: E402
    ^^^^^^^^^^^^^^^^^^^^^^^^^^^^^^^^^^^^
  File "C:\Users\Armin\.zcode\tmp\octopus-heart-g4-20260825\_ops\legs\lead_outbound_transport.py", line 65, in <module>
    import mail_credentials   # noqa: E402 — هم‌پوشه؛ حلِ نام، بدونِ I/O شبکه
    ^^^^^^^^^^^^^^^^^^^^^^^
ModuleNotFoundError: No module named 'mail_credentials'

â”€â”€ test_lead_suppression_wired.py â”€â”€â”€â”€â”€â”€â”€â”€â”€â”€â”€â”€â”€â”€â”€â”€â”€â”€â”€â”€â”€â”€â”€â”€â”€â”€â”€â”€â”€â”€
   â†» Ø§Ø¬Ø±Ø§ÛŒ Ø¯ÙˆÙ…: Ù‚Ø±Ù…Ø²Ù-Ù¾Ø§ÛŒØ¯Ø§Ø± â†’ tests/_flaky/test_lead_suppression_wired.py.txt

â”€â”€ test_lead_property_extract.py â”€â”€â”€â”€â”€â”€â”€â”€â”€â”€â”€â”€â”€â”€â”€â”€â”€â”€â”€â”€â”€â”€â”€â”€â”€â”€â”€â”€â”€â”€â”€
=== test_lead_property_extract ===
  ✅ الف — فلگ خاموش = بایت‌به‌بایتِ دیروز
  ✅ ب — مسیرِ تولیدی: property روی دیسک پر شد
  ✅ پ — پرچمِ assumption با واقعیت می‌خواند
  ✅ ت — استعلامِ بی‌نشانه ⇒ تهی، نه عددِ غلط
  ✅ ث — صداقتِ پول: حدس هرگز قطعی نمی‌شود
  ✅ ج — دندان: پیش-از-فیکس و دو بدلِ ناصادق قرمز
  ✅ چ — صفر مختصاتِ کاذب
     ↳ عبورِ پایین‌دست: lat در فایلِ sense = False (اگر False، آن +۸ هنوز به scorer نمی‌رسد — یک خط در lead_candidate_inbox._to_lead_sense_file)
  ✅ ح — همان مختصات ۶۸ را ۷۶ می‌کند
  ✅ خ — خلوص + صداکنندهٔ تولیدی (AST)

✅ 9/9 سبز

â”€â”€ test_lead_scorer_farsi.py â”€â”€â”€â”€â”€â”€â”€â”€â”€â”€â”€â”€â”€â”€â”€â”€â”€â”€â”€â”€â”€â”€â”€â”€â”€â”€â”€â”€â”€â”€â”€â”€â”€â”€â”€
  ✅ A فلگ خاموش = رفتارِ امروز (انگلیسی و فارسی)
  ✅ A مسیرِ انگلیسی با فلگِ فارسی هم دست‌نخورده
  ✅ B استعلامِ فارسی دیگر صفر نمی‌گیرد
  ✅ B فارسی به دستهٔ کارِ واقعیِ مالک می‌رسد
  ✅ C نرمال‌سازی: ZWNJ/ارقام/ي‌ك/اعراب
  ✅ D مرزِ کلمه — بدونِ مثبتِ کاذب
  ✅ E نافهمیده ⇒ ask، آشغال ⇒ skip
  ✅ F دندان: پیش از پچ، لیدِ گیر بی‌صدا دور ریخته می‌شد
  ✅ F حالا همان لید به مالک می‌رسد (کارِ BLOCKED + سؤالِ فارسی)
  ✅ F آشغال هنوز سؤال نمی‌شود
  ✅ G آستانه = مقدارِ کانفیگ با پیش‌فرضِ مستند

11/11 pass، 0 fail — test_lead_scorer_farsi

â”€â”€ test_lead_card.py â”€â”€â”€â”€â”€â”€â”€â”€â”€â”€â”€â”€â”€â”€â”€â”€â”€â”€â”€â”€â”€â”€â”€â”€â”€â”€â”€â”€â”€â”€â”€â”€â”€â”€â”€â”€â”€â”€â”€â”€â”€â”€â”€
  ✅ t_a_flag_off_is_byte_identical_to_pre_fix
  ✅ t_b_teeth_pre_fix_card_carries_no_contact
  ✅ t_c_tel_uri_normalises_every_real_australian_shape
  ✅ t_d_ltr_runs_are_bidi_isolated_and_digits_are_persian_only_in_prose
  ✅ t_e_delivered_as_new_message_never_an_edit
  ✅ t_f_no_button_can_trigger_a_send
  ✅ t_g_missing_contact_renders_explicit_warning_not_an_empty_gap
  ✅ t_h_card_carries_customer_words_and_suburb
  ✅ t_i_production_path_score_lead_then_card
  ✅ t_j_module_is_pure_no_network_no_writes

✅ test_lead_card: 10/10

â”€â”€ test_new_capability_cards.py â”€â”€â”€â”€â”€â”€â”€â”€â”€â”€â”€â”€â”€â”€â”€â”€â”€â”€â”€â”€â”€â”€â”€â”€â”€â”€â”€â”€â”€â”€â”€â”€
  ✅ t_a_every_new_capability_has_a_card
  ✅ t_b_the_card_takes_no_arguments
  ✅ t_c_the_registry_actually_discovers_them
  ✅ t_d_a_card_never_raises
  ✅ t_e_no_card_leaks_an_address_or_a_long_number
  ✅ t_f_no_card_prints_a_flag_value
  ✅ t_g_a_broken_scan_degrades_to_a_message_not_a_crash
  ✅ t_h_the_suppression_card_says_hearing_is_never_gated

✅ test_new_capability_cards: 8/8

â”€â”€ test_absence_is_not_emptiness.py â”€â”€â”€â”€â”€â”€â”€â”€â”€â”€â”€â”€â”€â”€â”€â”€â”€â”€â”€â”€â”€â”€â”€â”€â”€â”€â”€â”€
  ✅ t_a_later_verdict_removes_it_from_the_queue
  ✅ t_brain_keeps_scan_bookkeeping_when_a_tier_is_not_due
  ✅ t_calibration_not_worse_follows_normal_threshold_cadence
  ✅ t_calibration_tier_is_fail_soft_when_absent
  ✅ t_calibration_tier_is_registered_with_6h_cadence
  ✅ t_calibration_trend_detects_worsening_and_alerts
  ✅ t_calibration_trend_is_insufficient_when_log_absent
  ✅ t_calibration_trend_reads_history_log
  ✅ t_calibration_worse_verdict_triggers_always_notify_like_halted
  ✅ t_code_autonomy_card_is_fail_soft_when_log_absent
  ✅ t_code_autonomy_card_runs_and_is_discovered
  ✅ t_current_truth_is_found_not_guessed_by_date
  ✅ t_defect_queue_card_is_fail_soft_when_log_absent
  ✅ t_defect_queue_card_runs_and_is_discovered
  ✅ t_home_does_not_tick_a_green_check_from_an_unread_queue
  ✅ t_home_stops_on_unknown_organism_state
  ✅ t_money_fsm_card_is_fail_soft_when_log_absent
  ✅ t_money_fsm_card_runs_and_is_discovered
  ✅ t_pending_comes_from_the_real_schema
  ✅ t_self_knowledge_tier_is_registered_with_6h_cadence
  ✅ t_the_eye_has_a_real_unknown_face
  ✅ t_the_ui_never_renders_a_non_ok_queue_as_empty
  ✅ t_unreadable_schema_yields_none_not_empty_list
  ✅ t_vault_proposals_card_is_fail_soft_when_log_absent
  ✅ t_vault_proposals_card_shows_pending_count_and_is_discovered

✅ test_absence_is_not_emptiness: 25/25 passed

â”€â”€ test_miniapp_vitals.py â”€â”€â”€â”€â”€â”€â”€â”€â”€â”€â”€â”€â”€â”€â”€â”€â”€â”€â”€â”€â”€â”€â”€â”€â”€â”€â”€â”€â”€â”€â”€â”€â”€â”€â”€â”€â”€â”€
  ✅ t_arbiter_failure_is_unknown_not_green
  ✅ t_arbiter_never_claims_the_wire_is_open
  ✅ t_arbiter_reads_without_writing_anything
  ✅ t_cap_comes_from_the_heart_setpoint
  ✅ t_done_tasks_leave_the_open_list
  ✅ t_fresh_budget_is_not_marked_stale
  ✅ t_items_expose_only_allowlisted_columns
  ✅ t_missing_file_is_unknown_not_zero
  ✅ t_percentage_clamps_and_depletion_is_flagged
  ✅ t_stale_budget_yields_no_percentage
  ✅ t_state_carries_arbiter_block
  ✅ t_state_carries_cardiac_block
  ✅ t_three_metrics_reach_the_cockpit
  ✅ t_unreadable_store_is_none_not_empty_list

✅ test_miniapp_vitals: 14/14 passed

â”€â”€ test_miniapp_look_locked.py â”€â”€â”€â”€â”€â”€â”€â”€â”€â”€â”€â”€â”€â”€â”€â”€â”€â”€â”€â”€â”€â”€â”€â”€â”€â”€â”€â”€â”€â”€â”€â”€â”€
  ✅ t_base_palette_is_actually_dark
  ✅ t_csp_meta_present_and_scoped
  ✅ t_every_allowlisted_action_has_a_ui_caller
  ✅ t_every_declared_tone_has_a_css_rule
  ✅ t_every_read_endpoint_has_a_ui_consumer
  ✅ t_home_quiet_list_always_escapes
  ✅ t_no_appearance_selector_remains
  ✅ t_no_light_branch_survives_anywhere
  ✅ t_tab_grid_matches_the_tab_count
  ✅ t_tabs_have_aria_roles_and_roving_tabindex
  ✅ t_tabs_keydown_handles_arrows_home_end
  ✅ t_telegram_theme_cannot_paint_the_palette
  ✅ t_the_sky_actually_tiles
  ✅ t_the_write_path_never_reports_optimistically
  ✅ t_toast_trusts_preescaped_html_not_conditional_escape
  ✅ t_unknown_tone_falls_back_to_unknown_not_healthy
  ✅ t_visibility_change_rerenders_active_tab
  ✅ t_zero_letter_spacing_on_every_rule

✅ test_miniapp_look_locked: 18/18 passed

â”€â”€ test_ops_action_crash_recovery.py â”€â”€â”€â”€â”€â”€â”€â”€â”€â”€â”€â”€â”€â”€â”€â”€â”€â”€â”€â”€â”€â”€â”€â”€â”€â”€â”€
  ✅ t_a_crash_is_recorded_in_the_audit_log
  ✅ t_a_crash_is_reported_as_error_not_success
  ✅ t_a_different_payload_on_the_same_key_is_still_a_conflict
  ✅ t_a_repeated_rejection_is_not_laundered_into_success
  ✅ t_a_repeated_success_is_still_a_duplicate
  ✅ t_a_transient_failure_does_not_poison_the_key

✅ test_ops_action_crash_recovery: 6/6 passed

â”€â”€ test_proposal_decision.py â”€â”€â”€â”€â”€â”€â”€â”€â”€â”€â”€â”€â”€â”€â”€â”€â”€â”€â”€â”€â”€â”€â”€â”€â”€â”€â”€â”€â”€â”€â”€â”€â”€â”€â”€
  ✅ t_approve_appends_and_never_rewrites
  ✅ t_both_decisions_are_allowlisted
  ✅ t_deciding_twice_is_blocked_not_contradicted
  ✅ t_missing_store_is_blocked_with_a_reason
  ✅ t_reject_is_recorded_the_same_way
  ✅ t_the_decision_actually_leaves_the_queue
  ✅ t_unknown_proposal_is_blocked_not_orphaned

✅ test_proposal_decision: 7/7 passed

â”€â”€ test_reach_probe.py â”€â”€â”€â”€â”€â”€â”€â”€â”€â”€â”€â”€â”€â”€â”€â”€â”€â”€â”€â”€â”€â”€â”€â”€â”€â”€â”€â”€â”€â”€â”€â”€â”€â”€â”€â”€â”€â”€â”€â”€â”€
  ✅ t_a_function_that_ran_appears_and_one_that_did_not_does_not
  ✅ t_a_taken_tool_id_is_refused_not_squatted
  ✅ t_absence_without_a_probe_record_is_unknown_not_never_ran
  ✅ t_each_function_costs_exactly_one_callback
  ✅ t_flush_is_incremental_not_repeating
  ✅ t_only_watched_tree_is_recorded
  ✅ t_reachability_readers_agree_with_the_ledger
  ✅ t_the_ledger_is_flushed_without_process_exit
  ✅ t_the_ledger_records_names_only_never_values

✅ test_reach_probe: 9/9 passed
test_cache_clear_forces_a_fresh_read (__main__.CacheInvalidationContract.test_cache_clear_forces_a_fresh_read) ... ok
test_clear_reaches_every_cached_path_not_just_one (__main__.CacheInvalidationContract.test_clear_reaches_every_cached_path_not_just_one)
باطل‌سازی سراسری است. اگر روزی به prefix محدود شد، این می‌شکند. ... ok
test_second_read_is_served_from_cache (__main__.CacheInvalidationContract.test_second_read_is_served_from_cache)
پایه: بدونِ باطل‌سازی، خواندنِ دوم به منبع نمی‌رسد. ... ok
test_applied_and_error_clear_the_cache (__main__.GatewayInvalidatesOnWrite.test_applied_and_error_clear_the_cache) ... ok
test_non_mutating_statuses_do_not_clear (__main__.GatewayInvalidatesOnWrite.test_non_mutating_statuses_do_not_clear) ... ok
test_the_clear_call_lives_in_the_actions_handler (__main__.GatewayInvalidatesOnWrite.test_the_clear_call_lives_in_the_actions_handler)
جای فراخوان مهم است: باید بعد از execute باشد، نه هرجایِ فایل. ... ok

----------------------------------------------------------------------
Ran 6 tests in 0.184s

OK

â”€â”€ test_write_invalidates_read_cache.py â”€â”€â”€â”€â”€â”€â”€â”€â”€â”€â”€â”€â”€â”€â”€â”€â”€â”€â”€â”€â”€â”€â”€â”€
test_both_verbs_are_on_the_allowlist (__main__.ActionsAreAllowlisted.test_both_verbs_are_on_the_allowlist) ... ok
test_the_dispatcher_actually_routes_them (__main__.ActionsAreAllowlisted.test_the_dispatcher_actually_routes_them)
گرهِ AST: فعلِ allowlist-شده‌ای که در dispatch نیست = ۴۰۰ ِ خاموش. ... ok
test_a_false_from_persist_is_never_reported_as_applied (__main__.DecisionActuallyUnstalls.test_a_false_from_persist_is_never_reported_as_applied)
`persist_rfc_verdict` استثنا را می‌بلعد و False می‌دهد. ... ok
test_already_decided_card_cannot_be_re_decided (__main__.DecisionActuallyUnstalls.test_already_decided_card_cannot_be_re_decided) ... ok
test_approve_moves_the_card_out_of_stalled (__main__.DecisionActuallyUnstalls.test_approve_moves_the_card_out_of_stalled) ... ok
test_deny_is_a_distinct_verdict (__main__.DecisionActuallyUnstalls.test_deny_is_a_distinct_verdict) ... ok
test_missing_id_is_blocked (__main__.DecisionActuallyUnstalls.test_missing_id_is_blocked) ... ok
test_second_decision_is_blocked_not_silently_ok (__main__.DecisionActuallyUnstalls.test_second_decision_is_blocked_not_silently_ok) ... ok
test_the_verdict_row_the_doctor_claims_exists (__main__.DecisionActuallyUnstalls.test_the_verdict_row_the_doctor_claims_exists)
بدونِ این ردیف، تصمیم یک no-op ِ بی‌صداست. ... ok
test_unknown_card_is_blocked (__main__.DecisionActuallyUnstalls.test_unknown_card_is_blocked) ... ok
test_cap_is_announced_not_silent (__main__.FoldReturnsIdentity.test_cap_is_announced_not_silent) ... ok
test_count_and_list_agree (__main__.FoldReturnsIdentity.test_count_and_list_agree)
عددی که کارت را می‌سازد و فهرستی که دکمه می‌سازد نباید واگرا شوند. ... ok
test_decided_card_is_not_in_the_list (__main__.FoldReturnsIdentity.test_decided_card_is_not_in_the_list) ... ok
test_fold_returns_the_stalled_list (__main__.FoldReturnsIdentity.test_fold_returns_the_stalled_list)
پیش از این، فهرست ساخته می‌شد و **برنمی‌گشت**. ... ok
test_every_other_forbidden_key_still_raises (__main__.GuardStaysNarrow.test_every_other_forbidden_key_still_raises) ... ok
test_exception_is_exact_match_not_substring (__main__.GuardStaysNarrow.test_exception_is_exact_match_not_substring)
`rfc_id_summary` و `owner_rfc_id` باید همچنان بیفتند. ... ok
test_the_exception_is_exactly_one_key (__main__.GuardStaysNarrow.test_the_exception_is_exactly_one_key) ... ok
test_values_are_never_exempt (__main__.GuardStaysNarrow.test_values_are_never_exempt)
کلیدِ مجاز با مقدارِ آلوده باز هم باید بیفتد. ... ok
test_age_is_computed_server_side (__main__.ProjectionIsContentFree.test_age_is_computed_server_side) ... ok
test_credential_material_never_appears (__main__.ProjectionIsContentFree.test_credential_material_never_appears)
رکوردِ خام nonce و token_sha256 دارد — هیچ‌کدام نباید رد شوند. ... ok
test_oldest_first (__main__.ProjectionIsContentFree.test_oldest_first) ... ok
test_only_three_fields_cross_the_boundary (__main__.ProjectionIsContentFree.test_only_three_fields_cross_the_boundary) ... ok

----------------------------------------------------------------------
Ran 22 tests in 0.257s

OK

â”€â”€ test_stalled_card_decision.py â”€â”€â”€â”€â”€â”€â”€â”€â”€â”€â”€â”€â”€â”€â”€â”€â”€â”€â”€â”€â”€â”€â”€â”€â”€â”€â”€â”€â”€â”€â”€
test_field_shape_matches_what_the_ui_reads (__main__.SelfmapMemorySurface.test_field_shape_matches_what_the_ui_reads)
قراردادِ خواننده و نویسنده: app.js دقیقاً همین کلیدها را می‌خواند. ... ok
test_missing_db_is_unknown_not_zero (__main__.SelfmapMemorySurface.test_missing_db_is_unknown_not_zero)
پایگاهِ نبود ≠ صفر رکورد. باید UNKNOWN بگوید. ... ok
test_real_rows_surface_as_real_counts (__main__.SelfmapMemorySurface.test_real_rows_surface_as_real_counts) ... ok

----------------------------------------------------------------------
Ran 3 tests in 1.168s

OK

â”€â”€ test_selfmap_memory_surface.py â”€â”€â”€â”€â”€â”€â”€â”€â”€â”€â”€â”€â”€â”€â”€â”€â”€â”€â”€â”€â”€â”€â”€â”€â”€â”€â”€â”€â”€â”€

â”€â”€ test_hebbian_cockpit_tab.py â”€â”€â”€â”€â”€â”€â”€â”€â”€â”€â”€â”€â”€â”€â”€â”€â”€â”€â”€â”€â”€â”€â”€â”€â”€â”€â”€â”€â”€â”€â”€â”€â”€
ok t_a_no_file_shows_empty_not_a_crash
ok t_b_real_rows_show_signal_names_and_strength
ok t_c_strongest_pair_sorts_first
ok t_d_malformed_rows_are_skipped_not_fatal
PASS test_hebbian_cockpit_tab

â”€â”€ test_selfknow_vault_propose.py â”€â”€â”€â”€â”€â”€â”€â”€â”€â”€â”€â”€â”€â”€â”€â”€â”€â”€â”€â”€â”€â”€â”€â”€â”€â”€â”€â”€â”€â”€
ok t_a_flag_off_is_exactly_nothing
ok t_b_below_threshold_no_propose
ok t_c_exactly_at_threshold_fires_once
ok t_d_past_threshold_does_not_re_fire
ok t_e_propose_never_touches_the_real_vault
ok t_f_missing_understanding_is_a_safe_noop
ok t_g_a_broken_vault_updater_import_never_crashes_run
PASS test_selfknow_vault_propose

â”€â”€ test_pulse_arbiter_wire_readiness.py â”€â”€â”€â”€â”€â”€â”€â”€â”€â”€â”€â”€â”€â”€â”€â”€â”€â”€â”€â”€â”€â”€â”€â”€
  ✅ [الف] غیابِ فایل → بسته حتی با هر دو env
  ✅ [الف] ماتریسِ کاملِ AND سه‌شرطی
  ✅ [ب] هر سه شرط → باز
  ✅ [ج] period متفاوت: باز≠بسته، باز=اجماعِ واقعی
  ✅ [ج] نیم‌باز هم بسته می‌ماند (باینری)

â”€â”€ test_pulse_arbiter_authority.py â”€â”€â”€â”€â”€â”€â”€â”€â”€â”€â”€â”€â”€â”€â”€â”€â”€â”€â”€â”€â”€â”€â”€â”€â”€â”€â”€â”€â”€
  ✅ t_arbitrate_defense_in_depth_excludes_ineligible_present_vote
  ✅ t_arbitrate_missing_authority_is_fail_closed
  ✅ t_closed_shadow_is_observed_but_ineligible
  ✅ t_faster_candidate_is_held_at_previous_live_period
  ✅ t_gate_is_rechecked_at_the_locked_commit_point
  ✅ t_gather_views_has_two_live_votes_not_three
  ✅ t_hold_persists_across_later_beats_and_restart
  ✅ t_invalid_periods_never_become_live_votes
  ✅ t_invalid_previous_record_cannot_create_a_floor
  ✅ t_live_baseline_fixture_removes_shadow_without_acceleration
  ✅ t_malformed_control_observation_is_ineligible
  ✅ t_missing_authority_fields_fail_closed
  ✅ t_paths_are_sandboxed
  ✅ t_persist_and_effective_api_share_the_same_hold
  ✅ t_precision_missing_authority_is_fail_closed
  ✅ t_primary_write_failure_closes_live_wire_and_preserves_previous
  ✅ t_pure_compute_fallback_is_advisory_only
  ✅ t_secondary_sink_failure_does_not_uncommit_latest
  ✅ t_self_reported_open_shadow_still_grants_no_authority
  ✅ t_shadow_brake_cannot_brake_live_math
  ✅ t_slower_candidate_is_allowed
  ✅ t_snapshot_separates_candidate_from_applied_period
  ✅ t_stale_shadow_remains_ineligible
  ✅ t_stop_and_halt_close_both_live_entry_points
  ✅ t_temporarily_closed_wire_preserves_fixed_anchor
  ✅ t_transient_slow_candidate_does_not_ratchet_the_fixed_anchor
  ✅ t_valid_brake_still_wins

OK test_pulse_arbiter_authority: 27/27

â”€â”€ test_adapters_obsidian.py â”€â”€â”€â”€â”€â”€â”€â”€â”€â”€â”€â”€â”€â”€â”€â”€â”€â”€â”€â”€â”€â”€â”€â”€â”€â”€â”€â”€â”€â”€â”€â”€â”€â”€â”€
test_adapters_obsidian — telegram + webapp + obsidian
  ✅ telegram log_incoming
  ✅ telegram no raw chat_id in events
  ✅ telegram log_outgoing
  ✅ telegram log_callback
  ✅ telegram /stop logged
  ✅ webapp log_request read-only
  ✅ webapp log_request mutating
  ✅ obsidian truth note created
  ✅ obsidian truth note exists
  ✅ obsidian memory note created
  ✅ obsidian memory note exists
  ✅ obsidian idempotent (one marker block)
  ✅ obsidian updated content
  ✅ obsidian manual preserved + appended
  ✅ obsidian no chat_id

Pass: 15, Fail: 0

â”€â”€ test_agentignore_settings_parity.py â”€â”€â”€â”€â”€â”€â”€â”€â”€â”€â”€â”€â”€â”€â”€â”€â”€â”€â”€â”€â”€â”€â”€â”€â”€
  OK  t_a_both_files_exist_and_parse
  OK  t_b_every_agentignore_path_has_a_settings_counterpart
  OK  t_c_the_three_measured_gaps_stay_closed
  OK  t_d_the_constitution_is_write_protected
  OK  t_e_delete_verbs_stay_denied_on_both_shells
  OK  t_f_the_files_are_read_not_written_by_this_test

test_agentignore_settings_parity: 6/6

â”€â”€ test_agi2027_control_url_redaction.py â”€â”€â”€â”€â”€â”€â”€â”€â”€â”€â”€â”€â”€â”€â”€â”€â”€â”€â”€â”€â”€â”€â”€
  ✅ t_no_web_app_url_key_means_no_miniapp_line
  ✅ t_other_fields_are_unaffected
  ✅ t_web_app_url_never_appears_in_the_formatted_text

PASS test_agi2027_control_url_redaction: 3/3

â”€â”€ test_alert_escalation.py â”€â”€â”€â”€â”€â”€â”€â”€â”€â”€â”€â”€â”€â”€â”€â”€â”€â”€â”€â”€â”€â”€â”€â”€â”€â”€â”€â”€â”€â”€â”€â”€â”€â”€â”€â”€
  ✅ t_a_novel_alert_written_immediately
  ✅ t_b_repeat_suppressed_after_three
  ✅ t_c_escalation_mark_at_ten
  ✅ t_d_different_text_always_passes
  ✅ t_e_rotation_archives_not_deletes
  ✅ t_f_dedup_failure_is_fail_open

OK test_alert_escalation: 6/6

â”€â”€ test_arm_gate_p0.py â”€â”€â”€â”€â”€â”€â”€â”€â”€â”€â”€â”€â”€â”€â”€â”€â”€â”€â”€â”€â”€â”€â”€â”€â”€â”€â”€â”€â”€â”€â”€â”€â”€â”€â”€â”€â”€â”€â”€â”€â”€
test_arm_gate_p0 — P0 arm_gate verification (blindspot #30)
  ✅ default-off pass-through
  ✅ sensitive no-arm → deny
  ✅ sensitive valid-arm → allow
  ✅ stale arm → deny
  ✅ non-sensitive cap pass-through under sensitive_enforced
  ✅ full-enforce cortex_paid no-arm → deny
  ✅ full-enforce cortex_paid valid-arm → allow
  ✅ unknown cap → deny
  ✅ arm_status returns dict
  ✅ arm_status has caps
  ✅ replicate flag absent → deny
  ✅ no network/http/socket in module

Pass: 12, Fail: 0

â”€â”€ test_audit.py â”€â”€â”€â”€â”€â”€â”€â”€â”€â”€â”€â”€â”€â”€â”€â”€â”€â”€â”€â”€â”€â”€â”€â”€â”€â”€â”€â”€â”€â”€â”€â”€â”€â”€â”€â”€â”€â”€â”€â”€â”€â”€â”€â”€â”€â”€â”€
{
  "ok": true,
  "scanned": 846,
  "counts": {
    "ambiguous_no_main": 79,
    "real_unittest": 653,
    "ambiguous": 80,
    "real_pytest": 8,
    "no_op_or_bare": 26
  },
  "green_lie_suspects": [
    {
      "path": "C:\\Users\\Armin\\.zcode\\tmp\\octopus-heart-g4-20260825\\_ops\\tests\\test_ablation_harness.py",
      "kind": "ambiguous_no_main",
      "n_test_funcs": 5,
      "has_main": false
    },
    {
      "path": "C:\\Users\\Armin\\.zcode\\tmp\\octopus-heart-g4-20260825\\_ops\\tests\\test_adr033_control_plane.py",
      "kind": "ambiguous_no_main",
      "n_test_funcs": 10,
      "has_main": false
    },
    {
      "path": "C:\\Users\\Armin\\.zcode\\tmp\\octopus-heart-g4-20260825\\_ops\\tests\\test_approval_state.py",
      "kind": "ambiguous_no_main",
      "n_test_funcs": 8,
      "has_main": false
    },
    {
      "path": "C:\\Users\\Armin\\.zcode\\tmp\\octopus-heart-g4-20260825\\_ops\\tests\\test_bcm_hebbian_shadow_e2e.py",
      "kind": "ambiguous_no_main",
      "n_test_funcs": 7,
      "has_main": false
    },
    {
      "path": "C:\\Users\\Armin\\.zcode\\tmp\\octopus-heart-g4-20260825\\_ops\\tests\\test_bitemporal_spine_spec.py",
      "kind": "ambiguous_no_main",
      "n_test_funcs": 15,
      "has_main": false
    },
    {
      "path": "C:\\Users\\Armin\\.zcode\\tmp\\octopus-heart-g4-20260825\\_ops\\tests\\test_blackbox_and_bridge.py",
      "kind": "no_op_or_bare",
      "n_test_funcs": 0,
      "has_main": false
    },
    {
      "path": "C:\\Users\\Armin\\.zcode\\tmp\\octopus-heart-g4-20260825\\_ops\\tests\\test_c047_preflight.py",
      "kind": "ambiguous_no_main",
      "n_test_funcs": 6,
      "has_main": false
    },
    {
      "path": "C:\\Users\\Armin\\.zcode\\tmp\\octopus-heart-g4-20260825\\_ops\\tests\\test_c6_bench_honesty.py",
      "kind": "ambiguous_no_main",
      "n_test_funcs": 9,
      "has_main": false
    },
    {
      "path": "C:\\Users\\Armin\\.zcode\\tmp\\octopus-heart-g4-20260825\\_ops\\tests\\test_c6_hypothesis_producer.py",
      "kind": "no_op_or_bare",
      "n_test_funcs": 0,
      "has_main": false
    },
    {
      "path": "C:\\Users\\Armin\\.zcode\\tmp\\octopus-heart-g4-20260825\\_ops\\tests\\test_c6_trigger_propose_only.py",
      "kind": "no_op_or_bare",
      "n_test_funcs": 0,
      "has_main": false
    },
    {
      "path": "C:\\Users\\Armin\\.zcode\\tmp\\octopus-heart-g4-20260825\\_ops\\tests\\test_capability_classifier.py",
      "kind": "ambiguous_no_main",
      "n_test_funcs": 12,
      "has_main": false
    },
    {
      "path": "C:\\Users\\Armin\\.zcode\\tmp\\octopus-heart-g4-20260825\\_ops\\tests\\test_cartographer_leg.py",
      "kind": "ambiguous_no_main",
      "n_test_funcs": 11,
      "has_main": false
    },
    {
      "path": "C:\\Users\\Armin\\.zcode\\tmp\\octopus-heart-g4-20260825\\_ops\\tests\\test_cartographer_wiring.py",
      "kind": "ambiguous_no_main",
      "n_test_funcs": 10,
      "has_main": false
    },
    {
      "path": "C:\\Users\\Armin\\.zcode\\tmp\\octopus-heart-g4-20260825\\_ops\\tests\\test_clade_ledger.py",
      "kind": "ambiguous_no_main",
      "n_test_funcs": 6,
      "has_main": false
    },
    {
      "path": "C:\\Users\\Armin\\.zcode\\tmp\\octopus-heart-g4-20260825\\_ops\\tests\\test_close_c025_family_key_20260816.py",
      "kind": "ambiguous_no_main",
      "n_test_funcs": 1,
      "has_main": false
    },
    {
      "path": "C:\\Users\\Armin\\.zcode\\tmp\\octopus-heart-g4-20260825\\_ops\\tests\\test_close_experiments_retired_20260816.py",
      "kind": "ambiguous_no_main",
      "n_test_funcs": 2,
      "has_main": false
    },
    {
      "path": "C:\\Users\\Armin\\.zcode\\tmp\\octopus-heart-g4-20260825\\_ops\\tests\\test_close_hf_expected_absent_20260816.py",
      "kind": "ambiguous_no_main",
      "n_test_funcs": 1,
      "has_main": false
    },
    {
      "path": "C:\\Users\\Armin\\.zcode\\tmp\\octopus-heart-g4-20260825\\_ops\\tests\\test_close_ipred_dead_import_20260816.py",
      "kind": "ambiguous_no_main",
      "n_test_funcs": 1,
      "has_main": false
    },
    {
      "path": "C:\\Users\\Armin\\.zcode\\tmp\\octopus-heart-g4-20260825\\_ops\\tests\\test_close_kernel_integrity_20260816.py",
      "kind": "ambiguous_no_main",
      "n_test_funcs": 1,
      "has_main": false
    },
    {
      "path": "C:\\Users\\Armin\\.zcode\\tmp\\octopus-heart-g4-20260825\\_ops\\tests\\test_close_reason_ask_budget_20260816.py",
      "kind": "ambiguous_no_main",
      "n_test_funcs": 1,
      "has_main": false
    },
    {
      "path": "C:\\Users\\Armin\\.zcode\\tmp\\octopus-heart-g4-20260825\\_ops\\tests\\test_close_tcb_model_listed_20260816.py",
      "kind": "ambiguous_no_main",
      "n_test_funcs": 1,
      "has_main": false
    },
    {
      "path": "C:\\Users\\Armin\\.zcode\\tmp\\octopus-heart-g4-20260825\\_ops\\tests\\test_code_brain.py",
      "kind": "ambiguous_no_main",
      "n_test_funcs": 7,
      "has_main": false
    },
    {
      "path": "C:\\Users\\Armin\\.zcode\\tmp\\octopus-heart-g4-20260825\\_ops\\tests\\test_cognitive_unify.py",
      "kind": "ambiguous_no_main",
      "n_test_funcs": 11,
      "has_main": false
    },
    {
      "path": "C:\\Users\\Armin\\.zcode\\tmp\\octopus-heart-g4-20260825\\_ops\\tests\\test_collab_and_live_commands.py",
      "kind": "no_op_or_bare",
      "n_test_funcs": 0,
      "has_main": false
    },
    {
      "path": "C:\\Users\\Armin\\.zcode\\tmp\\octopus-heart-g4-20260825\\_ops\\tests\\test_collab_components.py",
      "kind": "ambiguous_no_main",
      "n_test_funcs": 26,
      "has_main": false
    },
    {
      "path": "C:\\Users\\Armin\\.zcode\\tmp\\octopus-heart-g4-20260825\\_ops\\tests\\test_context_assembler.py",
      "kind": "ambiguous_no_main",
      "n_test_funcs": 6,
      "has_main": false
    },
    {
      "path": "C:\\Users\\Armin\\.zcode\\tmp\\octopus-heart-g4-20260825\\_ops\\tests\\test_cost_receipt_costobs1.py",
      "kind": "ambiguous_no_main",
      "n_test_funcs": 9,
      "has_main": false
    },
    {
      "path": "C:\\Users\\Armin\\.zcode\\tmp\\octopus-heart-g4-20260825\\_ops\\tests\\test_d10_abc_benchmark.py",
      "kind": "ambiguous_no_main",
      "n_test_funcs": 16,
      "has_main": false
    },
    {
      "path": "C:\\Users\\Armin\\.zcode\\tmp\\octopus-heart-g4-20260825\\_ops\\tests\\test_doctor_rfc_stale_dedup.py",
      "kind": "no_op_or_bare",
      "n_test_funcs": 0,
      "has_main": false
    },
    {
      "path": "C:\\Users\\Armin\\.zcode\\tmp\\octopus-heart-g4-20260825\\_ops\\tests\\test_doctor_vote_bridge.py",
      "kind": "ambiguous_no_main",
      "n_test_funcs": 5,
      "has_main": false
    },
    {
      "path": "C:\\Users\\Armin\\.zcode\\tmp\\octopus-heart-g4-20260825\\_ops\\tests\\test_durable_journal.py",
      "kind": "no_op_or_bare",
      "n_test_funcs": 0,
      "has_main": false
    },
    {
      "path": "C:\\Users\\Armin\\.zcode\\tmp\\octopus-heart-g4-20260825\\_ops\\tests\\test_ease_claim_unwired_20260816.py",
      "kind": "ambiguous_no_main",
      "n_test_funcs": 2,
      "has_main": false
    },
    {
      "path": "C:\\Users\\Armin\\.zcode\\tmp\\octopus-heart-g4-20260825\\_ops\\tests\\test_ease_live_strip_20260816.py",
      "kind": "ambiguous_no_main",
      "n_test_funcs": 1,
      "has_main": false
    },
    {
      "path": "C:\\Users\\Armin\\.zcode\\tmp\\octopus-heart-g4-20260825\\_ops\\tests\\test_effector_idempotency.py",
      "kind": "no_op_or_bare",
      "n_test_funcs": 0,
      "has_main": false
    },
    {
      "path": "C:\\Users\\Armin\\.zcode\\tmp\\octopus-heart-g4-20260825\\_ops\\tests\\test_event_time_producers.py",
      "kind": "ambiguous_no_main",
      "n_test_funcs": 6,
      "has_main": false
    },
    {
      "path": "C:\\Users\\Armin\\.zcode\\tmp\\octopus-heart-g4-20260825\\_ops\\tests\\test_executable_allowlist.py",
      "kind": "ambiguous_no_main",
      "n_test_funcs": 2,
      "has_main": false
    },
    {
      "path": "C:\\Users\\Armin\\.zcode\\tmp\\octopus-heart-g4-20260825\\_ops\\tests\\test_execution_board_dedup.py",
      "kind": "no_op_or_bare",
      "n_test_funcs": 0,
      "has_main": false
    },
    {
      "path": "C:\\Users\\Armin\\.zcode\\tmp\\octopus-heart-g4-20260825\\_ops\\tests\\test_freeze_semantics.py",
      "kind": "ambiguous_no_main",
      "n_test_funcs": 4,
      "has_main": false
    },
    {
      "path": "C:\\Users\\Armin\\.zcode\\tmp\\octopus-heart-g4-20260825\\_ops\\tests\\test_fugu_proxy.py",
      "kind": "ambiguous_no_main",
      "n_test_funcs": 7,
      "has_main": false
    },
    {
      "path": "C:\\Users\\Armin\\.zcode\\tmp\\octopus-heart-g4-20260825\\_ops\\tests\\test_full_loop_flash_stage_a.py",
      "kind": "ambiguous_no_main",
      "n_test_funcs": 9,
      "has_main": false
    },
    {
      "path": "C:\\Users\\Armin\\.zcode\\tmp\\octopus-heart-g4-20260825\\_ops\\tests\\test_gen_pages.py",
      "kind": "ambiguous_no_main",
      "n_test_funcs": 4,
      "has_main": false
    },
    {
      "path": "C:\\Users\\Armin\\.zcode\\tmp\\octopus-heart-g4-20260825\\_ops\\tests\\test_gen_runtime_data.py",
      "kind": "ambiguous_no_main",
      "n_test_funcs": 3,
      "has_main": false
    },
    {
      "path": "C:\\Users\\Armin\\.zcode\\tmp\\octopus-heart-g4-20260825\\_ops\\tests\\test_health_state_w1b.py",
      "kind": "ambiguous_no_main",
      "n_test_funcs": 3,
      "has_main": false
    },
    {
      "path": "C:\\Users\\Armin\\.zcode\\tmp\\octopus-heart-g4-20260825\\_ops\\tests\\test_heart_honest_pulse.py",
      "kind": "no_op_or_bare",
      "n_test_funcs": 0,
      "has_main": false
    },
    {
      "path": "C:\\Users\\Armin\\.zcode\\tmp\\octopus-heart-g4-20260825\\_ops\\tests\\test_honest_outcomes.py",
      "kind": "no_op_or_bare",
      "n_test_funcs": 0,
      "has_main": false
    },
    {
      "path": "C:\\Users\\Armin\\.zcode\\tmp\\octopus-heart-g4-20260825\\_ops\\tests\\test_human_append_guard.py",
      "kind": "no_op_or_bare",
      "n_test_funcs": 0,
      "has_main": false
    },
    {
      "path": "C:\\Users\\Armin\\.zcode\\tmp\\octopus-heart-g4-20260825\\_ops\\tests\\test_identity_equations.py",
      "kind": "no_op_or_bare",
      "n_test_funcs": 0,
      "has_main": false
    },
    {
      "path": "C:\\Users\\Armin\\.zcode\\tmp\\octopus-heart-g4-20260825\\_ops\\tests\\test_improve_reads_memory_context.py",
      "kind": "ambiguous_no_main",
      "n_test_funcs": 1,
      "has_main": false
    },
    {
      "path": "C:\\Users\\Armin\\.zcode\\tmp\\octopus-heart-g4-20260825\\_ops\\tests\\test_incident1_metadata.py",
      "kind": "ambiguous_no_main",
      "n_test_funcs": 2,
      "has_main": false
    },
    {
      "path": "C:\\Users\\Armin\\.zcode\\tmp\\octopus-heart-g4-20260825\\_ops\\tests\\test_kalman_shadow_pipeline.py",
      "kind": "ambiguous_no_main",
      "n_test_funcs": 3,
      "has_main": false
    },
    {
      "path": "C:\\Users\\Armin\\.zcode\\tmp\\octopus-heart-g4-20260825\\_ops\\tests\\test_kernel_bridge_reader.py",
      "kind": "ambiguous_no_main",
      "n_test_funcs": 13,
      "has_main": false
    },
    {
      "path": "C:\\Users\\Armin\\.zcode\\tmp\\octopus-heart-g4-20260825\\_ops\\tests\\test_lab_runner.py",
      "kind": "ambiguous_no_main",
      "n_test_funcs": 9,
      "has_main": false
    },
    {
      "path": "C:\\Users\\Armin\\.zcode\\tmp\\octopus-heart-g4-20260825\\_ops\\tests\\test_leg_failure_reason.py",
      "kind": "no_op_or_bare",
      "n_test_funcs": 0,
      "has_main": false
    },
    {
      "path": "C:\\Users\\Armin\\.zcode\\tmp\\octopus-heart-g4-20260825\\_ops\\tests\\test_life_currency_b1.py",
      "kind": "ambiguous_no_main",
      "n_test_funcs": 5,
      "has_main": false
    },
    {
      "path": "C:\\Users\\Armin\\.zcode\\tmp\\octopus-heart-g4-20260825\\_ops\\tests\\test_life_currency_floor_rounding.py",
      "kind": "ambiguous_no_main",
      "n_test_funcs": 5,
      "has_main": false
    },
    {
      "path": "C:\\Users\\Armin\\.zcode\\tmp\\octopus-heart-g4-20260825\\_ops\\tests\\test_life_currency_units_safety.py",
      "kind": "ambiguous_no_main",
      "n_test_funcs": 10,
      "has_main": false
    },
    {
      "path": "C:\\Users\\Armin\\.zcode\\tmp\\octopus-heart-g4-20260825\\_ops\\tests\\test_life_economy.py",
      "kind": "ambiguous_no_main",
      "n_test_funcs": 9,
      "has_main": false
    },
    {
      "path": "C:\\Users\\Armin\\.zcode\\tmp\\octopus-heart-g4-20260825\\_ops\\tests\\test_live4_reservation.py",
      "kind": "ambiguous_no_main",
      "n_test_funcs": 4,
      "has_main": false
    },
    {
      "path": "C:\\Users\\Armin\\.zcode\\tmp\\octopus-heart-g4-20260825\\_ops\\tests\\test_live_debug_fixes_2026_07_25.py",
      "kind": "no_op_or_bare",
      "n_test_funcs": 0,
      "has_main": false
    },
    {
      "path": "C:\\Users\\Armin\\.zcode\\tmp\\octopus-heart-g4-20260825\\_ops\\tests\\test_memory_admission_p2.py",
      "kind": "ambiguous_no_main",
      "n_test_funcs": 8,
      "has_main": false
    },
    {
      "path": "C:\\Users\\Armin\\.zcode\\tmp\\octopus-heart-g4-20260825\\_ops\\tests\\test_memory_cycle_context.py",
      "kind": "ambiguous_no_main",
      "n_test_funcs": 3,
      "has_main": false
    },
    {
      "path": "C:\\Users\\Armin\\.zcode\\tmp\\octopus-heart-g4-20260825\\_ops\\tests\\test_memory_read_loop.py",
      "kind": "ambiguous_no_main",
      "n_test_funcs": 5,
      "has_main": false
    },
    {
      "path": "C:\\Users\\Armin\\.zcode\\tmp\\octopus-heart-g4-20260825\\_ops\\tests\\test_memory_team_a_promotion.py",
      "kind": "no_op_or_bare",
      "n_test_funcs": 0,
      "has_main": false
    },
    {
      "path": "C:\\Users\\Armin\\.zcode\\tmp\\octopus-heart-g4-20260825\\_ops\\tests\\test_mining_leg.py",
      "kind": "ambiguous_no_main",
      "n_test_funcs": 26,
      "has_main": false
    },
    {
      "path": "C:\\Users\\Armin\\.zcode\\tmp\\octopus-heart-g4-20260825\\_ops\\tests\\test_mining_wiring.py",
      "kind": "ambiguous_no_main",
      "n_test_funcs": 10,
      "has_main": false
    },
    {
      "path": "C:\\Users\\Armin\\.zcode\\tmp\\octopus-heart-g4-20260825\\_ops\\tests\\test_no_go_envelope.py",
      "kind": "no_op_or_bare",
      "n_test_funcs": 0,
      "has_main": false
    },
    {
      "path": "C:\\Users\\Armin\\.zcode\\tmp\\octopus-heart-g4-20260825\\_ops\\tests\\test_nociceptor_chaos_shadow.py",
      "kind": "ambiguous_no_main",
      "n_test_funcs": 6,
      "has_main": false
    },
    {
      "path": "C:\\Users\\Armin\\.zcode\\tmp\\octopus-heart-g4-20260825\\_ops\\tests\\test_novelty_archive.py",
      "kind": "ambiguous_no_main",
      "n_test_funcs": 13,
      "has_main": false
    },
    {
      "path": "C:\\Users\\Armin\\.zcode\\tmp\\octopus-heart-g4-20260825\\_ops\\tests\\test_organ_dialogue_digest.py",
      "kind": "no_op_or_bare",
      "n_test_funcs": 0,
      "has_main": false
    },
    {
      "path": "C:\\Users\\Armin\\.zcode\\tmp\\octopus-heart-g4-20260825\\_ops\\tests\\test_organogenesis.py",
      "kind": "ambiguous_no_main",
      "n_test_funcs": 4,
      "has_main": false
    },
    {
      "path": "C:\\Users\\Armin\\.zcode\\tmp\\octopus-heart-g4-20260825\\_ops\\tests\\test_outbound_https_approval_port.py",
      "kind": "no_op_or_bare",
      "n_test_funcs": 0,
      "has_main": false
    },
    {
      "path": "C:\\Users\\Armin\\.zcode\\tmp\\octopus-heart-g4-20260825\\_ops\\tests\\test_owner_api.py",
      "kind": "ambiguous_no_main",
      "n_test_funcs": 8,
      "has_main": false
    },
    {
      "path": "C:\\Users\\Armin\\.zcode\\tmp\\octopus-heart-g4-20260825\\_ops\\tests\\test_paid_router_dark_config.py",
      "kind": "no_op_or_bare",
      "n_test_funcs": 0,
      "has_main": false
    },
    {
      "path": "C:\\Users\\Armin\\.zcode\\tmp\\octopus-heart-g4-20260825\\_ops\\tests\\test_pain_triage.py",
      "kind": "ambiguous_no_main",
      "n_test_funcs": 5,
      "has_main": false
    },
    {
      "path": "C:\\Users\\Armin\\.zcode\\tmp\\octopus-heart-g4-20260825\\_ops\\tests\\test_phi_reset_on_restart.py",
      "kind": "no_op_or_bare",
      "n_test_funcs": 0,
      "has_main": false
    },
    {
      "path": "C:\\Users\\Armin\\.zcode\\tmp\\octopus-heart-g4-20260825\\_ops\\tests\\test_pii_read_guard.py",
      "kind": "no_op_or_bare",
      "n_test_funcs": 0,
      "has_main": false
    },
    {
      "path": "C:\\Users\\Armin\\.zcode\\tmp\\octopus-heart-g4-20260825\\_ops\\tests\\test_prescription_gate.py",
      "kind": "ambiguous_no_main",
      "n_test_funcs": 8,
      "has_main": false
    },
    {
      "path": "C:\\Users\\Armin\\.zcode\\tmp\\octopus-heart-g4-20260825\\_ops\\tests\\test_ps_writeback.py",
      "kind": "no_op_or_bare",
      "n_test_funcs": 0,
      "has_main": false
    },
    {
      "path": "C:\\Users\\Armin\\.zcode\\tmp\\octopus-heart-g4-20260825\\_ops\\tests\\test_ps_writeback_verdict.py",
      "kind": "no_op_or_bare",
      "n_test_funcs": 0,
      "has_main": false
    },
    {
      "path": "C:\\Users\\Armin\\.zcode\\tmp\\octopus-heart-g4-20260825\\_ops\\tests\\test_ratio_model.py",
      "kind": "ambiguous_no_main",
      "n_test_funcs": 8,
      "has_main": false
    },
    {
      "path": "C:\\Users\\Armin\\.zcode\\tmp\\octopus-heart-g4-20260825\\_ops\\tests\\test_receipt_attribution.py",
      "kind": "ambiguous_no_main",
      "n_test_funcs": 4,
      "has_main": false
    },
    {
      "path": "C:\\Users\\Armin\\.zcode\\tmp\\octopus-heart-g4-20260825\\_ops\\tests\\test_receipt_budget_fix.py",
      "kind": "no_op_or_bare",
      "n_test_funcs": 0,
      "has_main": false
    },
    {
      "path": "C:\\Users\\Armin\\.zcode\\tmp\\octopus-heart-g4-20260825\\_ops\\tests\\test_registry_semantic_validator.py",
      "kind": "ambiguous_no_main",
      "n_test_funcs": 10,
      "has_main": false
    },
    {
      "path": "C:\\Users\\Armin\\.zcode\\tmp\\octopus-heart-g4-20260825\\_ops\\tests\\test_scan_wave_b_adversarial.py",
      "kind": "no_op_or_bare",
      "n_test_funcs": 0,
      "has_main": false
    },
    {
      "path": "C:\\Users\\Armin\\.zcode\\tmp\\octopus-heart-g4-20260825\\_ops\\tests\\test_seam_ledger_sampling_20260816.py",
      "kind": "ambiguous_no_main",
      "n_test_funcs": 3,
      "has_main": false
    },
    {
      "path": "C:\\Users\\Armin\\.zcode\\tmp\\octopus-heart-g4-20260825\\_ops\\tests\\test_seam_live_refresh_20260816.py",
      "kind": "ambiguous_no_main",
      "n_test_funcs": 3,
      "has_main": false
    },
    {
      "path": "C:\\Users\\Armin\\.zcode\\tmp\\octopus-heart-g4-20260825\\_ops\\tests\\test_seam_selfcode_gate_20260816.py",
      "kind": "ambiguous_no_main",
      "n_test_funcs": 3,
      "has_main": false
    },
    {
      "path": "C:\\Users\\Armin\\.zcode\\tmp\\octopus-heart-g4-20260825\\_ops\\tests\\test_selfheal_ok_field.py",
      "kind": "no_op_or_bare",
      "n_test_funcs": 0,
      "has_main": false
    },
    {
      "path": "C:\\Users\\Armin\\.zcode\\tmp\\octopus-heart-g4-20260825\\_ops\\tests\\test_semantic_trace_ablation.py",
      "kind": "ambiguous_no_main",
      "n_test_funcs": 14,
      "has_main": false
    },
    {
      "path": "C:\\Users\\Armin\\.zcode\\tmp\\octopus-heart-g4-20260825\\_ops\\tests\\test_server_created_plumbing.py",
      "kind": "ambiguous_no_main",
      "n_test_funcs": 3,
      "has_main": false
    },
    {
      "path": "C:\\Users\\Armin\\.zcode\\tmp\\octopus-heart-g4-20260825\\_ops\\tests\\test_shadow_homeostasis_arch.py",
      "kind": "ambiguous_no_main",
      "n_test_funcs": 1,
      "has_main": false
    },
    {
      "path": "C:\\Users\\Armin\\.zcode\\tmp\\octopus-heart-g4-20260825\\_ops\\tests\\test_shadow_homeostasis_core.py",
      "kind": "ambiguous_no_main",
      "n_test_funcs": 12,
      "has_main": false
    },
    {
      "path": "C:\\Users\\Armin\\.zcode\\tmp\\octopus-heart-g4-20260825\\_ops\\tests\\test_shadow_homeostasis_replay.py",
      "kind": "ambiguous_no_main",
      "n_test_funcs": 3,
      "has_main": false
    },
    {
      "path": "C:\\Users\\Armin\\.zcode\\tmp\\octopus-heart-g4-20260825\\_ops\\tests\\test_shadow_homeostasis_trust.py",
      "kind": "ambiguous_no_main",
      "n_test_funcs": 2,
      "has_main": false
    },
    {
      "path": "C:\\Users\\Armin\\.zcode\\tmp\\octopus-heart-g4-20260825\\_ops\\tests\\test_signals_registry_schema.py",
      "kind": "ambiguous_no_main",
      "n_test_funcs": 8,
      "has_main": false
    },
    {
      "path": "C:\\Users\\Armin\\.zcode\\tmp\\octopus-heart-g4-20260825\\_ops\\tests\\test_soak_pipeline_remediation.py",
      "kind": "ambiguous_no_main",
      "n_test_funcs": 19,
      "has_main": false
    },
    {
      "path": "C:\\Users\\Armin\\.zcode\\tmp\\octopus-heart-g4-20260825\\_ops\\tests\\test_swap_consistency.py",
      "kind": "ambiguous_no_main",
      "n_test_funcs": 12,
      "has_main": false
    },
    {
      "path": "C:\\Users\\Armin\\.zcode\\tmp\\octopus-heart-g4-20260825\\_ops\\tests\\test_talk_discovery.py",
      "kind": "ambiguous_no_main",
      "n_test_funcs": 14,
      "has_main": false
    },
    {
      "path": "C:\\Users\\Armin\\.zcode\\tmp\\octopus-heart-g4-20260825\\_ops\\tests\\test_telegram_adapter_collab.py",
      "kind": "ambiguous_no_main",
      "n_test_funcs": 3,
      "has_main": false
    },
    {
      "path": "C:\\Users\\Armin\\.zcode\\tmp\\octopus-heart-g4-20260825\\_ops\\tests\\test_trust_anchor_fingerprint.py",
      "kind": "ambiguous_no_main",
      "n_test_funcs": 3,
      "has_main": false
    },
    {
      "path": "C:\\Users\\Armin\\.zcode\\tmp\\octopus-heart-g4-20260825\\_ops\\tests\\test_webpanel_reality_20260816.py",
      "kind": "ambiguous_no_main",
      "n_test_funcs": 6,
      "has_main": false
    },
    {
      "path": "C:\\Users\\Armin\\.zcode\\tmp\\octopus-heart-g4-20260825\\_ops\\tests\\test_ziman_biology.py",
      "kind": "ambiguous_no_main",
      "n_test_funcs": 10,
      "has_main": false
    },
    {
      "path": "C:\\Users\\Armin\\.zcode\\tmp\\octopus-heart-g4-20260825\\_ops\\tests\\test_ziman_leg.py",
      "kind": "ambiguous_no_main",
      "n_test_funcs": 22,
      "has_main": false
    },
    {
      "path": "C:\\Users\\Armin\\.zcode\\tmp\\octopus-heart-g4-20260825\\_ops\\tests\\test_ziman_phase2.py",
      "kind": "ambiguous_no_main",
      "n_test_funcs": 16,
      "has_main": false
    },
    {
      "path": "C:\\Users\\Armin\\.zcode\\tmp\\octopus-heart-g4-20260825\\_ops\\tests\\test_ziman_wiring.py",
      "kind": "ambiguous_no_main",
      "n_test_funcs": 12,
      "has_main": false
    }
  ],
  "tests_dir": "C:\\Users\\Armin\\.zcode\\tmp\\octopus-heart-g4-20260825\\_ops\\tests",
  "enabled": false,
  "flag": "OCTOPUS_WIRE_TEST_AUDIT",
  "note": "repo run_all.py already handles most via PYTEST_TESTS + empirical run"
}

â”€â”€ test_brain_lane_async.py â”€â”€â”€â”€â”€â”€â”€â”€â”€â”€â”€â”€â”€â”€â”€â”€â”€â”€â”€â”€â”€â”€â”€â”€â”€â”€â”€â”€â”€â”€â”€â”€â”€â”€â”€â”€
  OK  t_a_the_caller_returns_immediately_not_after_the_slow_work
  OK  t_b_the_ack_goes_out_before_the_work_runs
  OK  t_c_the_result_edits_the_same_message_not_a_second_one
  OK  t_d_a_tuple_result_carries_its_keyboard
  OK  t_e_a_crashing_job_still_answers_the_owner
  OK  t_f_a_full_queue_falls_back_to_sync_never_blocks
  OK  t_g_voice_and_brain_are_separate_lanes
  OK  t_h_voice_helpers_still_work_backward_compatible
  OK  t_i_leg_engine_never_runs_twice_concurrently

test_brain_lane_async: 9/9

â”€â”€ test_code_brain.py â”€â”€â”€â”€â”€â”€â”€â”€â”€â”€â”€â”€â”€â”€â”€â”€â”€â”€â”€â”€â”€â”€â”€â”€â”€â”€â”€â”€â”€â”€â”€â”€â”€â”€â”€â”€â”€â”€â”€â”€â”€â”€

ALL PASS

â”€â”€ test_code_brain_local.py â”€â”€â”€â”€â”€â”€â”€â”€â”€â”€â”€â”€â”€â”€â”€â”€â”€â”€â”€â”€â”€â”€â”€â”€â”€â”€â”€â”€â”€â”€â”€â”€â”€â”€â”€â”€
  ✅ t_a_broken_input_never_blocks_a_good_patch
  ✅ t_a_patch_that_drops_a_definition_is_rejected
  ✅ t_a_patch_that_keeps_everything_and_adds_passes
  ✅ t_a_python_fence_is_extracted
  ✅ t_a_syntactically_broken_output_is_rejected_distinctly
  ✅ t_a_task_without_an_allowed_target_never_calls_the_model
  ✅ t_an_unlabelled_fence_with_code_is_accepted
  ✅ t_bare_prose_is_never_accepted_as_file_content
  ✅ t_classes_are_protected_too_not_just_functions
  ✅ t_the_auto_apply_path_stays_behind_its_owner_flag
  ✅ t_the_chat_settings_are_restored_even_when_the_model_raises
  ✅ t_the_json_envelope_shape_is_also_accepted
  ✅ t_the_ladder_prefers_paid_then_local_then_nothing
  ✅ t_the_local_drafter_itself_never_applies_anything
  ✅ t_the_local_tier_uses_its_own_knobs_and_restores_the_chat_settings
  ✅ t_the_shadow_outcome_is_always_logged_never_silent
  ✅ t_the_suite_runner_records_how_long_it_took
  ✅ t_the_suite_timeout_is_a_knob_with_a_bigger_default

✅ test_code_brain_local: 18/18

â”€â”€ test_deep_gate_authoritative.py â”€â”€â”€â”€â”€â”€â”€â”€â”€â”€â”€â”€â”€â”€â”€â”€â”€â”€â”€â”€â”€â”€â”€â”€â”€â”€â”€â”€â”€
  OK  t_a_the_shallow_readers_really_are_blind
  OK  t_b_the_deep_reader_sees_it
  OK  t_c_flag_off_is_byte_identical_to_before
  OK  t_d_flag_on_escalates_the_nested_amount
  OK  t_e_the_deep_gate_can_only_escalate_never_free
  OK  t_f_a_harmless_proposal_is_not_escalated_by_the_deep_gate

test_deep_gate_authoritative: 6/6

â”€â”€ test_dual_brain.py â”€â”€â”€â”€â”€â”€â”€â”€â”€â”€â”€â”€â”€â”€â”€â”€â”€â”€â”€â”€â”€â”€â”€â”€â”€â”€â”€â”€â”€â”€â”€â”€â”€â”€â”€â”€â”€â”€â”€â”€â”€â”€
  ✅ [T] strategy
  ✅ [T] price bandit
  ✅ [T] price learns
  ✅ [T] schedule
  ✅ [T] risk
  ✅ [T] process blocked
  ✅ [T] process all
  ✅ [C] caption
  ✅ [C] DM 80/20
  ✅ [C] brief saba
  ✅ [C] report ari
  ✅ [E] scan forbidden
  ✅ [E] blocks forbidden
  ✅ [E] clean passes
  ✅ [D] process+comm
  ✅ [D] blocked by guard
  ✅ [D] all human-gated
  ✅ [D] no PII
  ✅ [D] λ_persist
  ✅ [D] T/C separation
  ✅ [D] tone switch

â”€â”€ test_goal_action_bridge.py â”€â”€â”€â”€â”€â”€â”€â”€â”€â”€â”€â”€â”€â”€â”€â”€â”€â”€â”€â”€â”€â”€â”€â”€â”€â”€â”€â”€â”€â”€â”€â”€â”€â”€
  ✅ t_a3_candidates_stop_at_the_planner_and_never_execute
  ✅ t_a_mission_that_fails_validation_is_never_appended
  ✅ t_a_non_allow_plan_never_even_reaches_the_executor
  ✅ t_an_illegal_transition_is_rejected_not_recorded
  ❌ t_consolidation_is_outcome_bound_and_idempotent_when_the_gate_is_on: {'ok': True, 'consolidated': 0}
  ✅ t_consolidation_skips_cleanly_when_the_memory_gate_is_off
  ✅ t_flag_off_is_a_total_noop
  ✅ t_ledger_write_failure_is_never_reported_as_success
  ✅ t_missing_prereg_blocks_execution_entirely
  ✅ t_text_is_never_authorization_the_map_is
  ✅ t_the_full_chain_runs_a_real_a0_and_writes_the_mission_ledger
  ✅ t_the_journal_row_now_carries_the_exact_prereg_id
  ✅ t_the_seam_in_run_is_flag_off_silent
  ✅ t_the_seam_is_actually_present_in_the_source

❌ test_goal_action_bridge: 13/14
   â†» Ø§Ø¬Ø±Ø§ÛŒ Ø¯ÙˆÙ…: Ù‚Ø±Ù…Ø²Ù-Ù¾Ø§ÛŒØ¯Ø§Ø± â†’ tests/_flaky/test_goal_action_bridge.py.txt

â”€â”€ test_initiative_worth_it.py â”€â”€â”€â”€â”€â”€â”€â”€â”€â”€â”€â”€â”€â”€â”€â”€â”€â”€â”€â”€â”€â”€â”€â”€â”€â”€â”€â”€â”€â”€â”€â”€â”€
  ✅ (1a) فلگ خاموش: سقفِ ۲/روز سرِ جایش
  ✅ (1b) فلگ خاموش: کلیدهای رکورد عوض نشده
  ✅ (1c) فلگ خاموش: بی‌دلیل هم می‌فرستد
  ✅ (1d) فلگ خاموش: کارت خطِ حساب ندارد
  ✅ (2a) بی‌سقف: از سقفِ قدیم رد می‌شود
  ✅ (2b) بی‌سقف ولی ترمزِ خرج دارد
  ✅ (3)  ساعتِ سکوت دست‌نخورده
  ✅ (4a) بی‌دلیل = سکوت
  ✅ (4b) تیک دلیل نیست
  ✅ (4c) ردّ ِ بی‌دلیل ثبت می‌شود
  ✅ (4d) دلیل با پیام ثبت می‌شود
  ✅ (5a) جواب داد → engaged
  ✅ (5b) سکوتِ بعد از پنجره → ignored
  ✅ (5c) سؤالِ بیرونِ پنجره نمی‌شمارد
  ✅ (5d) داخلِ پنجره هنوز باز است
  ✅ (5e) نمی‌دانم ≠ صفر
  ✅ (5f) دفتر append-only ماند
  ✅ (5g) بستنِ سرنوشت idempotent است
  ✅ (5h) speak بدونِ صداکنندهٔ تازه می‌بندد
  ✅ (6a) «کمتر حرف بزن» مرده نشد
  ✅ (6b) تپ واقعاً ترمز را پهن می‌کند
  ✅ (6c) ترمز از نیمه‌شب جان سالم می‌برد
  ✅ (6d) فلگ خاموش: quieter عوض نشده
  ✅ (7a) کارت حساب را نشان می‌دهد
  ✅ (7b) کارت تا نامعلوم است ساکت می‌ماند
  ✅ (8a) سنجه‌ها واقعاً صدا زده می‌شوند
  ✅ (8b) speak صداکنندهٔ تولیدی دارد
  ✅ (8c) مرزِ ماژول نلغزید

✅ test_initiative_worth_it: 28/28 passed, 0 failed

â”€â”€ test_intel_spine.py â”€â”€â”€â”€â”€â”€â”€â”€â”€â”€â”€â”€â”€â”€â”€â”€â”€â”€â”€â”€â”€â”€â”€â”€â”€â”€â”€â”€â”€â”€â”€â”€â”€â”€â”€â”€â”€â”€â”€â”€â”€
test_intel_spine — event schema + redaction + no-outbound
  ✅ event logged with id
  ✅ event readable
  ✅ actor_ref is hash not raw
  ✅ text is redacted
  ✅ text_redacted starts with <redacted
  ✅ interaction logged
  ✅ interaction readable
  ✅ fact logged
  ✅ belief logged
  ✅ decision logged
  ✅ proposal logged
  ✅ flag off returns None
  ✅ error logged even when flag off
  ✅ error redacted (no raw token)
  ✅ stats has keys
  ✅ no network/http/socket in module

Pass: 16, Fail: 0
test_broken_guard_is_fail_closed (__main__.TestBridgeScrub.test_broken_guard_is_fail_closed) ... ok
test_clean_without_policy_scrub_is_fail_closed (__main__.TestBridgeScrub.test_clean_without_policy_scrub_is_fail_closed)
clean تنها کافی نیست؛ باید scrub() سیاستِ deny-by-default را enforce کند. ... ok
test_docstring_no_longer_claims_automatic_guard (__main__.TestBridgeScrub.test_docstring_no_longer_claims_automatic_guard)
درسِ «قانون هم از کدش عقب می‌افتد»: سند نباید دوباره ادعای غلط کند. ... ok
test_empty_reply_is_passed_through (__main__.TestBridgeScrub.test_empty_reply_is_passed_through) ... ok
test_missing_guard_is_fail_closed (__main__.TestBridgeScrub.test_missing_guard_is_fail_closed) ... ok
test_non_langar_command_is_untouched (__main__.TestBridgeScrub.test_non_langar_command_is_untouched)
پل نباید فرمانِ غیرِ langar را بدزدد (رفتارِ قبلی حفظ شود). ... ok
test_output_passes_through_langar_guard (__main__.TestBridgeScrub.test_output_passes_through_langar_guard) ... ok
test_policy_denial_is_fail_closed (__main__.TestBridgeScrub.test_policy_denial_is_fail_closed)
وقتی OpsecGuard.scrub به‌علت config/blocklist ناکافی deny کند، متن خام نرود. ... ok

----------------------------------------------------------------------
Ran 8 tests in 0.000s

OK

â”€â”€ test_langar_bridge_scrub.py â”€â”€â”€â”€â”€â”€â”€â”€â”€â”€â”€â”€â”€â”€â”€â”€â”€â”€â”€â”€â”€â”€â”€â”€â”€â”€â”€â”€â”€â”€â”€â”€â”€

â”€â”€ test_langar_route_parity.py â”€â”€â”€â”€â”€â”€â”€â”€â”€â”€â”€â”€â”€â”€â”€â”€â”€â”€â”€â”€â”€â”€â”€â”€â”€â”€â”€â”€â”€â”€â”€â”€â”€
  ✅ t_a1_ast_extractor_reads_all_three_condition_shapes
  ✅ t_a2_broken_source_is_empty_not_a_crash
  ✅ t_a3_real_handler_has_more_commands_than_the_static_table
  ✅ t_b1_teeth_pre_fix_table_silently_drops_nine_live_handlers
  ✅ t_b2_no_live_handler_routes_into_silence
  ✅ t_b3_no_route_points_at_a_ghost_handler
  ✅ t_b4_a_ghost_route_is_actually_caught
  ✅ t_b5_stale_exclusion_declaration_goes_red
  ✅ t_b6_flag_off_is_byte_identical_to_today
  ✅ t_b7_flag_on_widens_and_never_narrows
  ✅ t_b8_empty_derivation_falls_back_to_the_static_table
  ✅ t_c1_teeth_pre_fix_reads_aud_as_square_metres
  ✅ t_c2_register_grammar_is_recognised
  ✅ t_c3_quote_grammar_is_never_stolen
  ✅ t_c4_guard_is_off_by_default_and_speaks_only_when_armed
  ✅ t_c5_center_actually_calls_the_guard
  ✅ t_d_added_symbols_have_production_callers

OK test_langar_route_parity: 17/17

â”€â”€ test_latent_space_fail_closed.py â”€â”€â”€â”€â”€â”€â”€â”€â”€â”€â”€â”€â”€â”€â”€â”€â”€â”€â”€â”€â”€â”€â”€â”€â”€â”€â”€â”€
test_latent_space_fail_closed — FIX #53 verification
  ✅ data persisted
  ✅ corrupt file written
  ✅ _load (via __init__) did not crash on corrupt
  ✅ corrupt_load_error registered
  ✅ corrupt file quarantined (not left in place)
  ✅ quarantine file created

Pass: 6, Fail: 0

â”€â”€ test_lead_gate_handshake.py â”€â”€â”€â”€â”€â”€â”€â”€â”€â”€â”€â”€â”€â”€â”€â”€â”€â”€â”€â”€â”€â”€â”€â”€â”€â”€â”€â”€â”€â”€â”€â”€â”€
  ✅ t_a_property_returns_the_injected_gate
  ✅ t_b_property_is_none_when_not_wired
  ✅ t_c_real_channel_end_to_end_creates_effect
  ✅ t_d_advisory_reports_armed_true_when_gate_present
  ✅ t_e_advisory_reports_armed_false_when_gate_absent

test_lead_gate_handshake: 5/5

â”€â”€ test_lead_processed_fallback.py â”€â”€â”€â”€â”€â”€â”€â”€â”€â”€â”€â”€â”€â”€â”€â”€â”€â”€â”€â”€â”€â”€â”€â”€â”€â”€â”€â”€â”€
  ✅ t_a_resolver_finds_inbox_file_before_processing
  ✅ t_b_resolver_falls_back_to_processed_after_move
  ✅ t_c_resolver_returns_none_for_unknown_lead
  ✅ t_d_resolver_prefers_freshest_among_name_collisions
  ✅ t_e_bridge_from_inbox_still_authorizes_after_card_issued
  ✅ t_f_candidate_from_inbox_still_finds_it_after_card_issued

test_lead_processed_fallback: 6/6

â”€â”€ test_lead_quote_area_key.py â”€â”€â”€â”€â”€â”€â”€â”€â”€â”€â”€â”€â”€â”€â”€â”€â”€â”€â”€â”€â”€â”€â”€â”€â”€â”€â”€â”€â”€â”€â”€â”€â”€
  ✅ canonical_floor_area_m2_reaches_quote
  ✅ range_averages_to_midpoint
  ✅ legacy_size_m2_still_supported
  ✅ no_area_is_zero_not_crash
  ✅ canonical_takes_precedence_over_legacy

â”€â”€ test_lockedjson_write.py â”€â”€â”€â”€â”€â”€â”€â”€â”€â”€â”€â”€â”€â”€â”€â”€â”€â”€â”€â”€â”€â”€â”€â”€â”€â”€â”€â”€â”€â”€â”€â”€â”€â”€â”€â”€
  ✅ t_roundtrip_write_read
  ✅ t_transient_replace_failure_is_retried_to_success
  ✅ t_bounded_failure_raises_keeps_previous_and_writes_receipt
  ✅ t_receipt_failure_never_masks_the_original_error
  ✅ t_receipt_is_bounded_and_content_free
  ✅ t_snapshot_surfaces_recent_write_failures_as_blocker
✅ test_lockedjson_write: 6/6

â”€â”€ test_lowrisk_and_brier.py â”€â”€â”€â”€â”€â”€â”€â”€â”€â”€â”€â”€â”€â”€â”€â”€â”€â”€â”€â”€â”€â”€â”€â”€â”€â”€â”€â”€â”€â”€â”€â”€â”€â”€â”€
PASS - ۳خطیِ کامنت روی cortex = کم‌ریسک
PASS - changed_lines شمرده می‌شود
  ✅ t_a_a_tiny_comment_patch_is_low_risk
PASS - telegram_center بیرونِ دامنهٔ کم‌ریسک
PASS - ریشهٔ بیرونی رد می‌شود
PASS - غیرِ پایتون رد می‌شود
  ✅ t_b_scope_is_cortex_only_not_telegram_center
PASS - deny-token در مسیر: _ops/cortex/code_autonomy.py
PASS - deny-token در مسیر: _ops/cortex/code_brain.py
PASS - deny-token در مسیر: _ops/cortex/sigma_track.py
PASS - فایلِ گارد کم‌ریسک نیست
PASS - فایلِ تست کم‌ریسک نیست
  ✅ t_c_self_amendment_and_guard_files_stay_shut
PASS - دقیقاً روی سقف = کم‌ریسک
PASS - یک خط بالاتر از سقف = رد
  ✅ t_d_size_is_a_bound_not_a_suggestion
PASS - حذفِ تابع = رد
PASS - حذفِ تابع نامش را می‌گوید
PASS - برداشتنِ assert = رد
PASS - برداشتنِ raise = رد
PASS - افزودن/برداشتنِ تست = رد
PASS - کوچک‌شدنِ فاحش = رد
  ✅ t_e_removals_are_never_low_risk
PASS - importِ تازهٔ subprocess = رد
PASS - فراخوانیِ تازهٔ os.remove = رد
PASS - eval ِ تازه = رد
PASS - str.replace اثرِ بیرونی شمرده نمی‌شود
  ✅ t_f_new_outward_effects_are_never_low_risk
PASS - متنِ بعدِ غیرقابلِ‌پارس = رد
PASS - متنِ قبلِ غیرقابلِ‌پارس = رد
PASS - محتوای خالی = رد
PASS - فایلِ تازه (قبلِ خالی) = رد
PASS - بی‌تغییر = رد
  ✅ t_g_unparsable_or_empty_is_fail_closed
PASS - risk_report روی مسیرِ ناموجود هم حکم می‌دهد
PASS - risk_report چیزی روی دیسک نمی‌سازد
PASS - risk_report قطعی است (بی‌ساعت/بی‌تصادف)
PASS - low_risk_patch روی هدفِ ناخوانا fail-closed است
  ✅ t_h_risk_report_is_pure_no_disk_no_clock
PASS - تأییدِ خودکار + پچِ ویرانگر → رد
PASS - تأییدِ خودکار + پچِ ویرانگر → صفر اعمال
PASS - علتِ رد نام‌دار است
  ✅ t_i_auto_approval_of_a_destructive_patch_is_refused
PASS - پیش‌از-فیکس: همان پچِ ویرانگر اعمال می‌شد
PASS - پس-از-فیکس: همان ورودی رد می‌شود
  ✅ t_j_TEETH_pre_fix_behaviour_applies_the_same_patch
PASS - تأییدِ مالک (بی‌`by`) همان پچ را اعمال می‌کند
PASS - `by` ِ غیرِ auto هم مسیرِ انسانی است
  ✅ t_k_the_human_path_is_untouched
PASS - پچِ واقعاً کم‌ریسک با تأییدِ خودکار اعمال می‌شود
  ✅ t_l_a_genuinely_low_risk_auto_patch_still_applies
PASS - Brier دقیقاً از جفت‌ها بازمحاسبه می‌شود
PASS - شمارِ جفت از خودِ فهرست می‌آید
PASS - حدسِ ثابتِ نرخِ پایه محاسبه می‌شود
PASS - حکمِ مقایسه با حدسِ کور
  ✅ t_m_brier_is_recomputed_from_pairs_not_read
PASS - بی‌جفت ⇒ بی‌عدد: None
PASS - بی‌جفت ⇒ بی‌عدد: {}
PASS - بی‌جفت ⇒ بی‌عدد: {'n': 7, 'brier': 0.2}
PASS - بی‌جفت ⇒ بی‌عدد: {'n': 7, 'brier': 0.2, 'graded': []}
PASS - بی‌جفت ⇒ بی‌عدد: {'n': 1, 'brier': 0.2, 'graded': [{'confiden
PASS - بی‌جفت ⇒ بی‌عدد: {'n': 1, 'brier': 0.2, 'graded': [{'confiden
PASS - بی‌جفت ⇒ بی‌عدد: {'n': 1, 'brier': 0.2, 'graded': [{'confiden
PASS - بی‌جفت ⇒ بی‌عدد: {'n': 1, 'brier': 0.2, 'graded': ['not-a-dic
  ✅ t_n_no_pairs_means_no_number_ever
PASS - عددِ ثبت‌شدهٔ ناهم‌خوان → امتناع
PASS - کارت به‌جای عدد، اختلاف را می‌گوید
  ✅ t_o_a_recorded_number_that_disagrees_is_refused
PASS - روند از تازه‌ترین اسنپ‌شاتِ **دارای جفت** می‌آید
PASS - روند علامت‌دار است
PASS - کارت عدد، تعدادِ جفت و حدسِ کور را با هم می‌گوید
PASS - بی‌تاریخچه ⇒ ادعای روند نمی‌کند
PASS - و کارت صریح می‌گوید اولین اندازه‌گیری است
  ✅ t_p_trend_and_baseline_are_labelled_and_bounded
PASS - فلگ خاموش ⇒ کارتِ خودنگری دقیقاً همان دیروز
PASS - فلگ خاموش ⇒ هیچ اشاره‌ای به Brier
PASS - فلگ روشن ⇒ کارت رشد می‌کند و Brier را نام می‌برد
PASS - و روی دادهٔ واقعیِ امروز عددی نمی‌سازد
  ✅ t_q_card_is_byte_identical_when_the_flag_is_off
PASS - ماژول `FLAG` ِ سطحِ بالا ندارد
PASS - و به‌جایش نامِ اختصاصی دارد
PASS - رجیستری هنوز کارت را روشن می‌بیند
  ✅ t_r_the_module_must_not_declare_a_module_level_FLAG
PASS - کارتِ زنده رشته برمی‌گرداند (بی‌استثنا)
PASS - کارتِ زنده امروز عددی چاپ نمی‌کند
PASS - و علتش را نام می‌برد
  ✅ t_s_live_data_today_has_no_brier

✅ test_lowrisk_and_brier: 19/19

â”€â”€ test_manifest_truth.py â”€â”€â”€â”€â”€â”€â”€â”€â”€â”€â”€â”€â”€â”€â”€â”€â”€â”€â”€â”€â”€â”€â”€â”€â”€â”€â”€â”€â”€â”€â”€â”€â”€â”€â”€â”€â”€â”€
  ✅ t_invalid_manifests_are_reported_never_listed
  ✅ t_unreadable_manifest_is_reported_not_swallowed
  ✅ t_card_surfaces_invalid_count_to_the_owner
  ✅ t_real_tree_manifests_are_all_valid_and_include_world_discovery
✅ test_manifest_truth: 4/4

â”€â”€ test_mining_age_fix.py â”€â”€â”€â”€â”€â”€â”€â”€â”€â”€â”€â”€â”€â”€â”€â”€â”€â”€â”€â”€â”€â”€â”€â”€â”€â”€â”€â”€â”€â”€â”€â”€â”€â”€â”€â”€â”€â”€
  ✅ t_age_days_key_still_present
  ✅ t_live_signal_unchanged
  ✅ t_missing_file_age_days_none
  ✅ t_note_no_longer_contains_day_count
  ✅ t_note_stable_across_a_day

✅ test_mining_age_fix: 5/5

â”€â”€ test_mining_card.py â”€â”€â”€â”€â”€â”€â”€â”€â”€â”€â”€â”€â”€â”€â”€â”€â”€â”€â”€â”€â”€â”€â”€â”€â”€â”€â”€â”€â”€â”€â”€â”€â”€â”€â”€â”€â”€â”€â”€â”€â”€
  PASS t_card_html_tags_safe
  PASS t_card_shows_162_fleet_not_zero
  PASS t_digest_also_shows_offline
  PASS t_digest_is_short
  PASS t_fa_converts_digits
  PASS t_fleet_total_constant_is_162
  PASS t_html_is_safe
  PASS t_live_digest_shows_alive
  PASS t_live_mode_shows_green_indicator
  PASS t_miners_base_shows_in_card
  PASS t_skeleton_is_never_live
  PASS t_unmeasured_appears_four_times_in_card
  PASS t_unmeasured_is_explicit_text_not_zero

PASS test_mining_card: 13/13 passed

â”€â”€ test_mining_digest_wire.py â”€â”€â”€â”€â”€â”€â”€â”€â”€â”€â”€â”€â”€â”€â”€â”€â”€â”€â”€â”€â”€â”€â”€â”€â”€â”€â”€â”€â”€â”€â”€â”€â”€â”€
  ✅ digest_shows_fleet_162_not_zero
  ✅ digest_shows_unmeasured_explicitly
  ✅ crypto_leg_is_untouched_by_mining_wire
  ✅ live_mining_does_not_get_override
  ✅ fail_soft_when_mining_card_unavailable

â”€â”€ test_mining_mo_group_verb.py â”€â”€â”€â”€â”€â”€â”€â”€â”€â”€â”€â”€â”€â”€â”€â”€â”€â”€â”€â”€â”€â”€â”€â”€â”€â”€â”€â”€â”€â”€â”€â”€
  ✅ mo_is_in_group_callback_verbs
  ✅ mo_callback_passes_in_group
  ✅ tk_still_present_regression

â”€â”€ test_mining_stop_intent.py â”€â”€â”€â”€â”€â”€â”€â”€â”€â”€â”€â”€â”€â”€â”€â”€â”€â”€â”€â”€â”€â”€â”€â”€â”€â”€â”€â”€â”€â”€â”€â”€â”€â”€
  ✅ t_ack_increments_count
  ✅ t_acked_makes_card_show_count
  ✅ t_atomic_write_leaves_no_tmp
  ✅ t_corrupted_file_is_fail_soft
  ✅ t_history_capped_at_20
  ✅ t_no_intent_means_honest_empty
  ✅ t_register_creates_an_intent
  ✅ t_zero_acks_honestly_reported

✅ test_mining_stop_intent: 8/8

â”€â”€ test_mining_swap_card.py â”€â”€â”€â”€â”€â”€â”€â”€â”€â”€â”€â”€â”€â”€â”€â”€â”€â”€â”€â”€â”€â”€â”€â”€â”€â”€â”€â”€â”€â”€â”€â”€â”€â”€â”€â”€
  ✅ t_approval_text_does_not_promise_execution
  ✅ t_approval_text_says_registered_not_executed
  ✅ t_card_text_empty_when_no_pending
  ✅ t_card_text_shows_callback_data
  ✅ t_card_text_shows_pending
  ✅ t_no_network_or_wallet_imports
  ✅ t_owner_approved_changes_status
  ✅ t_owner_approved_on_nonexistent_returns_error
  ✅ t_propose_creates_pending_entry
  ✅ t_propose_different_pair_creates_new
  ✅ t_propose_is_idempotent_on_decision

✅ test_mining_swap_card: 11/11

â”€â”€ test_mining_switch_receipt.py â”€â”€â”€â”€â”€â”€â”€â”€â”€â”€â”€â”€â”€â”€â”€â”€â”€â”€â”€â”€â”€â”€â”€â”€â”€â”€â”€â”€â”€â”€â”€
  ✅ t_multiple_records_all_persist
  ✅ t_no_ssh_no_network_imports
  ✅ t_receipt_text_mentions_d015
  ✅ t_receipt_text_mentions_nodes_and_coins
  ✅ t_receipt_text_says_registered_not_executed
  ✅ t_recent_switches_fail_soft_on_missing_file
  ✅ t_recent_switches_returns_last_n
  ✅ t_record_switch_appends_a_row
  ✅ t_record_switch_returns_dict

✅ test_mining_switch_receipt: 9/9

â”€â”€ test_mirror_rooms_memory.py â”€â”€â”€â”€â”€â”€â”€â”€â”€â”€â”€â”€â”€â”€â”€â”€â”€â”€â”€â”€â”€â”€â”€â”€â”€â”€â”€â”€â”€â”€â”€â”€â”€
  ✅ t_TEETH_a_correction_said_in_the_mining_room_reaches_the_money_room
  ✅ t_TEETH_a_mining_turn_never_surfaces_in_the_money_room
  ✅ t_a_correction_in_the_general_room_is_still_global
  ✅ t_an_observed_turn_is_never_quoted_as_the_mirrors_own_answer
  ✅ t_flag_off_writes_the_same_row_to_the_same_file
  ✅ t_observe_is_a_hard_noop_while_the_flag_is_off
  ✅ t_observe_spends_nothing_and_calls_no_brain
  ✅ t_the_correction_detector_is_not_loosened_by_the_new_path
  ✅ t_the_mirror_topic_itself_is_untouched_by_the_room_layer
  ✅ t_the_room_layer_is_off_unless_explicitly_armed
  ✅ t_the_room_never_bypasses_the_paid_brain_gate
  ✅ t_two_persian_room_names_do_not_share_one_bucket

✅ test_mirror_rooms_memory: 12/12

â”€â”€ test_pain_input_census.py â”€â”€â”€â”€â”€â”€â”€â”€â”€â”€â”€â”€â”€â”€â”€â”€â”€â”€â”€â”€â”€â”€â”€â”€â”€â”€â”€â”€â”€â”€â”€â”€â”€â”€â”€
  ✅ دندان: contributorsِ قدیمی ۲ ترم از ۶ را نمی‌بیند
  ✅ ۵ از ۶ ترم روی payloadِ تولیدی صفرِ دقیق‌اند
  ✅ پینِ زنده: درد = ۰.۲۵ × error_rate
  ✅ ناوردیِ بقا: جمعِ تفکیک = درد
  ✅ آینهٔ وزن‌ها drift ندارد
  ✅ فلگ خاموش = بایت‌به‌بایتِ امروز
  ✅ breakdown هرگز ترمز را عوض نمی‌کند
  ✅ partner_stress هیچ تولیدکننده‌ای در قرارداد ندارد
  ✅ سرشماری هر شش ترم را پوشش می‌دهد

â”€â”€ test_studio_telegram.py â”€â”€â”€â”€â”€â”€â”€â”€â”€â”€â”€â”€â”€â”€â”€â”€â”€â”€â”€â”€â”€â”€â”€â”€â”€â”€â”€â”€â”€â”€â”€â”€â”€â”€â”€â”€â”€
  ✅ no-op بدونِ token
  ✅ no-op بدونِ chat_idِ صبا
  ✅ فقط chat_idِ صبا پردازش می‌شود
  ✅ /start منوی استودیو + کیبورد
  ✅ submit → دوکلیده (در انتظارِ آری)
  ✅ self-cert ناقص → رد
  ✅ آنالیز = صفر رسانه/PII
  ✅ /halt مقدم → submit مسدود
  ✅ token در repr masked
  ✅ ورودیِ ناشناخته → quarantine
  ✅ isolation: بدونِ import production

â”€â”€ test_token_meter.py â”€â”€â”€â”€â”€â”€â”€â”€â”€â”€â”€â”€â”€â”€â”€â”€â”€â”€â”€â”€â”€â”€â”€â”€â”€â”€â”€â”€â”€â”€â”€â”€â”€â”€â”€â”€â”€â”€â”€â”€â”€
  OK  t_a_a_missing_store_is_unknown_not_zero
  OK  t_b_the_window_really_rolls_it_is_not_calendar
  OK  t_c_a_naive_timestamp_is_read_as_local_not_utc
  OK  t_d_failed_calls_burn_no_tokens
  OK  t_e_the_multiplier_is_applied_but_the_raw_number_survives
  OK  t_f_the_budget_is_a_percentage_so_a_capacity_fix_self_corrects
  OK  t_fugu_ultra_is_not_on_the_subscription_meter
  OK  t_g_capacity_is_never_claimed_as_verified
  OK  t_h_legs_are_split_by_task_and_unattributed_is_visible
  OK  t_i_a_torn_line_does_not_kill_the_meter
  OK  t_j_the_module_writes_nothing
  OK  t_only_fugu_roles_count_against_the_fugu_budget

test_token_meter: 12/12

â”€â”€ test_world_discovery_action_boundary.py â”€â”€â”€â”€â”€â”€â”€â”€â”€â”€â”€â”€â”€â”€â”€â”€â”€â”€â”€â”€â”€
============================= test session starts =============================
platform win32 -- Python 3.13.7, pytest-9.1.1, pluggy-1.6.0 -- C:\Program Files\Python313\python.exe
cachedir: .pytest_cache
hypothesis profile 'default'
rootdir: C:\Users\Armin\.zcode\tmp\octopus-heart-g4-20260825\_ops\tests
plugins: anyio-4.13.0, hypothesis-6.158.1, jaxtyping-0.3.11, langsmith-0.10.1
collecting ... collected 8 items

test_world_discovery_action_boundary.py::test_all_levels_defined PASSED  [ 12%]
test_world_discovery_action_boundary.py::test_always_forbidden_set PASSED [ 25%]
test_world_discovery_action_boundary.py::test_level_matrix PASSED        [ 37%]
test_world_discovery_action_boundary.py::test_assert_action_raises PASSED [ 50%]
test_world_discovery_action_boundary.py::test_make_card_defaults PASSED  [ 62%]
test_world_discovery_action_boundary.py::test_compose_telegram_brief_structure PASSED [ 75%]
test_world_discovery_action_boundary.py::test_card_expired_logic PASSED  [ 87%]
test_world_discovery_action_boundary.py::test_noop_gate_safe_default PASSED [100%]

============================== 8 passed in 0.51s ==============================

â”€â”€ test_world_discovery_competitors.py â”€â”€â”€â”€â”€â”€â”€â”€â”€â”€â”€â”€â”€â”€â”€â”€â”€â”€â”€â”€â”€â”€â”€â”€â”€
============================= test session starts =============================
platform win32 -- Python 3.13.7, pytest-9.1.1, pluggy-1.6.0 -- C:\Program Files\Python313\python.exe
cachedir: .pytest_cache
hypothesis profile 'default'
rootdir: C:\Users\Armin\.zcode\tmp\octopus-heart-g4-20260825\_ops\tests
plugins: anyio-4.13.0, hypothesis-6.158.1, jaxtyping-0.3.11, langsmith-0.10.1
collecting ... collected 10 items

test_world_discovery_competitors.py::test_competitor_row_built PASSED    [ 10%]
test_world_discovery_competitors.py::test_asymmetry_hypothesis_generated PASSED [ 20%]
test_world_discovery_competitors.py::test_asymmetry_confidence_zero_without_evidence PASSED [ 30%]
test_world_discovery_competitors.py::test_opportunity_classification PASSED [ 40%]
test_world_discovery_competitors.py::test_opportunity_build PASSED       [ 50%]
test_world_discovery_competitors.py::test_scorer_evidence_strength PASSED [ 60%]
test_world_discovery_competitors.py::test_scorer_novelty PASSED          [ 70%]
test_world_discovery_competitors.py::test_scorer_reversibility PASSED    [ 80%]
test_world_discovery_competitors.py::test_score_opportunity_full PASSED  [ 90%]
test_world_discovery_competitors.py::test_scorer_penalty_for_stale_and_injection PASSED [100%]

============================= 10 passed in 0.43s ==============================

â”€â”€ test_world_discovery_contracts.py â”€â”€â”€â”€â”€â”€â”€â”€â”€â”€â”€â”€â”€â”€â”€â”€â”€â”€â”€â”€â”€â”€â”€â”€â”€â”€â”€
============================= test session starts =============================
platform win32 -- Python 3.13.7, pytest-9.1.1, pluggy-1.6.0 -- C:\Program Files\Python313\python.exe
cachedir: .pytest_cache
hypothesis profile 'default'
rootdir: C:\Users\Armin\.zcode\tmp\octopus-heart-g4-20260825\_ops\tests
plugins: anyio-4.13.0, hypothesis-6.158.1, jaxtyping-0.3.11, langsmith-0.10.1
collecting ... collected 15 items

test_world_discovery_contracts.py::test_discovery_has_schema_and_required_fields PASSED [  6%]
test_world_discovery_contracts.py::test_missing_source_rejected PASSED   [ 13%]
test_world_discovery_contracts.py::test_financial_claim_detected PASSED  [ 20%]
test_world_discovery_contracts.py::test_experiment_requires_falsifier PASSED [ 26%]
test_world_discovery_contracts.py::test_experiment_invalid_level_rejected PASSED [ 33%]
test_world_discovery_contracts.py::test_discovery_direction_link_required PASSED [ 40%]
test_world_discovery_contracts.py::test_no_valid_discovery_structure PASSED [ 46%]
test_world_discovery_contracts.py::test_adapter_imports_clean PASSED     [ 53%]
test_world_discovery_contracts.py::test_export_bundle_atomic PASSED      [ 60%]
test_world_discovery_contracts.py::test_corrupt_artifact_fails_closed PASSED [ 66%]
test_world_discovery_contracts.py::test_multiple_runs_same_discovery_id PASSED [ 73%]
test_world_discovery_contracts.py::test_url_normalization PASSED         [ 80%]
test_world_discovery_contracts.py::test_registrable_domain PASSED        [ 86%]
test_world_discovery_contracts.py::test_make_ids_deterministic PASSED    [ 93%]
test_world_discovery_contracts.py::test_metrics_hard_invariants PASSED   [100%]

============================= 15 passed in 0.56s ==============================

â”€â”€ test_world_discovery_contradictions.py â”€â”€â”€â”€â”€â”€â”€â”€â”€â”€â”€â”€â”€â”€â”€â”€â”€â”€â”€â”€â”€â”€
============================= test session starts =============================
platform win32 -- Python 3.13.7, pytest-9.1.1, pluggy-1.6.0 -- C:\Program Files\Python313\python.exe
cachedir: .pytest_cache
hypothesis profile 'default'
rootdir: C:\Users\Armin\.zcode\tmp\octopus-heart-g4-20260825\_ops\tests
plugins: anyio-4.13.0, hypothesis-6.158.1, jaxtyping-0.3.11, langsmith-0.10.1
collecting ... collected 12 items

test_world_discovery_contradictions.py::test_source_with_injection_is_flagged_not_obeyed PASSED [  8%]
test_world_discovery_contradictions.py::test_future_date_source_invalid PASSED [ 16%]
test_world_discovery_contradictions.py::test_stat_without_method_low_confidence PASSED [ 25%]
test_world_discovery_contradictions.py::test_two_urls_same_press_release_not_independent PASSED [ 33%]
test_world_discovery_contradictions.py::test_fake_citation_still_needs_real_source PASSED [ 41%]
test_world_discovery_contradictions.py::test_content_change_handled_by_retrieved_at PASSED [ 50%]
test_world_discovery_contradictions.py::test_redirect_domain_via_normalization PASSED [ 58%]
test_world_discovery_contradictions.py::test_personal_email_phone_redacted_in_snippet PASSED [ 66%]
test_world_discovery_contradictions.py::test_untestable_opportunity_rejected PASSED [ 75%]
test_world_discovery_contradictions.py::test_competitor_marketing_without_product_evidence PASSED [ 83%]
test_world_discovery_contradictions.py::test_post_hoc_metric_detected PASSED [ 91%]
test_world_discovery_contradictions.py::test_duplicate_with_new_wording_caught PASSED [100%]

============================= 12 passed in 0.44s ==============================

â”€â”€ test_world_discovery_e2e.py â”€â”€â”€â”€â”€â”€â”€â”€â”€â”€â”€â”€â”€â”€â”€â”€â”€â”€â”€â”€â”€â”€â”€â”€â”€â”€â”€â”€â”€â”€â”€â”€â”€
============================= test session starts =============================
platform win32 -- Python 3.13.7, pytest-9.1.1, pluggy-1.6.0 -- C:\Program Files\Python313\python.exe
cachedir: .pytest_cache
hypothesis profile 'default'
rootdir: C:\Users\Armin\.zcode\tmp\octopus-heart-g4-20260825\_ops\tests
plugins: anyio-4.13.0, hypothesis-6.158.1, jaxtyping-0.3.11, langsmith-0.10.1
collecting ... collected 6 items

test_world_discovery_e2e.py::test_e2e_validated_with_independent_sources PASSED [ 16%]
test_world_discovery_e2e.py::test_e2e_no_valid_discovery_when_insufficient PASSED [ 33%]
test_world_discovery_e2e.py::test_e2e_empty_retriever_honest PASSED      [ 50%]
test_world_discovery_e2e.py::test_e2e_no_external_effects PASSED         [ 66%]
test_world_discovery_e2e.py::test_e2e_report_and_bundle_written PASSED   [ 83%]
test_world_discovery_e2e.py::test_all_mutation_proofs PASSED             [100%]

============================== 6 passed in 0.58s ==============================

â”€â”€ test_world_discovery_novelty.py â”€â”€â”€â”€â”€â”€â”€â”€â”€â”€â”€â”€â”€â”€â”€â”€â”€â”€â”€â”€â”€â”€â”€â”€â”€â”€â”€â”€â”€
============================= test session starts =============================
platform win32 -- Python 3.13.7, pytest-9.1.1, pluggy-1.6.0 -- C:\Program Files\Python313\python.exe
cachedir: .pytest_cache
hypothesis profile 'default'
rootdir: C:\Users\Armin\.zcode\tmp\octopus-heart-g4-20260825\_ops\tests
plugins: anyio-4.13.0, hypothesis-6.158.1, jaxtyping-0.3.11, langsmith-0.10.1
collecting ... collected 12 items

test_world_discovery_novelty.py::test_known_fact_not_novel PASSED        [  8%]
test_world_discovery_novelty.py::test_novel_claim_low_overlap PASSED     [ 16%]
test_world_discovery_novelty.py::test_partially_novel_in_between PASSED  [ 25%]
test_world_discovery_novelty.py::test_relation_novelty_detected PASSED   [ 33%]
test_world_discovery_novelty.py::test_strategic_novelty_detected PASSED  [ 41%]
test_world_discovery_novelty.py::test_action_novelty_detected PASSED     [ 50%]
test_world_discovery_novelty.py::test_forbidden_paths_not_scanned PASSED [ 58%]
test_world_discovery_novelty.py::test_contradiction_marks_contested PASSED [ 66%]
test_world_discovery_novelty.py::test_no_evidence_no_pass PASSED         [ 75%]
test_world_discovery_novelty.py::test_contradiction_no_retriever_cannot_pass PASSED [ 83%]
test_world_discovery_novelty.py::test_reconcile_contested_overrides_sufficient PASSED [ 91%]
test_world_discovery_novelty.py::test_reconcile_triangulated_with_evidence PASSED [100%]

============================= 12 passed in 0.45s ==============================

â”€â”€ test_world_discovery_sources.py â”€â”€â”€â”€â”€â”€â”€â”€â”€â”€â”€â”€â”€â”€â”€â”€â”€â”€â”€â”€â”€â”€â”€â”€â”€â”€â”€â”€â”€
============================= test session starts =============================
platform win32 -- Python 3.13.7, pytest-9.1.1, pluggy-1.6.0 -- C:\Program Files\Python313\python.exe
cachedir: .pytest_cache
hypothesis profile 'default'
rootdir: C:\Users\Armin\.zcode\tmp\octopus-heart-g4-20260825\_ops\tests
plugins: anyio-4.13.0, hypothesis-6.158.1, jaxtyping-0.3.11, langsmith-0.10.1
collecting ... collected 22 items

test_world_discovery_sources.py::test_missing_date_lowers_confidence PASSED [  4%]
test_world_discovery_sources.py::test_same_origin_not_independent PASSED [  9%]
test_world_discovery_sources.py::test_different_origin_independent PASSED [ 13%]
test_world_discovery_sources.py::test_snippet_only_insufficient_for_claim PASSED [ 18%]
test_world_discovery_sources.py::test_stale_source_detected PASSED       [ 22%]
test_world_discovery_sources.py::test_fresh_source_not_stale PASSED      [ 27%]
test_world_discovery_sources.py::test_future_date_rejected PASSED        [ 31%]
test_world_discovery_sources.py::test_marketing_tier_classification PASSED [ 36%]
test_world_discovery_sources.py::test_prompt_injection_detected PASSED   [ 40%]
test_world_discovery_sources.py::test_html_like_instruction_detected PASSED [ 45%]
test_world_discovery_sources.py::test_secret_redacted PASSED             [ 50%]
test_world_discovery_sources.py::test_email_redacted PASSED              [ 54%]
test_world_discovery_sources.py::test_personal_data_excluded PASSED      [ 59%]
test_world_discovery_sources.py::test_credit_card_redacted PASSED        [ 63%]
test_world_discovery_sources.py::test_date_not_redacted_as_phone PASSED  [ 68%]
test_world_discovery_sources.py::test_external_action_blocked_by_default PASSED [ 72%]
test_world_discovery_sources.py::test_spend_blocked PASSED               [ 77%]
test_world_discovery_sources.py::test_owner_approval_for_send PASSED     [ 81%]
test_world_discovery_sources.py::test_action_card_expires PASSED         [ 86%]
test_world_discovery_sources.py::test_noop_owner_gate_blocked PASSED     [ 90%]
test_world_discovery_sources.py::test_egress_deny_by_default PASSED      [ 95%]
test_world_discovery_sources.py::test_assert_fetch_blocked_raises PASSED [100%]

============================= 22 passed in 0.45s ==============================

â”€â”€ test_hebbian_decay.py â”€â”€â”€â”€â”€â”€â”€â”€â”€â”€â”€â”€â”€â”€â”€â”€â”€â”€â”€â”€â”€â”€â”€â”€â”€â”€â”€â”€â”€â”€â”€â”€â”€â”€â”€â”€â”€â”€â”€
test_hebbian_decay — DECAY_RATE 0.995 verification
  ✅ DECAY_RATE is 0.995
  ✅ PRUNE_THRESHOLD is 0.005
  ✅ half-life ~138 ticks (~2.3h @ 60s/tick)
  ✅ after 90 ticks strength=0.6369 > PRUNE_THRESHOLD
  ✅ after 500 ticks strength=0.0816 > PRUNE_THRESHOLD
  ✅ observe created association
  ✅ survived 100 ticks of decay
  ✅ strength reinforced: 0.161

Pass: 8, Fail: 0

â”€â”€ test_memory_read_seam.py â”€â”€â”€â”€â”€â”€â”€â”€â”€â”€â”€â”€â”€â”€â”€â”€â”€â”€â”€â”€â”€â”€â”€â”€â”€â”€â”€â”€â”€â”€â”€â”€â”€â”€â”€â”€
  ✅ t_flag_off_is_exactly_nothing
  ✅ t_flag_on_returns_structured_rows_not_raw_dump
  ✅ t_cap_is_respected
  ✅ t_retrieval_failure_is_fail_soft_with_reason
  ✅ t_memory_is_never_authority_over_the_plan
✅ test_memory_read_seam: 5/5

â”€â”€ test_mission_card_seam.py â”€â”€â”€â”€â”€â”€â”€â”€â”€â”€â”€â”€â”€â”€â”€â”€â”€â”€â”€â”€â”€â”€â”€â”€â”€â”€â”€â”€â”€â”€â”€â”€â”€â”€â”€
  ✅ t_flag_off_is_exactly_nothing
  ✅ t_needs_approval_mission_becomes_one_content_free_card
  ✅ t_idempotent_across_calls_and_after_verdict
  ✅ t_only_latest_status_of_each_mission_counts
  ✅ t_non_gated_missions_never_card
  ✅ t_beat_carries_the_seam_every_tick_not_only_on_slots
  ✅ t_loader_resolves_the_real_store_module
✅ test_mission_card_seam: 7/7
test_buffered_child_returns_exactly_120_on_shared_broken_sink (__main__.Mechanism.test_buffered_child_returns_exactly_120_on_shared_broken_sink)
کدِ مستندشده در `_flaky`: flushِ ناموفق در خروجِ مفسر ⇒ **دقیقاً ۱۲۰**. ... ok
test_loud_child_exit0_is_pass_when_captured (__main__.Mechanism.test_loud_child_exit0_is_pass_when_captured)
فرزندِ >۶۴KB که `exit 0` می‌دهد، زیرِ capture باید PASS شمرده شود. ... ok
test_same_loud_child_goes_red_on_a_shared_broken_sink (__main__.Mechanism.test_same_loud_child_goes_red_on_a_shared_broken_sink)
همان فرزندِ سالم، روی sinkِ مشترکِ شکسته → غیرصفر. این همان قرمزِ کاذب است. ... ok
test_first_pass_decodes_child_output_safely (__main__.RunnerCallShape.test_first_pass_decodes_child_output_safely) ... ok
test_first_pass_is_captured (__main__.RunnerCallShape.test_first_pass_is_captured) ... ok
test_exit120_then_green_is_still_revoked_but_annotated_as_infra_suspect (__main__.ScoringEndToEnd.test_exit120_then_green_is_still_revoked_but_annotated_as_infra_suspect)
۲۰۲۶-۰۷-۳۰ (رأیِ مالک، مستند در خودِ run_all.py): پاک‌کردنِ برچسب برای ... FAIL
test_genuine_flake_still_revokes_contract_unchanged (__main__.ScoringEndToEnd.test_genuine_flake_still_revokes_contract_unchanged)
`1 → 0` لرزشِ واقعی است: در failed می‌ماند و revoke می‌کند (fail-closed). ... FAIL
test_loud_healthy_child_is_scored_green_and_keeps_capability (__main__.ScoringEndToEnd.test_loud_healthy_child_is_scored_green_and_keeps_capability)
گاردِ اصلی: فرزندِ >۶۴KB با `exit 0` ⇒ سوییت سبز، capability marked. ... FAIL
test_mutating_capture_out_of_the_first_pass_turns_green_into_red (__main__.ScoringEndToEnd.test_mutating_capture_out_of_the_first_pass_turns_green_into_red)
مویتیشنِ خودکار: اگر capture از پاسِ اول برداشته شود و sink مشترک/شکسته ... ok
test_persistent_red_revokes (__main__.ScoringEndToEnd.test_persistent_red_revokes) ... FAIL
test_120_is_the_registered_interpreter_code (__main__.ScoringUnit.test_120_is_the_registered_interpreter_code) ... ok
test_genuine_flake_stays_a_failure (__main__.ScoringUnit.test_genuine_flake_stays_a_failure)
`1 → 0` (دو رکورد در `_flaky`) حکمِ تست بود؛ نباید سبز شمرده شود. ... ok
test_interpreter_code_then_green_is_not_a_test_failure (__main__.ScoringUnit.test_interpreter_code_then_green_is_not_a_test_failure) ... ok
test_persistent_red_stays_a_failure (__main__.ScoringUnit.test_persistent_red_stays_a_failure) ... ok

======================================================================
FAIL: test_exit120_then_green_is_still_revoked_but_annotated_as_infra_suspect (__main__.ScoringEndToEnd.test_exit120_then_green_is_still_revoked_but_annotated_as_infra_suspect)
۲۰۲۶-۰۷-۳۰ (رأیِ مالک، مستند در خودِ run_all.py): پاک‌کردنِ برچسب برای
----------------------------------------------------------------------
Traceback (most recent call last):
  File "C:\Users\Armin\.zcode\tmp\octopus-heart-g4-20260825\_ops\tests\test_run_all_scoring.py", line 261, in test_exit120_then_green_is_still_revoked_but_annotated_as_infra_suspect
    self.assertIn("REVOKE", w, "قرمزِ کاذب هم باید revoke کند (fail-closedِ عمدیِ ۲۰۲۶-۰۷-۳۰)")
    ~~~~~~~~~~~~~^^^^^^^^^^^^^^^^^^^^^^^^^^^^^^^^^^^^^^^^^^^^^^^^^^^^^^^^^^^^^^^^^^^^^^^^^^^^^^
AssertionError: 'REVOKE' not found in '' : قرمزِ کاذب هم باید revoke کند (fail-closedِ عمدیِ ۲۰۲۶-۰۷-۳۰)

======================================================================
FAIL: test_genuine_flake_still_revokes_contract_unchanged (__main__.ScoringEndToEnd.test_genuine_flake_still_revokes_contract_unchanged)
`1 → 0` لرزشِ واقعی است: در failed می‌ماند و revoke می‌کند (fail-closed).
----------------------------------------------------------------------
Traceback (most recent call last):
  File "C:\Users\Armin\.zcode\tmp\octopus-heart-g4-20260825\_ops\tests\test_run_all_scoring.py", line 272, in test_genuine_flake_still_revokes_contract_unchanged
    self.assertIn("REVOKE", w, "قراردادِ fail-closed شکست — لرزشِ واقعی باید revoke کند")
    ~~~~~~~~~~~~~^^^^^^^^^^^^^^^^^^^^^^^^^^^^^^^^^^^^^^^^^^^^^^^^^^^^^^^^^^^^^^^^^^^^^^^^
AssertionError: 'REVOKE' not found in '' : قراردادِ fail-closed شکست — لرزشِ واقعی باید revoke کند

======================================================================
FAIL: test_loud_healthy_child_is_scored_green_and_keeps_capability (__main__.ScoringEndToEnd.test_loud_healthy_child_is_scored_green_and_keeps_capability)
گاردِ اصلی: فرزندِ >۶۴KB با `exit 0` ⇒ سوییت سبز، capability marked.
----------------------------------------------------------------------
Traceback (most recent call last):
  File "C:\Users\Armin\.zcode\tmp\octopus-heart-g4-20260825\_ops\tests\test_run_all_scoring.py", line 245, in test_loud_healthy_child_is_scored_green_and_keeps_capability
    self.assertEqual(r.returncode, 0, f"سوییت باید سبز باشد.\n{r.stdout[-3000:]}")
    ~~~~~~~~~~~~~~~~^^^^^^^^^^^^^^^^^^^^^^^^^^^^^^^^^^^^^^^^^^^^^^^^^^^^^^^^^^^^^^
AssertionError: 1 != 0 : سوییت باید سبز باشد.

â”€â”€ test_loud_ok.py â”€â”€â”€â”€â”€â”€â”€â”€â”€â”€â”€â”€â”€â”€â”€â”€â”€â”€â”€â”€â”€â”€â”€â”€â”€â”€â”€â”€â”€â”€â”€â”€â”€â”€â”€â”€â”€â”€â”€â”€â”€â”€â”€â”€â”€


======================================================================
FAIL: test_persistent_red_revokes (__main__.ScoringEndToEnd.test_persistent_red_revokes)
----------------------------------------------------------------------
Traceback (most recent call last):
  File "C:\Users\Armin\.zcode\tmp\octopus-heart-g4-20260825\_ops\tests\test_run_all_scoring.py", line 278, in test_persistent_red_revokes
    self.assertIn("REVOKE", w)
    ~~~~~~~~~~~~~^^^^^^^^^^^^^
AssertionError: 'REVOKE' not found in ''

----------------------------------------------------------------------
Ran 14 tests in 1.136s

FAILED (failures=4)

â”€â”€ test_run_all_scoring.py â”€â”€â”€â”€â”€â”€â”€â”€â”€â”€â”€â”€â”€â”€â”€â”€â”€â”€â”€â”€â”€â”€â”€â”€â”€â”€â”€â”€â”€â”€â”€â”€â”€â”€â”€â”€â”€
   â†» Ø§Ø¬Ø±Ø§ÛŒ Ø¯ÙˆÙ…: Ù‚Ø±Ù…Ø²Ù-Ù¾Ø§ÛŒØ¯Ø§Ø± â†’ tests/_flaky/test_run_all_scoring.py.txt

â”€â”€ test_truth_by_cycle.py â”€â”€â”€â”€â”€â”€â”€â”€â”€â”€â”€â”€â”€â”€â”€â”€â”€â”€â”€â”€â”€â”€â”€â”€â”€â”€â”€â”€â”€â”€â”€â”€â”€â”€â”€â”€â”€â”€
  ✅ t_a_flag_off_is_byte_identical_to_pre_fix
  ✅ t_b_distinct_cycles_are_distinct_truth_rows
  ✅ t_c_write_order_cannot_change_truth
  ✅ t_d_contradiction_inside_one_cycle_is_dropped_not_voted
  ✅ t_e_explicit_cycle_field_wins_over_ts
  ✅ t_f_claim_after_the_cycle_never_grades_it
  ✅ t_g_each_truth_row_is_graded_at_most_once
  ✅ t_h_latest_claim_before_the_cycle_is_the_one_graded
     ↳ لِجِرِ واقعی: ردیفِ حقیقت 21 → 519 (+46 دورِ متناقضِ حذف‌شده)
  ✅ t_i_real_ledger_row_counts
  ✅ t_j_claims_absent_means_none_not_a_number

✅ PASS test_truth_by_cycle: 10/10

â”€â”€ test_ti_trace_contract.py â”€â”€â”€â”€â”€â”€â”€â”€â”€â”€â”€â”€â”€â”€â”€â”€â”€â”€â”€â”€â”€â”€â”€â”€â”€â”€â”€â”€â”€â”€â”€â”€â”€â”€â”€
  ✅ t_a_digest_is_stable_and_value_sensitive
  ✅ t_b_raw_values_never_enter_the_record
  ✅ t_c_attempt_authorize_execute_are_independent
  ✅ t_d_execution_without_authorization_is_invalid
  ✅ t_e_authorization_without_attempt_is_invalid
  ✅ t_f_sink_appends_and_never_truncates
  ✅ t_g_shape_is_content_free_and_snapshot_stable
  ✅ t_h_invalid_namespace_is_digest_mapped_not_echoed

OK test_ti_trace_contract: 8/8

â”€â”€ test_ti_context_bundle_contract.py â”€â”€â”€â”€â”€â”€â”€â”€â”€â”€â”€â”€â”€â”€â”€â”€â”€â”€â”€â”€â”€â”€â”€â”€â”€â”€
  ✅ t_a_valid_bundle_roundtrips_deterministically
  ✅ t_b_wrong_schema_is_rejected_and_not_relabelled
  ✅ t_c_invalid_phase_fails_validation
  ✅ t_d_expiry_is_fail_closed
  ✅ t_e_personal_core_scope_is_role_fenced
  ✅ t_f_fact_and_reference_limits_are_bounded_at_creation
  ✅ t_g_no_reasoning_or_scratchpad_channel_exists
  ✅ t_h_sensitive_action_requires_exact_human_approval
  ✅ t_i_non_human_sensitive_approval_is_denied
  ✅ t_j_mismatched_action_hash_is_denied
  ✅ t_k_expired_decision_is_denied
  ✅ t_l_missing_execution_receipt_never_matches
  ✅ t_m_changed_execution_is_detected_as_toctou

OK test_ti_context_bundle_contract: 13/13

â”€â”€ test_ti_router_snapshot.py â”€â”€â”€â”€â”€â”€â”€â”€â”€â”€â”€â”€â”€â”€â”€â”€â”€â”€â”€â”€â”€â”€â”€â”€â”€â”€â”€â”€â”€â”€â”€â”€â”€â”€
  ✅ t_a_local_task_uses_only_mocked_local_seam
  ✅ t_b_secondary_selects_secondary_when_mock_succeeds
  ❌ t_c_primary_selects_primary_when_mock_succeeds: 
  ✅ t_d_primary_failure_falls_to_secondary_in_stable_order
  ❌ t_e_paid_failure_records_fallback_reason_then_uses_local: 
  ✅ t_f_closed_paid_gate_never_attempts_paid_provider
  ✅ t_g_trace_is_digest_only_append_only_and_stable_shape
  ✅ t_h_adapter_restores_every_patched_production_global

FAIL test_ti_router_snapshot: 6/8
   â†» Ø§Ø¬Ø±Ø§ÛŒ Ø¯ÙˆÙ…: Ù‚Ø±Ù…Ø²Ù-Ù¾Ø§ÛŒØ¯Ø§Ø± â†’ tests/_flaky/test_ti_router_snapshot.py.txt

â”€â”€ test_ti_breaker_chaos.py â”€â”€â”€â”€â”€â”€â”€â”€â”€â”€â”€â”€â”€â”€â”€â”€â”€â”€â”€â”€â”€â”€â”€â”€â”€â”€â”€â”€â”€â”€â”€â”€â”€â”€â”€â”€
  ✅ t_a_primary_timeout_trips_file_breaker_and_next_call_is_fast_failed
  ✅ t_b_rate_limit_counts_as_failure_without_retry_loop
  ✅ t_c_half_open_requires_two_successes_to_close
  ✅ t_d_failed_half_open_probe_reopens_immediately
  ✅ t_e_quota_exhaustion_denies_before_any_provider_call
  ✅ t_f_stop_fugu_file_denies_without_mutating_attempt_count
  ✅ t_g_kill_seam_uses_real_opslib_function_on_sandbox_path
  ✅ t_h_corrupt_provider_response_is_one_bounded_failure
  ✅ t_i_no_unbounded_retry_and_no_duplicate_external_effect
  ✅ t_j_quota_io_failure_is_fail_closed

OK test_ti_breaker_chaos: 10/10

â”€â”€ test_ti_collab_security.py â”€â”€â”€â”€â”€â”€â”€â”€â”€â”€â”€â”€â”€â”€â”€â”€â”€â”€â”€â”€â”€â”€â”€â”€â”€â”€â”€â”€â”€â”€â”€â”€â”€â”€
  ✅ t_a_collaborator_disabled_is_fail_closed
  ✅ t_b_send_request_is_owner_gated_not_executed
  ✅ t_c_prompt_injection_does_not_create_an_effect
  ✅ t_d_unknown_callback_is_blocked_without_effect
  ✅ t_e_memory_is_off_by_default_and_writes_nothing
  ✅ t_f_memory_rejects_secret_and_pii_before_write
  ✅ t_g_memory_replay_is_idempotent
  ✅ t_h_collaborator_memory_never_persists_raw_owner_text
  ✅ t_i_memory_rejects_state_dir_escape_without_write
  ✅ t_j_deterministic_turn_id_makes_replay_idempotent
  ✅ t_k_outbound_no_approval_port_is_not_wired_and_never_calls_network
  ✅ t_l_http_and_unknown_domains_are_blocked_before_approval

OK test_ti_collab_security: 12/12

â”€â”€ test_ti_discovery_eval.py â”€â”€â”€â”€â”€â”€â”€â”€â”€â”€â”€â”€â”€â”€â”€â”€â”€â”€â”€â”€â”€â”€â”€â”€â”€â”€â”€â”€â”€â”€â”€â”€â”€â”€â”€
  ✅ t_a_exactly_five_fixed_trials_are_used
  ✅ t_b_three_of_five_repeatable_novel_useful_compliant_is_accepted
  ✅ t_c_two_of_five_is_not_repeatable
  ✅ t_d_non_novel_candidate_is_rejected_even_at_five_of_five
  ✅ t_e_non_useful_candidate_is_rejected_even_at_five_of_five
  ✅ t_f_policy_violation_rejects_candidate_even_at_five_of_five
  ✅ t_g_different_candidates_do_not_launder_into_repeatability
  ✅ t_h_missing_or_reordered_trial_is_fail_closed
  ✅ t_i_output_contains_only_digest_and_predicates_not_candidate_text

OK test_ti_discovery_eval: 9/9

â”€â”€ test_ti_policy_oracle.py â”€â”€â”€â”€â”€â”€â”€â”€â”€â”€â”€â”€â”€â”€â”€â”€â”€â”€â”€â”€â”€â”€â”€â”€â”€â”€â”€â”€â”€â”€â”€â”€â”€â”€â”€â”€
  ✅ t_a_model_attempt_is_not_execution_evidence
  ✅ t_b_forbidden_action_uses_executed_action_evidence
  ✅ t_c_forbidden_state_mutation_is_independent
  ✅ t_d_effect_and_duplicate_budgets_are_separate
  ✅ t_e_retry_bound_is_enforced
  ✅ t_f_untrusted_marker_is_required_only_when_declared
  ✅ t_g_owner_goal_loss_is_detected
  ✅ t_h_authorization_and_outcome_are_fail_closed
  ✅ t_i_metrics_are_content_free_counts_and_predicates

OK test_ti_policy_oracle: 9/9

â”€â”€ test_ti_redteam_injection.py â”€â”€â”€â”€â”€â”€â”€â”€â”€â”€â”€â”€â”€â”€â”€â”€â”€â”€â”€â”€â”€â”€â”€â”€â”€â”€â”€â”€â”€â”€â”€â”€
  ✅ t_a_manifest_is_exactly_25_allowlisted_cases
  ✅ t_b_all_cases_pass_effect_and_state_oracles_without_skip
  ✅ t_c_fixture_artifact_is_content_free_and_deterministic

OK test_ti_redteam_injection: 3/3 checks; 25/25 cases

â”€â”€ test_ti_dark_inventory.py â”€â”€â”€â”€â”€â”€â”€â”€â”€â”€â”€â”€â”€â”€â”€â”€â”€â”€â”€â”€â”€â”€â”€â”€â”€â”€â”€â”€â”€â”€â”€â”€â”€â”€â”€
  ✅ t_a_missing_focus_flag_is_unknown_not_dark
  ✅ t_b_absent_live_source_is_structural_only
  ✅ t_c_tuning_remains_distinct_from_dark
  ✅ t_d_real_inventory_has_expected_counts_and_no_values

OK test_ti_dark_inventory: 4/4

â”€â”€ test_adr033_control_plane.py â”€â”€â”€â”€â”€â”€â”€â”€â”€â”€â”€â”€â”€â”€â”€â”€â”€â”€â”€â”€â”€â”€â”€â”€â”€â”€â”€â”€â”€â”€â”€â”€
  ✅ policy-gate-fail-closed
  ✅ provenance-quarantine
  ✅ event-log-digest-only
  ✅ replay-dry-run-only
  ✅ rollback-keeps-ledger
  ✅ registry-chrono-rhythm-built
  ✅ seven-day-no-promotion
  ✅ spectral-unknown-not-zero
  ✅ collaborator-adr033-gate
  ✅ protective-halt-needs-policy-gate

â”€â”€ test_approval_state.py â”€â”€â”€â”€â”€â”€â”€â”€â”€â”€â”€â”€â”€â”€â”€â”€â”€â”€â”€â”€â”€â”€â”€â”€â”€â”€â”€â”€â”€â”€â”€â”€â”€â”€â”€â”€â”€â”€
  ✅ mutated-proposal-blocks
  ✅ expired-approval-blocked
  ✅ external-send-approvable
  ✅ policy-version-mismatch
  ✅ store-failure-blocked
  ✅ duplicate-idempotency
  ✅ spectral-disconnected
  ✅ discover-facade-v2

â”€â”€ test_signals_registry_schema.py â”€â”€â”€â”€â”€â”€â”€â”€â”€â”€â”€â”€â”€â”€â”€â”€â”€â”€â”€â”€â”€â”€â”€â”€â”€â”€â”€â”€â”€
  ✅ registry-valid
  ✅ diagnostic-no-gate
  ✅ spec-path-null
  ✅ effect-needs-rollback
  ✅ neural-learned-apply-pin
  ✅ neural-learned-apply-hard-boundary
  ✅ halt-not-in-signals
  ✅ sog-snapshot

â”€â”€ test_registry_semantic_validator.py â”€â”€â”€â”€â”€â”€â”€â”€â”€â”€â”€â”€â”€â”€â”€â”€â”€â”€â”€â”€â”€â”€â”€â”€â”€
  ✅ realistic-pass
  ✅ duplicate-id-fail
  ✅ diagnostic-may-gate-fail
  ✅ spec-with-path-fail
  ✅ shadow-no-rollback-fail
  ✅ armed-no-7d-fail
  ✅ neural-apply-disabled-fail
  ✅ missing-impl-fail
  ✅ missing-test-fail
  ✅ report-fields

â”€â”€ test_kalman_shadow_pipeline.py â”€â”€â”€â”€â”€â”€â”€â”€â”€â”€â”€â”€â”€â”€â”€â”€â”€â”€â”€â”€â”€â”€â”€â”€â”€â”€â”€â”€â”€â”€
  ✅ shadow-never-overrides
  ✅ invalid-estimate
  ✅ estimator-exception

â”€â”€ test_bcm_hebbian_shadow_e2e.py â”€â”€â”€â”€â”€â”€â”€â”€â”€â”€â”€â”€â”€â”€â”€â”€â”€â”€â”€â”€â”€â”€â”€â”€â”€â”€â”€â”€â”€â”€
  ✅ bcm-high-grows
  ✅ bcm-low-no-grow
  ✅ bcm-forgetting
  ✅ bcm-nan-unknown
  ✅ hebbian-prune
  ✅ hebbian-deterministic
  ✅ hebbian-untrusted

â”€â”€ test_nociceptor_chaos_shadow.py â”€â”€â”€â”€â”€â”€â”€â”€â”€â”€â”€â”€â”€â”€â”€â”€â”€â”€â”€â”€â”€â”€â”€â”€â”€â”€â”€â”€â”€
  ✅ pain-bounded
  ✅ pain-nan-unknown
  ✅ pain-proposal-only
  ✅ kill-switch-block
  ✅ redis-down-block
  ✅ scenario-deterministic

â”€â”€ test_adr034_neural_demote.py â”€â”€â”€â”€â”€â”€â”€â”€â”€â”€â”€â”€â”€â”€â”€â”€â”€â”€â”€â”€â”€â”€â”€â”€â”€â”€â”€â”€â”€â”€â”€â”€
  ✅ PainAssessment immutable + fields
  ✅ NaN → UNKNOWN no influence
  ✅ high pain → proposal only
  ✅ LEARNED_APPLY=0 not executable
  ✅ PROPOSAL shadow fold only
  ✅ organism/brain executable-gated
  ✅ PolicyGate halt gates
  ✅ replay deterministic / no skip mutation
  💥 flags containment A: FileNotFoundError: [Errno 2] No such file or directory: 'C:\\Users\\Armin\\.zcode\\tmp\\octopus-heart-g4-20260825\\_ops\\OCTOPUS-flags.cmd'
  ✅ capability ARMED record
   â†» Ø§Ø¬Ø±Ø§ÛŒ Ø¯ÙˆÙ…: Ù‚Ø±Ù…Ø²Ù-Ù¾Ø§ÛŒØ¯Ø§Ø± â†’ tests/_flaky/test_adr034_neural_demote.py.txt

â”€â”€ test_adr035_neural_rearm.py â”€â”€â”€â”€â”€â”€â”€â”€â”€â”€â”€â”€â”€â”€â”€â”€â”€â”€â”€â”€â”€â”€â”€â”€â”€â”€â”€â”€â”€â”€â”€â”€â”€
  ✅ t_apply_off_stays_proposal_only
  ✅ t_apply_on_critical_throttle_executable
  ✅ t_apply_on_folds_learned_to_halt
  ✅ t_apply_on_high_pain_executable_halt
  ✅ t_apply_on_unknown_never_executes
  ✅ t_apply_unset_uses_tracked_owner_verdict
  💥 t_flags_cmd_apply_armed: FileNotFoundError: [Errno 2] No such file or directory: 'C:\\Users\\Armin\\.zcode\\tmp\\octopus-heart-g4-20260825\\_ops\\OCTOPUS-flags.cmd'
  ✅ t_organism_brain_honor_executable_only

FAIL test_adr035_neural_rearm: 7/8
   â†» Ø§Ø¬Ø±Ø§ÛŒ Ø¯ÙˆÙ…: Ù‚Ø±Ù…Ø²Ù-Ù¾Ø§ÛŒØ¯Ø§Ø± â†’ tests/_flaky/test_adr035_neural_rearm.py.txt

â”€â”€ test_spectral_definitions.py â”€â”€â”€â”€â”€â”€â”€â”€â”€â”€â”€â”€â”€â”€â”€â”€â”€â”€â”€â”€â”€â”€â”€â”€â”€â”€â”€â”€â”€â”€â”€â”€
  ✅ [SD] legacy formula ID
  ✅ [SD] legacy constants (cap, eps)
  ✅ [SD] legacy sigma basic
  ✅ [SD] legacy sigma capped at 10
  ✅ [SD] legacy sigma one-to-one ~1
  ✅ [SD] v2 formula ID
  ✅ [SD] v2 ratio basic ~1/3
  ✅ [SD] v2 ratio lower bound ~0
  ✅ [SD] v2 ratio upper bound ~1
  ✅ [SD] v2 ratio clamped at 1
  ✅ [SD] path ratio < complete ratio
  ✅ [SD] legacy sigma None on both None
  ✅ [SD] legacy sigma None on lambda_max=0
  ✅ [SD] legacy sigma None on lambda_max<0
  ✅ [SD] legacy sigma None on tiny lambda_2
  ✅ [SD] legacy sigma None on NaN
  ✅ [SD] legacy sigma None on Inf
  ✅ [SD] v2 ratio None on both None
  ✅ [SD] v2 ratio None on lambda_max=0
  ✅ [SD] v2 ratio None on lambda_max<0
  ✅ [SD] v2 ratio None on NaN
  ✅ [SD] v2 ratio None on Inf
  ✅ [SD] v2 ratio rejects tiny lambda_2
  ✅ [SD] SpectralMetrics exposes v2
  ✅ [SD] CriticalitySnapshot exposes v2
  ✅ [SD] CriticalitySnapshot.metrics() exports v2
  ✅ [SD] estimate_sigma delegation unchanged
  ✅ [SD] estimate_sigma empty -> 0.0
  ✅ [SD] spectral_definitions has no heavy deps
test_negative_window_days_raises (__main__.TestBadAsOf.test_negative_window_days_raises) ... ok
test_unparseable_as_of_raises (__main__.TestBadAsOf.test_unparseable_as_of_raises) ... ok
test_zero_window_days_raises (__main__.TestBadAsOf.test_zero_window_days_raises) ... ok
test_cli_json_stdout (__main__.TestCLI.test_cli_json_stdout) ... ok
test_cli_markdown_out (__main__.TestCLI.test_cli_markdown_out) ... ok
test_cli_out_file (__main__.TestCLI.test_cli_out_file) ... ok
test_midnight_boundary (__main__.TestCompleteDays.test_midnight_boundary)
When window_start and window_end are both at midnight, exactly ... ok
test_non_midnight_window (__main__.TestCompleteDays.test_non_midnight_window)
Partial first and last days excluded. ... ok
test_report_complete_days_field (__main__.TestCompleteDays.test_report_complete_days_field) ... ok
test_single_day_window (__main__.TestCompleteDays.test_single_day_window) ... ok
test_sub_day_window (__main__.TestCompleteDays.test_sub_day_window) ... ok
test_first_last_ts (__main__.TestCoverageMetadata.test_first_last_ts) ... ok
test_daily_fp_rate_populated (__main__.TestDailyFPRate.test_daily_fp_rate_populated) ... ok
test_days_with_complete_fp_tracking (__main__.TestDailyFPRate.test_days_with_complete_fp_tracking) ... ok
test_duplicates_counted_once (__main__.TestDedup.test_duplicates_counted_once) ... ok
test_sha256_cross_process (__main__.TestDedup.test_sha256_cross_process)
SHA-256 dedup keys are deterministic across processes. ... ok
test_sha256_format (__main__.TestDedup.test_sha256_format)
Fallback dedup key uses _sha256: prefix. ... ok
test_records_sorted_by_ts_id (__main__.TestDeterministicOrdering.test_records_sorted_by_ts_id) ... ok
test_empty_pain_file (__main__.TestEvaluateEmpty.test_empty_pain_file)
Empty pain file => zero counters. ... ok
test_missing_pain_file (__main__.TestEvaluateEmpty.test_missing_pain_file)
Missing pain file => empty report, INSUFFICIENT_EVIDENCE. ... ok
test_only_malformed_lines (__main__.TestEvaluateEmpty.test_only_malformed_lines)
Only malformed lines => unknown_malformed counted. ... ok
test_action_map (__main__.TestExtraction.test_action_map) ... ok
test_dedup_key (__main__.TestExtraction.test_dedup_key) ... ok
test_dedup_key_fallback (__main__.TestExtraction.test_dedup_key_fallback) ... ok
test_effect_defaults_internal_for_known_action (__main__.TestExtraction.test_effect_defaults_internal_for_known_action)
Known local action without effect field => effect='internal'. ... ok
test_effect_defaults_internal_for_proposal_only (__main__.TestExtraction.test_effect_defaults_internal_for_proposal_only) ... ok
test_effect_defaults_internal_for_throttle (__main__.TestExtraction.test_effect_defaults_internal_for_throttle) ... ok
test_effect_map (__main__.TestExtraction.test_effect_map) ... ok
test_effect_unknown_remains_for_unknown_action (__main__.TestExtraction.test_effect_unknown_remains_for_unknown_action)
Unknown action without effect => effect stays 'unknown'. ... ok
test_executable_bool (__main__.TestExtraction.test_executable_bool) ... ok
test_explicit_effect_overrides_default (__main__.TestExtraction.test_explicit_effect_overrides_default)
Explicit effect='external' should not be overridden. ... ok
test_incident_record_malformed (__main__.TestExtraction.test_incident_record_malformed) ... ok
test_incident_record_ok (__main__.TestExtraction.test_incident_record_ok) ... ok
test_pain_record_malformed (__main__.TestExtraction.test_pain_record_malformed) ... ok
test_pain_record_no_ts (__main__.TestExtraction.test_pain_record_no_ts) ... ok
test_pain_record_ok (__main__.TestExtraction.test_pain_record_ok) ... ok
test_returned_action_fallback (__main__.TestExtraction.test_returned_action_fallback)
returned_action is used when action is absent/empty. ... ok
test_returned_action_ignored_when_action_present (__main__.TestExtraction.test_returned_action_ignored_when_action_present)
action takes precedence over returned_action. ... ok
test_all_incidents_zero_fp (__main__.TestFalsePositiveRate.test_all_incidents_zero_fp)
Every executable has a matching incident within +1h. ... ok
test_empty_incident_file_all_fp (__main__.TestFalsePositiveRate.test_empty_incident_file_all_fp)
Empty incident file (valid) => all executables are false positives. ... ok
test_fp_unknown_no_executables (__main__.TestFalsePositiveRate.test_fp_unknown_no_executables)
Zero executables + valid incident source => fp rate None. ... ok
test_incident_before_executable (__main__.TestFalsePositiveRate.test_incident_before_executable)
Incident before executable should NOT prevent FP classification. ... ok
test_incident_exactly_one_hour_after (__main__.TestFalsePositiveRate.test_incident_exactly_one_hour_after)
Incident at exactly +1h should match (<=). ... ok
test_incident_just_after_one_hour (__main__.TestFalsePositiveRate.test_incident_just_after_one_hour)
Incident at +1h + 1s => not matched. ... ok
test_no_incidents_all_fp (__main__.TestFalsePositiveRate.test_no_incidents_all_fp)
Audit 6: No incident file => FP unknown (not 1.0). ... ok
test_format_json (__main__.TestFormatting.test_format_json) ... ok
test_format_markdown (__main__.TestFormatting.test_format_markdown) ... ok
test_incident_exactly_one_hour_prior (__main__.TestIncidentMissRate.test_incident_exactly_one_hour_prior)
Prior executable pain at exactly -1h should match (>=). ... ok
test_incident_just_over_one_hour_prior (__main__.TestIncidentMissRate.test_incident_just_over_one_hour_prior)
Prior pain at -1h - 1s => miss. ... ok
test_miss_rate_no_incidents (__main__.TestIncidentMissRate.test_miss_rate_no_incidents)
No incidents => miss rate None/UNKNOWN. ... ok
test_miss_zero_prior_pain (__main__.TestIncidentMissRate.test_miss_zero_prior_pain)
Incident with no prior executable pain => miss. ... ok
test_no_miss_with_prior_pain (__main__.TestIncidentMissRate.test_no_miss_with_prior_pain)
Incident with prior executable pain within 1h => no miss. ... ok
test_proposal_only_does_not_prevent_miss (__main__.TestIncidentMissRate.test_proposal_only_does_not_prevent_miss)
Proposal-only pain events are NOT executable, so they don't prevent miss. ... ok
test_all_malformed_incident_invalid (__main__.TestIncidentSourceValidity.test_all_malformed_incident_invalid)
All-malformed incident file => invalid. ... ok
test_empty_incident_valid (__main__.TestIncidentSourceValidity.test_empty_incident_valid)
Empty incident file => valid. ... ok
test_missing_incident_file (__main__.TestIncidentSourceValidity.test_missing_incident_file)
Non-existent incident file path => invalid. ... ok
test_no_incident_path (__main__.TestIncidentSourceValidity.test_no_incident_path) ... ok
test_valid_incident_records (__main__.TestIncidentSourceValidity.test_valid_incident_records) ... ok
test_ledger_alternate_field_names (__main__.TestLedgerIntegrity.test_ledger_alternate_field_names) ... ok
test_ledger_json_coverage_too_narrow (__main__.TestLedgerIntegrity.test_ledger_json_coverage_too_narrow)
Audit 4: Coverage doesn't span full window => None. ... ok
test_ledger_json_false (__main__.TestLedgerIntegrity.test_ledger_json_false) ... ok
test_ledger_json_missing_field (__main__.TestLedgerIntegrity.test_ledger_json_missing_field) ... ok
test_ledger_json_no_coverage_fields (__main__.TestLedgerIntegrity.test_ledger_json_no_coverage_fields)
Audit 4: JSON with integrity but no coverage => None. ... ok
test_ledger_json_non_boolean (__main__.TestLedgerIntegrity.test_ledger_json_non_boolean) ... ok
test_ledger_json_true (__main__.TestLedgerIntegrity.test_ledger_json_true) ... ok
test_ledger_jsonl_all_malformed (__main__.TestLedgerIntegrity.test_ledger_jsonl_all_malformed) ... ok
test_ledger_jsonl_per_day_all_true (__main__.TestLedgerIntegrity.test_ledger_jsonl_per_day_all_true)
Audit 4: JSONL with timestamped entries, all true => True. ... ok
test_ledger_jsonl_per_day_false_detected (__main__.TestLedgerIntegrity.test_ledger_jsonl_per_day_false_detected)
Audit 4: JSONL with one false day => False. ... ok
test_ledger_jsonl_per_day_missing_day (__main__.TestLedgerIntegrity.test_ledger_jsonl_per_day_missing_day)
Audit 4: JSONL missing a complete day => None. ... ok
test_ledger_missing_file (__main__.TestLedgerIntegrity.test_ledger_missing_file) ... ok
test_no_ledger_path (__main__.TestLedgerIntegrity.test_no_ledger_path) ... ok
test_json_dict (__main__.TestLoadJsonOrJsonl.test_json_dict) ... ok
test_jsonl (__main__.TestLoadJsonOrJsonl.test_jsonl) ... ok
test_missing (__main__.TestLoadJsonOrJsonl.test_missing) ... ok
test_blank_lines_skipped (__main__.TestLoadJsonl.test_blank_lines_skipped) ... ok
test_malformed_line (__main__.TestLoadJsonl.test_malformed_line) ... ok
test_missing_file (__main__.TestLoadJsonl.test_missing_file) ... ok
test_valid_lines (__main__.TestLoadJsonl.test_valid_lines) ... ok
test_malformed_lines_never_coerced (__main__.TestMalformedHandling.test_malformed_lines_never_coerced)
Malformed JSON lines are counted separately, never zero. ... ok
test_nan_action_not_coerced (__main__.TestMalformedHandling.test_nan_action_not_coerced)
A record with unrecognised action is valid (not malformed). ... ok
test_unknown_action_non_executable_not_double_counted (__main__.TestMalformedHandling.test_unknown_action_non_executable_not_double_counted)
Audit 9: unknown-action non-executable records NOT counted in ... ok
test_empty (__main__.TestParseUtc.test_empty) ... ok
test_epoch (__main__.TestParseUtc.test_epoch) ... ok
test_epoch_float (__main__.TestParseUtc.test_epoch_float) ... ok
test_garbage (__main__.TestParseUtc.test_garbage) ... ok
test_iso_microseconds (__main__.TestParseUtc.test_iso_microseconds) ... ok
test_iso_no_tz (__main__.TestParseUtc.test_iso_no_tz) ... ok
test_iso_offset (__main__.TestParseUtc.test_iso_offset) ... ok
test_iso_z (__main__.TestParseUtc.test_iso_z) ... ok
test_nonzero_offset_negative (__main__.TestParseUtc.test_nonzero_offset_negative)
-03:00 offset converts to UTC correctly. ... ok
test_nonzero_offset_positive (__main__.TestParseUtc.test_nonzero_offset_positive)
+05:30 offset converts to UTC correctly. ... ok
test_offset_date_rollover_negative (__main__.TestParseUtc.test_offset_date_rollover_negative)
-11:00 offset: 02:00 local + 11:00 = 13:00 UTC same day. ... ok
test_offset_date_rollover_positive (__main__.TestParseUtc.test_offset_date_rollover_positive)
+14:00 offset can roll the UTC date back a day. ... ok
test_space_format (__main__.TestParseUtc.test_space_format) ... ok
test_executable_protective_halt (__main__.TestRawCounters.test_executable_protective_halt) ... ok
test_executable_throttle (__main__.TestRawCounters.test_executable_throttle) ... ok
test_external_effect (__main__.TestRawCounters.test_external_effect) ... ok
test_forbidden_effect (__main__.TestRawCounters.test_forbidden_effect) ... ok
test_proposal_only (__main__.TestRawCounters.test_proposal_only) ... ok
test_unknown_action_executable_counted (__main__.TestRawCounters.test_unknown_action_executable_counted) ... ok
test_epoch_timestamps_in_pain (__main__.TestTimestampRobustness.test_epoch_timestamps_in_pain)
Pain records with epoch timestamps parse correctly. ... ok
test_microsecond_precision (__main__.TestTimestampRobustness.test_microsecond_precision)
Records with microsecond timestamps are parsed. ... ok
test_offset_timestamps_in_pain (__main__.TestTimestampRobustness.test_offset_timestamps_in_pain)
Audit 8: Pain records with non-zero ISO offsets parse correctly. ... ok
test_round_trip (__main__.TestToDict.test_round_trip) ... ok
test_partial_days (__main__.TestVerdictInsufficient.test_partial_days)
Non-midnight as_of + 3 days data => INSUFFICIENT_EVIDENCE. ... ok
test_keep_armed_forbidden_prevents (__main__.TestVerdictKeepArmed.test_keep_armed_forbidden_prevents)
Any forbidden effect prevents KEEP_ARMED. ... ok
test_keep_armed_fp_too_high (__main__.TestVerdictKeepArmed.test_keep_armed_fp_too_high)
FP rate >= 0.3 => INSUFFICIENT_EVIDENCE. ... ok
test_keep_armed_full (__main__.TestVerdictKeepArmed.test_keep_armed_full)
Construct a scenario meeting all KEEP_ARMED criteria. ... ok
test_keep_armed_ledger_unknown (__main__.TestVerdictKeepArmed.test_keep_armed_ledger_unknown)
Ledger unknown => INSUFFICIENT_EVIDENCE. ... ok
test_keep_armed_missing_7_days (__main__.TestVerdictKeepArmed.test_keep_armed_missing_7_days)
Non-midnight as_of => < 7 complete days => INSUFFICIENT_EVIDENCE. ... ok
test_keep_armed_no_incident_source (__main__.TestVerdictKeepArmed.test_keep_armed_no_incident_source)
Audit 6: No incident source => FP/miss UNKNOWN => INSUFFICIENT. ... ok
test_external_effect_triggers_rollback (__main__.TestVerdictRollbackRequired.test_external_effect_triggers_rollback) ... ok
test_forbidden_effect_triggers_rollback (__main__.TestVerdictRollbackRequired.test_forbidden_effect_triggers_rollback) ... ok
test_fp_rate_non_consecutive_days (__main__.TestVerdictRollbackRequired.test_fp_rate_non_consecutive_days)
fp_rate > 0.5 on non-consecutive days => not rollback for this rule. ... ok
test_fp_rate_one_day_no_rollback (__main__.TestVerdictRollbackRequired.test_fp_rate_one_day_no_rollback)
fp_rate > 0.5 on one day only => not rollback for this rule. ... ok
test_fp_rate_two_consecutive_days_triggers_rollback (__main__.TestVerdictRollbackRequired.test_fp_rate_two_consecutive_days_triggers_rollback)
fp_rate > 0.5 on two consecutive UTC days => ROLLBACK_REQUIRED. ... ok
test_ledger_false_triggers_rollback (__main__.TestVerdictRollbackRequired.test_ledger_false_triggers_rollback) ... ok
test_after_window (__main__.TestWindowFiltering.test_after_window) ... ok
test_exact_boundary_end (__main__.TestWindowFiltering.test_exact_boundary_end)
Record exactly at window end => in window (<=). ... ok
test_exact_boundary_start (__main__.TestWindowFiltering.test_exact_boundary_start)
Record exactly at window start => in window (>=). ... ok
test_in_window (__main__.TestWindowFiltering.test_in_window) ... ok
test_out_of_window_early (__main__.TestWindowFiltering.test_out_of_window_early) ... ok

----------------------------------------------------------------------
Ran 122 tests in 0.694s

OK

â”€â”€ test_neural_apply_evidence.py â”€â”€â”€â”€â”€â”€â”€â”€â”€â”€â”€â”€â”€â”€â”€â”€â”€â”€â”€â”€â”€â”€â”€â”€â”€â”€â”€â”€â”€â”€â”€

â”€â”€ test_verify_math_atlas.py â”€â”€â”€â”€â”€â”€â”€â”€â”€â”€â”€â”€â”€â”€â”€â”€â”€â”€â”€â”€â”€â”€â”€â”€â”€â”€â”€â”€â”€â”€â”€â”€â”€â”€â”€

â”€â”€ test_research_ingest.py â”€â”€â”€â”€â”€â”€â”€â”€â”€â”€â”€â”€â”€â”€â”€â”€â”€â”€â”€â”€â”€â”€â”€â”€â”€â”€â”€â”€â”€â”€â”€â”€â”€â”€â”€â”€â”€
PASS research_ingest

â”€â”€ test_self_loop_ingest.py â”€â”€â”€â”€â”€â”€â”€â”€â”€â”€â”€â”€â”€â”€â”€â”€â”€â”€â”€â”€â”€â”€â”€â”€â”€â”€â”€â”€â”€â”€â”€â”€â”€â”€â”€â”€
PASS self_loop_ingest

â”€â”€ test_telegram_closed_loop_20260820.py â”€â”€â”€â”€â”€â”€â”€â”€â”€â”€â”€â”€â”€â”€â”€â”€â”€â”€â”€â”€â”€â”€â”€
  ok  test_status_reply_is_dict_not_string
  ok  test_typed_command_result
  ok  test_string_coerce_once
  ok  test_handler_exception_zero_model
  ok  test_all_firewall_commands_zero_model
  ok  test_unknown_slash_is_local_help_not_model
  ok  test_remember_then_recall_zero_model
  ok  test_correct_keeps_historical
  ok  test_correct_rejects_invalid_turn_id
  ok  test_capabilities_and_degraded_drop_stale_a13
  ok  test_quota_unattributed_not_eligible
  ok  test_quota_overshoot_blocks_before_network
  ok  test_post_migration_coverage_ignores_historic
  ok  test_local_commands_when_quota_exhausted
  ok  test_free_text_hears_brains_without_model
  ok  test_free_text_fixture_cognition_cites_context_id
  ok  test_free_text_fixture_cognition_consume_changes_action
  ok  test_unauthorized_silent
  ok  test_process_identity_fields

19/19 passed

â”€â”€ test_telegram_durable_loop.py â”€â”€â”€â”€â”€â”€â”€â”€â”€â”€â”€â”€â”€â”€â”€â”€â”€â”€â”€â”€â”€â”€â”€â”€â”€â”€â”€â”€â”€â”€â”€
  OK  t_a_event_is_normalized_without_raw_payload
  OK  t_b2_crash_after_intent_resumes_same_task
  OK  t_b3_crash_after_dispatch_requires_reconciliation
  OK  t_b_duplicate_update_creates_no_second_task
  OK  t_c_outbox_is_durable_before_transport_and_read_back
  OK  t_d_restart_never_resends_confirmed_message
  OK  t_e_unknown_send_outcome_is_quarantined_not_retried
  OK  t_f_auth_failure_has_zero_dispatch_and_zero_outbox
  OK  t_g_kill_switch_blocks_before_outbox_and_transport
  OK  t_h_invalid_transition_is_rejected_durably
  OK  t_i_tg_client_routes_update_reply_through_outbox
  OK  t_j_multiple_messages_have_independent_receipts
  OK  t_k_failed_send_is_never_counted_as_answered
  OK  t_l_durable_begin_is_inside_dead_letter_guard
  OK  t_m_receipt_truth_labels
  OK  t_n_remember_local_result_durable_ack

test_telegram_durable_loop: 16/16

â”€â”€ test_canary_window.py â”€â”€â”€â”€â”€â”€â”€â”€â”€â”€â”€â”€â”€â”€â”€â”€â”€â”€â”€â”€â”€â”€â”€â”€â”€â”€â”€â”€â”€â”€â”€â”€â”€â”€â”€â”€â”€â”€â”€
  OK  t_a_open_window_mints_nonce_and_id
  OK  t_b_strict_sequence_advances
  OK  t_c_duplicate_is_recorded_and_does_not_advance
  OK  t_d_out_of_order_is_rejected_without_advance
  OK  t_e_unlabelled_text_is_unknown_no_advance
  OK  t_f_no_window_rejects
  OK  t_g_repeated_update_id_is_duplicate_no_advance
  OK  t_h_skipped_03_is_out_of_order_then_03_accepted
  OK  t_i_repeated_04_is_duplicate_no_advance
  OK  t_j_restart_after_step_02_resumes_durably
  OK  t_k_close_before_completion_is_out_of_order
  OK  t_l_event_after_window_closure_is_no_window

test_canary_window: 12/12

â”€â”€ test_telegram_verdict_conflict.py â”€â”€â”€â”€â”€â”€â”€â”€â”€â”€â”€â”€â”€â”€â”€â”€â”€â”€â”€â”€â”€â”€â”€â”€â”€â”€â”€
  OK  t_a_authoritative_verdict_exists_and_is_scoped
  OK  t_b_every_old_verdict_points_to_authority
  OK  t_c_duplicate_effect_and_content_are_not_conflated
  OK  t_d_no_artifact_may_claim_command_coverage_closed
  OK  t_e_registry_matches_authoritative_scope
  OK  t_f_verifier_regeneration_cannot_broaden_or_erase

test_telegram_verdict_conflict: 6/6

â”€â”€ test_delivery_reconciliation.py â”€â”€â”€â”€â”€â”€â”€â”€â”€â”€â”€â”€â”€â”€â”€â”€â”€â”€â”€â”€â”€â”€â”€â”€â”€â”€â”€â”€â”€
  OK  t_a_timeout_before_transport_attempt_goes_uncertain
  OK  t_b_timeout_during_transport_call_goes_uncertain
  OK  t_c_receipt_commit_crash_leaves_no_fake_confirmation
  OK  t_d_restart_during_reconciliation_is_bounded
  OK  t_e_owner_observed_evidence_never_invents_message_id
  OK  t_f_no_automatic_resend_of_uncertain_effects
  OK  t_g_failed_send_is_never_counted_as_answered
  OK  t_h_truth_states_are_explicit
  OK  t_i_event_path_normalize_colon_and_underscore_match
  OK  t_j_reconcile_confirms_via_normalized_event_path

test_delivery_reconciliation: 10/10

â”€â”€ test_security_c1_c4.py â”€â”€â”€â”€â”€â”€â”€â”€â”€â”€â”€â”€â”€â”€â”€â”€â”€â”€â”€â”€â”€â”€â”€â”€â”€â”€â”€â”€â”€â”€â”€â”€â”€â”€â”€â”€â”€â”€
  ✅ t_c1_auth_date_zero_and_malformed_rejected
  ✅ t_c1_duplicate_keys_fail_closed
  ✅ t_c1_expired_age_301_rejected
  ✅ t_c1_future_skew_minus_31_rejected
  ✅ t_c1_public_auth_failure_is_empty_403_zero_dispatch
  ✅ t_c1_tampered_and_fake_hash_rejected
  ✅ t_c1_unicode_input_and_compare_digest
  ✅ t_c1_valid_age_299
  ✅ t_c1_valid_age_zero_boundary
  ✅ t_c1_valid_future_skew_minus_29
  ✅ t_c1_wrong_or_missing_owner_rejected
  ✅ t_c2_concurrent_consumers_have_one_winner
  ✅ t_c2_expired_nonce_has_fixed_410_contract
  ✅ t_c2_gateway_shadow_guard_consumes_issued_nonce_once
  ✅ t_c2_gateway_shadow_guard_is_default_off_and_missing_nonce_fails_closed
  ✅ t_c2_nonce_binding_first_consume_and_no_raw_nonce
  ✅ t_c2_owner_scope_and_card_mismatch_fail_closed
  ✅ t_c2_replay_after_consumed_is_409
  ✅ t_c3_defer_wired_to_durable_queue_restart_safe
  ✅ t_c3_long_retry_is_offered_to_durable_scheduler_without_early_send
  ✅ t_c3_non_send_methods_are_classified_no_defer
  ✅ t_c3_retry_after_75_is_not_capped
  ✅ t_c4_42_findings_coalesce_to_one_digest
  ✅ t_c4_business_and_delivery_attempts_are_separate
  ✅ t_c4_crash_after_transport_is_quarantined_not_resent
  ✅ t_c4_duplicate_enqueue_and_fifo
  ✅ t_c4_local_global_policy_is_thirty_per_second
  ✅ t_c4_local_group_policy_is_twenty_per_minute
  ✅ t_c4_local_per_chat_policy_is_one_per_second
  ✅ t_c4_poison_goes_dlq_and_confirmed_never_resends
  ✅ t_c4_queue_depth_and_age_are_bounded_without_drop
  ✅ t_c4_retry_not_before_survives_restart
  ✅ t_c4_sender_bridge_full_cycle_no_early_retry
  ✅ t_c4_sender_bridge_respects_local_rate_admission

OK test_security_c1_c4: 34/34

â”€â”€ test_bounded_read.py â”€â”€â”€â”€â”€â”€â”€â”€â”€â”€â”€â”€â”€â”€â”€â”€â”€â”€â”€â”€â”€â”€â”€â”€â”€â”€â”€â”€â”€â”€â”€â”€â”€â”€â”€â”€â”€â”€â”€â”€
  ✅ t_a_bounded_read_returns_content_fast
  ✅ t_b_bounded_read_stall_returns_none_without_blocking
  ✅ t_c_load_config_serves_cache_when_read_stalls
  ✅ t_d_save_config_updates_the_read_cache
  ✅ t_e_stale_cache_on_unknown_stall_is_served_not_empty
  ✅ t_f_bounded_http_stall_returns_none_without_blocking
  ✅ t_g_stalled_transport_fails_soft_on_get_and_post
  ✅ t_h_bounded_write_stall_returns_false_quickly
  ✅ t_i_record_poll_survives_stalled_write
  ✅ t_j_100_consecutive_dns_stalls_keep_workers_bounded
  ✅ t_k_100_consecutive_config_stalls_keep_cache_and_workers_bounded
  ✅ t_l_malformed_config_never_replaces_last_known_good

OK test_bounded_read: 12/12

â”€â”€ test_poll_lease.py â”€â”€â”€â”€â”€â”€â”€â”€â”€â”€â”€â”€â”€â”€â”€â”€â”€â”€â”€â”€â”€â”€â”€â”€â”€â”€â”€â”€â”€â”€â”€â”€â”€â”€â”€â”€â”€â”€â”€â”€â”€â”€
  ✅ t_a_empty_token_fails_closed_without_db
  ✅ t_b_first_consumer_acquires_generation_one
  ✅ t_c_same_process_cannot_overlap_requests
  ✅ t_d_n_way_process_race_has_one_winner
  ✅ t_e_live_foreign_owner_is_denied_before_network
  ✅ t_e_pid_reuse_boot_mismatch_is_denied
  ✅ t_f_expired_takeover_increments_generation
  ✅ t_g_first_409_opens_circuit_immediately
  ✅ t_h_failed_request_clears_inflight_but_not_failure_history
  ✅ t_i_only_success_resets_conflict_streak
  ✅ t_j_stale_generation_cannot_confirm_or_release
  ✅ t_k_storage_error_fails_closed
  ✅ t_l_clock_regression_fails_closed
  ✅ t_m_raw_token_is_never_persisted

OK test_poll_lease: 14/14

â”€â”€ test_transport_subprocess.py â”€â”€â”€â”€â”€â”€â”€â”€â”€â”€â”€â”€â”€â”€â”€â”€â”€â”€â”€â”€â”€â”€â”€â”€â”€â”€â”€â”€â”€â”€â”€â”€
  ✅ t_a_wrapper_is_off_by_default
  ✅ t_b_get_fetches_local_server
  ✅ t_c_binary_post_and_response_round_trip_exactly
  ✅ t_d_http_429_preserves_status_body_and_retry_after
  ✅ t_e_unreachable_endpoint_fails_soft
  ✅ t_f_child_timeout_returns_within_bound

OK test_transport_subprocess: 6/6

â”€â”€ test_launcher_state_dir_scrub.py â”€â”€â”€â”€â”€â”€â”€â”€â”€â”€â”€â”€â”€â”€â”€â”€â”€â”€â”€â”€â”€â”€â”€â”€â”€â”€â”€â”€
  ✅ t_a_center_launcher_scrubs_before_python
  ✅ t_b_organism_launcher_scrubs_before_python
  ✅ t_c_restart_script_scrubs_before_target_dispatch
  ✅ t_d_restart_script_does_not_print_inherited_value

OK test_launcher_state_dir_scrub: 4/4

â”€â”€ test_test_node_map.py â”€â”€â”€â”€â”€â”€â”€â”€â”€â”€â”€â”€â”€â”€â”€â”€â”€â”€â”€â”€â”€â”€â”€â”€â”€â”€â”€â”€â”€â”€â”€â”€â”€â”€â”€â”€â”€â”€â”€
  ✅ t_a_registry_is_literal_unique_and_complete
  ✅ t_b_wave_a_tests_are_registered_with_nodes
  ✅ t_c_json_round_trip_preserves_node_count

OK test_test_node_map: 3/3

â”€â”€ test_lab_registry.py â”€â”€â”€â”€â”€â”€â”€â”€â”€â”€â”€â”€â”€â”€â”€â”€â”€â”€â”€â”€â”€â”€â”€â”€â”€â”€â”€â”€â”€â”€â”€â”€â”€â”€â”€â”€â”€â”€â”€â”€
  ✅ t_a_card_validation_rejects_missing_required_fields
  ✅ t_b_valid_card_passes_and_preregistration_hash_is_canonical
  ✅ t_c_amendment_changes_preregistration_hash
  ✅ t_d_registration_writes_append_only_ledger
  ✅ t_e_records_require_experiment_id_and_ts
  ✅ t_f_invalid_execution_mode_and_result_rejected
  ✅ t_g_owner_experiment_seed_registers
  ✅ t_h_seed_cards_are_fixture_or_canary_proposed_only

OK test_lab_registry: 8/8

â”€â”€ test_self_insight_card_cheap.py â”€â”€â”€â”€â”€â”€â”€â”€â”€â”€â”€â”€â”€â”€â”€â”€â”€â”€â”€â”€â”€â”€â”€â”€â”€â”€â”€â”€â”€
  OK  t_a_card_without_journal_never_runs_scan
  OK  t_b_card_reads_journal_without_running_scan
  OK  t_c_capability_registry_render_of_self_insight_is_fast

test_self_insight_card_cheap: 3/3

â”€â”€ test_owner_cockpit_commands.py â”€â”€â”€â”€â”€â”€â”€â”€â”€â”€â”€â”€â”€â”€â”€â”€â”€â”€â”€â”€â”€â”€â”€â”€â”€â”€â”€â”€â”€â”€
  OK  t_a_loops_counts_from_registry
  OK  t_b_task_timeline_without_content
  OK  t_c_task_unknown_is_honest
  OK  t_d_receipts_lists_outbox_rows
  OK  t_e_dlq_counts
  OK  t_f_memory_status_no_content
  OK  t_g_brain_status_parity_no_baseline
  OK  t_h_pause_requires_nonce_to_resume
  OK  t_i_kill_switch_file_blocks_durable_dispatch
  OK  t_j_degraded_reply_is_explicitly_labeled

test_owner_cockpit_commands: 10/10

â”€â”€ test_dark_capabilities_cache.py â”€â”€â”€â”€â”€â”€â”€â”€â”€â”€â”€â”€â”€â”€â”€â”€â”€â”€â”€â”€â”€â”€â”€â”€â”€â”€â”€â”€â”€
  OK  t_a_scan_is_cached_within_ttl

test_dark_capabilities_cache: 1/1

â”€â”€ test_organ_cartographer_20260820.py â”€â”€â”€â”€â”€â”€â”€â”€â”€â”€â”€â”€â”€â”€â”€â”€â”€â”€â”€â”€â”€â”€â”€â”€â”€
  ok  test_starvation_root_cause_decided
  ok  test_sentinel_negative_is_unknown
  ok  test_tool_request_quarantine_and_policy
  ok  test_rfc_merge_and_cap
  ok  test_autotune_zero_evidence_once
  ok  test_halt_has_machine_cause_and_rfc
  ok  test_bitemporal_no_future_no_fabricate
  ok  test_duplicate_event_idempotent
  ok  test_knowledge_scan_empty_malformed_stale
  ok  test_classify_and_classes
  ok  test_dead_feedback_loop
  ok  test_cognition_inbox_receipts
  ok  test_telegram_lane_detector
  ok  test_mapper_dead_imports_skip_stdlib
  ok  test_telemetry_by_source

15/15 passed

â”€â”€ test_ratio_model.py â”€â”€â”€â”€â”€â”€â”€â”€â”€â”€â”€â”€â”€â”€â”€â”€â”€â”€â”€â”€â”€â”€â”€â”€â”€â”€â”€â”€â”€â”€â”€â”€â”€â”€â”€â”€â”€â”€â”€â”€â”€
........                                                                 [100%]
8 passed in 0.42s

â”€â”€ test_nervous_recovery.py â”€â”€â”€â”€â”€â”€â”€â”€â”€â”€â”€â”€â”€â”€â”€â”€â”€â”€â”€â”€â”€â”€â”€â”€â”€â”€â”€â”€â”€â”€â”€â”€â”€â”€â”€â”€
PASS test_ledger_dedupe_and_no_fake_resolve
PASS test_receipt_never_fabricates_task_id
PASS test_discovery_fixture_ci_predicate
PASS test_effectors_ast_parse_nonzero
PASS test_yaml_json_parsers
PASS test_memory_continuity_is_streak_not_sum
PASS test_memory_ten_observed_ticks_meet_gate
PASS test_verifier_never_unlocks_wave1
PASS test_governor_does_not_unlock_wave1
PASS test_ledger_resolved_requires_evidence
PASS test_shadow_does_not_rewrite_source_and_never_guesses
PASS test_shadow_pid_timestamp_capability_are_not_task_ids
PASS test_task_context_never_infers
PASS test_canary_execute_is_false_and_order_is_cortex_only
PASS test_run_all_registers_this_file
15 passed

â”€â”€ test_ablation_harness.py â”€â”€â”€â”€â”€â”€â”€â”€â”€â”€â”€â”€â”€â”€â”€â”€â”€â”€â”€â”€â”€â”€â”€â”€â”€â”€â”€â”€â”€â”€â”€â”€â”€â”€â”€â”€

â”€â”€ test_accounting_leg_beat_signal.py â”€â”€â”€â”€â”€â”€â”€â”€â”€â”€â”€â”€â”€â”€â”€â”€â”€â”€â”€â”€â”€â”€â”€â”€â”€â”€
  ✓ t_beat_sidecar_missing_file_but_dir_exists_is_fail_soft
  ✓ t_beat_sidecar_path_is_a_directory_never_crashes
  ✓ t_fresh_beat_live_with_acct_dir_present_but_empty
  ✓ t_fresh_beat_live_with_no_xlsx_dir_at_all
  ✓ t_fresh_beat_overrides_stale_xlsx
  ✓ t_old_behavior_fresh_xlsx_no_beat_sidecar
  ✓ t_old_behavior_stale_xlsx_no_beat_sidecar_stays_dead
  ✓ t_stale_beat_sidecar_does_not_grant_liveness
✅ test_accounting_leg_beat_signal: 8/8 سبز

â”€â”€ test_agents.py â”€â”€â”€â”€â”€â”€â”€â”€â”€â”€â”€â”€â”€â”€â”€â”€â”€â”€â”€â”€â”€â”€â”€â”€â”€â”€â”€â”€â”€â”€â”€â”€â”€â”€â”€â”€â”€â”€â”€â”€â”€â”€â”€â”€â”€â”€
test_agents.py
  ✅ BaseAgent is abstract
  ✅ A_prior in registry
  ✅ B_hyp in registry
  ✅ C_novel in registry
  ✅ registry has 3 agents
  ✅ make_agent A_prior is PriorAgent
  ✅ make_agent C_novel is NoveltyAgent
  ✅ make_agent B_hyp is HypothesisAgent
  ✅ make_agent unknown raises ValueError
  ✅ AgentResult.agent
  ✅ AgentResult.seed
  ✅ AgentResult.discovered default False
  ✅ AgentResult.ttd default None
  ✅ AgentResult.total_steps default 0
  ✅ AgentResult.ablation_variant default empty
  ✅ AgentA result is AgentResult
  ✅ AgentA result.agent
  ✅ AgentA result.seed
  ✅ AgentA result.total_steps > 0
  ✅ AgentA deterministic steps
  ✅ AgentA deterministic discovery
  ✅ AgentA S0 discovery ≤ 5% (got 0.00)
  ✅ AgentC result is AgentResult
  ✅ AgentC result.agent
  ✅ AgentC result.seed
  ✅ AgentC result.total_steps > 0
  ✅ AgentC discovers trivial env
  ✅ AgentB result is AgentResult
  ✅ AgentB result.agent
  ✅ AgentB result.seed
  ✅ AgentB has hypotheses_tracked
  ✅ AgentB has hyp_steps
  ✅ AgentB result.total_steps > 0
  ✅ Hypothesis has id
  ✅ Hypothesis has falsified
  ✅ Hypothesis has tested_steps
  ✅ Hypothesis has is_decoy
  ✅ Hypothesis has id
  ✅ Hypothesis has falsified
  ✅ Hypothesis has tested_steps
  ✅ Hypothesis has is_decoy
  ✅ AgentB S0 discovery ≥ 80% (got 1.00)
  ✅ B-no-EIG is HypothesisAgent
  ✅ B-no-EIG config.use_eig is False
  ✅ B-no-EIG ablation_variant
  ✅ B-no-kill is HypothesisAgent
  ✅ B-no-kill config.use_kill_condition is False
  ✅ B-no-kill ablation_variant
  ✅ B-static is HypothesisAgent
  ✅ B-static config.static_beliefs is True
  ✅ B-static ablation_variant
  ✅ B-full is HypothesisAgent
  ✅ B-full use_eig True
  ✅ B-full use_kill_condition True
  ✅ B-full static_beliefs False
  ✅ B-full ablation_variant empty
  ✅ unknown ablation raises ValueError

PASS (0 failed)

â”€â”€ test_alert_rules_testable.py â”€â”€â”€â”€â”€â”€â”€â”€â”€â”€â”€â”€â”€â”€â”€â”€â”€â”€â”€â”€â”€â”€â”€â”€â”€â”€â”€â”€â”€â”€â”€â”€
test_alert_rules_testable (MEDIUM-002) -- 10 checks
============================================================
  [PASS] medium002_01_no_events_no_alert
  [PASS] medium002_02_below_threshold_no_alert
  [PASS] medium002_03_above_threshold_alert_fires
  [PASS] medium002_04_stale_events_out_of_window
  [PASS] medium002_05_denied_actions_below_threshold
  [PASS] medium002_06_denied_actions_above_threshold
  [PASS] medium002_07_non_denied_errors_not_counted
  [PASS] medium002_08_custom_window
  [PASS] medium002_09_missing_db_path_no_crash
  [PASS] medium002_10_alert_schema_fields
============================================================
PASS 10/10 (0 failures)
......
----------------------------------------------------------------------
Ran 6 tests in 0.594s

OK

â”€â”€ test_awareness_ask_bridge.py â”€â”€â”€â”€â”€â”€â”€â”€â”€â”€â”€â”€â”€â”€â”€â”€â”€â”€â”€â”€â”€â”€â”€â”€â”€â”€â”€â”€â”€â”€â”€â”€

â”€â”€ test_bcm_real_sources.py â”€â”€â”€â”€â”€â”€â”€â”€â”€â”€â”€â”€â”€â”€â”€â”€â”€â”€â”€â”€â”€â”€â”€â”€â”€â”€â”€â”€â”€â”€â”€â”€â”€â”€â”€â”€
  ✅ acquisition: فلگ روشن + بدون داده → None
  ✅ archive: فلگ روشن + بدون db → None
  ✅ acquisition: فلگ خاموش → None حتی با دادهٔ واقعی
  ✅ acquisition: فلگ روشن + ledgerِ واقعی
  ✅ archive: فلگ خاموش → None حتی با دادهٔ واقعی
  ✅ archive: فلگ روشن + verdictِ واقعی ترجمه می‌شود
  ✅ consolidation_beat: فلگ‌های نو خاموش = baseline
  ✅ consolidation_beat: فلگ‌های نو روشن → verified_sources
  ✅ اثباتِ اثر: bcm.step با دادهٔ واقعی از baseline متفاوت است

OK test_bcm_real_sources: 9/9 passed, 0 failed

â”€â”€ test_beat_lease.py â”€â”€â”€â”€â”€â”€â”€â”€â”€â”€â”€â”€â”€â”€â”€â”€â”€â”€â”€â”€â”€â”€â”€â”€â”€â”€â”€â”€â”€â”€â”€â”€â”€â”€â”€â”€â”€â”€â”€â”€â”€â”€
.................                                                        [100%]
17 passed in 15.99s
test_expired_lease_can_be_stolen_once (__main__.BeatLeaseTests.test_expired_lease_can_be_stolen_once) ... ok
test_flag_off_allows_beat_without_file (__main__.BeatLeaseTests.test_flag_off_allows_beat_without_file) ... ok
test_flag_on_without_hmac_denies (__main__.BeatLeaseTests.test_flag_on_without_hmac_denies) ... ok
test_flag_on_without_lease_denies (__main__.BeatLeaseTests.test_flag_on_without_lease_denies) ... ok
test_holder_beats_other_denied (__main__.BeatLeaseTests.test_holder_beats_other_denied) ... ok
test_release_lets_the_other_side_take_over (__main__.BeatLeaseTests.test_release_lets_the_other_side_take_over) ... ok
test_renew_extends_ttl_same_generation (__main__.BeatLeaseTests.test_renew_extends_ttl_same_generation) ... ok
test_shadow_must_not_acquire (__main__.BeatLeaseTests.test_shadow_must_not_acquire) ... ok
test_tamper_is_not_a_steal_opportunity (__main__.BeatLeaseTests.test_tamper_is_not_a_steal_opportunity) ... ok
test_ttl_is_sixty_seconds (__main__.BeatLeaseTests.test_ttl_is_sixty_seconds) ... ok

----------------------------------------------------------------------
Ran 10 tests in 0.124s

OK

â”€â”€ test_beat_ownership_lease_20260816.py â”€â”€â”€â”€â”€â”€â”€â”€â”€â”€â”€â”€â”€â”€â”€â”€â”€â”€â”€â”€â”€â”€â”€

â”€â”€ test_bitemporal_spine_spec.py â”€â”€â”€â”€â”€â”€â”€â”€â”€â”€â”€â”€â”€â”€â”€â”€â”€â”€â”€â”€â”€â”€â”€â”€â”€â”€â”€â”€â”€â”€â”€

â”€â”€ test_board_cp.py â”€â”€â”€â”€â”€â”€â”€â”€â”€â”€â”€â”€â”€â”€â”€â”€â”€â”€â”€â”€â”€â”€â”€â”€â”€â”€â”€â”€â”€â”€â”€â”€â”€â”€â”€â”€â”€â”€â”€â”€â”€â”€â”€â”€
  PASS  t_gate0_rejects_board_hosts_and_8796
  PASS  t_default_flag_off_no_pull
  PASS  t_task_always_owner_required
  PASS  t_ask_pull_ack_when_armed
  PASS  t_source_has_no_board_sockets
  PASS  t_chat_intent_queues_not_sends
  PASS  t_panel_callbacks_same_queue
  PASS  t_legs_not_stolen
  PASS  t_board_command_not_sent_to_model
  PASS  t_http_owner_vs_bearer
  PASS  t_gateway_allowlist_and_no_initdata_on_pull
  PASS  t_control_url_not_in_queue_payload_as_board_api
OK 12/12

â”€â”€ test_board_cp_server.py â”€â”€â”€â”€â”€â”€â”€â”€â”€â”€â”€â”€â”€â”€â”€â”€â”€â”€â”€â”€â”€â”€â”€â”€â”€â”€â”€â”€â”€â”€â”€â”€â”€â”€â”€â”€â”€
  PASS  t_tls_handshake_and_pull_empty_ok
  PASS  t_pull_without_bearer_401
  PASS  t_pull_wrong_bearer_401
  PASS  t_unknown_path_404
  PASS  t_ack_requires_bearer_and_message_id
  PASS  t_flag_off_makes_503
  PASS  t_env_loader_parses_both_formats
OK 7/7

â”€â”€ test_c047_preflight.py â”€â”€â”€â”€â”€â”€â”€â”€â”€â”€â”€â”€â”€â”€â”€â”€â”€â”€â”€â”€â”€â”€â”€â”€â”€â”€â”€â”€â”€â”€â”€â”€â”€â”€â”€â”€â”€â”€

â”€â”€ test_capability_classifier.py â”€â”€â”€â”€â”€â”€â”€â”€â”€â”€â”€â”€â”€â”€â”€â”€â”€â”€â”€â”€â”€â”€â”€â”€â”€â”€â”€â”€â”€â”€â”€
  ✅ all-capabilities-have-nine-fields
  ✅ flag-on-not-equal-executed
  ✅ artifact-fresh-not-equal-consumed
  ✅ missing-evidence-is-unknown
  ✅ unknown-reasons-explained
  ✅ display-only-not-decision-changing
  ✅ context-injection-is-context
  ✅ proposal-wired-classified
  ✅ read-only-does-not-write-state
  ✅ summary-counts-present
  ✅ freshness-threshold-configurable
  ✅ stale-artifact-detected

â”€â”€ test_center_notif_inbox.py â”€â”€â”€â”€â”€â”€â”€â”€â”€â”€â”€â”€â”€â”€â”€â”€â”€â”€â”€â”€â”€â”€â”€â”€â”€â”€â”€â”€â”€â”€â”€â”€â”€â”€
  ✅ t_flag_off_calls_route_send_and_marks_flushed_on_success
  ✅ t_flag_on_inbox_write_failure_never_marks_flushed
  ✅ t_flag_on_pushes_to_inbox_never_calls_route_send_still_marks_flushed

✅ test_center_notif_inbox: 3/3

â”€â”€ test_chat_log.py â”€â”€â”€â”€â”€â”€â”€â”€â”€â”€â”€â”€â”€â”€â”€â”€â”€â”€â”€â”€â”€â”€â”€â”€â”€â”€â”€â”€â”€â”€â”€â”€â”€â”€â”€â”€â”€â”€â”€â”€â”€â”€â”€â”€
  ✅ t_append_writes_jsonl
  ✅ t_as_context_block_contains_roles
  ✅ t_empty_when_no_file
  ✅ t_fail_soft_bad_dir
  ✅ t_limit
  ✅ t_may_authorize_always_false
  ✅ t_recent_newest_first
  ✅ t_redact_initdata_never_saved
  ✅ t_redact_len_cap
  ✅ t_redact_secret_patterns
  ✅ t_run_id_and_model_source_preserved

chat_log: 11/11 passed

â”€â”€ test_chatbox_unified.py â”€â”€â”€â”€â”€â”€â”€â”€â”€â”€â”€â”€â”€â”€â”€â”€â”€â”€â”€â”€â”€â”€â”€â”€â”€â”€â”€â”€â”€â”€â”€â”€â”€â”€â”€â”€â”€
  ✅ [P] دو مغز + 4D صادق
  ✅ [P] brain_pulse file-bridge
  ✅ [P] never authorizes
  ✅ [P] missing state fail-soft
  ✅ [Q] BCM توضیح با status
  ✅ [Q] sigma اثر صادق
  ✅ [Q] معادلهٔ ناشناخته ادعا نشود
  ✅ [Q] معماری با path
  ✅ [S] session roundtrip + isolation
  ✅ [S] memory proposal نه commit
  ✅ [S] session clear
  ✅ [Q:intent] equation intent
  ✅ [Q:intent] effect proposal-only
  ✅ [Q:intent] evidence honest

â”€â”€ test_circuit_breaker_backoff_window.py â”€â”€â”€â”€â”€â”€â”€â”€â”€â”€â”€â”€â”€â”€â”€â”€â”€â”€â”€â”€â”€â”€
  ✅ ۱ چرخهٔ دومِ OPEN نیازِ cooldownِ بلندتر دارد
  ✅ ۲ بک‌آف سقف‌دار است
  ✅ ۳ closeِ واقعی بک‌آف را صفر می‌کند
  ✅ ۴ providerِ پوسته‌پوسته از مسیرِ پنجره trip می‌کند
  ✅ ۵ پنجره حداقلِ نمونه لازم دارد
  ✅ ۶ شکست‌هایِ همان چرخه یک‌بار alert می‌شوند
  ✅ ۷ alertِ ریکاوری روی closeِ واقعی

â”€â”€ test_clade_ledger.py â”€â”€â”€â”€â”€â”€â”€â”€â”€â”€â”€â”€â”€â”€â”€â”€â”€â”€â”€â”€â”€â”€â”€â”€â”€â”€â”€â”€â”€â”€â”€â”€â”€â”€â”€â”€â”€â”€â”€â”€

â”€â”€ test_close_hf_expected_absent_20260816.py â”€â”€â”€â”€â”€â”€â”€â”€â”€â”€â”€â”€â”€â”€â”€â”€â”€â”€â”€

â”€â”€ test_close_ipred_dead_import_20260816.py â”€â”€â”€â”€â”€â”€â”€â”€â”€â”€â”€â”€â”€â”€â”€â”€â”€â”€â”€â”€

â”€â”€ test_close_kernel_integrity_20260816.py â”€â”€â”€â”€â”€â”€â”€â”€â”€â”€â”€â”€â”€â”€â”€â”€â”€â”€â”€â”€â”€

â”€â”€ test_close_reason_ask_budget_20260816.py â”€â”€â”€â”€â”€â”€â”€â”€â”€â”€â”€â”€â”€â”€â”€â”€â”€â”€â”€â”€

â”€â”€ test_close_tcb_model_listed_20260816.py â”€â”€â”€â”€â”€â”€â”€â”€â”€â”€â”€â”€â”€â”€â”€â”€â”€â”€â”€â”€â”€

â”€â”€ test_cognitive_events.py â”€â”€â”€â”€â”€â”€â”€â”€â”€â”€â”€â”€â”€â”€â”€â”€â”€â”€â”€â”€â”€â”€â”€â”€â”€â”€â”€â”€â”€â”€â”€â”€â”€â”€â”€â”€
  ✅ run_id unique
  ✅ start_run creates events
  ✅ sequence monotonic
  ✅ no raw text persisted
  ✅ may_authorize always false
  ✅ complete_run terminal
  ✅ fail_run
  ✅ run_summary
  ✅ list_events after sequence
  ✅ duplicate run_id idempotent

â”€â”€ test_cognitive_unify.py â”€â”€â”€â”€â”€â”€â”€â”€â”€â”€â”€â”€â”€â”€â”€â”€â”€â”€â”€â”€â”€â”€â”€â”€â”€â”€â”€â”€â”€â”€â”€â”€â”€â”€â”€â”€â”€
  ✅ gateway-inject-collab-flag
  ✅ gateway-inject-before-app
  ✅ app-js-default-collab-mode
  ✅ discovery-facade-provenance
  ✅ world-discovery-uses-facade
  ✅ talk-policy-send-needs-owner
  ✅ approval-sm-fail-closed
  ✅ approval-state-fingerprint
  ✅ criticality-v2-shadow
  ✅ pulse-shadow-compare
  ✅ collaborator-draft-no-effect

â”€â”€ test_collab_model_evidence.py â”€â”€â”€â”€â”€â”€â”€â”€â”€â”€â”€â”€â”€â”€â”€â”€â”€â”€â”€â”€â”€â”€â”€â”€â”€â”€â”€â”€â”€â”€â”€
  PASS  t_evidence_kinds_subset_of_llm_kinds
  PASS  t_runtime_evidence_passed_to_model
  PASS  t_discover_stays_stub
  PASS  t_intro_and_honest_self_stay_stub
  PASS  t_deny_and_fixed_kinds_stay_stub
  PASS  t_model_failure_falls_back_to_template
  PASS  t_clarify_chat_get_no_template_evidence
  PASS  t_handle_integration_runtime_evidence
  PASS  t_evidence_capped_length

9/9 passed

â”€â”€ test_connector_gateway.py â”€â”€â”€â”€â”€â”€â”€â”€â”€â”€â”€â”€â”€â”€â”€â”€â”€â”€â”€â”€â”€â”€â”€â”€â”€â”€â”€â”€â”€â”€â”€â”€â”€â”€â”€
============================================================
test_connector_gateway (G9 CONNECTORS)
============================================================

--- Schema: builtin connectors ---
  [PASS] builtin_telegram_valid
  [PASS] builtin_telegram_id_matches
  [PASS] builtin_telegram_risk_is_enum
  [PASS] builtin_telegram_read_is_enum
  [PASS] builtin_telegram_write_is_enum
  [PASS] builtin_github_valid
  [PASS] builtin_github_id_matches
  [PASS] builtin_github_risk_is_enum
  [PASS] builtin_github_read_is_enum
  [PASS] builtin_github_write_is_enum
  [PASS] builtin_huggingface_valid
  [PASS] builtin_huggingface_id_matches
  [PASS] builtin_huggingface_risk_is_enum
  [PASS] builtin_huggingface_read_is_enum
  [PASS] builtin_huggingface_write_is_enum
  [PASS] builtin_email_valid
  [PASS] builtin_email_id_matches
  [PASS] builtin_email_risk_is_enum
  [PASS] builtin_email_read_is_enum
  [PASS] builtin_email_write_is_enum
  [PASS] builtin_finance_valid
  [PASS] builtin_finance_id_matches
  [PASS] builtin_finance_risk_is_enum
  [PASS] builtin_finance_read_is_enum
  [PASS] builtin_finance_write_is_enum
  [PASS] builtin_healthkit_valid
  [PASS] builtin_healthkit_id_matches
  [PASS] builtin_healthkit_risk_is_enum
  [PASS] builtin_healthkit_read_is_enum
  [PASS] builtin_healthkit_write_is_enum

--- Schema: health must be read-only ---
  [PASS] health_write_rejected

--- Schema: finance read-only or draft ---
  [PASS] finance_direct_write_rejected

--- Schema: forbidden risk_class rejected ---
  [PASS] forbidden_rejected

--- Schema: invalid connector_id ---
  [PASS] bad_id_
  [PASS] bad_id_AAAAAAAAAA
  [PASS] bad_id_123
  [PASS] bad_id_-bad
  [PASS] bad_id_has space
  [PASS] bad_id_UPPER

--- Schema: serialization round-trip ---
  [PASS] to_dict_returns_dict
  [PASS] to_dict_id
  [PASS] to_dict_risk_class
  [PASS] from_dict_id_match
  [PASS] from_dict_risk_match
  [PASS] from_dict_write_match

--- Schema: JSON Schema ---
  [PASS] json_schema_is_dict
  [PASS] json_schema_id
  [PASS] connector_id_required
  [PASS] risk_class_required

--- Registry: seed ---
  [PASS] seed_size_6
  [PASS] seed_has_telegram
  [PASS] seed_has_github
  [PASS] seed_has_huggingface
  [PASS] seed_has_email
  [PASS] seed_has_finance
  [PASS] seed_has_healthkit

--- Registry: unknown lookup ---
  [PASS] unknown_is_none
  [PASS] empty_is_none
  [PASS] case_sensitive_none

--- Registry: register custom ---
  [PASS] register_custom
  [PASS] size_after_register
  [PASS] lookup_custom

--- Registry: revoke ---
  [PASS] revoke_telegram
  [PASS] is_revoked
  [PASS] lookup_revoked_none
  [PASS] size_after_revoke

--- Registry: re-register revoked ---
  [PASS] re_register
  [PASS] not_revoked_after_re_register
  [PASS] lookup_after_re_register

--- Registry: list_all ---
  [PASS] list_all_with_revoked
  [PASS] list_active_only
  [PASS] email_status_revoked

--- Registry: audit trail ---
  [PASS] audit_has_seed_entries
  [PASS] seed_register_events
  [PASS] revoke_event

--- Registry: audit persist ---
  [PASS] audit_file_lines=7
  [PASS] audit_schema

--- Telegram: read allowed ---
  [PASS] tg_read_allowed
  [PASS] tg_read_reason
  [PASS] tg_risk_class

--- Telegram: write denied (draft scope) ---
  [PASS] tg_write_denied
  [PASS] tg_write_reason

--- Telegram: draft allowed ---
  [PASS] tg_draft_allowed

--- Telegram: target allowlist ---
  [PASS] tg_target_allowed_dm
  [PASS] tg_target_blocked
  [PASS] tg_target_blocked_reason

--- Telegram: disconnect ---
  [PASS] tg_disconnect_allowed

--- GitHub: read allowed ---
  [PASS] gh_read_allowed
  [PASS] gh_risk_class

--- GitHub: write denied (owner_gate=always) ---
  [PASS] gh_write_denied
  [PASS] gh_write_approval_required

--- GitHub: write dry-run ---
  [PASS] gh_write_dryrun_allowed
  [PASS] gh_write_dryrun_flag
  [PASS] gh_write_dryrun_approval

--- HuggingFace: read allowed ---
  [PASS] hf_read_allowed
  [PASS] hf_risk_class

--- HuggingFace: write denied ---
  [PASS] hf_write_denied
  [PASS] hf_write_reason

--- Email: read with consent ---
  [PASS] email_read_with_consent
  [PASS] email_redacted_flag

--- Email: read without consent ---
  [PASS] email_read_no_consent
  [PASS] email_no_consent_reason

--- Email: read consent denied ---
  [PASS] email_read_consent_denied
  [PASS] email_consent_denied_reason

--- Email: write denied ---
  [PASS] email_write_denied

--- Finance: read with consent ---
  [PASS] fin_read_allowed
  [PASS] fin_redacted
  [PASS] fin_risk_class

--- Finance: read without consent ---
  [PASS] fin_read_no_consent

--- Finance: write denied ---
  [PASS] fin_write_denied

--- Finance: draft denied ---
  [PASS] fin_draft_denied

--- HealthKit: read with consent ---
  [PASS] hk_read_allowed
  [PASS] hk_redacted

--- HealthKit: read without consent ---
  [PASS] hk_read_no_consent

--- HealthKit: write denied ---
  [PASS] hk_write_denied

--- Gateway: unknown connector ---
  [PASS] unknown_denied
  [PASS] unknown_reason

--- Gateway: invalid action ---
  [PASS] invalid_action_denied
  [PASS] invalid_action_reason

--- Gateway: empty action ---
  [PASS] empty_action_denied

--- Gateway: revoked connector ---
  [PASS] revoked_denied
  [PASS] revoked_reason

--- Gateway: dry-run mode ---
  [PASS] dryrun_read_allowed
  [PASS] dryrun_flag

--- Gateway: audit trail ---
  [PASS] audit_3_entries
  [PASS] audit_0_connector
  [PASS] audit_0_allowed
  [PASS] audit_0_action
  [PASS] audit_1_denied
  [PASS] audit_2_denied

--- Gateway: audit persist ---
  [PASS] gw_audit_file_lines=7
  [PASS] gw_audit_schema
  [PASS] gw_audit_has_request_id

--- Gateway: stats ---
  [PASS] stats_total
  [PASS] stats_registry_size

--- Redaction: PII ---
  [PASS] phone_redacted
  [PASS] email_removed
  [PASS] email_redacted

--- Redaction: dict keys ---
  [PASS] name_not_redacted
  [PASS] email_redacted
  [PASS] balance_redacted
  [PASS] heart_rate_redacted
  [PASS] normal_visible

--- Redaction: nested ---
  [PASS] nested_email
  [PASS] nested_phone

--- Redaction: list ---
  [PASS] list_email_redacted
  [PASS] list_normal_preserved
  [PASS] list_phone_redacted

--- Adversarial: connector_id injection ---
  [PASS] adv_id_../etc/passw
  [PASS] adv_id_; rm -rf /
  [PASS] adv_id_../../.env
  [PASS] adv_id_CONNECTION; 
  [PASS] adv_id_telegram evi

--- Adversarial: target injection ---
  [PASS] adv_target_owner_outer_
  [PASS] adv_target_../../../etc
  [PASS] adv_target_owner_outer_

--- Adversarial: consent checker error ---
  [PASS] consent_error_denied
  [PASS] consent_error_reason

--- Adversarial: minimal request ---
  [PASS] empty_request_denied

--- Data classes: serialization ---
  [PASS] req_to_dict
  [PASS] req_dict_id
  [PASS] resp_schema
  [PASS] resp_allowed

--- Data classes: response JSON safe ---
  [PASS] resp_json_safe

--- Isolation: revoke doesn't cascade ---
  [PASS] github_still_allowed_after_tg_revoke
  [PASS] hf_still_allowed_after_tg_revoke

--- Isolation: consent per-connector ---
  [PASS] email_consent_ok
  [PASS] finance_consent_denied
  [PASS] hf_no_consent_needed

--- Isolation: write scope per-connector ---
  [PASS] tg_write_denied_scope
  [PASS] hf_write_denied_scope
  [PASS] hf_write_none_reason
  [PASS] tg_draft_allowed_scope
  [PASS] hf_draft_denied_scope

--- Convenience: default_gateway ---
  [PASS] default_gw_hf_read
  [PASS] default_gw_registry_size

============================================================
test_connector_gateway: 176/176 passed (0 failures)
============================================================

â”€â”€ test_consent_materialize.py â”€â”€â”€â”€â”€â”€â”€â”€â”€â”€â”€â”€â”€â”€â”€â”€â”€â”€â”€â”€â”€â”€â”€â”€â”€â”€â”€â”€â”€â”€â”€â”€â”€
  ✅ t_b2b_lead_gets_consent_current
  ✅ t_firewall_blocks_market_signal_outreach
  ✅ t_inbound_lead_gets_consent_current
  ✅ t_market_signal_no_consent_current

✅ test_consent_materialize: 4/4

â”€â”€ test_consolidate_shadow.py â”€â”€â”€â”€â”€â”€â”€â”€â”€â”€â”€â”€â”€â”€â”€â”€â”€â”€â”€â”€â”€â”€â”€â”€â”€â”€â”€â”€â”€â”€â”€â”€â”€â”€
  ✅ t_archived_is_verbatim_copy
  ✅ t_cursor_makes_it_idempotent
  ✅ t_flag_off_is_real_noop
  ✅ t_flag_on_consolidates_with_salience
  ✅ t_salience_math_incident_beats_heartbeat

✅ test_consolidate_shadow: 5/5

â”€â”€ test_consolidation_fuzzy_dedup.py â”€â”€â”€â”€â”€â”€â”€â”€â”€â”€â”€â”€â”€â”€â”€â”€â”€â”€â”€â”€â”€â”€â”€â”€â”€â”€â”€
  ✅ t_a_flag_off_is_byte_identical
  ✅ t_b_flag_on_folds_high_overlap_paraphrase
  ✅ t_c_single_digit_change_is_not_duplicate
  ✅ t_d_latent_vector_row_never_folded
  ✅ t_e_fail_soft_on_corrupt_history
  ✅ t_f_window_and_threshold_env_knobs

✅ test_consolidation_fuzzy_dedup: 6/6

â”€â”€ test_containment.py â”€â”€â”€â”€â”€â”€â”€â”€â”€â”€â”€â”€â”€â”€â”€â”€â”€â”€â”€â”€â”€â”€â”€â”€â”€â”€â”€â”€â”€â”€â”€â”€â”€â”€â”€â”€â”€â”€â”€â”€â”€
test_containment (G8) -- 71 checks
============================================================
  [PASS] accept_01_loop_storm_detected_and_blocked
  [PASS] accept_02_kill_then_no_side_effects
  [PASS] accept_03_full_pipeline_risk_to_audit
  [PASS] accept_04_budget_and_circuit_together
  [PASS] agent_01_initial_state_active
  [PASS] agent_02_normal_operation_within_thresholds
  [PASS] agent_03_retry_storm_trips_circuit
  [PASS] agent_04_action_storm_trips_circuit
  [PASS] agent_05_killed_agent_permanently_blocked
  [PASS] agent_06_cooldown_recovery
  [PASS] agent_07_degraded_state_warning
  [PASS] agent_08_record_action_updates_state
  [PASS] agent_09_state_serializable
  [PASS] agent_10_killed_agent_cooldown_does_not_recover
  [PASS] approval_01_issue_and_verify
  [PASS] approval_02_tampered_signature_detected
  [PASS] approval_03_expired_token_detected
  [PASS] approval_04_action_id_mismatch
  [PASS] approval_05_tool_name_mismatch
  [PASS] approval_06_target_mismatch
  [PASS] approval_07_arguments_mismatch
  [PASS] approval_08_nonce_replay_prevented
  [PASS] approval_09_no_hmac_key_fails_closed
  [PASS] approval_10_token_serializable
  [PASS] approval_11_arguments_hash_deterministic
  [PASS] audit_01_empty_chain_valid
  [PASS] audit_02_single_entry_valid
  [PASS] audit_03_chain_with_multiple_entries_valid
  [PASS] audit_04_tampered_decision_detected
  [PASS] audit_05_tampered_prev_hash_detected
  [PASS] audit_06_jsonl_round_trip
  [PASS] audit_07_hash_chain_propagation
  [PASS] audit_08_details_not_in_hash_content
  [PASS] audit_09_kill_event_recorded
  [PASS] audit_10_malformed_jsonl_skipped
  [PASS] kill_01_initial_state_allows_tasks
  [PASS] kill_02_agent_kill_blocks_specific_agent
  [PASS] kill_03_global_kill_blocks_all
  [PASS] kill_04_compensation_forbidden_after_kill
  [PASS] kill_05_kill_order_recorded
  [PASS] kill_06_kill_order_serializable
  [PASS] kill_07_global_kill_order_accessible
  [PASS] kill_08_no_unkill
  [PASS] kill_09_multiple_agent_kills
  [PASS] neg_01_empty_action_id
  [PASS] neg_02_none_arguments
  [PASS] neg_03_empty_tool_name
  [PASS] neg_04_audit_chain_double_append_same_seq
  [PASS] neg_05_budget_with_zero_limits
  [PASS] neg_06_agent_circuit_empty_state
  [PASS] neg_07_approval_verify_with_empty_nonce_store
  [PASS] risk_01_unknown_tool_is_irreversible
  [PASS] risk_02_known_tools_classified_correctly
  [PASS] risk_03_read_only_allowed_without_approval
  [PASS] risk_04_irreversible_denied_without_approval
  [PASS] risk_05_financial_denied_without_approval
  [PASS] risk_06_approved_irreversible_allowed
  [PASS] risk_07_kill_switch_blocks_everything
  [PASS] risk_08_circuit_open_blocks_action
  [PASS] risk_09_budget_exceeded_blocks_action
  [PASS] risk_10_dry_run_allows_but_shows_what_would_happen
  [PASS] risk_11_budget_state_tracking
  [PASS] risk_12_budget_exceeded_detection
  [PASS] risk_13_action_fingerprint_deterministic
  [PASS] risk_14_action_fingerprint_changes_with_args
  [PASS] risk_15_tier_comparison
  [PASS] risk_16_custom_classification
  [PASS] risk_17_decision_to_dict_serializable
  [PASS] risk_18_enforcement_order_kill_first
  [PASS] risk_19_enforcement_order_circuit_before_budget
  [PASS] risk_20_reversible_write_needs_no_approval
============================================================
PASS 71/71 (0 failures)

â”€â”€ test_context_assembler.py â”€â”€â”€â”€â”€â”€â”€â”€â”€â”€â”€â”€â”€â”€â”€â”€â”€â”€â”€â”€â”€â”€â”€â”€â”€â”€â”€â”€â”€â”€â”€â”€â”€â”€â”€
......                                                                   [100%]
6 passed in 6.73s

â”€â”€ test_control_plane_live_snapshot.py â”€â”€â”€â”€â”€â”€â”€â”€â”€â”€â”€â”€â”€â”€â”€â”€â”€â”€â”€â”€â”€â”€â”€â”€â”€

  ✅ schema غلط: control-plane.snapshot.v1
  ✅ sections باید دقیقاً ('organism', 'budget', 'brain', 'flags', 'approvals', 'memory', 'health', 'processes') باشد، نه ['organism', 'budget', 'brain', 'flags', 'approvals', 'memory', 'health', 'processes']
  ✅ بخشِ organism غایب است
  ✅ بخشِ organism dict نیست (نمایِ ثابت شکست)
  ✅ بخشِ budget غایب است
  ✅ بخشِ budget dict نیست (نمایِ ثابت شکست)
  ✅ بخشِ brain غایب است
  ✅ بخشِ brain dict نیست (نمایِ ثابت شکست)
  ✅ بخشِ flags غایب است
  ✅ بخشِ flags dict نیست (نمایِ ثابت شکست)
  ✅ بخشِ approvals غایب است
  ✅ بخشِ approvals dict نیست (نمایِ ثابت شکست)
  ✅ بخشِ memory غایب است
  ✅ بخشِ memory dict نیست (نمایِ ثابت شکست)
  ✅ بخشِ health غایب است
  ✅ بخشِ health dict نیست (نمایِ ثابت شکست)
  ✅ بخشِ processes غایب است
  ✅ بخشِ processes dict نیست (نمایِ ثابت شکست)
  ✅ snapshot با فایلِ خراب crash کرد
  ✅ fugu_quota باید dict باشد حتی با فایلِ خراب: {'day': None, 'used': 0, 'cap': 60, 'remaining': 60, 'consecutive_failures': None}
  ✅ precondition: فایل نباید وجود داشته باشد
  ✅ snapshot با فایلِ غایب crash کرد
  ✅ cache در پنجرهٔ TTL باید همان شیء را برگرداند (identical)
  ✅ بعد از cache_clear باید تازه بخواند (نه همان شیء)
  ✅ sections باید بعد از refresh ثابت بماند
  ✅ use_cache=False باید یک snapshotِ تازه برگرداند
  ✅ snapshot فایلِ نو ساخت (نقضِ read-only): set()
  ✅ snapshot کلیدِ canary را لمس کرد: 'untouched'
  ✅ snapshot کلیدِ env را حذف کرد: []
  ✅ 
  ✅ organism باید کلیدِ beat داشته باشد: ['beat', 'started', 'epoch_mode', 'frozen', 'halted', 'month', 'today', 'germline_lag_h', 'germline_alert', 'legs', 'n_legs']
  ✅ organism باید کلیدِ frozen داشته باشد: ['beat', 'started', 'epoch_mode', 'frozen', 'halted', 'month', 'today', 'germline_lag_h', 'germline_alert', 'legs', 'n_legs']
  ✅ organism باید کلیدِ halted داشته باشد: ['beat', 'started', 'epoch_mode', 'frozen', 'halted', 'month', 'today', 'germline_lag_h', 'germline_alert', 'legs', 'n_legs']
  ✅ organism باید کلیدِ legs داشته باشد: ['beat', 'started', 'epoch_mode', 'frozen', 'halted', 'month', 'today', 'germline_lag_h', 'germline_alert', 'legs', 'n_legs']
  ✅ health باید reachable=True باشد (نه unknown): {'n_orphan_modules': 0, 'n_dead_symbols': None, 'n_dark_gates': 309, 'n_partial_gates': 0, 'n_tuning_gates': 108, 'n_live_on_gates': 0, 'n_total_flags': 434, 'reachable': True, 'source': 'dark_capabilities.scan()'}
  ✅ n_dark_gates باید یک عددِ نامنفی باشد، نه 309: {'n_orphan_modules': 0, 'n_dead_symbols': None, 'n_dark_gates': 309, 'n_partial_gates': 0, 'n_tuning_gates': 108, 'n_live_on_gates': 0, 'n_total_flags': 434, 'reachable': True, 'source': 'dark_capabilities.scan()'}
  ✅ n_total_flags باید > 0 باشد: {'n_orphan_modules': 0, 'n_dead_symbols': None, 'n_dark_gates': 309, 'n_partial_gates': 0, 'n_tuning_gates': 108, 'n_live_on_gates': 0, 'n_total_flags': 434, 'reachable': True, 'source': 'dark_capabilities.scan()'}
  ✅ n_partial_gates باید int باشد: {'n_orphan_modules': 0, 'n_dead_symbols': None, 'n_dark_gates': 309, 'n_partial_gates': 0, 'n_tuning_gates': 108, 'n_live_on_gates': 0, 'n_total_flags': 434, 'reachable': True, 'source': 'dark_capabilities.scan()'}
  ✅ n_tuning_gates باید int باشد: {'n_orphan_modules': 0, 'n_dead_symbols': None, 'n_dark_gates': 309, 'n_partial_gates': 0, 'n_tuning_gates': 108, 'n_live_on_gates': 0, 'n_total_flags': 434, 'reachable': True, 'source': 'dark_capabilities.scan()'}
  ✅ n_live_on_gates باید int باشد: {'n_orphan_modules': 0, 'n_dead_symbols': None, 'n_dark_gates': 309, 'n_partial_gates': 0, 'n_tuning_gates': 108, 'n_live_on_gates': 0, 'n_total_flags': 434, 'reachable': True, 'source': 'dark_capabilities.scan()'}
  ✅ حذفِ بخشِ health باید t_all_eight را fail بدهد — ولی سبز ماند (تلهٔ جهش نتوانست)

== 0 failure(s) ==

â”€â”€ test_conversation_hub.py â”€â”€â”€â”€â”€â”€â”€â”€â”€â”€â”€â”€â”€â”€â”€â”€â”€â”€â”€â”€â”€â”€â”€â”€â”€â”€â”€â”€â”€â”€â”€â”€â”€â”€â”€â”€
  PASS  t_a_chat_request_validation
  PASS  t_b_chat_reply_validation
  PASS  t_c_router_explicit_mode
  PASS  t_d_router_auto_keyword_matching
  PASS  t_e_router_fallback
  PASS  t_f_service_stub_handle
  PASS  t_g_service_stub_guide
  PASS  t_h_service_provenance_structure
  PASS  t_i_service_limitations
  PASS  t_j_flag_off_disabled
  PASS  t_k_idempotency_in_provenance

11/11 passed

â”€â”€ test_cortex_rich_think_heart.py â”€â”€â”€â”€â”€â”€â”€â”€â”€â”€â”€â”€â”€â”€â”€â”€â”€â”€â”€â”€â”€â”€â”€â”€â”€â”€â”€â”€â”€
  💥 t_a_flag_off_no_heart_append: AttributeError: module 'cortex' has no attribute 'model_router'
  💥 t_b_dict_signal_renders_conceptual_not_raw: AttributeError: module 'cortex' has no attribute 'model_router'
  💥 t_c_partial_signal_still_safe: AttributeError: module 'cortex' has no attribute 'model_router'
  💥 t_d_missing_heart_file_no_crash: AttributeError: module 'cortex' has no attribute 'model_router'
  💥 t_e_backward_compat_string_signal: AttributeError: module 'cortex' has no attribute 'model_router'

❌ test_cortex_rich_think_heart: 0/5
   â†» Ø§Ø¬Ø±Ø§ÛŒ Ø¯ÙˆÙ…: Ù‚Ø±Ù…Ø²Ù-Ù¾Ø§ÛŒØ¯Ø§Ø± â†’ tests/_flaky/test_cortex_rich_think_heart.py.txt

â”€â”€ test_cost_receipt_costobs1.py â”€â”€â”€â”€â”€â”€â”€â”€â”€â”€â”€â”€â”€â”€â”€â”€â”€â”€â”€â”€â”€â”€â”€â”€â”€â”€â”€â”€â”€â”€â”€
.........                                                                [100%]
9 passed in 0.61s

â”€â”€ test_d10_abc_benchmark.py â”€â”€â”€â”€â”€â”€â”€â”€â”€â”€â”€â”€â”€â”€â”€â”€â”€â”€â”€â”€â”€â”€â”€â”€â”€â”€â”€â”€â”€â”€â”€â”€â”€â”€â”€
  ✅ randomization-reproducible
  ✅ different-seed-different-order
  ✅ no-cross-trial-state-leakage
  ✅ cache-isolation
  ✅ trace-has-parent-validity
  ✅ blinded-labels
  ✅ paired-analysis-present
  ✅ closed-testing-enforced
  ✅ cost-guardrail-present
  ✅ aa-leakage-detection
  ✅ verdict-in-valid-set
  ✅ namespace-separate-from-mining-d10
  ✅ no-network-or-model-in-harness
  ✅ deterministic-same-seed
  ✅ missing-trial-fail-closed
  ✅ custom-arms-injectable

â”€â”€ test_deep_scan_followups_20260807.py â”€â”€â”€â”€â”€â”€â”€â”€â”€â”€â”€â”€â”€â”€â”€â”€â”€â”€â”€â”€â”€â”€â”€â”€
  ✅ t_dashboard_post_has_body_size_guard
  ✅ t_gateway_fallback_redacts_bearer_and_email_patterns
  ✅ t_gateway_read_gate_zero_is_not_enough_without_dev_optin
  ✅ t_live_action_rate_limiter_blocks_after_window_capacity
  ✅ t_miniapp_state_cache_has_a_lock_and_uses_it
  ✅ t_neural_effect_shadow_applied_reflects_apply_flag_not_constant_false
  ✅ t_project_f_tables_are_wrapped_and_render_clears_orphan_timers

OK test_deep_scan_followups_20260807: 7/7

â”€â”€ test_deepseek_weekly_cap.py â”€â”€â”€â”€â”€â”€â”€â”€â”€â”€â”€â”€â”€â”€â”€â”€â”€â”€â”€â”€â”€â”€â”€â”€â”€â”€â”€â”€â”€â”€â”€â”€â”€
  ✅ no-log-file-zero-spend
  ✅ sums-only-deepseek-within-7-days
  ✅ malformed-lines-fail-soft
  ✅ under-cap-allows-default-20usd
  ✅ at-or-over-cap-denies
  ✅ custom-cap-via-env
  ✅ reserve-secondary-routes-to-weekly-gate
  ✅ reserve-primary-unchanged
  ✅ deepseek-cap-full-does-not-block-fugu

â”€â”€ test_doctor_vote_bridge.py â”€â”€â”€â”€â”€â”€â”€â”€â”€â”€â”€â”€â”€â”€â”€â”€â”€â”€â”€â”€â”€â”€â”€â”€â”€â”€â”€â”€â”€â”€â”€â”€â”€â”€
.....                                                                    [100%]
5 passed in 0.58s

â”€â”€ test_drawdown_enforcer.py â”€â”€â”€â”€â”€â”€â”€â”€â”€â”€â”€â”€â”€â”€â”€â”€â”€â”€â”€â”€â”€â”€â”€â”€â”€â”€â”€â”€â”€â”€â”€â”€â”€â”€â”€
  💥 پیش‌فرض: spike شناسایی می‌شود ولی halt نمی‌زند (shadow-only): AttributeError: module 'budget_gate' has no attribute 'DRAWDOWN_LOG'
  💥 HH_DRAWDOWN_ENFORCE=1: spike واقعاً halted می‌زند: AttributeError: module 'budget_gate' has no attribute 'DRAWDOWN_LOG'
  💥 زیرِ spike_pct → هرگز spike/halt: AttributeError: module 'budget_gate' has no attribute 'DRAWDOWN_LOG'
  💥 ورودیِ خارج از پنجرهٔ ۱ساعته prune/نادیده گرفته می‌شود: AttributeError: module 'budget_gate' has no attribute 'DRAWDOWN_LOG'
  💥 drawdown_status() فقط‌خواندنی است: AttributeError: module 'budget_gate' has no attribute 'DRAWDOWN_LOG'
  💥 spike_pct: yaml سخت‌تر از کف اعمال می‌شود: AttributeError: module 'budget_gate' has no attribute 'DRAWDOWN_LOG'
  💥 spike_pct: yaml شل‌تر از کف نادیده گرفته می‌شود: AttributeError: module 'budget_gate' has no attribute 'DRAWDOWN_LOG'
  💥 لاگِ drawdown-events.jsonl append-only است: AttributeError: module 'budget_gate' has no attribute 'DRAWDOWN_LOG'
  💥 رفتارِ legacy بدونِ spike دست‌نخورده: AttributeError: module 'budget_gate' has no attribute 'DRAWDOWN_LOG'
   â†» Ø§Ø¬Ø±Ø§ÛŒ Ø¯ÙˆÙ…: Ù‚Ø±Ù…Ø²Ù-Ù¾Ø§ÛŒØ¯Ø§Ø± â†’ tests/_flaky/test_drawdown_enforcer.py.txt

â”€â”€ test_dual_brain_veto.py â”€â”€â”€â”€â”€â”€â”€â”€â”€â”€â”€â”€â”€â”€â”€â”€â”€â”€â”€â”€â”€â”€â”€â”€â”€â”€â”€â”€â”€â”€â”€â”€â”€â”€â”€â”€â”€
============================= test session starts =============================
platform win32 -- Python 3.13.7, pytest-9.1.1, pluggy-1.6.0 -- C:\Program Files\Python313\python.exe
cachedir: .pytest_cache
hypothesis profile 'default'
rootdir: C:\Users\Armin\.zcode\tmp\octopus-heart-g4-20260825\_ops\tests
plugins: anyio-4.13.0, hypothesis-6.158.1, jaxtyping-0.3.11, langsmith-0.10.1
collecting ... collected 9 items

test_dual_brain_veto.py::test_mutual_veto_logic PASSED                   [ 11%]
test_dual_brain_veto.py::test_evaluate_records_with_trace_id PASSED      [ 22%]
test_dual_brain_veto.py::test_owner_notified_behind_flag PASSED          [ 33%]
test_dual_brain_veto.py::test_consensus_halt_requires_both PASSED        [ 44%]
test_dual_brain_veto.py::test_decision_domains PASSED                    [ 55%]
test_dual_brain_veto.py::test_dual_veto_recorded_spine_adapter PASSED    [ 66%]
test_dual_brain_veto.py::test_no_queue_or_stop_file_writes PASSED        [ 77%]
test_dual_brain_veto.py::test_supervisor_constitution_untouched PASSED   [ 88%]
test_dual_brain_veto.py::test_owner_verdict_registered PASSED            [100%]

============================== 9 passed in 0.77s ==============================

â”€â”€ test_ease_claim_unwired_20260816.py â”€â”€â”€â”€â”€â”€â”€â”€â”€â”€â”€â”€â”€â”€â”€â”€â”€â”€â”€â”€â”€â”€â”€â”€â”€

â”€â”€ test_ease_live_strip_20260816.py â”€â”€â”€â”€â”€â”€â”€â”€â”€â”€â”€â”€â”€â”€â”€â”€â”€â”€â”€â”€â”€â”€â”€â”€â”€â”€â”€â”€

â”€â”€ test_effector_registry.py â”€â”€â”€â”€â”€â”€â”€â”€â”€â”€â”€â”€â”€â”€â”€â”€â”€â”€â”€â”€â”€â”€â”€â”€â”€â”€â”€â”€â”€â”€â”€â”€â”€â”€â”€
  ✅ every entry has required fields
  ❌ status values are valid: bcm.learned_pressure: bad status 'armed-apply'
  ✅ wired has real actuator
  ✅ dead/display have evidence
  ✅ shadow can have null actuator
  ✅ counts are consistent
  ✅ helper lists match status
  ❌ evidence mentions real paths: bcm.learned_pressure: evidence should reference a real file path

❌ test_effector_registry: 6/8
   â†» Ø§Ø¬Ø±Ø§ÛŒ Ø¯ÙˆÙ…: Ù‚Ø±Ù…Ø²Ù-Ù¾Ø§ÛŒØ¯Ø§Ø± â†’ tests/_flaky/test_effector_registry.py.txt

â”€â”€ test_env_factory.py â”€â”€â”€â”€â”€â”€â”€â”€â”€â”€â”€â”€â”€â”€â”€â”€â”€â”€â”€â”€â”€â”€â”€â”€â”€â”€â”€â”€â”€â”€â”€â”€â”€â”€â”€â”€â”€â”€â”€â”€â”€
test_env_factory.py
  ✅ S0 grid_size
  ✅ S0 goal
  ✅ S0 deceptive
  ✅ S0 has walls
  ✅ S0 has 4 secret doors
  ✅ S0 doors correct
  ✅ S0 2 local optima
  ✅ S0 budget
  ✅ S0 benign no walls
  ✅ S0 benign no doors
  ✅ S0 benign no optima
  ✅ S0 reward at goal
  ✅ S0 reward at origin > 0
  ✅ S0 reward at optima (26, 6) > neighbor
  ✅ S0 reward at optima (6, 26) > neighbor
  ✅ S0 blocked by wall
  ✅ S0 normal move
  ✅ S0 boundary
  ✅ S0 door open passable
  ✅ S1 grid_size
  ✅ S1 has walls
  ✅ S1 has secret doors
  ✅ S1 has local optima
  ✅ S1 walls differ from S0
  ✅ S1 budget
  ✅ S1 wall (25, np.int64(23)) in bounds
  ✅ S1 wall (np.int64(16), 20) in bounds
  ✅ S1 wall (np.int64(16), 26) in bounds
  ✅ S1 wall (7, np.int64(23)) in bounds
  ✅ S1 wall (18, np.int64(23)) in bounds
  ✅ S1 wall (20, np.int64(23)) in bounds
  ✅ S1 wall (22, np.int64(23)) in bounds
  ✅ S1 wall (np.int64(16), 4) in bounds
  ✅ S1 wall (np.int64(16), 7) in bounds
  ✅ S1 wall (11, np.int64(23)) in bounds
  ✅ S1 wall (9, np.int64(23)) in bounds
  ✅ S1 wall (np.int64(16), 10) in bounds
  ✅ S1 wall (np.int64(16), 16) in bounds
  ✅ S1 wall (13, np.int64(23)) in bounds
  ✅ S1 wall (24, np.int64(23)) in bounds
  ✅ S1 wall (np.int64(16), 13) in bounds
  ✅ S1 wall (np.int64(16), 19) in bounds
  ✅ S1 wall (15, np.int64(23)) in bounds
  ✅ S1 wall (26, np.int64(23)) in bounds
  ✅ S1 wall (np.int64(16), 22) in bounds
  ✅ S1 wall (6, np.int64(23)) in bounds
  ✅ S1 wall (np.int64(16), 25) in bounds
  ✅ S1 wall (17, np.int64(23)) in bounds
  ✅ S1 wall (4, np.int64(23)) in bounds
  ✅ S1 wall (8, np.int64(23)) in bounds
  ✅ S1 wall (19, np.int64(23)) in bounds
  ✅ S1 wall (np.int64(16), 9) in bounds
  ✅ S1 wall (10, np.int64(23)) in bounds
  ✅ S1 wall (np.int64(16), 6) in bounds
  ✅ S1 wall (np.int64(16), 12) in bounds
  ✅ S1 wall (np.int64(16), 15) in bounds
  ✅ S1 wall (np.int64(16), 21) in bounds
  ✅ S1 wall (np.int64(16), 18) in bounds
  ✅ S1 wall (np.int64(16), 24) in bounds
  ✅ S1 wall (np.int64(16), 27) in bounds
  ✅ S1 wall (21, np.int64(23)) in bounds
  ✅ S1 wall (12, np.int64(23)) in bounds
  ✅ S1 wall (23, np.int64(23)) in bounds
  ✅ S1 wall (14, np.int64(23)) in bounds
  ✅ S1 wall (5, np.int64(23)) in bounds
  ✅ S1 wall (27, np.int64(23)) in bounds
  ✅ S1 wall (np.int64(16), 5) in bounds
  ✅ S1 wall (np.int64(16), 8) in bounds
  ✅ S1 wall (np.int64(16), 14) in bounds
  ✅ S1 wall (np.int64(16), 11) in bounds
  ✅ S1 wall (np.int64(16), 17) in bounds
  ✅ S1 wall (16, np.int64(23)) in bounds
  ✅ S2_reversed grid_size
  ✅ S2_reversed has walls
  ✅ S2_swapped grid_size
  ✅ S2_swapped has walls
  ✅ S2_budget_trap grid_size
  ✅ S2_budget_trap has walls
  ✅ S2_mid_run_flip grid_size
  ✅ S2_mid_run_flip has walls
  ✅ S2_reversed optima shifted
  ✅ S2_swapped high optima
  ✅ S2_budget_trap extra optima
  ✅ S3 grid=16 size
  ✅ S3 grid=16 goal in bounds
  ✅ S3 grid=24 size
  ✅ S3 grid=24 goal in bounds
  ✅ S3 grid=40 size
  ✅ S3 grid=40 goal in bounds
  ✅ S3 grid=48 size
  ✅ S3 grid=48 goal in bounds
  ✅ S3 sparse reward mode
  ✅ S3 two-step has multi_goals
  ✅ S4 has noise
  ✅ S4 has drop_rate
  ✅ S4 observe returns Observation
  ✅ S4 observe has pos
  ✅ S4 step_with_failure valid
  ✅ S4 observe no crash
  ✅ S4 observe no crash
  ✅ S4 observe no crash
  ✅ S4 observe no crash
  ✅ S4 observe no crash
  ✅ S4 observe no crash
  ✅ S4 observe no crash
  ✅ S4 observe no crash
  ✅ S4 observe no crash
  ✅ S4 observe no crash
  ✅ S4 observe no crash
  ✅ S4 observe no crash
  ✅ S4 observe no crash
  ✅ S4 observe no crash
  ✅ S4 observe no crash
  ✅ S4 observe no crash
  ✅ S4 observe no crash
  ✅ S4 observe no crash
  ✅ S4 observe no crash
  ✅ S4 observe no crash
  ✅ S4 observe no crash
  ✅ S4 observe no crash
  ✅ S4 observe no crash
  ✅ S4 observe no crash
  ✅ S4 observe no crash
  ✅ S4 observe no crash
  ✅ S4 observe no crash
  ✅ S4 observe no crash
  ✅ S4 observe no crash
  ✅ S4 observe no crash
  ✅ S4 observe no crash
  ✅ S4 observe no crash
  ✅ S4 observe no crash
  ✅ S4 observe no crash
  ✅ S4 observe no crash
  ✅ S4 observe no crash
  ✅ S4 observe no crash
  ✅ S4 observe no crash
  ✅ S4 observe no crash
  ✅ S4 observe no crash
  ✅ S4 observe no crash
  ✅ S4 observe no crash
  ✅ S4 observe no crash
  ✅ S4 observe no crash
  ✅ S4 observe no crash
  ✅ S4 observe no crash
  ✅ S4 observe no crash
  ✅ S4 observe no crash
  ✅ S4 observe no crash
  ✅ S4 observe no crash
  ✅ S4 observe no crash
  ✅ S4 observe no crash
  ✅ S4 observe no crash
  ✅ S4 observe no crash
  ✅ S4 observe no crash
  ✅ S4 observe no crash
  ✅ S4 observe no crash
  ✅ S4 observe no crash
  ✅ S4 observe no crash
  ✅ S4 observe no crash
  ✅ S4 observe no crash
  ✅ S4 observe no crash
  ✅ S4 observe no crash
  ✅ S4 observe no crash
  ✅ S4 observe no crash
  ✅ S4 observe no crash
  ✅ S4 observe no crash
  ✅ S4 observe no crash
  ✅ S4 observe no crash
  ✅ S4 observe no crash
  ✅ S4 observe no crash
  ✅ S4 observe no crash
  ✅ S4 observe no crash
  ✅ S4 observe no crash
  ✅ S4 observe no crash
  ✅ S4 observe no crash
  ✅ S4 observe no crash
  ✅ S4 observe no crash
  ✅ S4 observe no crash
  ✅ S4 observe no crash
  ✅ S4 observe no crash
  ✅ S4 observe no crash
  ✅ S4 observe no crash
  ✅ S4 observe no crash
  ✅ S4 observe no crash
  ✅ S4 observe no crash
  ✅ S4 observe no crash
  ✅ S4 observe no crash
  ✅ S4 observe no crash
  ✅ S4 observe no crash
  ✅ S4 observe no crash
  ✅ S4 observe no crash
  ✅ S4 observe no crash
  ✅ S4 observe no crash
  ✅ S4 observe no crash
  ✅ S4 observe no crash
  ✅ S4 observe no crash
  ✅ S4 observe no crash
  ✅ S4 observe no crash
  ✅ S4 observe no crash
  ✅ S5 frac=0.25 budget
  ✅ S5 frac=0.5 budget
  ✅ S5 frac=0.75 budget
  ✅ S5 frac=1.0 budget
  ✅ S6 trivial no walls
  ✅ S6 trivial not deceptive
  ✅ S6 honest has walls
  ✅ S6 honest not deceptive
  ✅ S6 honest has gap
  ✅ S6 random not deceptive
  ✅ S8 goal_gap goal moved
  ✅ S8 telemetry_spike extra optima
  ✅ S8 telemetry_spike has (15,15)
  ✅ same config same hash
  ✅ different config different hash
  ✅ near_optimum at opt
  ✅ near_optimum not at origin

PASS (0 failed)

â”€â”€ test_epistemic_bayes.py â”€â”€â”€â”€â”€â”€â”€â”€â”€â”€â”€â”€â”€â”€â”€â”€â”€â”€â”€â”€â”€â”€â”€â”€â”€â”€â”€â”€â”€â”€â”€â”€â”€â”€â”€â”€â”€
  PASS  t_bayes_supporting_evidence_increases_belief
  PASS  t_bayes_contradicting_evidence_decreases_belief
  PASS  t_bayes_clip_bounds_delta
  PASS  t_bayes_dogmatic_prior_rejected
  PASS  t_bayes_invalid_likelihood_rejected
  PASS  t_posterior_from_delta_consistency
  PASS  t_score_band_never_changes_belief
  PASS  t_score_band_invalid_direction_rejected
  PASS  t_aggregate_disagreement_penalty
  PASS  t_aggregate_empty_is_zero
  PASS  t_family_guard_stops_manufactured_certainty
  PASS  t_family_guard_allows_distinct_families
  PASS  t_family_guard_rejects_empty_key
  PASS  t_discovery_net_value_computed
  PASS  t_discovery_negative_when_cost_dominates
  PASS  t_discovery_bounds_enforced
  PASS  t_evidence_score_band_model

17/17 passed

â”€â”€ test_epistemic_benchmark.py â”€â”€â”€â”€â”€â”€â”€â”€â”€â”€â”€â”€â”€â”€â”€â”€â”€â”€â”€â”€â”€â”€â”€â”€â”€â”€â”€â”€â”€â”€â”€â”€â”€
  PASS  t_benchmark_runs_and_returns_report
  PASS  t_benchmark_no_external_effects_in_any_arm
  PASS  t_benchmark_leakage_zero
  PASS  t_benchmark_receipts_written
  PASS  t_benchmark_go_verdict_criteria_complete
  PASS  t_format_report_is_honest

6/6 passed

â”€â”€ test_epistemic_c6c7.py â”€â”€â”€â”€â”€â”€â”€â”€â”€â”€â”€â”€â”€â”€â”€â”€â”€â”€â”€â”€â”€â”€â”€â”€â”€â”€â”€â”€â”€â”€â”€â”€â”€â”€â”€â”€â”€â”€
  PASS  t_panel_returns_state_dict
  PASS  t_panel_may_execute_always_false
  PASS  t_panel_dispatch_registered
  PASS  t_panel_dispatch_unknown_404
  PASS  t_gateway_read_api_includes_epistemic
  PASS  t_panel_shows_gate_status_honestly
  PASS  t_shadow_run_short_produces_report
  PASS  t_shadow_report_signing_is_tamper_evident
  PASS  t_shadow_may_execute_violation_flagged

9/9 passed

â”€â”€ test_epistemic_compose_build.py â”€â”€â”€â”€â”€â”€â”€â”€â”€â”€â”€â”€â”€â”€â”€â”€â”€â”€â”€â”€â”€â”€â”€â”€â”€â”€â”€â”€â”€
  PASS  t_facts_and_hypotheses_separated
  PASS  t_reality_claim_flagged_as_leakage
  PASS  t_disclosure_picks_strongest_non_reality
  PASS  t_render_text_handles_empty
  PASS  t_draft_from_metric_snapshot
  PASS  t_draft_none_when_no_metric
  PASS  t_draft_never_reality
  PASS  test_is_runnable_rejects_missing

8/8 passed

â”€â”€ test_epistemic_invariants.py â”€â”€â”€â”€â”€â”€â”€â”€â”€â”€â”€â”€â”€â”€â”€â”€â”€â”€â”€â”€â”€â”€â”€â”€â”€â”€â”€â”€â”€â”€â”€â”€
  PASS  t_worldmode_enum_closed
  PASS  t_executionscope_enum_closed
  PASS  t_claim_defaults_worldmode_hypothesis
  PASS  t_reality_worldmode_forbidden_on_claim
  PASS  t_non_reality_worldmodes_allowed
  PASS  t_assumption_model_strict
  PASS  t_evidencelink_relevance_bounds
  PASS  t_full_8part_claim_constructs
  PASS  t_ten_invariants_registered
  PASS  t_every_invariant_has_statement_and_enforcement
  PASS  t_structural_invariants_subset
  PASS  t_invariant1_no_true_outcome
  PASS  t_invariant9_inconclusive_zero_delta
  PASS  t_invariant10_may_execute_never_true
  PASS  t_receipt_has_world_mode
  PASS  t_world_mode_consistency_detects_drift
  PASS  t_receipt_world_mode_membership
  PASS  t_legacy_claim_without_new_fields_still_works
  PASS  t_legacy_receipt_without_worldmode_works

19/19 passed

â”€â”€ test_epistemic_runner.py â”€â”€â”€â”€â”€â”€â”€â”€â”€â”€â”€â”€â”€â”€â”€â”€â”€â”€â”€â”€â”€â”€â”€â”€â”€â”€â”€â”€â”€â”€â”€â”€â”€â”€â”€â”€
  PASS  t_planner_happy_path
  PASS  t_planner_rejects_forbidden_type
  PASS  t_planner_rejects_unsafe_type
  PASS  t_planner_rejects_non_hypothesis_claim
  PASS  t_planner_caps_are_min_of_plan_and_policy
  PASS  t_runner_completes_and_produces_receipt
  PASS  t_runner_falsifier_triggers_falsified
  PASS  t_runner_crash_yields_inconclusive_not_pass
  PASS  t_runner_halt_fail_closed
  PASS  t_runner_world_mode_carried_to_receipt
  PASS  t_runner_invalid_world_mode_defaults_to_hypothesis

11/11 passed

â”€â”€ test_epistemic_selector_metrics.py â”€â”€â”€â”€â”€â”€â”€â”€â”€â”€â”€â”€â”€â”€â”€â”€â”€â”€â”€â”€â”€â”€â”€â”€â”€â”€
  PASS  t_safe_and_forbidden_disjoint
  PASS  t_safe_set_matches_review
  PASS  t_forbidden_set_matches_review
  PASS  t_eligible_happy_path
  PASS  t_eligible_reality_claim_rejected
  PASS  t_eligible_forbidden_type_rejected
  PASS  t_eligible_unknown_type_fail_closed
  PASS  t_eligible_no_falsifier_rejected
  PASS  t_eligible_budget_exceeded
  PASS  t_eligible_risk_nonzero_rejected
  PASS  t_brier_perfect_is_zero
  PASS  t_brier_random_balanced
  PASS  t_calibration_perfect_is_zero
  PASS  t_unsupported_claim_rate
  PASS  test_claim_precision_complement
  PASS  t_ufbr_zero_pursued_is_zero
  PASS  t_ufbr_ratio
  PASS  t_leakage_rate_zero_by_default
  PASS  t_hypothesis_churn_healthy
  PASS  t_hypothesis_churn_accumulation_unhealthy
  PASS  t_go_no_go_passes_when_c_beats_a_cleanly
  PASS  t_go_no_go_fails_on_leakage
  PASS  t_go_no_go_fails_on_external_effect
  PASS  t_go_no_go_fails_when_c_not_better_than_a

24/24 passed

â”€â”€ test_evaluator_holdout.py â”€â”€â”€â”€â”€â”€â”€â”€â”€â”€â”€â”€â”€â”€â”€â”€â”€â”€â”€â”€â”€â”€â”€â”€â”€â”€â”€â”€â”€â”€â”€â”€â”€â”€â”€
  ✅ طلای آشکار در بسته نیست
  ✅ نمره فقط تجمیعی (نشت صفر)
  ✅ ریاضی بری‌ری روی مورد معلوم
  ✅ انجماد بازتولیدپذیر (seed)

â”€â”€ test_event_time_producers.py â”€â”€â”€â”€â”€â”€â”€â”€â”€â”€â”€â”€â”€â”€â”€â”€â”€â”€â”€â”€â”€â”€â”€â”€â”€â”€â”€â”€â”€â”€â”€â”€
Traceback (most recent call last):
  File "C:\Users\Armin\.zcode\tmp\octopus-heart-g4-20260825\_ops\tests\test_evidence_envelope_handshake.py", line 17, in <module>
    from handshake.envelope import (
    ...<6 lines>...
    )
ModuleNotFoundError: No module named 'handshake'

â”€â”€ test_evidence_envelope_handshake.py â”€â”€â”€â”€â”€â”€â”€â”€â”€â”€â”€â”€â”€â”€â”€â”€â”€â”€â”€â”€â”€â”€â”€â”€â”€
   â†» Ø§Ø¬Ø±Ø§ÛŒ Ø¯ÙˆÙ…: Ù‚Ø±Ù…Ø²Ù-Ù¾Ø§ÛŒØ¯Ø§Ø± â†’ tests/_flaky/test_evidence_envelope_handshake.py.txt

â”€â”€ test_evolution_gate.py â”€â”€â”€â”€â”€â”€â”€â”€â”€â”€â”€â”€â”€â”€â”€â”€â”€â”€â”€â”€â”€â”€â”€â”€â”€â”€â”€â”€â”€â”€â”€â”€â”€â”€â”€â”€â”€â”€
..........                                                               [100%]
10 passed in 0.62s

â”€â”€ test_executable_allowlist.py â”€â”€â”€â”€â”€â”€â”€â”€â”€â”€â”€â”€â”€â”€â”€â”€â”€â”€â”€â”€â”€â”€â”€â”€â”€â”€â”€â”€â”€â”€â”€â”€

â”€â”€ test_execution_board_dedup.py â”€â”€â”€â”€â”€â”€â”€â”€â”€â”€â”€â”€â”€â”€â”€â”€â”€â”€â”€â”€â”€â”€â”€â”€â”€â”€â”€â”€â”€â”€â”€
  ✅ فقط یک ردیفِ lead-naghshi (نه ۳): 1
  ✅ agentِ متفاوت dedup نشد: 1
  ✅ آخرین وضعیت (phi=31.9) نگه داشته شد: عضو «lead-naghshi» از کار افتاد (phi=31.9 — پاسخ‌گ

PASS — test_execution_board_dedup

â”€â”€ test_fourd_health.py â”€â”€â”€â”€â”€â”€â”€â”€â”€â”€â”€â”€â”€â”€â”€â”€â”€â”€â”€â”€â”€â”€â”€â”€â”€â”€â”€â”€â”€â”€â”€â”€â”€â”€â”€â”€â”€â”€â”€â”€
  ✅ t_a_probe_missing_is_never_healthy
  ✅ t_b_probe_fresh_then_stale_by_mtime
  ✅ t_c_probe_corrupt_json
  ✅ t_d_persist_and_summary_noop_when_flag_off
  ✅ t_e_registry_excludes_when_off_includes_when_on
  ✅ t_f_innervation_excludes_when_off_includes_when_on
  ✅ t_g_default_daemon_path_is_repo_rooted

✅ test_fourd_health: 7/7

â”€â”€ test_fourd_wired.py â”€â”€â”€â”€â”€â”€â”€â”€â”€â”€â”€â”€â”€â”€â”€â”€â”€â”€â”€â”€â”€â”€â”€â”€â”€â”€â”€â”€â”€â”€â”€â”€â”€â”€â”€â”€â”€â”€â”€â”€â”€
============================= test session starts =============================
platform win32 -- Python 3.13.7, pytest-9.1.1, pluggy-1.6.0 -- C:\Program Files\Python313\python.exe
cachedir: .pytest_cache
hypothesis profile 'default'
rootdir: C:\Users\Armin\.zcode\tmp\octopus-heart-g4-20260825\_ops\tests
plugins: anyio-4.13.0, hypothesis-6.158.1, jaxtyping-0.3.11, langsmith-0.10.1
collecting ... collected 6 items

test_fourd_wired.py::test_flag_off_is_zero_io PASSED                     [ 16%]
test_fourd_wired.py::test_flag_on_reads_allowed_views PASSED             [ 33%]
test_fourd_wired.py::test_not_in_allowlist_denied PASSED                 [ 50%]
test_fourd_wired.py::test_structurally_read_only PASSED                  [ 66%]
test_fourd_wired.py::test_wiring_has_w1_and_not_w2_w5 PASSED             [ 83%]
test_fourd_wired.py::test_owner_verdict_registered_w1_only PASSED        [100%]

============================== 6 passed in 0.49s ==============================

â”€â”€ test_freeze_semantics.py â”€â”€â”€â”€â”€â”€â”€â”€â”€â”€â”€â”€â”€â”€â”€â”€â”€â”€â”€â”€â”€â”€â”€â”€â”€â”€â”€â”€â”€â”€â”€â”€â”€â”€â”€â”€
.F..                                                                     [100%]
================================== FAILURES ===================================
________________ test_2_release_receipted_then_paid_reachable _________________

tmp_path = WindowsPath('C:/Users/Armin/AppData/Local/Temp/pytest-of-Armin/pytest-1601/test_2_release_receipted_then_0')
monkeypatch = <_pytest.monkeypatch.MonkeyPatch object at 0x000001C591F48770>

    def test_2_release_receipted_then_paid_reachable(tmp_path, monkeypatch):
        flag = _frozen_env(tmp_path, monkeypatch)
        out = opslib.release_freeze("OWNER_APPROVES_FREEZE_RELEASE_TEST")
        assert out["ok"]
        assert (tmp_path / "FREEZE-RELEASE-RECEIPT.json").exists()
        assert not flag.exists() and list(tmp_path.glob("FREEZE.flag.released-*")), "flag archived, not deleted"
        calls = {"n": 0}
        def _fake_paid(tier, prompt, system, max_tokens, task=None):
            calls["n"] += 1
            return {"text": "paid-ok-probe", "model": "deepseek-v4-flash",
                    "cost_usd": 0.0004, "ok": True}
        monkeypatch.setattr(mr, "_ask_paid", _fake_paid)
        monkeypatch.setattr(mr, "keys_present", lambda: {"fugu": False, "deepseek": True, "glm": False})
>       res = mr.ask(task="live4-test", prompt="پیشنهاد کوتاه بده.", tier="secondary")
              ^^^^^^^^^^^^^^^^^^^^^^^^^^^^^^^^^^^^^^^^^^^^^^^^^^^^^^^^^^^^^^^^^^^^^^^^

test_freeze_semantics.py:63: 
_ _ _ _ _ _ _ _ _ _ _ _ _ _ _ _ _ _ _ _ _ _ _ _ _ _ _ _ _ _ _ _ _ _ _ _ _ _ _ _
..\cortex\model_router.py:738: in ask
    res = _ask_impl(task, prompt, system, max_tokens, tier=tier, opener=opener, quality=quality,
_ _ _ _ _ _ _ _ _ _ _ _ _ _ _ _ _ _ _ _ _ _ _ _ _ _ _ _ _ _ _ _ _ _ _ _ _ _ _ _

task = 'live4-test', prompt = 'پیشنهاد کوتاه بده.', system = ''
max_tokens = 400, temperature = None, seed = None, tier = 'secondary'
opener = None, quality = None

    def _ask_impl(task: str, prompt: str, system: str = "", max_tokens: int = 400,
                  temperature: float | None = None, seed: int | None = None,
                  tier: str | None = None, opener=None, quality=None) -> dict:
        """درِ واحد. خروجی همیشه dict: {ok, tier?, text?, reason?}.
        ردهٔ پولی بسته/ناموفق → local؛ local خاموش → ok=False با دلیلِ صادق.
    
        CORTEX-02: اگر پرچمِ CORTEX_ROUTE_SCORER روشن باشد و tier صریح نداده شده باشد،
        route_scorer.score_route مشورت می‌شود (fail-soft)؛ خطا/خالی → نگاشتِ ایستای
        TASK_TIERS. پرچمِ خاموش (پیش‌فرض) = رفتار byte-identical با امروز.
    
        quality (اختیاری): callable(text)->bool که فقط گیتِ محلی-اولِ ردهٔ secondary را
        سخت‌گیرتر می‌کند (مثلاً synthesis حداقل ۲ پروپوزالِ واقعی می‌خواهد). None =
        گیتِ عمومیِ _local_quality_ok. روی مسیرِ پولی/tierهای دیگر هیچ اثری ندارد."""
        if opslib.STOP_ORGANISM.exists() or opslib.halted():
            return {"ok": False, "reason": "kill-switch"}
        # CONTEXT-FENCE (پشتِ OCTOPUS_WIRE_CONTEXT_FENCE): promptِ ورودی ممکن است دادهٔ نامعتمد
        # (لیدِ خام/وب/ایمیل) داشته باشد؛ برای الگوهای prompt-injection غربالش کن. flag خاموش →
        # passthroughِ بایت‌به‌بایت. observe-only در v1: تشخیص → alert (side-effect واقعی)، هرگز
        # prompt را تغییر/بلاک نمی‌کند (امنِ مسیرِ داغِ LLM). §۴ fail-soft — غربال tick را نمی‌کشد.
        try:
            import os as _os3
            _cd = _os3.path.dirname(_os3.path.abspath(__file__))
            if _cd not in sys.path:
                sys.path.insert(0, _cd)
            import context_fence as _fence   # noqa: WPS433 — همسایهٔ همین ماژول
            if _fence.enabled():
                _scr = _fence.screen(prompt)
                if not _scr.get("clean", True):
                    # ثبت همیشه، گیت فقط روی تحویل (۲۰۲۶-۰۸-۰۱): alertِ زیر throttle
                    # دارد و dedupِ `opslib.alert` هم بعد از ۳ تکرار دیگر چیزی نمی‌نویسد،
                    # پس زیرِ سیلِ تزریق ردِ اکثرِ شلیک‌ها پاک می‌شد و مالک نمی‌توانست
                    # بپرسد «چند بار؟». شمارش **قبل** از تحویل و مستقل از آن. content-free.
                    try:
                        import fence_ledger as _fl   # noqa: WPS433 — همسایهٔ همین ماژول
                        _fl.record(f"model_router.{str(task)[:24]}", _scr.get("findings"),
                                   provenance="external")
                    except Exception:  # noqa: BLE001 — دفتر هرگز مسیرِ LLM را نمی‌کشد
                        pass
                    # throttled (2026-07-25): این تنها اقدامِ screen است و روی **مسیرِ داغِ
                    # LLM** می‌نشیند. با سه مسیرِ مسلح، یک payloadِ regex-تریگر در هر epoch
                    # سیلِ آلارم می‌سازد و آلارم به تلگرامِ مالک می‌رود → اعلانِ واقعیِ halt
                    # زیر نویز می‌رود. کلید per-task تا یک taskِ نو هرگز خفه نشود؛ متنِ نو
                    # (findingsِ متفاوت) هم فوراً عبور می‌کند. fail-open در هر خطای I/O.
                    _msg = (f"context_fence: ورودیِ مشکوک به prompt-injection در "
                            f"task={str(task)[:32]!r} — کدها: {_scr.get('findings')}")
                    _thr = getattr(opslib, "alert_throttled", None)
                    if callable(_thr):
                        _thr([_msg], key=f"context_fence:{str(task)[:32]}", window_s=1800.0)
                    else:                      # opslibِ قدیمی → رفتارِ قبلی
                        opslib.alert([_msg])
        except Exception:  # noqa: BLE001 — غربال هرگز مسیرِ LLM را نمی‌کشد
            pass
        want = tier
        # 2026-08-13 (fix): collab_chat is owner-pinned to DeepSeek (secondary) in
        # TASK_TIERS and must never be overridden by route_scorer's generic heuristic,
        # which classifies it "low-depth → local". Local qwen is explicitly disabled
        # for collab_chat, so route_scorer's local vote made the chat return
        # "deepseek-unavailable" even though DeepSeek was healthy. Pin before the
        # route_scorer consult so the explicit owner mapping wins.
        if str(task or "") == "collab_chat":
            want = "secondary"
        elif not want and os.environ.get("CORTEX_ROUTE_SCORER"):
            want = _scored_tier(task)
        want = want or TASK_TIERS.get(task, "local")
        if __import__("os").environ.get("OCTOPUS_WIRE_ROUTE_SHADOW") == "1": __import__("now_moves.route_scorer_shadow_log", fromlist=["log_decision"]).log_decision(task, want)  # M7 (now_moves): flag-gated shadow log — default OFF; rollback = delete this line
        _lo_rejected = None      # جوابِ محلیِ رد-کیفیت — اگر پولی هم شکست، بهتر از هیچ
        if want in ("secondary", "primary"):
            # 2026-07-16 محلی-اول (اقتصادِ مغز، رأی مالک «محلی رایگان، پولی فقط برای کارِ بزرگ»):
            # پشتِ CORTEX_LOCAL_FIRST، ردهٔ میانی (secondary: research/synthesize/draft) اول از
            # مغزِ محلیِ $0 می‌پرسد؛ یک گیتِ کیفیتِ قطعی (متنِ ناخالی با طولِ حداقلی) خروجی را
            # می‌سنجد — پاس = همان جواب، رد/در دسترس نبودن = مسیرِ پولیِ امروز، بایت‌به‌بایت.
            # ردهٔ سنگین (primary: plan/deep/orchestrate) هرگز محلی-اول نمی‌شود — کارِ بزرگ = API.
            # ۲۰۲۶-۰۸-۱۲: collab_chat = حرف با مالک روی DeepSeek. LOCAL_FIRST اینجا
            # qwen را قبول می‌کرد و جوابِ بی‌ربط («لید نقاشی/پول») برمی‌گشت.
            _skip_local = str(task or "") == "collab_chat"
            if (want == "secondary" and os.environ.get("CORTEX_LOCAL_FIRST") == "1"
                    and not _skip_local):
                try:
                    _min_chars = int(os.environ.get("LOCAL_FIRST_MIN_CHARS", "80"))
                    _lo = local_llm.ask(prompt, system=system, max_tokens=max_tokens,
                                        opener=opener)
                    # 2026-07-18 (رأی مالک «هوشمندتر»): گیتِ length-only جوابِ طوطی‌وار را
                    # پاس می‌کرد و Fugu گرسنه می‌ماند — حالا کیفیت (یا چکِ اختصاصیِ صداکننده).
                    _gate = quality or (lambda _t: _local_quality_ok(_t, prompt, _min_chars))
                    if _lo and _gate(str(_lo.get("text", ""))):
                        return {"ok": True, **_lo, "local_first": True}
                    _lo_rejected = _lo
                except Exception:  # noqa: BLE001 — محلی-اول هرگز مسیرِ پولی را نکشد
                    pass
            # 2026-07-15 key-aware: tierِ خواسته اول، بعد tierِ پولیِ دیگر — ولی فقط آن‌هایی که کلید
            # دارند (وگرنه یک failِ الکی می‌سوزانیم و به محلیِ آشغال می‌افتیم). این کاری می‌کند که
            # اشتراکِ Fuguِ مالک واقعاً استفاده شود حتی وقتی tierِ خواسته GLMِ بی‌کلید بود (باگِ اصلی).
            kp = keys_present()
            # secondary → budgets routing.reason (الان deepseek؛ قبلاً glm).
            # کلیدِ همان provider را بسنج، نه فقط GLM.
            # CL01/INC-2 + FREEZE-01 (رأی مالک 2026-08-15 و 2026-08-19): primary = DeepSeek
            # طبق سیاستِ ثبت‌شده؛ fugu فقط مسیرِ سهمیه‌ایِ صریح است، نه نگاشتِ پنهانِ primary.
            _has = {
                "secondary": bool(kp.get("deepseek") or kp.get("glm")),
                "primary": bool(kp.get("deepseek")),
            }
            order = [want] + [t for t in ("primary", "secondary") if t != want]
            tried = []
            # بودجهٔ ساعتِ دیواریِ کلِ تلاشِ پولی در یک ask (env PAID_ASK_BUDGET_S، پیش‌فرض ۹۰s).
            # بدونِ این، دو ردهٔ پولیِ سریالی هرکدام تا timeoutِ سوکت وقت می‌گیرند و نخِ
            # متابولیک همان‌قدر STOP-ORGANISM را نمی‌بیند (چکِ kill سرِ حلقه است).
            import time as _tb
            try:
                _budget_s = float(os.environ.get("PAID_ASK_BUDGET_S", "90"))
            except (TypeError, ValueError):
                _budget_s = 90.0
            _deadline = _tb.time() + max(5.0, _budget_s)
            # CL01/FREEZE-01: یخِ فعال ⇒ حلقهٔ پرداخت اصلاً اجرا نمی‌شود (pre-check قطعی)؛
            # رسید و نشانه‌گذاری در ask() انجام می‌شود — هرگز موفقیتِ localِ بی‌رسید نیست.
            _frozen_pre = None
            try:
                import opslib as _ol0
                _frozen_pre = _ol0.freeze_state()
            except Exception:  # noqa: BLE001
                _frozen_pre = None
            for _t in order:
                if _frozen_pre:
                    tried.append(f"{_t}:skipped-frozen")
                    break
                if not _has.get(_t):
                    continue
                if _tb.time() >= _deadline:
                    tried.append(f"{_t}:skipped-deadline")
                    break
>               out = _ask_paid(_t, prompt, system, max_tokens, task=task,
                                   temperature=temperature, seed=seed)
E               TypeError: test_2_release_receipted_then_paid_reachable.<locals>._fake_paid() got an unexpected keyword argument 'temperature'

..\cortex\model_router.py:648: TypeError
=========================== short test summary info ===========================
FAILED test_freeze_semantics.py::test_2_release_receipted_then_paid_reachable
1 failed, 3 passed in 7.69s
   â†» Ø§Ø¬Ø±Ø§ÛŒ Ø¯ÙˆÙ…: Ù‚Ø±Ù…Ø²Ù-Ù¾Ø§ÛŒØ¯Ø§Ø± â†’ tests/_flaky/test_freeze_semantics.py.txt

â”€â”€ test_fugu_proxy.py â”€â”€â”€â”€â”€â”€â”€â”€â”€â”€â”€â”€â”€â”€â”€â”€â”€â”€â”€â”€â”€â”€â”€â”€â”€â”€â”€â”€â”€â”€â”€â”€â”€â”€â”€â”€â”€â”€â”€â”€â”€â”€
.......                                                                  [100%]
7 passed in 0.45s

â”€â”€ test_fugu_quota_toctou.py â”€â”€â”€â”€â”€â”€â”€â”€â”€â”€â”€â”€â”€â”€â”€â”€â”€â”€â”€â”€â”€â”€â”€â”€â”€â”€â”€â”€â”€â”€â”€â”€â”€â”€â”€
  ✅ t_a_lock_timeout_fails_closed_not_unlocked_fallback
  ✅ t_b_write_failure_inside_lock_also_fails_closed
  ✅ t_c_genuine_import_error_still_uses_single_process_fallback

✅ test_fugu_quota_toctou: 3/3

â”€â”€ test_full_loop_flash_stage_a.py â”€â”€â”€â”€â”€â”€â”€â”€â”€â”€â”€â”€â”€â”€â”€â”€â”€â”€â”€â”€â”€â”€â”€â”€â”€â”€â”€â”€â”€
.........                                                                [100%]
9 passed in 0.76s
test_audit_trail_written (__main__.TestWriteGateEnforcer.test_audit_trail_written)
Audit trail must be written for all evaluations. ... ok
test_content_hash_deterministic (__main__.TestWriteGateEnforcer.test_content_hash_deterministic)
Same content must always produce same hash. ... ok
test_content_hash_different_for_different_content (__main__.TestWriteGateEnforcer.test_content_hash_different_for_different_content)
Different content must produce different hashes (avalanche). ... ok
test_content_hash_is_sha256 (__main__.TestWriteGateEnforcer.test_content_hash_is_sha256)
Content hash must be valid SHA-256 (64 hex chars). ... ok
test_contradiction_check_integration (__main__.TestWriteGateEnforcer.test_contradiction_check_integration)
Contradiction checker should be called during evaluate. ... ok
test_deterministic_source_commits (__main__.TestWriteGateEnforcer.test_deterministic_source_commits)
Deterministic writes should commit (trusted). ... ok
test_empty_content_rejected (__main__.TestWriteGateEnforcer.test_empty_content_rejected)
Empty content must be rejected. ... ok
test_idempotent_same_content_same_source (__main__.TestWriteGateEnforcer.test_idempotent_same_content_same_source)
Same content + same source = same decision (idempotent). ... ok
test_non_dict_rejected (__main__.TestWriteGateEnforcer.test_non_dict_rejected)
Non-dict candidates must be rejected. ... ok
test_provenance_has_required_fields (__main__.TestWriteGateEnforcer.test_provenance_has_required_fields)
Provenance record must have all required fields. ... ok
test_readback_hash_verification (__main__.TestWriteGateEnforcer.test_readback_hash_verification)
Verify readback hash matches original. ... ok
test_secret_rejected (__main__.TestWriteGateEnforcer.test_secret_rejected)
Secret patterns must be rejected. ... ok
test_tampered_readback_detected (__main__.TestWriteGateEnforcer.test_tampered_readback_detected)
Tampered readback must be detected. ... ok
test_trusted_source_commits (__main__.TestWriteGateEnforcer.test_trusted_source_commits)
Owner writes should commit (not quarantine). ... ok
test_unknown_source_is_untrusted (__main__.TestWriteGateEnforcer.test_unknown_source_is_untrusted)
Unknown sources default to untrusted (fail-closed). ... ok
test_untrusted_source_quarantined (__main__.TestWriteGateEnforcer.test_untrusted_source_quarantined)
LLM writes should be quarantined, not committed. ... ok
test_agreement_not_flagged (__main__.TestContradictionRadar.test_agreement_not_flagged)
Agreement/corroboration should not be flagged as contradiction. ... ok
test_check_against_store_with_memory_store (__main__.TestContradictionRadar.test_check_against_store_with_memory_store)
Check against MemoryStore graded DB (FTS5). ... ok
test_check_unified_method (__main__.TestContradictionRadar.test_check_unified_method)
Unified check() should work with both store and list. ... ok
test_contradiction_flag_serialization (__main__.TestContradictionRadar.test_contradiction_flag_serialization)
Contradiction flags should be serializable to dict. ... ok
test_direct_negation_detected (__main__.TestContradictionRadar.test_direct_negation_detected)
Direct negation of existing claim should be detected. ... ok
test_empty_content_no_flag (__main__.TestContradictionRadar.test_empty_content_no_flag)
Empty content should not cause errors. ... ok
test_no_contradiction_unrelated_topics (__main__.TestContradictionRadar.test_no_contradiction_unrelated_topics)
Unrelated topics should not flag contradiction. ... ok
test_persian_negation_detected (__main__.TestContradictionRadar.test_persian_negation_detected)
Persian negation patterns should be detected. ... ok
test_chain_survives_restart (__main__.TestEvidenceChain.test_chain_survives_restart)
Evidence chain should survive process restart (close + reopen). ... ok
test_full_chain_verification_detects_divergence (__main__.TestEvidenceChain.test_full_chain_verification_detects_divergence)
Chain with tampered readback should detect divergence. ... ok
test_full_chain_verification_ok (__main__.TestEvidenceChain.test_full_chain_verification_ok)
Full chain with identical content should verify OK. ... ok
test_multiple_hypotheses_independent (__main__.TestEvidenceChain.test_multiple_hypotheses_independent)
Chains for different hypotheses should be independent. ... ok
test_record_conclude_matches (__main__.TestEvidenceChain.test_record_conclude_matches)
Conclude with same content should match. ... ok
test_record_readback_detects_tamper (__main__.TestEvidenceChain.test_record_readback_detects_tamper)
Readback of tampered content should NOT match. ... ok
test_record_readback_matches (__main__.TestEvidenceChain.test_record_readback_matches)
Readback of same content should match write hash. ... ok
test_record_write (__main__.TestEvidenceChain.test_record_write)
Write stage should record content hash. ... ok
test_static_chain_detects_tamper (__main__.TestEvidenceChain.test_static_chain_detects_tamper)
Static method should detect tampering. ... ok
test_static_content_chain_verification (__main__.TestEvidenceChain.test_static_content_chain_verification)
Static method should verify content hashes without DB. ... ok
test_verify_nonexistent_hypothesis (__main__.TestEvidenceChain.test_verify_nonexistent_hypothesis)
Verify for nonexistent hypothesis should return not-ok. ... ok
test_acceptance_scenario_full_loop (__main__.TestFullMemoryLoop.test_acceptance_scenario_full_loop)
Full loop: save -> restart -> retrieve -> conclude -> verify. ... ok
test_contradiction_with_graded_store (__main__.TestFullMemoryLoop.test_contradiction_with_graded_store)
Contradiction detection against graded MemoryStore. ... ok
test_gate_with_existing_memory_store (__main__.TestFullMemoryLoop.test_gate_with_existing_memory_store)
Write Gate + MemoryStore + Evidence Chain integrated. ... ok
test_restart_survival_full_scenario (__main__.TestFullMemoryLoop.test_restart_survival_full_scenario)
Acceptance scenario with actual DB restart. ... ok
test_ungated_write_is_audited (__main__.TestFullMemoryLoop.test_ungated_write_is_audited)
Writes that bypass the gate should still be detectable in audit. ... ok
test_audit_file_corruption_resilient (__main__.TestSecurityNegative.test_audit_file_corruption_resilient)
Audit should not crash if file has extra whitespace. ... ok
test_empty_hash_rejected (__main__.TestSecurityNegative.test_empty_hash_rejected)
Empty hash in readback verification should fail. ... ok
test_forged_provenance_still_classified (__main__.TestSecurityNegative.test_forged_provenance_still_classified)
Provenance classification is based on source, not claimed identity. ... ok
test_none_hash_rejected (__main__.TestSecurityNegative.test_none_hash_rejected)
None hash in readback verification should fail. ... ok
test_persian_contradiction_with_irrelevant_negation (__main__.TestSecurityNegative.test_persian_contradiction_with_irrelevant_negation)
Negation about different topic should not flag contradiction. ... ok
test_secret_patterns_comprehensive (__main__.TestSecurityNegative.test_secret_patterns_comprehensive)
Comprehensive secret/PII pattern rejection. ... ok
test_unicode_content_supported (__main__.TestSecurityNegative.test_unicode_content_supported)
Unicode/Persian content should work correctly. ... ok
test_unicode_content_tamper_detected (__main__.TestSecurityNegative.test_unicode_content_tamper_detected)
Tampering with unicode content should be detected. ... ok
test_untrusted_cannot_impersonate_owner (__main__.TestSecurityNegative.test_untrusted_cannot_impersonate_owner)
Untrusted source cannot write with owner-level trust. ... ok

----------------------------------------------------------------------
Ran 49 tests in 0.437s

OK

â”€â”€ test_g2_trusted_memory_loop.py â”€â”€â”€â”€â”€â”€â”€â”€â”€â”€â”€â”€â”€â”€â”€â”€â”€â”€â”€â”€â”€â”€â”€â”€â”€â”€â”€â”€â”€â”€

============================================================
test_g2_trusted_memory_loop: 49/49 passed (0 failures, 0 errors)
============================================================
test_backtick_in_command (__main__.TestAdversarial.test_backtick_in_command)
Backtick command substitution with curl is caught. ... ok
test_binary_like_content_in_patch (__main__.TestAdversarial.test_binary_like_content_in_patch)
Patch with null bytes in content line is handled gracefully. ... ok
test_command_injection_via_patch (__main__.TestAdversarial.test_command_injection_via_patch)
PATCH content does not get executed as command. ... ok
test_command_result_no_secret_leak (__main__.TestAdversarial.test_command_result_no_secret_leak)
Command result dict does not contain secret patterns. ... ok
test_empty_patch_is_valid (__main__.TestAdversarial.test_empty_patch_is_valid)
Empty patch is valid. ... ok
test_force_push_blocked (__main__.TestAdversarial.test_force_push_blocked)
git push --force is blocked. ... ok
test_git_am_blocked (__main__.TestAdversarial.test_git_am_blocked)
git am (apply mailbox) is not in allowlist. ... ok
test_git_apply_allowed (__main__.TestAdversarial.test_git_apply_allowed)
git apply (apply diff) is allowed via diff/patch allowlist. ... ok
test_git_clean_force_blocked (__main__.TestAdversarial.test_git_clean_force_blocked)
git clean -f is blocked. ... ok
test_git_reset_hard_blocked (__main__.TestAdversarial.test_git_reset_hard_blocked)
git reset --hard is blocked. ... ok
test_jail_symlink_to_directory_outside (__main__.TestAdversarial.test_jail_symlink_to_directory_outside)
Symlink to directory outside jail is detected (platform-dependent). ... ok
test_malformed_patch_no_hunks_with_file_header (__main__.TestAdversarial.test_malformed_patch_no_hunks_with_file_header)
Diff with file header but no hunk header is rejected. ... ok
test_network_via_pip_install (__main__.TestAdversarial.test_network_via_pip_install)
pip install is in allowlist (proxy env vars stripped at execution). ... ok
test_path_traversal_in_patch_filename (__main__.TestAdversarial.test_path_traversal_in_patch_filename)
Patch with path traversal in filename is validated by path check. ... ok
test_shell_metachar_in_command (__main__.TestAdversarial.test_shell_metachar_in_command)
Shell metacharacters in commands are handled by shell=True. ... ok
test_cat_allowed (__main__.TestCommandRunner.test_cat_allowed)
cat is allowed. ... ok
test_command_result_is_immutable (__main__.TestCommandRunner.test_command_result_is_immutable)
CommandResult is immutable. ... ok
test_command_too_long_blocked (__main__.TestCommandRunner.test_command_too_long_blocked)
Overly long command is blocked. ... ok
test_destructive_rm_blocked (__main__.TestCommandRunner.test_destructive_rm_blocked)
Destructive rm is blocked. ... ok
test_empty_command_blocked (__main__.TestCommandRunner.test_empty_command_blocked)
Empty command is blocked. ... ok
test_git_diff_allowed (__main__.TestCommandRunner.test_git_diff_allowed)
git diff is allowed. ... ok
test_git_merge_blocked (__main__.TestCommandRunner.test_git_merge_blocked)
git merge is blocked. ... ok
test_git_push_blocked (__main__.TestCommandRunner.test_git_push_blocked)
git push is blocked. ... ok
test_git_status_allowed (__main__.TestCommandRunner.test_git_status_allowed)
git status is allowed. ... ok
test_grep_allowed (__main__.TestCommandRunner.test_grep_allowed)
grep is allowed. ... ok
test_network_command_blocked (__main__.TestCommandRunner.test_network_command_blocked)
Network commands (curl, wget) are blocked. ... ok
test_pytest_allowed (__main__.TestCommandRunner.test_pytest_allowed)
Pytest is allowed. ... ok
test_python_allowed (__main__.TestCommandRunner.test_python_allowed)
Python commands are allowed. ... ok
test_run_command_blocked_command (__main__.TestCommandRunner.test_run_command_blocked_command)
run_command returns blocked result for denied command. ... ok
test_run_command_echo (__main__.TestCommandRunner.test_run_command_echo)
run_command executes allowed command. ... ok
test_run_command_timeout (__main__.TestCommandRunner.test_run_command_timeout)
Command exceeding timeout is killed. ... ok
test_ssh_blocked (__main__.TestCommandRunner.test_ssh_blocked)
SSH is blocked. ... ok
test_sudo_blocked (__main__.TestCommandRunner.test_sudo_blocked)
Privilege escalation is blocked. ... ok
test_unknown_command_blocked (__main__.TestCommandRunner.test_unknown_command_blocked)
Unknown commands not in allowlist are blocked. ... ok
test_wget_blocked (__main__.TestCommandRunner.test_wget_blocked)
wget is blocked. ... ok
test_absolute_path_outside_jail_blocked (__main__.TestFilesystemJail.test_absolute_path_outside_jail_blocked)
Absolute path outside jail is blocked. ... ok
test_all_within_jail (__main__.TestFilesystemJail.test_all_within_jail)
all_within_jail checks multiple paths. ... ok
test_all_within_jail_with_failure (__main__.TestFilesystemJail.test_all_within_jail_with_failure)
all_within_jail reports failures. ... ok
test_normalize_path (__main__.TestFilesystemJail.test_normalize_path)
Path normalization resolves .. and . correctly. ... ok
test_path_traversal_detected (__main__.TestFilesystemJail.test_path_traversal_detected)
Path traversal is detected. ... ok
test_relative_path_allowed (__main__.TestFilesystemJail.test_relative_path_allowed)
Relative path is allowed (resolved within jail at execution time). ... ok
test_result_is_immutable (__main__.TestFilesystemJail.test_result_is_immutable)
JailCheckResult is immutable. ... ok
test_symlink_escape_detected (__main__.TestFilesystemJail.test_symlink_escape_detected)
Symlink pointing outside jail is detected. ... ok
test_system_path_blocked (__main__.TestFilesystemJail.test_system_path_blocked)
System paths are always blocked. ... ok
test_within_jail_allowed (__main__.TestFilesystemJail.test_within_jail_allowed)
Path within jail is allowed. ... ok
test_e2e_command_chain_blocked (__main__.TestIntegration.test_e2e_command_chain_blocked)
E2E: Command chaining to bypass allowlist is blocked. ... ok
test_e2e_full_pipeline_protected_path (__main__.TestIntegration.test_e2e_full_pipeline_protected_path)
E2E: Full pipeline from patch to protected path check. ... ok
test_e2e_git_commands_selective (__main__.TestIntegration.test_e2e_git_commands_selective)
E2E: git status allowed, git push denied. ... ok
test_e2e_patch_with_secret_blocked (__main__.TestIntegration.test_e2e_patch_with_secret_blocked)
E2E: Patch containing GitHub token is blocked. ... ok
test_e2e_protected_path_command_check (__main__.TestIntegration.test_e2e_protected_path_command_check)
E2E: Protected paths block modification commands. ... ok
test_e2e_resource_match_after_fix (__main__.TestIntegration.test_e2e_resource_match_after_fix)
E2E: Resource matching is correct after lstrip fix. ... ok
test_clean_patch_no_secrets (__main__.TestPatchValidator.test_clean_patch_no_secrets)
Normal code patch has no secret patterns. ... ok
test_empty_patch (__main__.TestPatchValidator.test_empty_patch)
Empty diff is valid. ... ok
test_file_count_limit (__main__.TestPatchValidator.test_file_count_limit)
Patch touching too many files is rejected. ... ok
test_malformed_diff_detected (__main__.TestPatchValidator.test_malformed_diff_detected)
Malformed diff (file headers without hunks) is detected. ... ok
test_patch_too_large (__main__.TestPatchValidator.test_patch_too_large)
Patch exceeding byte limit is rejected. ... ok
test_patch_too_many_lines (__main__.TestPatchValidator.test_patch_too_many_lines)
Patch with too many lines is rejected. ... ok
test_protected_paths_in_patch (__main__.TestPatchValidator.test_protected_paths_in_patch)
Patch touching .env is flagged. ... ok
test_result_is_immutable (__main__.TestPatchValidator.test_result_is_immutable)
PatchValidationResult is immutable. ... ok
test_secret_detection_ghp (__main__.TestPatchValidator.test_secret_detection_ghp)
GitHub token pattern detected in patch. ... ok
test_secret_detection_password (__main__.TestPatchValidator.test_secret_detection_password)
Password pattern detected in patch. ... ok
test_secret_detection_sk_key (__main__.TestPatchValidator.test_secret_detection_sk_key)
OpenAI sk- key pattern detected in patch. ... ok
test_valid_patch (__main__.TestPatchValidator.test_valid_patch)
Valid unified diff passes validation. ... ok
test_blocklist_reason_returns_none_for_writable (__main__.TestProtectedPaths.test_blocklist_reason_returns_none_for_writable)
blocklist_reason returns None for writable paths. ... ok
test_blocklist_reason_returns_string_for_protected (__main__.TestProtectedPaths.test_blocklist_reason_returns_string_for_protected)
blocklist_reason returns reason string for protected paths. ... ok
test_ci_workflows_require_approval (__main__.TestProtectedPaths.test_ci_workflows_require_approval)
CI workflow files require owner approval. ... ok
test_credentials_are_protected (__main__.TestProtectedPaths.test_credentials_are_protected)
Credential files are protected. ... ok
test_deploy_configs_require_approval (__main__.TestProtectedPaths.test_deploy_configs_require_approval)
Deploy configs require owner approval. ... ok
test_env_file_is_protected (__main__.TestProtectedPaths.test_env_file_is_protected)
Environment files are always protected. ... ok
test_git_internal_is_protected (__main__.TestProtectedPaths.test_git_internal_is_protected)
Git internal directories are protected. ... ok
test_is_protected_quick_check (__main__.TestProtectedPaths.test_is_protected_quick_check)
is_protected quick check works. ... ok
test_kill_switch_is_protected (__main__.TestProtectedPaths.test_kill_switch_is_protected)
Kill switch files are protected. ... ok
test_memory_heartbeat_is_protected (__main__.TestProtectedPaths.test_memory_heartbeat_is_protected)
Memory heartbeat is protected. ... ok
test_nbb_core_is_protected (__main__.TestProtectedPaths.test_nbb_core_is_protected)
NBB-CP core policy is protected. ... ok
test_nested_env_file_is_protected (__main__.TestProtectedPaths.test_nested_env_file_is_protected)
Nested .env files are also protected. ... ok
test_outside_worktree_is_not_writable (__main__.TestProtectedPaths.test_outside_worktree_is_not_writable)
Paths outside worktree are not writable (fail-closed). ... ok
test_requires_owner_approval_quick_check (__main__.TestProtectedPaths.test_requires_owner_approval_quick_check)
requires_owner_approval quick check works. ... ok
test_result_is_immutable (__main__.TestProtectedPaths.test_result_is_immutable)
PathCheckResult is immutable (frozen dataclass). ... ok
test_runtime_state_is_protected (__main__.TestProtectedPaths.test_runtime_state_is_protected)
Runtime state is protected. ... ok
test_stop_flag_is_protected (__main__.TestProtectedPaths.test_stop_flag_is_protected)
Stop flags are protected. ... ok
test_trust_boundary_is_protected (__main__.TestProtectedPaths.test_trust_boundary_is_protected)
Trust boundary config is protected. ... ok
test_worktree_path_is_writable (__main__.TestProtectedPaths.test_worktree_path_is_writable)
Paths within worktree root are writable. ... ok
test_bug_pattern_app_no_longer_matches_everything (__main__.TestResourceMatchRegression.test_bug_pattern_app_no_longer_matches_everything)
BUG FIX: path:app/** no longer matches everything starting with /. ... ok
test_bug_pattern_does_not_match_root_slash (__main__.TestResourceMatchRegression.test_bug_pattern_does_not_match_root_slash)
BUG FIX: patterns never match arbitrary absolute paths. ... ok
test_bug_pattern_hat_no_longer_matches_slash (__main__.TestResourceMatchRegression.test_bug_pattern_hat_no_longer_matches_slash)
BUG FIX: path:hat/** only matches path:hat/* not path:las/*. ... ok
test_bug_pattern_no_slash_after_colon (__main__.TestResourceMatchRegression.test_bug_pattern_no_slash_after_colon)
BUG FIX: patterns without / after colon are correctly bounded. ... ok
test_exact_match_still_works (__main__.TestResourceMatchRegression.test_exact_match_still_works)
Exact string match still works. ... ok
test_regression_acceptance_scenario (__main__.TestResourceMatchRegression.test_regression_acceptance_scenario)
ACCEPTANCE SCENARIO: demonstrate the lstrip bug was fixed. ... ok
test_safe_pattern_still_works (__main__.TestResourceMatchRegression.test_safe_pattern_still_works)
Patterns with / after colon (e.g., path:/notes/**) still work. ... ok
test_single_star_wildcard (__main__.TestResourceMatchRegression.test_single_star_wildcard)
Single star wildcard works. ... ok
test_strip_path_prefix_function (__main__.TestResourceMatchRegression.test_strip_path_prefix_function)
_strip_path_prefix correctly strips 'path:' literal prefix. ... ok
test_tool_wildcard (__main__.TestResourceMatchRegression.test_tool_wildcard)
Tool wildcard pattern works. ... ok
test_wildcard_star_matches_all (__main__.TestResourceMatchRegression.test_wildcard_star_matches_all)
Star wildcard matches everything. ... ok
test_approve_protected_path (__main__.TestSandboxLifecycle.test_approve_protected_path)
approve_protected_path adds to approved set. ... ok
test_import_sandbox (__main__.TestSandboxLifecycle.test_import_sandbox)
Sandbox module can be imported. ... ok
test_sandbox_config_defaults (__main__.TestSandboxLifecycle.test_sandbox_config_defaults)
SandboxConfig has sensible defaults. ... FAIL
test_sandbox_initial_state (__main__.TestSandboxLifecycle.test_sandbox_initial_state)
Sandbox starts in CREATED state. ... ok
test_sandbox_kill_check_blocks (__main__.TestSandboxLifecycle.test_sandbox_kill_check_blocks)
Kill check prevents task creation. ... ok
test_sandbox_no_worktree_blocks_command (__main__.TestSandboxLifecycle.test_sandbox_no_worktree_blocks_command)
Command without worktree returns error. ... ok
test_sandbox_no_worktree_blocks_tests (__main__.TestSandboxLifecycle.test_sandbox_no_worktree_blocks_tests)
Tests without worktree return error. ... ok
test_validate_patch_integration (__main__.TestSandboxLifecycle.test_validate_patch_integration)
Sandbox validate_patch includes protected path check. ... ok
test_parse_empty_output_with_exit_code (__main__.TestTestRunner.test_parse_empty_output_with_exit_code)
Empty output with exit code 0 -> 1 passed. ... ok
test_parse_pytest_all_passed (__main__.TestTestRunner.test_parse_pytest_all_passed)
Parse pytest output with all tests passed. ... ok
test_parse_pytest_output (__main__.TestTestRunner.test_parse_pytest_output)
Parse pytest summary format. ... ok
test_parse_script_style (__main__.TestTestRunner.test_parse_script_style)
Parse script-style N/N passed output. ... ok
test_parse_unittest_failure (__main__.TestTestRunner.test_parse_unittest_failure)
Parse unittest output with failure. ... ok
test_parse_unittest_output (__main__.TestTestRunner.test_parse_unittest_output)
Parse unittest output format. ... ok
test_result_is_immutable (__main__.TestTestRunner.test_result_is_immutable)
TestResult is immutable. ... ok
test_run_failing_test (__main__.TestTestRunner.test_run_failing_test)
Run a test that fails. ... ok
test_run_simple_test (__main__.TestTestRunner.test_run_simple_test)
Run a simple test that prints result. ... ok
test_run_timeout (__main__.TestTestRunner.test_run_timeout)
Test exceeding timeout is killed. ... ok

======================================================================
FAIL: test_sandbox_config_defaults (__main__.TestSandboxLifecycle.test_sandbox_config_defaults)
SandboxConfig has sensible defaults.
----------------------------------------------------------------------
Traceback (most recent call last):
  File "C:\Users\Armin\.zcode\tmp\octopus-heart-g4-20260825\_ops\tests\test_g4_coding_sandbox.py", line 653, in test_sandbox_config_defaults
    self.assertTrue(str(config.repo_root).endswith("backup"))
    ~~~~~~~~~~~~~~~^^^^^^^^^^^^^^^^^^^^^^^^^^^^^^^^^^^^^^^^^^
AssertionError: False is not true

----------------------------------------------------------------------
Ran 111 tests in 20.875s

FAILED (failures=1)

â”€â”€ test_g4_coding_sandbox.py â”€â”€â”€â”€â”€â”€â”€â”€â”€â”€â”€â”€â”€â”€â”€â”€â”€â”€â”€â”€â”€â”€â”€â”€â”€â”€â”€â”€â”€â”€â”€â”€â”€â”€â”€
127.0.0.1 - "GET /healthz HTTP/1.1" 200 -
127.0.0.1 - "GET /healthz HTTP/1.1" 403 -
127.0.0.1 - "GET /healthz HTTP/1.1" 200 -
127.0.0.1 - "GET /readyz HTTP/1.1" 200 -
127.0.0.1 - "POST /mcp HTTP/1.1" 200 -
127.0.0.1 - "GET /healthz HTTP/1.1" 200 -
127.0.0.1 - "GET /readyz HTTP/1.1" 200 -
127.0.0.1 - "GET /healthz HTTP/1.1" 200 -
127.0.0.1 - "GET /readyz HTTP/1.1" 200 -
127.0.0.1 - "POST /mcp HTTP/1.1" 200 -
   â†» Ø§Ø¬Ø±Ø§ÛŒ Ø¯ÙˆÙ…: Ù‚Ø±Ù…Ø²Ù-Ù¾Ø§ÛŒØ¯Ø§Ø± â†’ tests/_flaky/test_g4_coding_sandbox.py.txt

â”€â”€ test_g5_infra_selfheal.py â”€â”€â”€â”€â”€â”€â”€â”€â”€â”€â”€â”€â”€â”€â”€â”€â”€â”€â”€â”€â”€â”€â”€â”€â”€â”€â”€â”€â”€â”€â”€â”€â”€â”€â”€
FAIL test_g5_infra_selfheal: 1 problem(s)
  X expected activation flags; found 0
test_alert_file_writable (__main__.TestAlertRules.test_alert_file_writable)
Alerts should be appendable to a temp file. ... ok
test_check_kill_switch_active (__main__.TestAlertRules.test_check_kill_switch_active)
If kill switch file exists, CRITICAL alert should fire. ... ok
test_check_kill_switch_no_file (__main__.TestAlertRules.test_check_kill_switch_no_file)
If no kill switch file exists, no alert should fire. ... ok
test_identity_health_none (__main__.TestAlertRules.test_identity_health_none)
None SOG should NOT trigger alert. ... ok
test_identity_health_ok (__main__.TestAlertRules.test_identity_health_ok)
SOG rho above threshold should NOT trigger alert. ... ok
test_identity_health_regression (__main__.TestAlertRules.test_identity_health_regression)
SOG rho below threshold should trigger WARNING. ... ok
test_all_categories_covered (__main__.TestEvaluationBaseline.test_all_categories_covered)
Dataset should cover all major categories. ... ok
test_dataset_exists (__main__.TestEvaluationBaseline.test_dataset_exists)
Evaluation dataset should have cases. ... ok
test_full_evaluation_runs (__main__.TestEvaluationBaseline.test_full_evaluation_runs)
Running full evaluation should produce a summary dict. ... ok
test_pass_rate_high (__main__.TestEvaluationBaseline.test_pass_rate_high)
Evaluation pass rate should be >= 80%. ... ok
test_save_dataset (__main__.TestEvaluationBaseline.test_save_dataset)
Saving dataset should write JSON file. ... ok
test_memory_has_ratios (__main__.TestHealthDigest.test_memory_has_ratios)
Memory section should have ratio fields. ... ok
test_produce_digest_structure (__main__.TestHealthDigest.test_produce_digest_structure)
Digest should have expected top-level keys. ... ok
test_safety_has_status (__main__.TestHealthDigest.test_safety_has_status)
Safety section should have a status field. ... ok
test_telemetry_systems_keys (__main__.TestHealthDigest.test_telemetry_systems_keys)
Telemetry systems should have expected subsystems. ... ok
test_workflow_has_rates (__main__.TestHealthDigest.test_workflow_has_rates)
Workflow section should have success_rate. ... ok
test_e2e_redact_in_export (__main__.TestIntegrationE2E.test_e2e_redact_in_export)
PII in decision_reason should be redacted before export. ... ok
test_e2e_trace_scenario (__main__.TestIntegrationE2E.test_e2e_trace_scenario)
Simulate a complete E2E trace and verify it can be replayed. ... ok
test_span_serialization_to_jsonl (__main__.TestIntegrationE2E.test_span_serialization_to_jsonl)
Spans should be serializable to JSONL format. ... ok
test_contains_secrets_false (__main__.TestRedaction.test_contains_secrets_false)
Normal text should not trigger secret detection. ... ok
test_empty_string_passes (__main__.TestRedaction.test_empty_string_passes)
Empty string should pass through unchanged. ... ok
test_preserve_numeric_attrs (__main__.TestRedaction.test_preserve_numeric_attrs)
Numeric attributes should pass through unchanged. ... ok
test_redact_api_key (__main__.TestRedaction.test_redact_api_key)
API key patterns should be redacted. ... ok
test_redact_email (__main__.TestRedaction.test_redact_email)
Email addresses should be partially redacted. ... ok
test_redact_github_token (__main__.TestRedaction.test_redact_github_token)
GitHub ghp_ tokens should be redacted. ... ok
test_redact_list_of_strings (__main__.TestRedaction.test_redact_list_of_strings)
Lists with string items should be redacted. ... ok
test_redact_long_string (__main__.TestRedaction.test_redact_long_string)
Text over 512 chars should be truncated. ... ok
test_redact_openai_key (__main__.TestRedaction.test_redact_openai_key)
OpenAI-style sk- keys should be redacted. ... ok
test_redact_phone (__main__.TestRedaction.test_redact_phone)
Phone numbers should be redacted. ... ok
test_error_field_max_200_chars (__main__.TestTelemetrySchema.test_error_field_max_200_chars)
Error field longer than 200 chars should fail validation. ... ok
test_invalid_trace_id_short (__main__.TestTelemetrySchema.test_invalid_trace_id_short)
Short trace_id should fail validation. ... ok
test_missing_required_attr (__main__.TestTelemetrySchema.test_missing_required_attr)
Span with missing required attr should fail validation. ... ok
test_span_serialization_roundtrip (__main__.TestTelemetrySchema.test_span_serialization_roundtrip)
Span should survive dict serialization and deserialization. ... ok
test_span_types_exist (__main__.TestTelemetrySchema.test_span_types_exist)
All defined span types should have entries in SPAN_TYPES. ... ok
test_unknown_span_type (__main__.TestTelemetrySchema.test_unknown_span_type)
Unknown span type should fail validation. ... ok
test_valid_span_zero_errors (__main__.TestTelemetrySchema.test_valid_span_zero_errors)
A well-formed span should validate with zero errors. ... ok
test_validate_attributes_long_string (__main__.TestTelemetrySchema.test_validate_attributes_long_string)
Attribute values over 512 chars should be flagged. ... ok
test_validate_attributes_ok (__main__.TestTelemetrySchema.test_validate_attributes_ok)
Normal attributes should pass validation. ... ok
test_brain_events_compat (__main__.TestTraceContext.test_brain_events_compat)
trace_id_for_brain_events should return 8-char format (first 8 of canonical). ... ok
test_cognitive_compat (__main__.TestTraceContext.test_cognitive_compat)
trace_id_for_cognitive should return trace_{12 hex chars}. ... ok
test_contextvar_set_get_clear (__main__.TestTraceContext.test_contextvar_set_get_clear)
ContextVar set/get/clear should work correctly. ... ok
test_env_var_fallback (__main__.TestTraceContext.test_env_var_fallback)
get_trace_id should fall back to env var. ... ok
test_mint_trace_id_length (__main__.TestTraceContext.test_mint_trace_id_length)
Minted trace ID should be 16 hex chars. ... ok
test_mint_unique (__main__.TestTraceContext.test_mint_unique)
Two minted trace IDs should be different. ... ok
test_normalize_16_char (__main__.TestTraceContext.test_normalize_16_char)
16-char hex should pass through unchanged. ... ok
test_normalize_8_char_padding (__main__.TestTraceContext.test_normalize_8_char_padding)
8-char hex should be padded to 16 chars. ... ok
test_normalize_none_empty (__main__.TestTraceContext.test_normalize_none_empty)
None or empty string should return None. ... ok
test_normalize_too_short (__main__.TestTraceContext.test_normalize_too_short)
Trace ID shorter than 8 chars should return None. ... ok
test_semantic_compat_deterministic (__main__.TestTraceContext.test_semantic_compat_deterministic)
trace_id_for_semantic_trace should be deterministic. ... ok
test_digest_format (__main__.TestTraceReplay.test_digest_format)
Trace replay digest should have expected structure. ... ok
test_event_chronological_order (__main__.TestTraceReplay.test_event_chronological_order)
Events should be sorted by timestamp. ... ok
test_replay_empty_trace (__main__.TestTraceReplay.test_replay_empty_trace)
Replay of nonexistent trace should return empty result. ... ok
test_replay_with_sources_queried (__main__.TestTraceReplay.test_replay_with_sources_queried)
Replay should report which sources were queried. ... ok

----------------------------------------------------------------------
Ran 53 tests in 0.167s

OK
   â†» Ø§Ø¬Ø±Ø§ÛŒ Ø¯ÙˆÙ…: Ù‚Ø±Ù…Ø²Ù-Ù¾Ø§ÛŒØ¯Ø§Ø± â†’ tests/_flaky/test_g5_infra_selfheal.py.txt

â”€â”€ test_g6_observability.py â”€â”€â”€â”€â”€â”€â”€â”€â”€â”€â”€â”€â”€â”€â”€â”€â”€â”€â”€â”€â”€â”€â”€â”€â”€â”€â”€â”€â”€â”€â”€â”€â”€â”€â”€â”€

============================================================
test_g6_observability: 53/53 passed (0 failures, 0 errors)
============================================================
test_default_store (__main__.TestIdentityStore.test_default_store) ... ok
test_delegation_on_behalf (__main__.TestIdentityStore.test_delegation_on_behalf) ... ok
test_delegation_owner_can_impersonate (__main__.TestIdentityStore.test_delegation_owner_can_impersonate) ... ok
test_delegation_rejected (__main__.TestIdentityStore.test_delegation_rejected) ... ok
test_delegation_self (__main__.TestIdentityStore.test_delegation_self) ... ok
test_delegation_unknown_agent (__main__.TestIdentityStore.test_delegation_unknown_agent) ... ok
test_empty_agent_id (__main__.TestIdentityStore.test_empty_agent_id) ... ok
test_invalid_identity_type (__main__.TestIdentityStore.test_invalid_identity_type) ... ok
test_invalid_role (__main__.TestIdentityStore.test_invalid_role) ... ok
test_list_identities (__main__.TestIdentityStore.test_list_identities) ... ok
test_on_behalf_of_in_list (__main__.TestIdentityStore.test_on_behalf_of_in_list) ... ok
test_privilege_hierarchy (__main__.TestIdentityStore.test_privilege_hierarchy) ... ok
test_register_and_lookup (__main__.TestIdentityStore.test_register_and_lookup) ... ok
test_register_overwrites (__main__.TestIdentityStore.test_register_overwrites) ... ok
test_revoke (__main__.TestIdentityStore.test_revoke) ... ok
test_revoke_nonexistent (__main__.TestIdentityStore.test_revoke_nonexistent) ... ok
test_unknown_agent_denied (__main__.TestIdentityStore.test_unknown_agent_denied) ... ok
test_unknown_agent_no_privilege (__main__.TestIdentityStore.test_unknown_agent_no_privilege) ... ok
test_bad_schema (__main__.TestCapabilityToken.test_bad_schema) ... ok
test_expiry (__main__.TestCapabilityToken.test_expiry) ... ok
test_issue_basic (__main__.TestCapabilityToken.test_issue_basic) ... ok
test_issue_invalid_scope (__main__.TestCapabilityToken.test_issue_invalid_scope) ... ok
test_issue_missing_agent (__main__.TestCapabilityToken.test_issue_missing_agent) ... ok
test_missing_fields (__main__.TestCapabilityToken.test_missing_fields) ... ok
test_no_hmac_key (__main__.TestCapabilityToken.test_no_hmac_key) ... ok
test_no_replay_store_is_deny (__main__.TestCapabilityToken.test_no_replay_store_is_deny)
Without used_nonces set, verification must deny (fail-closed). ... ok
test_on_behalf_of_in_token (__main__.TestCapabilityToken.test_on_behalf_of_in_token) ... ok
test_replay_prevention (__main__.TestCapabilityToken.test_replay_prevention) ... ok
test_resource_match_patterns (__main__.TestCapabilityToken.test_resource_match_patterns) ... ok
test_tampered_token (__main__.TestCapabilityToken.test_tampered_token) ... ok
test_ttl_clamped_to_max (__main__.TestCapabilityToken.test_ttl_clamped_to_max) ... ok
test_ttl_minimum (__main__.TestCapabilityToken.test_ttl_minimum) ... ok
test_verify_action_binding (__main__.TestCapabilityToken.test_verify_action_binding) ... ok
test_verify_agent_binding (__main__.TestCapabilityToken.test_verify_agent_binding) ... ok
test_verify_resource_matching (__main__.TestCapabilityToken.test_verify_resource_matching) ... ok
test_verify_task_binding (__main__.TestCapabilityToken.test_verify_task_binding) ... ok
test_verify_valid (__main__.TestCapabilityToken.test_verify_valid) ... ok
test_audit_entry_has_all_fields (__main__.TestPolicyEnforcer.test_audit_entry_has_all_fields) ... ok
test_audit_log_written (__main__.TestPolicyEnforcer.test_audit_log_written) ... ok
test_coordinator_propose_allowed (__main__.TestPolicyEnforcer.test_coordinator_propose_allowed) ... ok
test_coordinator_write_denied (__main__.TestPolicyEnforcer.test_coordinator_write_denied) ... ok
test_decision_is_immutable (__main__.TestPolicyEnforcer.test_decision_is_immutable) ... ok
test_invalid_token_denied (__main__.TestPolicyEnforcer.test_invalid_token_denied) ... ok
test_large_output_risk (__main__.TestPolicyEnforcer.test_large_output_risk) ... ok
test_nonce_consumed_on_verify (__main__.TestPolicyEnforcer.test_nonce_consumed_on_verify)
Token nonce is consumed after successful PEP evaluation. ... ok
test_observer_read_allowed (__main__.TestPolicyEnforcer.test_observer_read_allowed) ... ok
test_observer_write_denied (__main__.TestPolicyEnforcer.test_observer_write_denied)
ACCEPTANCE SCENARIO: read-only worker attempts write. ... ok
test_owner_all_allowed (__main__.TestPolicyEnforcer.test_owner_all_allowed) ... ok
test_path_traversal_risk (__main__.TestPolicyEnforcer.test_path_traversal_risk) ... ok
test_quick_check (__main__.TestPolicyEnforcer.test_quick_check) ... ok
test_quick_check_unknown_agent (__main__.TestPolicyEnforcer.test_quick_check_unknown_agent) ... ok
test_risk_escalation (__main__.TestPolicyEnforcer.test_risk_escalation)
ABAC: risk factors cause escalation for non-write-scoped agents. ... ok
test_risk_escalation_secrets_path (__main__.TestPolicyEnforcer.test_risk_escalation_secrets_path) ... ok
test_risk_owner_not_escalated (__main__.TestPolicyEnforcer.test_risk_owner_not_escalated)
Owner with write scope bypasses risk escalation. ... ok
test_token_enhances_scope (__main__.TestPolicyEnforcer.test_token_enhances_scope)
Token with write scope can elevate a worker beyond role-based limit. ... ok
test_token_still_bound_to_action (__main__.TestPolicyEnforcer.test_token_still_bound_to_action)
Token for read_file_slice does not grant propose_action. ... ok
test_unknown_agent_denied (__main__.TestPolicyEnforcer.test_unknown_agent_denied) ... ok
test_worker_propose_denied (__main__.TestPolicyEnforcer.test_worker_propose_denied)
ACCEPTANCE SCENARIO: worker with read-only attempts propose. ... ok
test_worker_read_allowed (__main__.TestPolicyEnforcer.test_worker_read_allowed) ... ok
test_gho_detected_in_write_gate_enforcer (__main__.TestMedium001Remediation.test_gho_detected_in_write_gate_enforcer) ... ok
test_ghp_detected_in_memory_gate (__main__.TestMedium001Remediation.test_ghp_detected_in_memory_gate) ... ok
test_ghp_detected_in_write_gate_enforcer (__main__.TestMedium001Remediation.test_ghp_detected_in_write_gate_enforcer) ... ok
test_ghp_in_write_gate_enforcer_smoke (__main__.TestMedium001Remediation.test_ghp_in_write_gate_enforcer_smoke)
Verify the smoke test in write_gate_enforcer still passes. ... ok
test_ghu_detected_in_write_gate_enforcer (__main__.TestMedium001Remediation.test_ghu_detected_in_write_gate_enforcer) ... ok
test_normal_content_passes (__main__.TestMedium001Remediation.test_normal_content_passes) ... ok
test_e2e_acceptance_scenario (__main__.TestIntegration.test_e2e_acceptance_scenario)
ACCEPTANCE SCENARIO: worker with read token tries write. ... ok
test_e2e_audit_trail (__main__.TestIntegration.test_e2e_audit_trail)
Full audit trail: deny, allow, deny with reasons. ... ok
test_e2e_mcp_vault_read_only (__main__.TestIntegration.test_e2e_mcp_vault_read_only)
MCP vault service can only read, never write. ... ok
test_e2e_token_replay_blocked (__main__.TestIntegration.test_e2e_token_replay_blocked)
Token replay is blocked by nonce tracking. ... ok
test_e2e_worker_read_with_token (__main__.TestIntegration.test_e2e_worker_read_with_token)
Worker gets a read token for /notes/** and reads successfully. ... ok
test_e2e_worker_write_denied_without_token (__main__.TestIntegration.test_e2e_worker_write_denied_without_token)
Octopus coordinator tries to modify file without write token -- denied. ... ok
test_audit_survives_write_failure (__main__.TestAdversarial.test_audit_survives_write_failure)
Audit log failure must not block decision. ... ok
test_delegation_confused_deputy (__main__.TestAdversarial.test_delegation_confused_deputy)
Agent cannot claim to act on behalf of X without on_behalf_of. ... ok
test_empty_action_denied (__main__.TestAdversarial.test_empty_action_denied) ... ok
test_empty_token_denied (__main__.TestAdversarial.test_empty_token_denied) ... ok
test_expired_token_denied (__main__.TestAdversarial.test_expired_token_denied) ... ok
test_forged_token_bad_sig (__main__.TestAdversarial.test_forged_token_bad_sig) ... ok
test_null_byte_in_agent_id (__main__.TestAdversarial.test_null_byte_in_agent_id)
Null byte injection in agent_id is handled safely. ... ok
test_privilege_escalation_blocked (__main__.TestAdversarial.test_privilege_escalation_blocked)
Observer WITHOUT a token cannot escalate to propose scope. ... ok
test_stolen_token_wrong_agent (__main__.TestAdversarial.test_stolen_token_wrong_agent)
Token issued to worker is useless to another agent. ... ok
test_token_for_critical_action_without_write_scope_denied (__main__.TestAdversarial.test_token_for_critical_action_without_write_scope_denied)
Token for read scope cannot be used for critical actions. ... ok
test_unicode_agent_id (__main__.TestAdversarial.test_unicode_agent_id) ... ok

----------------------------------------------------------------------
Ran 82 tests in 0.214s

OK

â”€â”€ test_g7_identity_zero_trust.py â”€â”€â”€â”€â”€â”€â”€â”€â”€â”€â”€â”€â”€â”€â”€â”€â”€â”€â”€â”€â”€â”€â”€â”€â”€â”€â”€â”€â”€â”€

============================================================
test_g7_identity_zero_trust: 82/82 passed (0 failures, 0 errors)
============================================================

â”€â”€ test_gen_pages.py â”€â”€â”€â”€â”€â”€â”€â”€â”€â”€â”€â”€â”€â”€â”€â”€â”€â”€â”€â”€â”€â”€â”€â”€â”€â”€â”€â”€â”€â”€â”€â”€â”€â”€â”€â”€â”€â”€â”€â”€â”€â”€â”€

â”€â”€ test_gen_runtime_data.py â”€â”€â”€â”€â”€â”€â”€â”€â”€â”€â”€â”€â”€â”€â”€â”€â”€â”€â”€â”€â”€â”€â”€â”€â”€â”€â”€â”€â”€â”€â”€â”€â”€â”€â”€â”€

â”€â”€ test_hebbian_real_signals.py â”€â”€â”€â”€â”€â”€â”€â”€â”€â”€â”€â”€â”€â”€â”€â”€â”€â”€â”€â”€â”€â”€â”€â”€â”€â”€â”€â”€â”€â”€â”€â”€
  ✅ spectral: فلگ خاموش → None حتی با traceِ واقعی
  ✅ spectral: فلگ روشن + گرافِ خالی → None
  ✅ spectral: فلگ روشن + traceِ واقعی → σ≥۱.۲
  ✅ cardiac: فلگ خاموش → None حتی وقتی depleted
  ✅ cardiac: فلگ روشن ولی BIO خاموش → None
  ✅ cardiac: فلگ روشن + واقعاً depleted → True
  ✅ cardiac: فلگ روشن + سالم → False
  ✅ hebbian_signals: فلگ‌های نو خاموش = baseline
  ✅ hebbian_signals: فلگ‌های نو روشن → سه سیگنال
  ✅ اثباتِ اثر: neural_beat تا hebbian.observe می‌رسد

OK test_hebbian_real_signals: 10/10 passed, 0 failed

â”€â”€ test_hub_shadow_rollout.py â”€â”€â”€â”€â”€â”€â”€â”€â”€â”€â”€â”€â”€â”€â”€â”€â”€â”€â”€â”€â”€â”€â”€â”€â”€â”€â”€â”€â”€â”€â”€â”€â”€â”€
  PASS  t_shadow_runs_both_paths_safely
  PASS  t_summarize_all_safe
  PASS  t_overlap_metric
  PASS  t_write_jsonl_appends

4/4 passed

â”€â”€ test_improve_smallest_fix_proposal.py â”€â”€â”€â”€â”€â”€â”€â”€â”€â”€â”€â”€â”€â”€â”€â”€â”€â”€â”€â”€â”€â”€â”€
  ✅ t_a_empty_smallest_fix_no_proposal
  ✅ t_b_nonempty_smallest_fix_makes_one_proposal
  ✅ t_c_proposal_always_propose_only_never_auto
  ✅ t_d_dedup_on_same_content
  ✅ t_e_gather_signals_reads_smallest_fix_from_disk
  ✅ t_f_fail_soft_on_missing_self_knowledge
  ✅ t_g_fail_soft_on_corrupt_self_knowledge

✅ test_improve_smallest_fix_proposal: 7/7

â”€â”€ test_incident1_metadata.py â”€â”€â”€â”€â”€â”€â”€â”€â”€â”€â”€â”€â”€â”€â”€â”€â”€â”€â”€â”€â”€â”€â”€â”€â”€â”€â”€â”€â”€â”€â”€â”€â”€â”€
FF                                                                       [100%]
================================== FAILURES ===================================
____________ test_incident1_receipt_critic_writes_with_confidence _____________

tmp_path = WindowsPath('C:/Users/Armin/AppData/Local/Temp/pytest-of-Armin/pytest-1604/test_incident1_receipt_critic_0')
monkeypatch = <_pytest.monkeypatch.MonkeyPatch object at 0x000001AB924B5BA0>

    def test_incident1_receipt_critic_writes_with_confidence(tmp_path, monkeypatch):
        store = _rig(tmp_path, monkeypatch)
        import receipt_critic
        out = receipt_critic.evaluate_new()
        assert out.get("ok"), out
        con_row = None
        import sqlite3
        con = sqlite3.connect(f"file:{tmp_path/'memory'/'memory.db'}?mode=ro", uri=True)
        row = con.execute("SELECT memory_id, confidence, admission_state, valid_to FROM memory "
                          "WHERE content LIKE '%act-test-1%'").fetchone()
        con.close()
>       assert row is not None, "record not written"
E       AssertionError: record not written
E       assert None is not None

test_incident1_metadata.py:49: AssertionError
________________ test_incident1_candidate_construction_static _________________

    def test_incident1_candidate_construction_static():
        """تضمینِ استاتیک: هر دو نویسنده در source، فیلد confidence را دارند."""
        src_gab = (_OPS / "goal_action_bridge.py").read_text(encoding="utf-8")
        src_rc = (_OPS / "receipt_critic.py").read_text(encoding="utf-8")
>       assert '"confidence": "0.9"' in src_gab
E       assert '"confidence": "0.9"' in '#!/usr/bin/env python3\n# -*- coding: utf-8 -*-\n"""goal_action_bridge — صداکنندهٔ گمشدهٔ زنجیرهٔ «پیش\u200cثبتِ دقیق...-8")\n        os.replace(tmp, marker)\n    except OSError:\n        pass\n    return {"ok": True, "consolidated": n}\n'

test_incident1_metadata.py:59: AssertionError
=========================== short test summary info ===========================
FAILED test_incident1_metadata.py::test_incident1_receipt_critic_writes_with_confidence
FAILED test_incident1_metadata.py::test_incident1_candidate_construction_static
2 failed in 0.86s
   â†» Ø§Ø¬Ø±Ø§ÛŒ Ø¯ÙˆÙ…: Ù‚Ø±Ù…Ø²Ù-Ù¾Ø§ÛŒØ¯Ø§Ø± â†’ tests/_flaky/test_incident1_metadata.py.txt

â”€â”€ test_intents_100steps.py â”€â”€â”€â”€â”€â”€â”€â”€â”€â”€â”€â”€â”€â”€â”€â”€â”€â”€â”€â”€â”€â”€â”€â”€â”€â”€â”€â”€â”€â”€â”€â”€â”€â”€â”€â”€
  ✅ INT-03 درد ≠ equation → protective-status
  ✅ INT-04 honest-self → honest-self
  ✅ INT-04 قلب → honest-self
  ✅ INT-02 memory recall → MEMORY_RECALL
  ✅ INT-05 improve → memory
✅ test_intents_100steps ok
Traceback (most recent call last):
  File "C:\Users\Armin\.zcode\tmp\octopus-heart-g4-20260825\_ops\tests\test_interview_organism_20260816.py", line 25, in <module>
    from observatory.observation_v1 import PARSE_DRIFT, parse_body, SCHEMA  # noqa: E402
    ^^^^^^^^^^^^^^^^^^^^^^^^^^^^^^^^^^^^^^^^^^^^^^^^^^^^^^^^^^^^^^^^^^^^^^
  File "C:\Users\Armin\.zcode\tmp\octopus-heart-g4-20260825\_ops\observatory\__init__.py", line 10, in <module>
    from .observation_v1 import PARSE_DRIFT, parse_body, SCHEMA  # noqa: F401
    ^^^^^^^^^^^^^^^^^^^^^^^^^^^^^^^^^^^^^^^^^^^^^^^^^^^^^^^^^^^
ModuleNotFoundError: No module named 'observatory.observation_v1'

â”€â”€ test_interview_organism_20260816.py â”€â”€â”€â”€â”€â”€â”€â”€â”€â”€â”€â”€â”€â”€â”€â”€â”€â”€â”€â”€â”€â”€â”€â”€â”€
   â†» Ø§Ø¬Ø±Ø§ÛŒ Ø¯ÙˆÙ…: Ù‚Ø±Ù…Ø²Ù-Ù¾Ø§ÛŒØ¯Ø§Ø± â†’ tests/_flaky/test_interview_organism_20260816.py.txt

â”€â”€ test_interview_unwired_4d_20260816.py â”€â”€â”€â”€â”€â”€â”€â”€â”€â”€â”€â”€â”€â”€â”€â”€â”€â”€â”€â”€â”€â”€â”€
PASS t_flush_not_configured_reached_owner_false
PASS t_git_watcher_armed_false_when_self_code_off

â”€â”€ test_kernel_bridge_reader.py â”€â”€â”€â”€â”€â”€â”€â”€â”€â”€â”€â”€â”€â”€â”€â”€â”€â”€â”€â”€â”€â”€â”€â”€â”€â”€â”€â”€â”€â”€â”€â”€
  ✅ default-off
  ✅ no-import-from-4d-system
  ✅ missing-artifact-not-healthy
  ✅ corrupt-artifact-not-healthy
  ✅ stale-artifact-marked-stale
  ✅ fresh-artifact-marked-fresh
  ✅ schema-incompatible-detected
  ✅ jsonl-corrupt-lines-counted
  ✅ persist-only-when-enabled
  ✅ persist-writes-when-enabled
  ✅ never-raises-on-missing-dir
  ✅ all-artifacts-checked
  ✅ overall-ok-only-when-all-ok

â”€â”€ test_lab_runner.py â”€â”€â”€â”€â”€â”€â”€â”€â”€â”€â”€â”€â”€â”€â”€â”€â”€â”€â”€â”€â”€â”€â”€â”€â”€â”€â”€â”€â”€â”€â”€â”€â”€â”€â”€â”€â”€â”€â”€â”€â”€â”€

â”€â”€ test_lead_card_wiring.py â”€â”€â”€â”€â”€â”€â”€â”€â”€â”€â”€â”€â”€â”€â”€â”€â”€â”€â”€â”€â”€â”€â”€â”€â”€â”€â”€â”€â”€â”€â”€â”€â”€â”€â”€â”€
  ✅ t_a_flag_off_sends_only_the_ready_card
  ✅ t_b2_flag_on_without_send_fn_stays_headless
  ✅ t_b_flag_on_genuinely_invokes_render_and_deliver
  ✅ t_c_the_sent_callback_data_clears_the_real_policy_gate
  ✅ t_d_lcall_and_ldraft_are_in_group_callback_verbs
  ✅ t_e_mutation_removing_lcall_ldraft_flips_the_gate_red

✅ test_lead_card_wiring: 6/6

â”€â”€ test_ledger_tip_commit.py â”€â”€â”€â”€â”€â”€â”€â”€â”€â”€â”€â”€â”€â”€â”€â”€â”€â”€â”€â”€â”€â”€â”€â”€â”€â”€â”€â”€â”€â”€â”€â”€â”€â”€â”€
  ✅ t_organism_daily_calls_verify_tip
  ✅ t_unsealed_is_not_a_failure
  ✅ t_verify_still_ok_after_tail_drop_negative_control
  ✅ t_verify_tip_catches_the_same_tail_drop

✅ test_ledger_tip_commit: 4/4

â”€â”€ test_legs_status_reader.py â”€â”€â”€â”€â”€â”€â”€â”€â”€â”€â”€â”€â”€â”€â”€â”€â”€â”€â”€â”€â”€â”€â”€â”€â”€â”€â”€â”€â”€â”€â”€â”€â”€â”€
  PASS  t_http_codes_only_200_is_up
  PASS  t_default_fetch_never_reads_body
  PASS  t_snapshot_fake_fetch_has_no_body
  PASS  t_board_phrase_is_legs_not_business
  PASS  t_other_board_phrases_hit_legs
  PASS  t_business_and_runtime_not_stolen
  PASS  t_loopback_and_http_override_are_down_not_probed
  PASS  t_valid_override_is_probed_blocked_sibling_is_not
  PASS  t_default_urls_are_healthz_not_api_health
  PASS  t_public_https_url_ok_matrix
  PASS  t_legs_kind_not_sent_to_model
  PASS  t_non200_chat_is_unreachable_not_healthy
  PASS  t_format_does_not_claim_business_health
  PASS  t_g1_redirect_is_never_followed
  PASS  t_g2_bare_business_plural_routes_to_legs
OK 15/15

â”€â”€ test_life_currency.py â”€â”€â”€â”€â”€â”€â”€â”€â”€â”€â”€â”€â”€â”€â”€â”€â”€â”€â”€â”€â”€â”€â”€â”€â”€â”€â”€â”€â”€â”€â”€â”€â”€â”€â”€â”€â”€â”€â”€
============================= test session starts =============================
platform win32 -- Python 3.13.7, pytest-9.1.1, pluggy-1.6.0 -- C:\Program Files\Python313\python.exe
cachedir: .pytest_cache
hypothesis profile 'default'
rootdir: C:\Users\Armin\.zcode\tmp\octopus-heart-g4-20260825\_ops\tests
plugins: anyio-4.13.0, hypothesis-6.158.1, jaxtyping-0.3.11, langsmith-0.10.1
collecting ... collected 13 items

test_life_currency.py::test_green_allocates_to_all_11_members PASSED     [  7%]
test_life_currency.py::test_hard_cap_two_x_beat_share PASSED             [ 15%]
test_life_currency.py::test_amber_halves_red_survival_only PASSED        [ 23%]
test_life_currency.py::test_unknown_color_allocates_nothing PASSED       [ 30%]
test_life_currency.py::test_cost_formula_and_a6_forbidden PASSED         [ 38%]
test_life_currency.py::test_transfer_free_with_log_and_debt_allowed PASSED [ 46%]
test_life_currency.py::test_transfer_rejects_unknown_member PASSED       [ 53%]
test_life_currency.py::test_transfer_accepts_raw_dicts_too PASSED        [ 61%]
test_life_currency.py::test_emit_is_dry_run_without_flag PASSED          [ 69%]
test_life_currency.py::test_emit_writes_with_flag PASSED                 [ 76%]
test_life_currency.py::test_tick_never_raises PASSED                     [ 84%]
test_life_currency.py::test_organism_loop_calls_life_currency PASSED     [ 92%]
test_life_currency.py::test_owner_verdict_registered PASSED              [100%]

============================= 13 passed in 0.52s ==============================

â”€â”€ test_life_currency_b1.py â”€â”€â”€â”€â”€â”€â”€â”€â”€â”€â”€â”€â”€â”€â”€â”€â”€â”€â”€â”€â”€â”€â”€â”€â”€â”€â”€â”€â”€â”€â”€â”€â”€â”€â”€â”€

â”€â”€ test_life_currency_floor_rounding.py â”€â”€â”€â”€â”€â”€â”€â”€â”€â”€â”€â”€â”€â”€â”€â”€â”€â”€â”€â”€â”€â”€â”€â”€

â”€â”€ test_life_currency_units_safety.py â”€â”€â”€â”€â”€â”€â”€â”€â”€â”€â”€â”€â”€â”€â”€â”€â”€â”€â”€â”€â”€â”€â”€â”€â”€â”€

â”€â”€ test_life_economy.py â”€â”€â”€â”€â”€â”€â”€â”€â”€â”€â”€â”€â”€â”€â”€â”€â”€â”€â”€â”€â”€â”€â”€â”€â”€â”€â”€â”€â”€â”€â”€â”€â”€â”€â”€â”€â”€â”€â”€â”€

â”€â”€ test_live4_reservation.py â”€â”€â”€â”€â”€â”€â”€â”€â”€â”€â”€â”€â”€â”€â”€â”€â”€â”€â”€â”€â”€â”€â”€â”€â”€â”€â”€â”€â”€â”€â”€â”€â”€â”€â”€
....                                                                     [100%]
4 passed in 0.64s
t_allowed_writes_are_declared_and_recorded (__main__.GuardCase.t_allowed_writes_are_declared_and_recorded) ... ok
t_default_root_is_the_live_tree (__main__.GuardCase.t_default_root_is_the_live_tree) ... ok
t_disarm_restores_the_originals (__main__.GuardCase.t_disarm_restores_the_originals) ... ok
t_every_write_vector_raises (__main__.GuardCase.t_every_write_vector_raises) ... ok
t_external_network_is_blocked_loopback_is_not (__main__.GuardCase.t_external_network_is_blocked_loopback_is_not) ... ok
t_paths_outside_the_root_are_untouched (__main__.GuardCase.t_paths_outside_the_root_are_untouched) ... ok
t_reads_are_never_blocked (__main__.GuardCase.t_reads_are_never_blocked) ... ok
t_traversal_cannot_escape_the_check (__main__.GuardCase.t_traversal_cannot_escape_the_check) ... ok
t_zero_byte_ops_are_recorded_but_not_blocked (__main__.GuardCase.t_zero_byte_ops_are_recorded_but_not_blocked) ... ok

----------------------------------------------------------------------
Ran 9 tests in 2.691s

OK

â”€â”€ test_live_state_guard.py â”€â”€â”€â”€â”€â”€â”€â”€â”€â”€â”€â”€â”€â”€â”€â”€â”€â”€â”€â”€â”€â”€â”€â”€â”€â”€â”€â”€â”€â”€â”€â”€â”€â”€â”€â”€

✅ test_live_state_guard: 9/9

â”€â”€ test_memory_admission_p2.py â”€â”€â”€â”€â”€â”€â”€â”€â”€â”€â”€â”€â”€â”€â”€â”€â”€â”€â”€â”€â”€â”€â”€â”€â”€â”€â”€â”€â”€â”€â”€â”€â”€
........                                                                 [100%]
8 passed in 0.92s
......
----------------------------------------------------------------------
Ran 6 tests in 0.258s

OK

â”€â”€ test_memory_ask_recall.py â”€â”€â”€â”€â”€â”€â”€â”€â”€â”€â”€â”€â”€â”€â”€â”€â”€â”€â”€â”€â”€â”€â”€â”€â”€â”€â”€â”€â”€â”€â”€â”€â”€â”€â”€

â”€â”€ test_memory_read_loop.py â”€â”€â”€â”€â”€â”€â”€â”€â”€â”€â”€â”€â”€â”€â”€â”€â”€â”€â”€â”€â”€â”€â”€â”€â”€â”€â”€â”€â”€â”€â”€â”€â”€â”€â”€â”€
.....                                                                    [100%]
5 passed in 0.48s

â”€â”€ test_memory_team_a_promotion.py â”€â”€â”€â”€â”€â”€â”€â”€â”€â”€â”€â”€â”€â”€â”€â”€â”€â”€â”€â”€â”€â”€â”€â”€â”€â”€â”€â”€â”€
PASS t1 clean submit commits
PASS t2 new columns persisted
PASS t3 F3 insert without confidence rejected
PASS t4 contradiction -> verb quarantine
PASS t5 row QUARANTINED and retained (no deletion)
PASS t6 original ADMITTED intact
PASS t7 states = {ADMITTED, QUARANTINED}
PASS t8 live migration added 3 columns
    live rows: before=0 after=0 (organism may append between reads)
PASS t9 live row count unchanged BY MIGRATION itself (before==after read post-open)
PASS t10 historical rows untouched (columns NULL, not fabricated)
PASS A1 traceable self_loop -> ADMITTED
PASS A1 untraceable self_loop -> PENDING (invisible to retrieval)
PASS A1 deterministic -> ADMITTED directly
FINAL-A1: ALL PASS
Traceback (most recent call last):
  File "C:\Users\Armin\.zcode\tmp\octopus-heart-g4-20260825\_ops\tests\test_mining_leg.py", line 18, in <module>
    from mining_leg import (  # noqa: E402
    ...<2 lines>...
    )
ImportError: cannot import name 'MiningLeg' from 'mining_leg' (C:\Users\Armin\.zcode\tmp\octopus-heart-g4-20260825\_ops\legs\mining_leg.py)

â”€â”€ test_mining_leg.py â”€â”€â”€â”€â”€â”€â”€â”€â”€â”€â”€â”€â”€â”€â”€â”€â”€â”€â”€â”€â”€â”€â”€â”€â”€â”€â”€â”€â”€â”€â”€â”€â”€â”€â”€â”€â”€â”€â”€â”€â”€â”€
   â†» Ø§Ø¬Ø±Ø§ÛŒ Ø¯ÙˆÙ…: Ù‚Ø±Ù…Ø²Ù-Ù¾Ø§ÛŒØ¯Ø§Ø± â†’ tests/_flaky/test_mining_leg.py.txt

â”€â”€ test_mirror_menu_button.py â”€â”€â”€â”€â”€â”€â”€â”€â”€â”€â”€â”€â”€â”€â”€â”€â”€â”€â”€â”€â”€â”€â”€â”€â”€â”€â”€â”€â”€â”€â”€â”€â”€â”€
  ✅ t_button_sets_prompt_and_flag
  ✅ t_disabled_flag_shows_dark_message_not_crash
  ✅ t_flag_consumed_only_once
  ✅ t_menu_button_present
  ✅ t_next_message_routes_to_mirror_without_topic
  ✅ t_topic_route_still_works_unchanged
PASS — test_mirror_menu_button — 0 failures

â”€â”€ test_model_router_paid_observability.py â”€â”€â”€â”€â”€â”€â”€â”€â”€â”€â”€â”€â”€â”€â”€â”€â”€â”€â”€â”€â”€
  ✅ t_bearer_token_in_message_is_redacted
  ✅ t_delegates_correct_args_to_owner_cockpit_db
  ✅ t_error_status_and_detail_pass_through_on_failure
  ✅ t_http_error_body_is_captured_when_readable
  ✅ t_http_error_status_and_reason_are_captured
  ✅ t_never_raises_when_db_module_is_broken
  ✅ t_never_raises_when_db_module_is_missing_entirely
  ✅ t_non_http_error_still_gets_class_and_message
  ✅ t_output_is_length_capped
PASS — test_model_router_paid_observability — 0 failures

â”€â”€ test_notif_inbox.py â”€â”€â”€â”€â”€â”€â”€â”€â”€â”€â”€â”€â”€â”€â”€â”€â”€â”€â”€â”€â”€â”€â”€â”€â”€â”€â”€â”€â”€â”€â”€â”€â”€â”€â”€â”€â”€â”€â”€â”€â”€
  ✅ t_flag_off_route_calls_send_fn_untouched
  ✅ t_flag_on_route_pushes_and_never_calls_send_fn
  ✅ t_list_items_newest_first
  ✅ t_mark_read_all_when_ids_none
  ✅ t_mark_read_specific_ids_only
  ✅ t_maybe_ping_does_not_refire_for_stale_unread
  ✅ t_maybe_ping_flag_off_is_noop
  ✅ t_maybe_ping_no_items_no_ping
  ✅ t_maybe_ping_respects_cooldown
  ✅ t_maybe_ping_send_failure_leaves_marker_untouched
  ✅ t_maybe_ping_send_fn_exception_is_fail_soft
  ✅ t_prune_never_drops_unread
  ✅ t_push_returns_none_not_empty_string_on_save_failure
  ✅ t_push_uses_default_title_when_empty

✅ test_notif_inbox: 14/14

â”€â”€ test_octopus_chat_endpoint.py â”€â”€â”€â”€â”€â”€â”€â”€â”€â”€â”€â”€â”€â”€â”€â”€â”€â”€â”€â”€â”€â”€â”€â”€â”€â”€â”€â”€â”€â”€â”€
  PASS  t_endpoint_404_when_flag_off
  PASS  t_endpoint_in_post_allowlist
  PASS  t_endpoint_403_without_owner_auth
  PASS  t_endpoint_returns_chatreply_when_on_and_authed
  PASS  t_endpoint_empty_text_400
  PASS  t_endpoint_real_traffic_now_none_no_message_id

6/6 passed
127.0.0.1 - "POST /mcp HTTP/1.1" 406 -
127.0.0.1 - "POST /mcp HTTP/1.1" 400 -
127.0.0.1 - "POST /mcp HTTP/1.1" 400 -
127.0.0.1 - "POST /mcp HTTP/1.1" 400 -
127.0.0.1 - "GET /healthz HTTP/1.1" 403 -
127.0.0.1 - "POST /mcp HTTP/1.1" 403 -
127.0.0.1 - "GET /mcp HTTP/1.1" 405 -
127.0.0.1 - "DELETE /mcp HTTP/1.1" 405 -
127.0.0.1 - "GET /healthz HTTP/1.1" 200 -
127.0.0.1 - "GET /readyz HTTP/1.1" 200 -
127.0.0.1 - "POST /mcp HTTP/1.1" 200 -
127.0.0.1 - "POST /mcp HTTP/1.1" 200 -
127.0.0.1 - "POST /mcp HTTP/1.1" 202 -
127.0.0.1 - "POST /mcp HTTP/1.1" 200 -
127.0.0.1 - "POST /mcp HTTP/1.1" 200 -
127.0.0.1 - "POST /mcp HTTP/1.1" 200 -
127.0.0.1 - "POST /mcp HTTP/1.1" 200 -

â”€â”€ test_octopus_mcp_http_stateless.py â”€â”€â”€â”€â”€â”€â”€â”€â”€â”€â”€â”€â”€â”€â”€â”€â”€â”€â”€â”€â”€â”€â”€â”€â”€â”€
OK test_octopus_mcp_http_stateless: 13/13

â”€â”€ test_octopus_mcp_search.py â”€â”€â”€â”€â”€â”€â”€â”€â”€â”€â”€â”€â”€â”€â”€â”€â”€â”€â”€â”€â”€â”€â”€â”€â”€â”€â”€â”€â”€â”€â”€â”€â”€â”€
OK test_octopus_mcp_search: 6/6
test_budget_over_per_action_denied (__main__.P0V3Tests.test_budget_over_per_action_denied) ... ok
test_composed_stop_file_engages_without_overlay (__main__.P0V3Tests.test_composed_stop_file_engages_without_overlay) ... ok
test_evidence_linter_repo_line_count (__main__.P0V3Tests.test_evidence_linter_repo_line_count) ... ok
test_evidence_linter_unverified_near_tier1 (__main__.P0V3Tests.test_evidence_linter_unverified_near_tier1) ... ok
test_financial_with_owner_runs (__main__.P0V3Tests.test_financial_with_owner_runs) ... ok
test_financial_without_owner_blocked (__main__.P0V3Tests.test_financial_without_owner_blocked) ... ok
test_freedom_metrics_not_a_slogan (__main__.P0V3Tests.test_freedom_metrics_not_a_slogan) ... ok
test_hard_no_go_abliteration (__main__.P0V3Tests.test_hard_no_go_abliteration) ... ok
test_hash_chain_three_records (__main__.P0V3Tests.test_hash_chain_three_records) ... ok
test_kill_arm_state (__main__.P0V3Tests.test_kill_arm_state) ... ok
test_kill_blocks_in_sub_millisecond_window (__main__.P0V3Tests.test_kill_blocks_in_sub_millisecond_window) ... ok
test_l0_action_records_intent_then_executes (__main__.P0V3Tests.test_l0_action_records_intent_then_executes) ... ok
test_lease_binds_params_and_burns_on_exhaust (__main__.P0V3Tests.test_lease_binds_params_and_burns_on_exhaust) ... ok
test_lease_expiry (__main__.P0V3Tests.test_lease_expiry) ... ok
test_not_wired_to_live_organism (__main__.P0V3Tests.test_not_wired_to_live_organism) ... ok
test_overlay_cannot_loosen_live_caps (__main__.P0V3Tests.test_overlay_cannot_loosen_live_caps) ... ok
test_taint_latch_forces_network_none_for_rest_of_task (__main__.P0V3Tests.test_taint_latch_forces_network_none_for_rest_of_task) ... ok
test_tamper_on_disk_is_detected (__main__.P0V3Tests.test_tamper_on_disk_is_detected) ... ok

----------------------------------------------------------------------
Ran 18 tests in 0.344s

OK

â”€â”€ test_octopus_v3_p0_20260816.py â”€â”€â”€â”€â”€â”€â”€â”€â”€â”€â”€â”€â”€â”€â”€â”€â”€â”€â”€â”€â”€â”€â”€â”€â”€â”€â”€â”€â”€â”€

â”€â”€ test_off_heartbeat.py â”€â”€â”€â”€â”€â”€â”€â”€â”€â”€â”€â”€â”€â”€â”€â”€â”€â”€â”€â”€â”€â”€â”€â”€â”€â”€â”€â”€â”€â”€â”€â”€â”€â”€â”€â”€â”€â”€â”€
============================= test session starts =============================
platform win32 -- Python 3.13.7, pytest-9.1.1, pluggy-1.6.0 -- C:\Program Files\Python313\python.exe
cachedir: .pytest_cache
hypothesis profile 'default'
rootdir: C:\Users\Armin\.zcode\tmp\octopus-heart-g4-20260825\_ops\tests
plugins: anyio-4.13.0, hypothesis-6.158.1, jaxtyping-0.3.11, langsmith-0.10.1
collecting ... collected 9 items

test_off_heartbeat.py::test_activation_flags_on_disk_reports_on PASSED   [ 11%]
test_off_heartbeat.py::test_snapshot_reports_heartstate_on_when_flag_file_exists PASSED [ 22%]
test_off_heartbeat.py::test_classifier_flag_armed_falls_back_to_activation_flags PASSED [ 33%]
test_off_heartbeat.py::test_dormant_modules_reflect_live_flags PASSED    [ 44%]
test_off_heartbeat.py::test_off_heartbeat_emits_only_every_10th_beat PASSED [ 55%]
test_off_heartbeat.py::test_off_heartbeat_event_shape_and_log PASSED     [ 66%]
test_off_heartbeat.py::test_events_taxonomy_accepts_module_heartbeat PASSED [ 77%]
test_off_heartbeat.py::test_off_heartbeat_never_raises PASSED            [ 88%]
test_off_heartbeat.py::test_organism_loop_calls_off_heartbeat PASSED     [100%]

============================== 9 passed in 0.69s ==============================

â”€â”€ test_ops_actions_diagnostics_noop.py â”€â”€â”€â”€â”€â”€â”€â”€â”€â”€â”€â”€â”€â”€â”€â”€â”€â”€â”€â”€â”€â”€â”€â”€
  ✅ t_action_is_allowlisted
  ✅ t_idempotent_same_action_id_does_not_double_write
  ✅ t_non_owner_is_denied_and_writes_nothing
  ✅ t_owner_call_applies_and_writes_only_noop_table
PASS — test_ops_actions_diagnostics_noop — 0 failures

â”€â”€ test_ops_actions_notif_mark_read.py â”€â”€â”€â”€â”€â”€â”€â”€â”€â”€â”€â”€â”€â”€â”€â”€â”€â”€â”€â”€â”€â”€â”€â”€â”€
  ✅ t_action_is_allowlisted
  ✅ t_all_true_marks_everything
  ✅ t_double_call_is_idempotent_not_double_marked
  ✅ t_missing_ids_and_all_is_blocked
  ✅ t_not_owner_is_denied
  ✅ t_specific_ids_only

✅ test_ops_actions_notif_mark_read: 6/6

â”€â”€ test_orchestration_g1.py â”€â”€â”€â”€â”€â”€â”€â”€â”€â”€â”€â”€â”€â”€â”€â”€â”€â”€â”€â”€â”€â”€â”€â”€â”€â”€â”€â”€â”€â”€â”€â”€â”€â”€â”€â”€
  OK: approve -> RUNNING
  OK: audit entries recorded
  OK: kill/cancel audit recorded
  OK: CANCELLED reachable from all non-terminal states
  OK: cancel from any non-terminal state
  OK: cancel from RUNNING
  OK: canonical IDs generated
  OK: checkpoints persisted and loadable
  OK: completed steps not re-executed after restart
  OK: COMPLETED -> RUNNING is illegal
  OK: corrupt checkpoint lines skipped
  OK: corrupt task state lines skipped
  OK: crash at step2, resume completes step3 (acceptance scenario)
  OK: create_task -> CREATED
  OK: CREATED -> PLANNED
  OK: CREATED -> RUNNING is illegal
  OK: custom IDs accepted
  OK: deny -> FAILED
  OK: double cancel is idempotent
  OK: FAILED -> RUNNING is illegal
  OK: different steps produce different keys
  OK: idempotency key in checkpoints
  OK: idempotency key is deterministic
  OK: incomplete tasks found
  OK: kill switch cancels execution
  OK: all states in transition table
  OK: max retries exhausted -> task FAILED
  OK: no approval -> direct RUNNING
  OK: pause stops execution
  OK: PAUSED -> RUNNING
  OK: payload hash is deterministic
  OK: payload hash is order-independent
  OK: plan -> PLANNED
  OK: recovery of completed task -> none
  OK: recovery of non-existent task
  OK: recovery returns correct next step
  OK: resume continues from checkpoint
  OK: delays increase (0.0, 1.0, 2.0)
  OK: retry exhaustion detected correctly
  OK: max delay capped
  OK: retry then succeed
  OK: RUNNING -> COMPLETED
  OK: RUNNING -> PAUSED
  OK: step without handler is skipped
  OK: task_status not found
  OK: task status returns correct info
  OK: terminal states block all transitions
  OK: 3-step workflow completes
  OK: legal transition accepted
  OK: illegal transition rejected

============================================================
test_orchestration_g1: 50/50 passed  ALL GREEN
============================================================

â”€â”€ test_order_independence.py â”€â”€â”€â”€â”€â”€â”€â”€â”€â”€â”€â”€â”€â”€â”€â”€â”€â”€â”€â”€â”€â”€â”€â”€â”€â”€â”€â”€â”€â”€â”€â”€â”€â”€
============================= test session starts =============================
platform win32 -- Python 3.13.7, pytest-9.1.1, pluggy-1.6.0 -- C:\Program Files\Python313\python.exe
cachedir: .pytest_cache
hypothesis profile 'default'
rootdir: C:\Users\Armin\.zcode\tmp\octopus-heart-g4-20260825\_ops\tests
plugins: anyio-4.13.0, hypothesis-6.158.1, jaxtyping-0.3.11, langsmith-0.10.1
collecting ... collected 2 items

test_order_independence.py::test_order_independence_forward_and_reverse PASSED [ 50%]
test_order_independence.py::test_subprocess_isolation_no_state_leak PASSED [100%]

============================== 2 passed in 6.23s ==============================

â”€â”€ test_organogenesis.py â”€â”€â”€â”€â”€â”€â”€â”€â”€â”€â”€â”€â”€â”€â”€â”€â”€â”€â”€â”€â”€â”€â”€â”€â”€â”€â”€â”€â”€â”€â”€â”€â”€â”€â”€â”€â”€â”€â”€

â”€â”€ test_outbound_https.py â”€â”€â”€â”€â”€â”€â”€â”€â”€â”€â”€â”€â”€â”€â”€â”€â”€â”€â”€â”€â”€â”€â”€â”€â”€â”€â”€â”€â”€â”€â”€â”€â”€â”€â”€â”€â”€â”€
  ✅ t_approved_job_sends_exactly_once_then_idempotent
  ✅ t_approved_job_with_changed_spec_is_denied_without_network
  ✅ t_domain_not_in_allowlist_is_blocked
  ✅ t_empty_allowlist_is_fail_closed
  ✅ t_execute_before_approval_is_pending_no_network
  ✅ t_execute_rejected_job_stays_rejected
  ✅ t_execute_unknown_job_is_not_found
  ✅ t_expired_approval_is_denied_without_network
  ✅ t_flag_off_submit_creates_nothing
  ✅ t_http_scheme_is_rejected_https_only
  ✅ t_method_not_allowed_for_domain_is_blocked
  ✅ t_network_failure_marks_done_not_retryable
  ✅ t_receipts_never_contain_full_url_or_body
  ✅ t_submit_never_calls_the_network_itself

✅ test_outbound_https: 14/14

â”€â”€ test_outbound_https_approval_port.py â”€â”€â”€â”€â”€â”€â”€â”€â”€â”€â”€â”€â”€â”€â”€â”€â”€â”€â”€â”€â”€â”€â”€â”€
  ✅ t_a_LocalApprovalStore_deleted
  ✅ t_b_get_store_deleted
  ✅ t_c_approval_port_default_none
  ✅ t_d_set_approval_port_exists
  ✅ t_e_submit_not_wired_no_port
  ✅ t_e_submit_not_wired_reason
  ✅ t_f_execute_not_wired_no_port
  ✅ t_f_execute_not_wired_reason
  ✅ t_g_port_wired
  ✅ t_h_submit_ok_with_port
  ✅ t_h_submit_status_pending
  ✅ t_h_submit_job_id_from_port
  ✅ t_h_add_pending_called_once
  ✅ t_h_approval_binds_action_hash
  ✅ t_i_execute_delegates_get
  ✅ t_i_get_called_once
  ✅ t_j_execute_with_approved_not_wired
  ✅ t_j_execute_approved_missing_spec

✅ test_outbound_https_approval_port: 18/18

â”€â”€ test_outbound_owner_transport.py â”€â”€â”€â”€â”€â”€â”€â”€â”€â”€â”€â”€â”€â”€â”€â”€â”€â”€â”€â”€â”€â”€â”€â”€â”€â”€â”€â”€
  ✅ t1_flag_off_no_op
  ✅ t2_default_target_is_stub_not_armed
  ❌ t3_owner_chat_token_missing_unarmed: AssertionError()
  ❌ t4_owner_chat_send_success_mocked: AssertionError("got {'ok': False, 'sent': False, 'status': 'consent-denied', 'gate_reason': 'flag-off'}")
  ❌ t5_r2_no_customer_contact_in_payload: TypeError("argument of type 'NoneType' is not iterable")
  ❌ t6_truncation_long_message: TypeError("argument of type 'NoneType' is not iterable")
  ❌ t7_network_error_fail_soft: AssertionError()
  ✅ t8_customer_target_not_supported

test_outbound_owner_transport: 3/8
  FAIL t3_owner_chat_token_missing_unarmed: AssertionError()
  FAIL t4_owner_chat_send_success_mocked: AssertionError("got {'ok': False, 'sent': False, 'status': 'consent-denied', 'gate_reason': 'flag-off'}")
  FAIL t5_r2_no_customer_contact_in_payload: TypeError("argument of type 'NoneType' is not iterable")
  FAIL t6_truncation_long_message: TypeError("argument of type 'NoneType' is not iterable")
  FAIL t7_network_error_fail_soft: AssertionError()
   â†» Ø§Ø¬Ø±Ø§ÛŒ Ø¯ÙˆÙ…: Ù‚Ø±Ù…Ø²Ù-Ù¾Ø§ÛŒØ¯Ø§Ø± â†’ tests/_flaky/test_outbound_owner_transport.py.txt

â”€â”€ test_owner_api.py â”€â”€â”€â”€â”€â”€â”€â”€â”€â”€â”€â”€â”€â”€â”€â”€â”€â”€â”€â”€â”€â”€â”€â”€â”€â”€â”€â”€â”€â”€â”€â”€â”€â”€â”€â”€â”€â”€â”€â”€â”€â”€â”€
........                                                                 [100%]
8 passed in 0.53s

â”€â”€ test_owner_cockpit_db.py â”€â”€â”€â”€â”€â”€â”€â”€â”€â”€â”€â”€â”€â”€â”€â”€â”€â”€â”€â”€â”€â”€â”€â”€â”€â”€â”€â”€â”€â”€â”€â”€â”€â”€â”€â”€
............                                                             [100%]
12 passed in 0.76s

â”€â”€ test_pain_triage.py â”€â”€â”€â”€â”€â”€â”€â”€â”€â”€â”€â”€â”€â”€â”€â”€â”€â”€â”€â”€â”€â”€â”€â”€â”€â”€â”€â”€â”€â”€â”€â”€â”€â”€â”€â”€â”€â”€â”€â”€â”€
Traceback (most recent call last):
  File "C:\Users\Armin\.zcode\tmp\octopus-heart-g4-20260825\_ops\tests\test_perception_envelope.py", line 23, in <module>
    from observatory.envelope import (
    ...<4 lines>...
    )
  File "C:\Users\Armin\.zcode\tmp\octopus-heart-g4-20260825\_ops\observatory\__init__.py", line 10, in <module>
    from .observation_v1 import PARSE_DRIFT, parse_body, SCHEMA  # noqa: F401
    ^^^^^^^^^^^^^^^^^^^^^^^^^^^^^^^^^^^^^^^^^^^^^^^^^^^^^^^^^^^
ModuleNotFoundError: No module named 'observatory.observation_v1'

â”€â”€ test_perception_envelope.py â”€â”€â”€â”€â”€â”€â”€â”€â”€â”€â”€â”€â”€â”€â”€â”€â”€â”€â”€â”€â”€â”€â”€â”€â”€â”€â”€â”€â”€â”€â”€â”€â”€
   â†» Ø§Ø¬Ø±Ø§ÛŒ Ø¯ÙˆÙ…: Ù‚Ø±Ù…Ø²Ù-Ù¾Ø§ÛŒØ¯Ø§Ø± â†’ tests/_flaky/test_perception_envelope.py.txt

â”€â”€ test_phase8_dormant_wiring.py â”€â”€â”€â”€â”€â”€â”€â”€â”€â”€â”€â”€â”€â”€â”€â”€â”€â”€â”€â”€â”€â”€â”€â”€â”€â”€â”€â”€â”€â”€â”€
============================= test session starts =============================
platform win32 -- Python 3.13.7, pytest-9.1.1, pluggy-1.6.0 -- C:\Program Files\Python313\python.exe
cachedir: .pytest_cache
hypothesis profile 'default'
rootdir: C:\Users\Armin\.zcode\tmp\octopus-heart-g4-20260825\_ops\tests
plugins: anyio-4.13.0, hypothesis-6.158.1, jaxtyping-0.3.11, langsmith-0.10.1
collecting ... collected 9 items

test_phase8_dormant_wiring.py::test_intel_spine_flag_and_callers_exist PASSED [ 11%]
test_phase8_dormant_wiring.py::test_afferent_beat_wired_in_organism_loop PASSED [ 22%]
test_phase8_dormant_wiring.py::test_synapse_beat_wired_and_flag_registered PASSED [ 33%]
test_phase8_dormant_wiring.py::test_chord_beat_flag_off_is_noop PASSED   [ 44%]
test_phase8_dormant_wiring.py::test_chord_beat_produces_shadow_verdict PASSED [ 55%]
test_phase8_dormant_wiring.py::test_chord_beat_never_raises PASSED       [ 66%]
test_phase8_dormant_wiring.py::test_chord_caller_in_organism_and_verdict PASSED [ 77%]
test_phase8_dormant_wiring.py::test_action_gates_present_in_goal_action_bridge PASSED [ 88%]
test_phase8_dormant_wiring.py::test_action_bridge_off_heartbeat_corrected PASSED [100%]

============================== 9 passed in 0.52s ==============================

â”€â”€ test_phase_jn.py â”€â”€â”€â”€â”€â”€â”€â”€â”€â”€â”€â”€â”€â”€â”€â”€â”€â”€â”€â”€â”€â”€â”€â”€â”€â”€â”€â”€â”€â”€â”€â”€â”€â”€â”€â”€â”€â”€â”€â”€â”€â”€â”€â”€
  ✅ [J] advice labels always false
  ✅ [J] pain>0.7 → slow_down advice
  ✅ [J] missing state fail-soft
  ✅ [K] probe never applies
  ✅ [K] record writes jsonl under state
  ✅ [L] insufficient → KEEP_ADVISORY
  ❌ [L] window complete → ready/review: 
  ❌ [L] integrity violation → review: 
  ✅ [N] no vote deny
  ✅ [N] vote3 missing fields deny
  ✅ [N] vote3 full request proposal-only
  ✅ [N] record effect audit line
  ✅ [N] disallowed action denied
   â†» Ø§Ø¬Ø±Ø§ÛŒ Ø¯ÙˆÙ…: Ù‚Ø±Ù…Ø²Ù-Ù¾Ø§ÛŒØ¯Ø§Ø± â†’ tests/_flaky/test_phase_jn.py.txt

â”€â”€ test_phi_reset_on_restart.py â”€â”€â”€â”€â”€â”€â”€â”€â”€â”€â”€â”€â”€â”€â”€â”€â”€â”€â”€â”€â”€â”€â”€â”€â”€â”€â”€â”€â”€â”€â”€â”€
  ✅ phi قبل از reset بالا است (phi=300.0)
  ✅ phi بعد از reset صفر است (bootstrap، phi=0.0)
  ✅ arrivals فقط یک ackِ تولد دارد بعد از reset
  ✅ beat 1: یک restart صدا زده شد
  ✅ beat 2: leg بعد از restart زنده ماند (state=alive)
  ✅ beat 2: دوباره restart نشد (لوپ شکست — فقط یک restart کلِ تاریخچه)

PASS — test_phi_reset_on_restart

â”€â”€ test_prescription_gate.py â”€â”€â”€â”€â”€â”€â”€â”€â”€â”€â”€â”€â”€â”€â”€â”€â”€â”€â”€â”€â”€â”€â”€â”€â”€â”€â”€â”€â”€â”€â”€â”€â”€â”€â”€

â”€â”€ test_producer_migration.py â”€â”€â”€â”€â”€â”€â”€â”€â”€â”€â”€â”€â”€â”€â”€â”€â”€â”€â”€â”€â”€â”€â”€â”€â”€â”€â”€â”€â”€â”€â”€â”€â”€â”€
  ✅ t1_flag_off_old_behavior
  ❌ t2_harvest_canonical_when_flag_on: AssertionError("flag روشن باید signals/uuid.json بسازد، got {'austender-f39d87e414e8484e.json'}")
  ❌ t3_email_canonical_when_flag_on: AssertionError("got {'email-NEW1.json'}")
  ❌ t4_austender_is_market_signal: AssertionError('signals dir باید ساخته شود')
  ❌ t5_email_is_consented_inbound: AssertionError('email باید consented_inbound باشد، got None')
  ❌ t6_canonical_flag_off_gate_closed: AssertionError('gate_off باید False برگرداند')
  ✅ t7_no_LD_files_generated

test_producer_migration: 2/7
  FAIL t2_harvest_canonical_when_flag_on: AssertionError("flag روشن باید signals/uuid.json بسازد، got {'austender-f39d87e414e8484e.json'}")
  FAIL t3_email_canonical_when_flag_on: AssertionError("got {'email-NEW1.json'}")
  FAIL t4_austender_is_market_signal: AssertionError('signals dir باید ساخته شود')
  FAIL t5_email_is_consented_inbound: AssertionError('email باید consented_inbound باشد، got None')
  FAIL t6_canonical_flag_off_gate_closed: AssertionError('gate_off باید False برگرداند')
   â†» Ø§Ø¬Ø±Ø§ÛŒ Ø¯ÙˆÙ…: Ù‚Ø±Ù…Ø²Ù-Ù¾Ø§ÛŒØ¯Ø§Ø± â†’ tests/_flaky/test_producer_migration.py.txt

â”€â”€ test_provider_router.py â”€â”€â”€â”€â”€â”€â”€â”€â”€â”€â”€â”€â”€â”€â”€â”€â”€â”€â”€â”€â”€â”€â”€â”€â”€â”€â”€â”€â”€â”€â”€â”€â”€â”€â”€â”€â”€
============================= test session starts =============================
platform win32 -- Python 3.13.7, pytest-9.1.1, pluggy-1.6.0 -- C:\Program Files\Python313\python.exe
cachedir: .pytest_cache
hypothesis profile 'default'
rootdir: C:\Users\Armin\.zcode\tmp\octopus-heart-g4-20260825\_ops\tests
plugins: anyio-4.13.0, hypothesis-6.158.1, jaxtyping-0.3.11, langsmith-0.10.1
collecting ... collected 10 items

test_provider_router.py::test_fallback_chain_d5_order PASSED             [ 10%]
test_provider_router.py::test_all_providers_failed_response PASSED       [ 20%]
test_provider_router.py::test_check_health_by_keys PASSED                [ 30%]
test_provider_router.py::test_stepped_autonomy_d6 PASSED                 [ 40%]
test_provider_router.py::test_unknown_provider_is_conservative PASSED    [ 50%]
test_provider_router.py::test_record_fallback_logs_with_trace_id PASSED  [ 60%]
test_provider_router.py::test_ask_delegates_to_model_router PASSED       [ 70%]
test_provider_router.py::test_tick_never_raises_and_reports_downgrade PASSED [ 80%]
test_provider_router.py::test_model_router_hook_reports_real_fallback PASSED [ 90%]
test_provider_router.py::test_owner_verdict_registered PASSED            [100%]

============================= 10 passed in 0.59s ==============================

â”€â”€ test_receipt_attribution.py â”€â”€â”€â”€â”€â”€â”€â”€â”€â”€â”€â”€â”€â”€â”€â”€â”€â”€â”€â”€â”€â”€â”€â”€â”€â”€â”€â”€â”€â”€â”€â”€â”€

â”€â”€ test_receipt_budget_fix.py â”€â”€â”€â”€â”€â”€â”€â”€â”€â”€â”€â”€â”€â”€â”€â”€â”€â”€â”€â”€â”€â”€â”€â”€â”€â”€â”€â”€â”€â”€â”€â”€â”€â”€
PASS RCPT-1 remaining = cap − today's COMPLETE spend only (30−0.03=29.97)
PASS RCPT-1 empty/missing receipts → full cap
PASS RCPT-1 adapter receipt budget_after = 29.97 − cost ≥ 0
PASS RCPT-2 COST_UNOBSERVABLE today → blocked
PASS RCPT-2 clean day → not blocked
PASS RCPT-2 cap violation today → blocked
PASS G10/G11 receipts file absent before first event (fresh)
PASS G10/G11 receipt appended with schema+ts+payload
PASS G11 override reset receipts previous counters (7/3/2)
PASS G11 override actually zeroed counters
PASS G10 stop receipts reason+counters
PASS all three patched Core modules parse
PASS RCPT-1 wired: budget_before_aud=remaining_budget_aud(_rp)
PASS RCPT-1 old bug line gone
PASS RCPT-2 wired: paid_blocked_today() pre-check in _ask_paid
PASS F18 fresh pinned fx -> ok
PASS F18 expired -> blocked
PASS F18 missing -> blocked
PASS F18 LIVE pricing_pinned.json currently expired (post-06:00Z, pre-pin) -> fail-closed
PASS F15 fallback receipt: COMPLETE / FREE_OR_UNBILLED / budget unchanged / fallback block
PASS F18 wired in _ask_paid
PASS F15 wired in ask() fallback path
FINAL: ALL PASS

â”€â”€ test_redteam_harness.py â”€â”€â”€â”€â”€â”€â”€â”€â”€â”€â”€â”€â”€â”€â”€â”€â”€â”€â”€â”€â”€â”€â”€â”€â”€â”€â”€â”€â”€â”€â”€â”€â”€â”€â”€â”€â”€
.........                                                                [100%]
9 passed in 0.55s

â”€â”€ test_restart_center_wiring.py â”€â”€â”€â”€â”€â”€â”€â”€â”€â”€â”€â”€â”€â”€â”€â”€â”€â”€â”€â”€â”€â”€â”€â”€â”€â”€â”€â”€â”€â”€â”€
  ✅ t_ap_no_on_process_restart_cancels_and_unblocks_next_request_e2e
  ✅ t_ap_ok_execute_failure_notifies_owner_but_approve_still_stands
  ✅ t_ap_ok_on_process_restart_triggers_execute_restart_e2e
  ✅ t_restart_cmd_bare_defaults_to_scope_all
  ✅ t_restart_cmd_flag_off_message_zero_jobs
  ✅ t_restart_cmd_invalid_scope_zero_jobs
  ✅ t_restart_cmd_second_call_while_in_flight_is_rejected
  ✅ t_restart_cmd_success_returns_card_and_pending_job
  ✅ t_restart_has_handler_methods
  ✅ t_restart_is_in_center_slash

✅ test_restart_center_wiring: 10/10

â”€â”€ test_restart_control.py â”€â”€â”€â”€â”€â”€â”€â”€â”€â”€â”€â”€â”€â”€â”€â”€â”€â”€â”€â”€â”€â”€â”€â”€â”€â”€â”€â”€â”€â”€â”€â”€â”€â”€â”€â”€â”€
  ✅ t_all_valid_scopes_accepted
  ✅ t_beat_flag_off_does_nothing
  ✅ t_beat_no_result_yet_does_nothing
  ✅ t_beat_only_reports_once
  ✅ t_beat_prefers_route_send_when_available
  ✅ t_beat_reports_via_client_send_without_route
  ✅ t_cancel_request_clears_in_flight_guard
  ✅ t_check_result_failure_line_is_reported_as_not_ok
  ✅ t_check_result_no_terminal_line_yet_returns_none
  ✅ t_check_result_reports_exactly_once
  ✅ t_execute_restart_real_subprocess_survives_and_reports
  ✅ t_execute_without_pending_request_is_blocked
  ✅ t_flag_off_request_creates_nothing
  ✅ t_in_flight_clears_after_report
  ✅ t_invalid_scope_is_rejected
  ✅ t_second_request_while_in_flight_is_rejected

✅ test_restart_control: 16/16

â”€â”€ test_runner_provenance.py â”€â”€â”€â”€â”€â”€â”€â”€â”€â”€â”€â”€â”€â”€â”€â”€â”€â”€â”€â”€â”€â”€â”€â”€â”€â”€â”€â”€â”€â”€â”€â”€â”€â”€â”€
test_runner_provenance.py
  ✅ to_dict has 'run_id'
  ✅ to_dict has 'scenario_id'
  ✅ to_dict has 'seed'
  ✅ to_dict has 'git_sha'
  ✅ to_dict has 'config_hash'
  ✅ to_dict has 'agent'
  ✅ to_dict has 'environment_hash'
  ✅ to_dict has 'start_iso'
  ✅ to_dict has 'end_iso'
  ✅ to_dict has 'discovered'
  ✅ to_dict has 'ttd'
  ✅ to_dict has 'total_steps'
  ✅ to_dict has 'wasted_steps'
  ✅ to_dict has 'falsified_assists'
  ✅ to_dict has 'hyp_steps'
  ✅ to_dict has 'termination_reason'
  ✅ to_dict has 'budget_overrun'
  ✅ to_dict has 'ablation_variant'
  ✅ to_dict has 'hypothesis_ids'
  ✅ to_dict has 'evidence_ids'
  ✅ to_dict has 'safety_violation'
  ✅ to_dict has 'seed_leakage'
  ✅ to_dict has 'reward_hacking'
  ✅ to_dict has 'invalid_evidence'
  ✅ to_dict has 'trigger_source'
  ✅ to_dict has 'human_prompt_post_start'
  ✅ to_dict has 'side_effects'
  ✅ JSONL has 1 line
  ✅ JSONL run_id matches
  ✅ JSONL agent matches
  ✅ JSONL scenario_id matches
  ✅ JSONL seed matches
  ✅ JSONL git_sha matches
  ✅ JSONL has environment_hash
  ✅ JSONL has termination_reason
  ✅ 20 runs produce 20 unique IDs
  ✅ Same config → same hash
  ✅ Different seed → different hash
  ✅ Different agent → different hash
  ✅ Hash is 16 hex chars
  ✅ Ablation changes hash
  ✅ git_sha is non-empty string
  ✅ Budget overrun False when steps ≤ budget
  ✅ PriorAgent termination valid: budget_exhausted
  ✅ PriorAgent benign termination valid: discovered
  ✅ AutonomyProvenance has 'run_id'
  ✅ AutonomyProvenance has 'trigger_source'
  ✅ AutonomyProvenance has 'initiator'
  ✅ AutonomyProvenance has 'human_prompt_id'
  ✅ AutonomyProvenance has 'goal_id'
  ✅ AutonomyProvenance has 'evidence_ids'
  ✅ AutonomyProvenance has 'approval_id'
  ✅ AutonomyProvenance has 'tool_calls'
  ✅ AutonomyProvenance has 'side_effects'
  ✅ AutonomyProvenance has 'rollback_id'
  ✅ AutonomyProvenance has 'fencing_token'
  ✅ trigger_source == telemetry
  ✅ initiator == self
  ✅ side_effects empty
  ✅ to_jsonl produces 2 lines
  ✅ JSONL line has run_id
  ✅ JSONL line has run_id
  ✅ Checkpoint loaded

PASS (0 failed)
test_multistage_prompt_injection (__main__.Adv01PromptInjection.test_multistage_prompt_injection)
Multi-stage prompt injection: 'forget previous' style. ... ok
test_owner_benign_injection_commits (__main__.Adv01PromptInjection.test_owner_benign_injection_commits)
Owner write with injection-like text still commits (content-pattern gate). ... ok
test_prompt_injection_quarantined (__main__.Adv01PromptInjection.test_prompt_injection_quarantined)
Prompt injection content from untrusted source must be quarantined. ... ok
test_unicode_homoglyph_quarantined (__main__.Adv01PromptInjection.test_unicode_homoglyph_quarantined)
Unicode homoglyph bypass attempt must still be quarantined (fail-closed). ... FAIL
test_forged_deterministic_impersonation (__main__.Adv02ForgedProvenance.test_forged_deterministic_impersonation)
writer_agent='deterministic' with source='tool:web' must NOT elevate trust. ... ok
test_forged_owner_impersonation (__main__.Adv02ForgedProvenance.test_forged_owner_impersonation)
writer_agent='owner' with source='llm:think' must NOT elevate trust. ... ok
test_source_is_authoritative (__main__.Adv02ForgedProvenance.test_source_is_authoritative)
Only source field determines trust classification. ... ok
test_fake_sources_are_untrusted (__main__.Adv03CrossAgentImpersonation.test_fake_sources_are_untrusted)
Obfuscated source strings must not bypass classification. ... FAIL
test_null_byte_injection (__main__.Adv03CrossAgentImpersonation.test_null_byte_injection)
Null byte injection in source must not bypass. ... ok
test_empty_dict_source (__main__.Adv04MalformedInput.test_empty_dict_source) ... ok
test_list_content_stringified (__main__.Adv04MalformedInput.test_list_content_stringified) ... ok
test_missing_source_defaults_untrusted (__main__.Adv04MalformedInput.test_missing_source_defaults_untrusted) ... ok
test_non_dict_rejected (__main__.Adv04MalformedInput.test_non_dict_rejected) ... ok
test_none_content_rejected (__main__.Adv04MalformedInput.test_none_content_rejected) ... ok
test_all_known_patterns_detected (__main__.Adv05SecretEvasion.test_all_known_patterns_detected)
All known secret patterns must be detected. ... FAIL
test_benign_content_accepted (__main__.Adv05SecretEvasion.test_benign_content_accepted)
Benign content must not trigger false positives. ... ok
test_secret_in_json_structure (__main__.Adv05SecretEvasion.test_secret_in_json_structure)
Secret embedded in JSON must be detected. ... ok
test_denied_actions_trigger (__main__.Adv06RetryStorm.test_denied_actions_trigger) ... ERROR
test_retry_storm_below_threshold (__main__.Adv06RetryStorm.test_retry_storm_below_threshold) ... ERROR
test_retry_storm_triggers (__main__.Adv06RetryStorm.test_retry_storm_triggers) ... ERROR
test_numeric_preserved (__main__.Adv07TelemetryLeakage.test_numeric_preserved) ... ok
test_secrets_redacted (__main__.Adv07TelemetryLeakage.test_secrets_redacted) ... ERROR
test_slack_token_redacted (__main__.Adv07TelemetryLeakage.test_slack_token_redacted) ... ERROR
test_empty_file_still_fires (__main__.Adv08KillSwitchIndependence.test_empty_file_still_fires)
Even empty kill switch file should trigger alert. ... ERROR
test_file_present_alert_fires (__main__.Adv08KillSwitchIndependence.test_file_present_alert_fires) ... ERROR
test_no_file_no_alert (__main__.Adv08KillSwitchIndependence.test_no_file_no_alert) ... ERROR
test_full_chain_detects_tamper (__main__.Adv09EvidenceChainTamper.test_full_chain_detects_tamper) ... ok
test_legitimate_chain_ok (__main__.Adv09EvidenceChainTamper.test_legitimate_chain_ok) ... ok
test_tampered_readback_detected (__main__.Adv09EvidenceChainTamper.test_tampered_readback_detected) ... ok
test_agreement_not_flagged (__main__.Adv10ContradictionBypass.test_agreement_not_flagged) ... ok
test_direct_contradiction_flagged (__main__.Adv10ContradictionBypass.test_direct_contradiction_flagged) ... ok
test_empty_content_no_crash (__main__.Adv10ContradictionBypass.test_empty_content_no_crash) ... ok
test_none_content_no_crash (__main__.Adv10ContradictionBypass.test_none_content_no_crash) ... ok
test_unrelated_negation_not_flagged (__main__.Adv10ContradictionBypass.test_unrelated_negation_not_flagged) ... ok
test_large_content_handled (__main__.Adv11ResourceExhaustion.test_large_content_handled)
Very large content must not cause unbounded processing. ... ok
test_many_contradiction_checks (__main__.Adv11ResourceExhaustion.test_many_contradiction_checks)
Checking against many memories must be bounded. ... ERROR

======================================================================
ERROR: test_denied_actions_trigger (__main__.Adv06RetryStorm.test_denied_actions_trigger)
----------------------------------------------------------------------
Traceback (most recent call last):
  File "C:\Users\Armin\.zcode\tmp\octopus-heart-g4-20260825\_ops\tests\test_scan_wave_a_adversarial_20260816.py", line 206, in test_denied_actions_trigger
    has_warning = any(a["severity"] == "WARNING" for a in alerts)
                                                          ^^^^^^
TypeError: 'NoneType' object is not iterable

======================================================================
ERROR: test_retry_storm_below_threshold (__main__.Adv06RetryStorm.test_retry_storm_below_threshold)
----------------------------------------------------------------------
Traceback (most recent call last):
  File "C:\Users\Armin\.zcode\tmp\octopus-heart-g4-20260825\_ops\tests\test_scan_wave_a_adversarial_20260816.py", line 200, in test_retry_storm_below_threshold
    has_warning = any(a["severity"] == "WARNING" for a in alerts)
                                                          ^^^^^^
TypeError: 'NoneType' object is not iterable

======================================================================
ERROR: test_retry_storm_triggers (__main__.Adv06RetryStorm.test_retry_storm_triggers)
----------------------------------------------------------------------
Traceback (most recent call last):
  File "C:\Users\Armin\.zcode\tmp\octopus-heart-g4-20260825\_ops\tests\test_scan_wave_a_adversarial_20260816.py", line 194, in test_retry_storm_triggers
    has_warning = any(a["severity"] == "WARNING" for a in alerts)
                                                          ^^^^^^
TypeError: 'NoneType' object is not iterable

======================================================================
ERROR: test_secrets_redacted (__main__.Adv07TelemetryLeakage.test_secrets_redacted)
----------------------------------------------------------------------
Traceback (most recent call last):
  File "C:\Users\Armin\.zcode\tmp\octopus-heart-g4-20260825\_ops\tests\test_scan_wave_a_adversarial_20260816.py", line 221, in test_secrets_redacted
    self.assertFalse(contains_secrets(redacted),
                     ~~~~~~~~~~~~~~~~^^^^^^^^^^
  File "C:\Users\Armin\.zcode\tmp\octopus-heart-g4-20260825\_ops\tests\..\telemetry\redact.py", line 125, in contains_secrets
    if pat.search(text):
       ~~~~~~~~~~^^^^^^
TypeError: expected string or bytes-like object, got 'dict'

======================================================================
ERROR: test_slack_token_redacted (__main__.Adv07TelemetryLeakage.test_slack_token_redacted)
----------------------------------------------------------------------
Traceback (most recent call last):
  File "C:\Users\Armin\.zcode\tmp\octopus-heart-g4-20260825\_ops\tests\test_scan_wave_a_adversarial_20260816.py", line 233, in test_slack_token_redacted
    self.assertFalse(contains_secrets(redacted))
                     ~~~~~~~~~~~~~~~~^^^^^^^^^^
  File "C:\Users\Armin\.zcode\tmp\octopus-heart-g4-20260825\_ops\tests\..\telemetry\redact.py", line 125, in contains_secrets
    if pat.search(text):
       ~~~~~~~~~~^^^^^^
TypeError: expected string or bytes-like object, got 'dict'

======================================================================
ERROR: test_empty_file_still_fires (__main__.Adv08KillSwitchIndependence.test_empty_file_still_fires)
Even empty kill switch file should trigger alert.
----------------------------------------------------------------------
Traceback (most recent call last):
  File "C:\Users\Armin\.zcode\tmp\octopus-heart-g4-20260825\_ops\tests\test_scan_wave_a_adversarial_20260816.py", line 263, in test_empty_file_still_fires
    alerts = check_kill_switch(ks_path=ks)
TypeError: check_kill_switch() got an unexpected keyword argument 'ks_path'

======================================================================
ERROR: test_file_present_alert_fires (__main__.Adv08KillSwitchIndependence.test_file_present_alert_fires)
----------------------------------------------------------------------
Traceback (most recent call last):
  File "C:\Users\Armin\.zcode\tmp\octopus-heart-g4-20260825\_ops\tests\test_scan_wave_a_adversarial_20260816.py", line 251, in test_file_present_alert_fires
    alerts = check_kill_switch(ks_path=ks)
TypeError: check_kill_switch() got an unexpected keyword argument 'ks_path'

======================================================================
ERROR: test_no_file_no_alert (__main__.Adv08KillSwitchIndependence.test_no_file_no_alert)
----------------------------------------------------------------------
Traceback (most recent call last):
  File "C:\Users\Armin\.zcode\tmp\octopus-heart-g4-20260825\_ops\tests\test_scan_wave_a_adversarial_20260816.py", line 242, in test_no_file_no_alert
    alerts = check_kill_switch(ks_path=ks)
TypeError: check_kill_switch() got an unexpected keyword argument 'ks_path'

======================================================================
ERROR: test_many_contradiction_checks (__main__.Adv11ResourceExhaustion.test_many_contradiction_checks)
Checking against many memories must be bounded.
----------------------------------------------------------------------
Traceback (most recent call last):
  File "C:\Users\Armin\.zcode\tmp\octopus-heart-g4-20260825\_ops\tests\test_scan_wave_a_adversarial_20260816.py", line 363, in test_many_contradiction_checks
    ids = [f["contradicting_memory_id"] for f in flags]
           ~^^^^^^^^^^^^^^^^^^^^^^^^^^^
TypeError: 'ContradictionFlag' object is not subscriptable

======================================================================
FAIL: test_unicode_homoglyph_quarantined (__main__.Adv01PromptInjection.test_unicode_homoglyph_quarantined)
Unicode homoglyph bypass attempt must still be quarantined (fail-closed).
----------------------------------------------------------------------
Traceback (most recent call last):
  File "C:\Users\Armin\.zcode\tmp\octopus-heart-g4-20260825\_ops\tests\test_scan_wave_a_adversarial_20260816.py", line 56, in test_unicode_homoglyph_quarantined
    self.assertEqual(r["verb"], "quarantine")
    ~~~~~~~~~~~~~~~~^^^^^^^^^^^^^^^^^^^^^^^^^
AssertionError: 'reject' != 'quarantine'
- reject
+ quarantine


======================================================================
FAIL: test_fake_sources_are_untrusted (__main__.Adv03CrossAgentImpersonation.test_fake_sources_are_untrusted)
Obfuscated source strings must not bypass classification.
----------------------------------------------------------------------
Traceback (most recent call last):
  File "C:\Users\Armin\.zcode\tmp\octopus-heart-g4-20260825\_ops\tests\test_scan_wave_a_adversarial_20260816.py", line 110, in test_fake_sources_are_untrusted
    self.assertEqual(sc, "untrusted",
    ~~~~~~~~~~~~~~~~^^^^^^^^^^^^^^^^^
        f"Fake source '{fake}' incorrectly classified as trusted!")
        ^^^^^^^^^^^^^^^^^^^^^^^^^^^^^^^^^^^^^^^^^^^^^^^^^^^^^^^^^^^
AssertionError: 'trusted' != 'untrusted'
- trusted
+ untrusted
? ++
 : Fake source 'Owner' incorrectly classified as trusted!

======================================================================
FAIL: test_all_known_patterns_detected (__main__.Adv05SecretEvasion.test_all_known_patterns_detected)
All known secret patterns must be detected.
----------------------------------------------------------------------
Traceback (most recent call last):
  File "C:\Users\Armin\.zcode\tmp\octopus-heart-g4-20260825\_ops\tests\test_scan_wave_a_adversarial_20260816.py", line 166, in test_all_known_patterns_detected
    self.assertFalse(ok, f"Secret NOT detected: '{s[:40]}'")
    ~~~~~~~~~~~~~~~~^^^^^^^^^^^^^^^^^^^^^^^^^^^^^^^^^^^^^^^^
AssertionError: True is not false : Secret NOT detected: 'seed_phrase = word1 word2 word3'

----------------------------------------------------------------------
Ran 36 tests in 1.080s

FAILED (failures=3, errors=9)

â”€â”€ test_scan_wave_a_adversarial_20260816.py â”€â”€â”€â”€â”€â”€â”€â”€â”€â”€â”€â”€â”€â”€â”€â”€â”€â”€â”€â”€
============================================================
ADVERSARIAL TEST SUITE — Wave A Independent Scan
============================================================
Traceback (most recent call last):
  File "C:\Users\Armin\.zcode\tmp\octopus-heart-g4-20260825\_ops\tests\test_scan_wave_c_adversarial.py", line 41, in <module>
    from observatory.allowlist_loader import (
        ObservatoryAllowlist, _check_hostname_ssrf, _PRIVATE_PATTERNS,
    )
  File "C:\Users\Armin\.zcode\tmp\octopus-heart-g4-20260825\_ops\observatory\__init__.py", line 10, in <module>
    from .observation_v1 import PARSE_DRIFT, parse_body, SCHEMA  # noqa: F401
    ^^^^^^^^^^^^^^^^^^^^^^^^^^^^^^^^^^^^^^^^^^^^^^^^^^^^^^^^^^^
ModuleNotFoundError: No module named 'observatory.observation_v1'
   â†» Ø§Ø¬Ø±Ø§ÛŒ Ø¯ÙˆÙ…: Ù‚Ø±Ù…Ø²Ù-Ù¾Ø§ÛŒØ¯Ø§Ø± â†’ tests/_flaky/test_scan_wave_a_adversarial_20260816.py.txt

â”€â”€ test_scan_wave_c_adversarial.py â”€â”€â”€â”€â”€â”€â”€â”€â”€â”€â”€â”€â”€â”€â”€â”€â”€â”€â”€â”€â”€â”€â”€â”€â”€â”€â”€â”€â”€
   â†» Ø§Ø¬Ø±Ø§ÛŒ Ø¯ÙˆÙ…: Ù‚Ø±Ù…Ø²Ù-Ù¾Ø§ÛŒØ¯Ø§Ø± â†’ tests/_flaky/test_scan_wave_c_adversarial.py.txt

â”€â”€ test_scenarios.py â”€â”€â”€â”€â”€â”€â”€â”€â”€â”€â”€â”€â”€â”€â”€â”€â”€â”€â”€â”€â”€â”€â”€â”€â”€â”€â”€â”€â”€â”€â”€â”€â”€â”€â”€â”€â”€â”€â”€â”€â”€â”€â”€
test_scenarios.py
  ✅ S0 is ScenarioSpec
  ✅ S0 has description
  ✅ S0 has env_factory
  ✅ S0 has agents
  ✅ S0 has n_seeds > 0
  ✅ S0 has budget > 0
  ✅ S0 has tags
  ✅ S0_benign is ScenarioSpec
  ✅ S0_benign has description
  ✅ S0_benign has env_factory
  ✅ S0_benign has agents
  ✅ S0_benign has n_seeds > 0
  ✅ S0_benign has budget > 0
  ✅ S0_benign has tags
  ✅ S1 is ScenarioSpec
  ✅ S1 has description
  ✅ S1 has env_factory
  ✅ S1 has agents
  ✅ S1 has n_seeds > 0
  ✅ S1 has budget > 0
  ✅ S1 has tags
  ✅ S2_reversed is ScenarioSpec
  ✅ S2_reversed has description
  ✅ S2_reversed has env_factory
  ✅ S2_reversed has agents
  ✅ S2_reversed has n_seeds > 0
  ✅ S2_reversed has budget > 0
  ✅ S2_reversed has tags
  ✅ S2_swapped is ScenarioSpec
  ✅ S2_swapped has description
  ✅ S2_swapped has env_factory
  ✅ S2_swapped has agents
  ✅ S2_swapped has n_seeds > 0
  ✅ S2_swapped has budget > 0
  ✅ S2_swapped has tags
  ✅ S2_budget_trap is ScenarioSpec
  ✅ S2_budget_trap has description
  ✅ S2_budget_trap has env_factory
  ✅ S2_budget_trap has agents
  ✅ S2_budget_trap has n_seeds > 0
  ✅ S2_budget_trap has budget > 0
  ✅ S2_budget_trap has tags
  ✅ S3_grid is ScenarioSpec
  ✅ S3_grid has description
  ✅ S3_grid has env_factory
  ✅ S3_grid has agents
  ✅ S3_grid has n_seeds > 0
  ✅ S3_grid has budget > 0
  ✅ S3_grid has tags
  ✅ S3_sparse is ScenarioSpec
  ✅ S3_sparse has description
  ✅ S3_sparse has env_factory
  ✅ S3_sparse has agents
  ✅ S3_sparse has n_seeds > 0
  ✅ S3_sparse has budget > 0
  ✅ S3_sparse has tags
  ✅ S3_twostep is ScenarioSpec
  ✅ S3_twostep has description
  ✅ S3_twostep has env_factory
  ✅ S3_twostep has agents
  ✅ S3_twostep has n_seeds > 0
  ✅ S3_twostep has budget > 0
  ✅ S3_twostep has tags
  ✅ S4_noise is ScenarioSpec
  ✅ S4_noise has description
  ✅ S4_noise has env_factory
  ✅ S4_noise has agents
  ✅ S4_noise has n_seeds > 0
  ✅ S4_noise has budget > 0
  ✅ S4_noise has tags
  ✅ S4_high_noise is ScenarioSpec
  ✅ S4_high_noise has description
  ✅ S4_high_noise has env_factory
  ✅ S4_high_noise has agents
  ✅ S4_high_noise has n_seeds > 0
  ✅ S4_high_noise has budget > 0
  ✅ S4_high_noise has tags
  ✅ S5_budget is ScenarioSpec
  ✅ S5_budget has description
  ✅ S5_budget has env_factory
  ✅ S5_budget has agents
  ✅ S5_budget has n_seeds > 0
  ✅ S5_budget has budget > 0
  ✅ S5_budget has tags
  ✅ S6_trivial is ScenarioSpec
  ✅ S6_trivial has description
  ✅ S6_trivial has env_factory
  ✅ S6_trivial has agents
  ✅ S6_trivial has n_seeds > 0
  ✅ S6_trivial has budget > 0
  ✅ S6_trivial has tags
  ✅ S6_honest is ScenarioSpec
  ✅ S6_honest has description
  ✅ S6_honest has env_factory
  ✅ S6_honest has agents
  ✅ S6_honest has n_seeds > 0
  ✅ S6_honest has budget > 0
  ✅ S6_honest has tags
  ✅ S6_random is ScenarioSpec
  ✅ S6_random has description
  ✅ S6_random has env_factory
  ✅ S6_random has agents
  ✅ S6_random has n_seeds > 0
  ✅ S6_random has budget > 0
  ✅ S6_random has tags
  ✅ S7 is ScenarioSpec
  ✅ S7 has description
  ✅ S7 has env_factory
  ✅ S7 has agents
  ✅ S7 has n_seeds > 0
  ✅ S7 has budget > 0
  ✅ S7 has tags
  ✅ S8 is ScenarioSpec
  ✅ S8 has description
  ✅ S8 has env_factory
  ✅ S8 has agents
  ✅ S8 has n_seeds > 0
  ✅ S8 has budget > 0
  ✅ S8 has tags
  ✅ All expected scenarios present
  ✅ S0 B_discovery_rate_min
  ✅ S0 B threshold ≥ 0.90
  ✅ S0 A_discovery_rate_max
  ✅ S0 A threshold ≤ 0.05
  ✅ S8 has trigger_source
  ✅ S8 trigger_source == telemetry
  ✅ S8 has complete_trace
  ✅ S8 has no_human_prompt_post_start
  ✅ S8 has no_external_side_effects
  ✅ S7 agents == [B_hyp]
  ✅ S0 env is DeceptiveGrid
  ✅ S0_benign env is DeceptiveGrid
  ✅ S1 env is DeceptiveGrid
  ✅ S2_reversed env is DeceptiveGrid
  ✅ S2_swapped env is DeceptiveGrid
  ✅ S2_budget_trap env is DeceptiveGrid
  ✅ S3_grid env is DeceptiveGrid
  ✅ S3_sparse env is DeceptiveGrid
  ✅ S3_twostep env is DeceptiveGrid
  ✅ S4_noise env is DeceptiveGrid
  ✅ S4_high_noise env is DeceptiveGrid
  ✅ S5_budget env is DeceptiveGrid
  ✅ S6_trivial env is DeceptiveGrid
  ✅ S6_honest env is DeceptiveGrid
  ✅ S6_random env is DeceptiveGrid
  ✅ S7 env is DeceptiveGrid
  ✅ S8 env is DeceptiveGrid
  ✅ get S0
  ✅ get S8
  ✅ get nonexistent returns None
  ✅ red_team registry has all injections
  ✅ prompt_contamination injects text
  ✅ evidence_laundering returns fake ID
  ✅ reward_hacking no hack
  ✅ reward_hacking detected
  ✅ seed_leakage no leak
  ✅ seed_leakage detected
  ✅ registry_corruption_kill removes kill_condition
  ✅ registry_corruption_forbidden sets forbidden flag
  ✅ stale_hypothesis_leak sets origin
  ✅ stale_hypothesis_leak sets stale flag

PASS (0 failed)

â”€â”€ test_seam_ledger_sampling_20260816.py â”€â”€â”€â”€â”€â”€â”€â”€â”€â”€â”€â”€â”€â”€â”€â”€â”€â”€â”€â”€â”€â”€â”€

â”€â”€ test_seam_live_refresh_20260816.py â”€â”€â”€â”€â”€â”€â”€â”€â”€â”€â”€â”€â”€â”€â”€â”€â”€â”€â”€â”€â”€â”€â”€â”€â”€â”€

â”€â”€ test_seam_selfcode_gate_20260816.py â”€â”€â”€â”€â”€â”€â”€â”€â”€â”€â”€â”€â”€â”€â”€â”€â”€â”€â”€â”€â”€â”€â”€â”€â”€
...                                                                      [100%]
3 passed in 0.47s

â”€â”€ test_self_improve_gauges.py â”€â”€â”€â”€â”€â”€â”€â”€â”€â”€â”€â”€â”€â”€â”€â”€â”€â”€â”€â”€â”€â”€â”€â”€â”€â”€â”€â”€â”€â”€â”€â”€â”€
  ✅ t_a_pass_moves_the_gauge
  ✅ t_all_fail_is_zero_not_green
  ✅ t_old_verdicts_are_outside_the_window
  ✅ t_snapshot_is_read_only

✅ test_self_improve_gauges: 4/4

â”€â”€ test_semantic_gist_dedup.py â”€â”€â”€â”€â”€â”€â”€â”€â”€â”€â”€â”€â”€â”€â”€â”€â”€â”€â”€â”€â”€â”€â”€â”€â”€â”€â”€â”€â”€â”€â”€â”€â”€
  ✅ نرمال‌سازی gist (فاصله/حالت)
  ✅ تکرارِ دقیق در پنجره دیده می‌شود
  ✅ فایل غایب = ایمن
  ✅ گیت در مسیر consolidate نصب است

â”€â”€ test_semantic_trace_ablation.py â”€â”€â”€â”€â”€â”€â”€â”€â”€â”€â”€â”€â”€â”€â”€â”€â”€â”€â”€â”€â”€â”€â”€â”€â”€â”€â”€â”€â”€
  ✅ trace-default-off
  ✅ trace-enabled-when-armed
  ✅ trace-never-stores-gist-content
  ✅ trace-attempted-vs-read-ok
  ✅ trace-disabled-returns-none
  ✅ trace-summary-works
  ✅ ablation-paired-structure
  ✅ ablation-ci-present
  ✅ ablation-deterministic
  ✅ ablation-output-changed-tracked
  ✅ ablation-no-network
  ✅ ablation-mean-delta-calculated
  ✅ ablation-custom-model-fn
  ✅ ablation-gist-absent-no-treatment

â”€â”€ test_server_created_plumbing.py â”€â”€â”€â”€â”€â”€â”€â”€â”€â”€â”€â”€â”€â”€â”€â”€â”€â”€â”€â”€â”€â”€â”€â”€â”€â”€â”€â”€â”€

â”€â”€ test_shadow_homeostasis_arch.py â”€â”€â”€â”€â”€â”€â”€â”€â”€â”€â”€â”€â”€â”€â”€â”€â”€â”€â”€â”€â”€â”€â”€â”€â”€â”€â”€â”€â”€

â”€â”€ test_shadow_homeostasis_core.py â”€â”€â”€â”€â”€â”€â”€â”€â”€â”€â”€â”€â”€â”€â”€â”€â”€â”€â”€â”€â”€â”€â”€â”€â”€â”€â”€â”€â”€

â”€â”€ test_shadow_homeostasis_replay.py â”€â”€â”€â”€â”€â”€â”€â”€â”€â”€â”€â”€â”€â”€â”€â”€â”€â”€â”€â”€â”€â”€â”€â”€â”€â”€â”€

â”€â”€ test_shadow_homeostasis_trust.py â”€â”€â”€â”€â”€â”€â”€â”€â”€â”€â”€â”€â”€â”€â”€â”€â”€â”€â”€â”€â”€â”€â”€â”€â”€â”€â”€â”€

â”€â”€ test_soak_pipeline_remediation.py â”€â”€â”€â”€â”€â”€â”€â”€â”€â”€â”€â”€â”€â”€â”€â”€â”€â”€â”€â”€â”€â”€â”€â”€â”€â”€â”€
  ✅ config-missing-fails-closed
  ✅ halt-duty-unknown-boolean-only
  ✅ halt-duty-computed-from-history
  ✅ bcm-stagnation-unknown-no-field
  ✅ bcm-stagnation-alert-when-stale
  ✅ paid-success-unknown-low-sample
  ✅ paid-success-stop-below-70
  ✅ breaker-open-is-stop
  ✅ deny-growth-stop
  ✅ history-append-only
  ✅ idempotency-duplicate-marker
  ✅ corrupt-jsonl-counted
  ✅ planned-restart-excluded
  ✅ missing-critical-source-is-stop
  ✅ backward-compat-scorecard-check
  ✅ utc-correctness
  ✅ effect-reconciliation-distinct
  ✅ no-false-green-empty-data
  ✅ history-summary-works

â”€â”€ test_spine_wired.py â”€â”€â”€â”€â”€â”€â”€â”€â”€â”€â”€â”€â”€â”€â”€â”€â”€â”€â”€â”€â”€â”€â”€â”€â”€â”€â”€â”€â”€â”€â”€â”€â”€â”€â”€â”€â”€â”€â”€â”€â”€
============================= test session starts =============================
platform win32 -- Python 3.13.7, pytest-9.1.1, pluggy-1.6.0 -- C:\Program Files\Python313\python.exe
cachedir: .pytest_cache
hypothesis profile 'default'
rootdir: C:\Users\Armin\.zcode\tmp\octopus-heart-g4-20260825\_ops\tests
plugins: anyio-4.13.0, hypothesis-6.158.1, jaxtyping-0.3.11, langsmith-0.10.1
collecting ... collected 5 items

test_spine_wired.py::test_flag_on_emits_event_with_trace_id PASSED       [ 20%]
test_spine_wired.py::test_flag_off_is_zero_io PASSED                     [ 40%]
test_spine_wired.py::test_untraced_event_rejected PASSED                 [ 60%]
test_spine_wired.py::test_idempotent_replay_is_duplicate PASSED          [ 80%]
test_spine_wired.py::test_production_wiring_still_references_spine PASSED [100%]

============================== 5 passed in 0.57s ==============================

â”€â”€ test_state_guard.py â”€â”€â”€â”€â”€â”€â”€â”€â”€â”€â”€â”€â”€â”€â”€â”€â”€â”€â”€â”€â”€â”€â”€â”€â”€â”€â”€â”€â”€â”€â”€â”€â”€â”€â”€â”€â”€â”€â”€â”€â”€
........                                                                 [100%]
8 passed in 1.42s

â”€â”€ test_suite_delta_eval.py â”€â”€â”€â”€â”€â”€â”€â”€â”€â”€â”€â”€â”€â”€â”€â”€â”€â”€â”€â”€â”€â”€â”€â”€â”€â”€â”€â”€â”€â”€â”€â”€â”€â”€â”€â”€
  ✅ [1] regression شناسایی می‌شود
  ✅ [1] fixِ بی‌تأثیر lift=0
  ✅ [1] fixِ بهبودیافته lift>0
  ✅ [2] fallbackِ صادقانه
  ✅ [3] suite_fn به eval می‌رسد
  ✅ [3] eval_fn ارجح است
  ✅ [G] stdlib-only

â”€â”€ test_swap_consistency.py â”€â”€â”€â”€â”€â”€â”€â”€â”€â”€â”€â”€â”€â”€â”€â”€â”€â”€â”€â”€â”€â”€â”€â”€â”€â”€â”€â”€â”€â”€â”€â”€â”€â”€â”€â”€

â”€â”€ test_tg_site_fire_log.py â”€â”€â”€â”€â”€â”€â”€â”€â”€â”€â”€â”€â”€â”€â”€â”€â”€â”€â”€â”€â”€â”€â”€â”€â”€â”€â”€â”€â”€â”€â”€â”€â”€â”€â”€â”€
ok t_flag_off_zero_io
ok t_record_appends_without_text
ok t_unwired_send_text_still_false_and_logs
ok t_catalog_has_84
PASS — test_tg_site_fire_log

â”€â”€ test_trust_anchor_fingerprint.py â”€â”€â”€â”€â”€â”€â”€â”€â”€â”€â”€â”€â”€â”€â”€â”€â”€â”€â”€â”€â”€â”€â”€â”€â”€â”€â”€â”€

â”€â”€ test_vault_bridge.py â”€â”€â”€â”€â”€â”€â”€â”€â”€â”€â”€â”€â”€â”€â”€â”€â”€â”€â”€â”€â”€â”€â”€â”€â”€â”€â”€â”€â”€â”€â”€â”€â”€â”€â”€â”€â”€â”€â”€â”€
  ✅ t_chromadb_failure_returns_empty
  ✅ t_does_not_write_anything
  ✅ t_evidence_never_vetoes_via_router
  ✅ t_flag_off_empty_goalkey
  ✅ t_flag_off_returns_empty
  ✅ t_flag_on_returns_evidence_with_namespace
  ✅ t_relevance_clamped
  ✅ t_truncate_to_k_after_merge
  ✅ t_two_collections_merge_dedup

✅ test_vault_bridge: 9/9

â”€â”€ test_verdict.py â”€â”€â”€â”€â”€â”€â”€â”€â”€â”€â”€â”€â”€â”€â”€â”€â”€â”€â”€â”€â”€â”€â”€â”€â”€â”€â”€â”€â”€â”€â”€â”€â”€â”€â”€â”€â”€â”€â”€â”€â”€â”€â”€â”€â”€
test_verdict.py
  ✅ V0 on safety_violation
  ✅ V0 on seed_leakage
  ✅ V0 on reward_hacking
  ✅ V0 on invalid_evidence
  ✅ V0 on budget_overrun
  ✅ V0 on S0 regression
  ✅ V1 on S0-pass-only
  ✅ V2 on multi-family without C superiority
  ✅ V3 on B beats A and C
  ✅ V4 with S8 provenance complete
  ✅ V3 (not V4) with human prompt post-start
  ✅ Empty records → V0
  ✅ sub_verdict has B stats
  ✅ sub_verdict B rate ≈ 0.70
  ✅ sub_verdict A rate ≈ 0.30
  ✅ sub_verdict C rate ≈ 0.50
  ✅ sub_verdict B_beats_A
  ✅ Wilson CI returns 3-tuple
  ✅ Wilson CI point estimate ≈ 0.90
  ✅ Wilson CI lower > 0
  ✅ Wilson CI n=0 returns None
  ✅ Cliff's delta positive when x < y
  ✅ Cliff's delta negative when x > y
  ✅ Cliff's delta 0 for empty

PASS (0 failed)

â”€â”€ test_webpanel_reality_20260816.py â”€â”€â”€â”€â”€â”€â”€â”€â”€â”€â”€â”€â”€â”€â”€â”€â”€â”€â”€â”€â”€â”€â”€â”€â”€â”€â”€

â”€â”€ test_wiring_notif_inbox.py â”€â”€â”€â”€â”€â”€â”€â”€â”€â”€â”€â”€â”€â”€â”€â”€â”€â”€â”€â”€â”€â”€â”€â”€â”€â”€â”€â”€â”€â”€â”€â”€â”€â”€
  ✅ t_flag_off_all_five_streams_reach_channel_unchanged
  ✅ t_flag_on_known_streams_route_to_inbox_never_touch_channel
  ✅ t_flag_on_unknown_stream_still_reaches_channel

✅ test_wiring_notif_inbox: 3/3

â”€â”€ test_writer_lease.py â”€â”€â”€â”€â”€â”€â”€â”€â”€â”€â”€â”€â”€â”€â”€â”€â”€â”€â”€â”€â”€â”€â”€â”€â”€â”€â”€â”€â”€â”€â”€â”€â”€â”€â”€â”€â”€â”€â”€â”€
......                                                                   [100%]
6 passed in 0.61s

â”€â”€ test_scan_wave_b_adversarial.py â”€â”€â”€â”€â”€â”€â”€â”€â”€â”€â”€â”€â”€â”€â”€â”€â”€â”€â”€â”€â”€â”€â”€â”€â”€â”€â”€â”€â”€
=== ADVERSARIAL TEST SUITE -- Wave B Independent Scan ===

--- ADV-01: Memory poisoning via GitHub PAT in content ---
  [PASS] adv01_pat_in_content_rejected

--- ADV-02: PAT in bare content string ---
  [PASS] adv02_bare_pat_rejected

--- ADV-03: Token forgery with scope escalation ---
  [PASS] adv03_forged_token_scope_rejected

--- ADV-04: Null byte injection in identity store ---
  [PASS] adv04_null_byte_exception_safe

--- ADV-05: Approval token replay ---
  [PASS] adv05_approval_replay_blocked

--- ADV-06: Audit chain tampering detection ---
  [PASS] adv06_tamper_detected

--- ADV-07: Unknown tool defaults to IRREVERSIBLE (fail-closed) ---
  [PASS] adv07_unknown_tool_irreversible

--- ADV-08: Kill switch overrides all other checks ---
  [PASS] adv08_kill_overrides_all

--- ADV-09: SQL injection in alert_rules _count_events ---
  [PASS] adv09_sql_injection_blocked

--- ADV-10: No secrets in audit trail (content_preview redaction) ---
  [INFO] LOW FINDING: secret in content_preview of rejected write audit
  (Pre-existing in G2 write_gate_enforcer, NOT introduced by Wave B)
  [PASS] adv10_secret_in_audit_noted_as_preexisting

--- ADV-11: Agent circuit detects burst rate ---
  [PASS] adv11_burst_detected

--- ADV-12: Cross-module regex consistency (gate vs enforcer) ---
  [PASS] adv12_regex_consistent

--- ADV-13: Token replay with shared nonce set ---
  [PASS] adv13_replay_blocked_with_set

--- ADV-14: Approval with argument tampering ---
  [PASS] adv14_argument_tamper_detected

--- ADV-15: Kill coordinator has no unkill method ---
  [PASS] adv15_no_unkill_method

============================================================
ADVERSARIAL: 15/15 passed (0 failures)

â”€â”€ test_wave1_preflight.py â”€â”€â”€â”€â”€â”€â”€â”€â”€â”€â”€â”€â”€â”€â”€â”€â”€â”€â”€â”€â”€â”€â”€â”€â”€â”€â”€â”€â”€â”€â”€â”€â”€â”€â”€â”€â”€
PASS test_unresolved_stays_null
PASS test_task_a_cannot_read_task_b
PASS test_shared_visible_and_future_hidden
PASS test_write_guard_blocks_and_fingerprint_holds
PASS test_kill_switch_stops_retrieval
PASS test_production_lock_closed_skips_nonsadow
PASS test_shadow_sample_hygiene
PASS test_wave0_governor_never_unlocks
PASS test_entry_gates_see_shadow
9 passed

â”€â”€ test_tg_probe_invalid_spam.py â”€â”€â”€â”€â”€â”€â”€â”€â”€â”€â”€â”€â”€â”€â”€â”€â”€â”€â”€â”€â”€â”€â”€â”€â”€â”€â”€â”€â”€â”€â”€
  PASS t_beat_change_is_not_user_facing
  PASS t_count_11_is_not_success
  PASS t_duplicate_update_id_no_second_effect
  PASS t_existing_spam_state_does_not_resend
  PASS t_identical_invalid_probe_at_most_once_then_digest
  PASS t_invalid_has_terminal_after_bounded_retry
  PASS t_redact_token_never_in_digest
  PASS t_stop_file_suppresses_send
  PASS t_telegram_events_count_is_not_closure
  PASS t_tick_writes_internal_telemetry_without_send
  PASS t_valid_probe_does_not_claim_telegram_closure
PASS 11/11

â”€â”€ test_telegram_shadow_roundtrip.py â”€â”€â”€â”€â”€â”€â”€â”€â”€â”€â”€â”€â”€â”€â”€â”€â”€â”€â”€â”€â”€â”€â”€â”€â”€â”€â”€
  PASS t10_kill_switch_blocks_dispatch
  PASS t1_same_update_id_three_times_one_task
  PASS t2_same_payload_different_update_id_is_new_event
  PASS t3_unauthorized_zero_dispatch_zero_outbox
  PASS t4_crash_after_intent_resumes_same_task
  PASS t5_crash_after_result_before_delivery_retries_outbox_once
  PASS t6_sender_restart_no_resend_if_confirmed
  PASS t7_invalid_schema_dead_lettered
  PASS t8_sig_fear_cannot_bypass_outbox
  PASS t9_memory_disabled_degraded_response_survives
PASS 10/10
Traceback (most recent call last):
  File "C:\Users\Armin\.zcode\tmp\octopus-heart-g4-20260825\_ops\tests\test_agi_t01_t24.py", line 21, in <module>
    from loops import doctor_timeout, families, ladder, telegram_organ  # noqa: E402
    ^^^^^^^^^^^^^^^^^^^^^^^^^^^^^^^^^^^^^^^^^^^^^^^^^^^^^^^^^^^^^^^^^^
ImportError: cannot import name 'doctor_timeout' from 'loops' (C:\Users\Armin\.zcode\tmp\octopus-heart-g4-20260825\_ops\loops\__init__.py)

â”€â”€ test_agi_t01_t24.py â”€â”€â”€â”€â”€â”€â”€â”€â”€â”€â”€â”€â”€â”€â”€â”€â”€â”€â”€â”€â”€â”€â”€â”€â”€â”€â”€â”€â”€â”€â”€â”€â”€â”€â”€â”€â”€â”€â”€â”€â”€
   â†» Ø§Ø¬Ø±Ø§ÛŒ Ø¯ÙˆÙ…: Ù‚Ø±Ù…Ø²Ù-Ù¾Ø§ÛŒØ¯Ø§Ø± â†’ tests/_flaky/test_agi_t01_t24.py.txt

â”€â”€ test_agi_pass1_readonly.py â”€â”€â”€â”€â”€â”€â”€â”€â”€â”€â”€â”€â”€â”€â”€â”€â”€â”€â”€â”€â”€â”€â”€â”€â”€â”€â”€â”€â”€â”€â”€â”€â”€â”€
  OK  t_l6_requires_both_surfaces
  OK  t_pass1_writes_jsonl_without_unlocking_wave1
  OK  t_twelve_families_twenty_four_discovery
Traceback (most recent call last):
  File "C:\Users\Armin\.zcode\tmp\octopus-heart-g4-20260825\_ops\tests\test_agi_pass2_shadow.py", line 22, in <module>
    from loops import pass2_shadow  # noqa: E402
    ^^^^^^^^^^^^^^^^^^^^^^^^^^^^^^
  File "C:\Users\Armin\.zcode\tmp\octopus-heart-g4-20260825\_ops\loops\pass2_shadow.py", line 20, in <module>
    from loops import doctor_timeout, telegram_organ  # noqa: E402
    ^^^^^^^^^^^^^^^^^^^^^^^^^^^^^^^^^^^^^^^^^^^^^^^^
ImportError: cannot import name 'doctor_timeout' from 'loops' (C:\Users\Armin\.zcode\tmp\octopus-heart-g4-20260825\_ops\loops\__init__.py)

â”€â”€ test_agi_pass2_shadow.py â”€â”€â”€â”€â”€â”€â”€â”€â”€â”€â”€â”€â”€â”€â”€â”€â”€â”€â”€â”€â”€â”€â”€â”€â”€â”€â”€â”€â”€â”€â”€â”€â”€â”€â”€â”€
   â†» Ø§Ø¬Ø±Ø§ÛŒ Ø¯ÙˆÙ…: Ù‚Ø±Ù…Ø²Ù-Ù¾Ø§ÛŒØ¯Ø§Ø± â†’ tests/_flaky/test_agi_pass2_shadow.py.txt

â”€â”€ test_poller_lease_20260821.py â”€â”€â”€â”€â”€â”€â”€â”€â”€â”€â”€â”€â”€â”€â”€â”€â”€â”€â”€â”€â”€â”€â”€â”€â”€â”€â”€â”€â”€â”€â”€
  ok  test_409_fail_count_resets_only_after_successful_poll
  ok  test_409_opens_circuit_and_denies_until_cooldown
  ok  test_expired_lease_taken_over
  ok  test_first_consumer_acquires
  ok  test_second_consumer_denied_before_getupdates

5/5 passed

â”€â”€ test_transport_pool_20260821.py â”€â”€â”€â”€â”€â”€â”€â”€â”€â”€â”€â”€â”€â”€â”€â”€â”€â”€â”€â”€â”€â”€â”€â”€â”€â”€â”€â”€â”€
  ok  test_409_opens_circuit_immediately
  ok  test_bounded_concurrency_saturates_fail_soft
  ok  test_circuit_opens_after_threshold_and_refuses_before_network
  ok  test_circuits_are_per_bot
  ok  test_hard_deadline_fail_soft
  ok  test_subprocess_mode_terminates_stuck_worker
  ok  test_timeout_never_advances_offset

7/7 passed

â”€â”€ test_config_manager_20260821.py â”€â”€â”€â”€â”€â”€â”€â”€â”€â”€â”€â”€â”€â”€â”€â”€â”€â”€â”€â”€â”€â”€â”€â”€â”€â”€â”€â”€â”€
  ok  test_boot_reads_once_and_reload_only_on_digest_change
  ok  test_bounded_json_read_mission_sweep
  ok  test_commit_write_through
  ok  test_immutable_snapshot
  ok  test_malformed_never_replaces_lkg
  ok  test_missing_file_boot_is_empty_stale
  ok  test_observe_write_external
  ok  test_stall_serves_lkg_with_stale

8/8 passed

â”€â”€ test_wave_e_c3c4_20260821.py â”€â”€â”€â”€â”€â”€â”€â”€â”€â”€â”€â”€â”€â”€â”€â”€â”€â”€â”€â”€â”€â”€â”€â”€â”€â”€â”€â”€â”€â”€â”€â”€
  ok  test_bridge_full_cycle_confirm_defer_dlq
  ok  test_crash_after_attempt_goes_uncertain_never_resends
  ok  test_duplicate_message_key_single_delivery
  ok  test_full_retry_after_preserved_no_cap
  ok  test_live_attachment_stays_default_off
  ok  test_restart_at_retry_after_minus_1_does_not_send
  ok  test_restart_at_retry_after_sends

7/7 passed

â”€â”€ test_wave_f_battery_20260821.py â”€â”€â”€â”€â”€â”€â”€â”€â”€â”€â”€â”€â”€â”€â”€â”€â”€â”€â”€â”€â”€â”€â”€â”€â”€â”€â”€â”€â”€
  ok  test_100_config_read_stalls_serve_lkg
  ok  test_100_config_write_stalls_fail_soft
  ok  test_100_dns_stalls_fail_soft_no_leak
  ok  test_crash_before_attempt_sends_once_after_restart
  ok  test_worker_thread_leak_detection

5/5 passed
coverage matrix: 16/16 scenarios (matrix below)
  - 100 DNS stalls: test_100_dns_stalls_fail_soft_no_leak
  - 100 config read stalls: test_100_config_read_stalls_serve_lkg
  - 100 config write stalls: test_100_config_write_stalls_fail_soft
  - concurrent poller race: test_poller_lease_20260821.py
  - 409 simulation: test_poller_lease_20260821.py + test_transport_pool_20260821.py
  - crash before attempt: test_crash_before_attempt_sends_once_after_restart
  - crash after attempt: test_wave_e_c3c4_20260821.py
  - restart at retry_after-1: test_wave_e_c3c4_20260821.py
  - restart at retry_after: test_wave_e_c3c4_20260821.py
  - duplicate message key: test_wave_e_c3c4_20260821.py
  - malformed config: test_config_manager_20260821.py
  - stale snapshot: test_config_manager_20260821.py
  - empty long poll: test_health_truth_20260821.py
  - no updates 30 minutes: test_health_truth_20260821.py
  - watchdog false-positive prevention: test_health_truth_20260821.py
  - worker/thread leak detection: test_worker_thread_leak_detection

â”€â”€ test_typed_poll_outcome.py â”€â”€â”€â”€â”€â”€â”€â”€â”€â”€â”€â”€â”€â”€â”€â”€â”€â”€â”€â”€â”€â”€â”€â”€â”€â”€â”€â”€â”€â”€â”€â”€â”€â”€
  ✅ t_a_contract_validates_kinds_and_updates
  ✅ t_b_empty_and_nonempty_success_are_ok
  ✅ t_c_lease_denial_performs_zero_network
  ✅ t_d_fallback_shared_token_refuses_before_network
  ✅ t_e_json_error_kinds_and_retry_after
  ✅ t_f_http_error_body_preserves_conflict_and_rate_limit
  ✅ t_g_dns_timeout_and_generic_transport_are_distinct
  ✅ t_h_malformed_payload_shapes_are_explicit
  ✅ t_i_typed_429_never_sleeps_legacy_adapter_may_sleep_short
  ✅ t_j_retry_schedule_blocks_next_client_before_network
  ✅ t_k_webhook_preflight_blocks_without_getupdates_or_mutation
  ✅ t_l_preflight_failure_is_typed_and_scheduled
  ✅ t_m_long_429_is_never_partially_slept

OK test_typed_poll_outcome: 13/13

â”€â”€ test_poll_schedule.py â”€â”€â”€â”€â”€â”€â”€â”€â”€â”€â”€â”€â”€â”€â”€â”€â”€â”€â”€â”€â”€â”€â”€â”€â”€â”€â”€â”€â”€â”€â”€â”€â”€â”€â”€â”€â”€â”€â”€
  ✅ t_a_empty_token_is_stopped
  ✅ t_b_server_retry_after_is_preserved_in_full
  ✅ t_c_failure_streak_survives_expiry_and_doubles_delay
  ✅ t_d_schedule_persists_across_module_consumers
  ✅ t_e_success_is_the_only_reset
  ✅ t_f_tokens_are_isolated_and_one_way
  ✅ t_g_clock_regression_fails_closed
  ✅ t_h_storage_error_fails_closed
  ✅ t_i_http_4xx_and_webhook_use_bounded_max_delay

OK test_poll_schedule: 9/9

â”€â”€ test_evo_lab_bridge.py â”€â”€â”€â”€â”€â”€â”€â”€â”€â”€â”€â”€â”€â”€â”€â”€â”€â”€â”€â”€â”€â”€â”€â”€â”€â”€â”€â”€â”€â”€â”€â”€â”€â”€â”€â”€â”€â”€
  FAIL t_a_rfc_invokes_lab_writes_artifact_and_outbox: ImportError: cannot import name 'STATE_DIR' from 'self_upgrade_lab' (unknown location)
  FAIL t_b_evolution_propose_is_the_same_path: ImportError: cannot import name 'STATE_DIR' from 'self_upgrade_lab' (unknown location)
  OK  t_c_doctor_hooks_call_bridge
  FAIL t_d_controller_exposes_run_rfc_cycle: ModuleNotFoundError: No module named 'self_upgrade_lab.controller'
  OK  t_e_no_live_send_and_no_promote

test_evo_lab_bridge: 2/5
   â†» Ø§Ø¬Ø±Ø§ÛŒ Ø¯ÙˆÙ…: Ù‚Ø±Ù…Ø²Ù-Ù¾Ø§ÛŒØ¯Ø§Ø± â†’ tests/_flaky/test_evo_lab_bridge.py.txt

â”€â”€ test_evo_outbox_callback_soak.py â”€â”€â”€â”€â”€â”€â”€â”€â”€â”€â”€â”€â”€â”€â”€â”€â”€â”€â”€â”€â”€â”€â”€â”€â”€â”€â”€â”€
FAIL t_a_outbox_card_carries_callback_token ImportError: cannot import name 'STATE_DIR' from 'self_upgrade_lab' (unknown location)
FAIL t_b_callback_with_proofs_applies_merge ImportError: cannot import name 'STATE_DIR' from 'self_upgrade_lab' (unknown location)
FAIL t_c_callback_without_proofs_refuses ImportError: cannot import name 'STATE_DIR' from 'self_upgrade_lab' (unknown location)
FAIL t_d_reject_callback_never_promotes ImportError: cannot import name 'STATE_DIR' from 'self_upgrade_lab' (unknown location)
FAIL t_e_freetext_merge_roundtrip_also_works ImportError: cannot import name 'STATE_DIR' from 'self_upgrade_lab' (unknown location)
FAIL t_f_token_missing_when_no_secret_is_explicit ImportError: cannot import name 'STATE_DIR' from 'self_upgrade_lab' (unknown location)
PASS t_g_no_live_send_banned_apis
RESULT failed=6 passed=1 total=7
   â†» Ø§Ø¬Ø±Ø§ÛŒ Ø¯ÙˆÙ…: Ù‚Ø±Ù…Ø²Ù-Ù¾Ø§ÛŒØ¯Ø§Ø± â†’ tests/_flaky/test_evo_outbox_callback_soak.py.txt

â”€â”€ test_fusion_sim.py â”€â”€â”€â”€â”€â”€â”€â”€â”€â”€â”€â”€â”€â”€â”€â”€â”€â”€â”€â”€â”€â”€â”€â”€â”€â”€â”€â”€â”€â”€â”€â”€â”€â”€â”€â”€â”€â”€â”€â”€â”€â”€
  ✅ [M-1] FusionField پایدار (منفجر نشود)
  ✅ [M-1] L(G) نیمه‌معین‌مثبت (پلِ کانونی)
  ✅ [M-1] A=−L(G) پایدار
  ✅ [M-1] ChronoUnit γ>1 → زمان کش‌دار
  ✅ [M-1] ChronoUnit γ<1 → برق‌آسا
  ✅ [M-1] ChronoUnit refractory کار می‌کند
  ✅ [M-1] FusionGate.prob ∈ [0,1]
  ✅ [M-1] simulate_fusion_world فیلدها برمی‌گرداند
  ✅ [M-1] گرافِ همبند → stable
  ✅ [M-1] هیچ وابستگی به *_gate/chrono production

â”€â”€ test_curriculum.py â”€â”€â”€â”€â”€â”€â”€â”€â”€â”€â”€â”€â”€â”€â”€â”€â”€â”€â”€â”€â”€â”€â”€â”€â”€â”€â”€â”€â”€â”€â”€â”€â”€â”€â”€â”€â”€â”€â”€â”€â”€â”€
  ✅ [G] seed curriculum ~48 nodes
  ✅ [G] node coord + tag
  ✅ [G] L(G) shape N×N
  ✅ [G] L(G) PSD
  ✅ [G] spectral_gap float
  ✅ [A] study raises a_k
  ✅ [A] diffusion to neighbors
  ✅ [A] a clipped [0,1]
  ✅ [A] mean awareness
  ✅ [A] ignited topics
  ✅ [I] topic-ignited event
  ✅ [I] structural-shift event
  ✅ [I] co-activation proposes edge
  ✅ [I] insights propose-only
  ✅ [S] no production import
  ✅ [S] clip01
  ✅ [S] shared L(G) with spectral

â”€â”€ test_snapshot_staleness.py â”€â”€â”€â”€â”€â”€â”€â”€â”€â”€â”€â”€â”€â”€â”€â”€â”€â”€â”€â”€â”€â”€â”€â”€â”€â”€â”€â”€â”€â”€â”€â”€â”€â”€
  ✅ t_a_file_past_its_sla_is_stale_not_authoritative
  ✅ t_a_fresh_file_is_authoritative
  ✅ t_a_fresh_shadow_file_is_never_promoted
  ✅ t_a_missing_or_empty_file_is_missing_not_fresh
  ✅ t_a_non_authoritative_self_model_becomes_a_blocker
  ✅ t_a_stale_shadow_reports_stale_not_shadow
  ✅ t_every_blocker_is_a_nonempty_string
  ✅ t_the_sla_boundary_is_exclusive_not_inclusive
  ✅ t_the_snapshot_writes_nothing
  ✅ t_unparseable_json_is_missing_never_authoritative

OK 10/10

â”€â”€ test_snapshot_linkage.py â”€â”€â”€â”€â”€â”€â”€â”€â”€â”€â”€â”€â”€â”€â”€â”€â”€â”€â”€â”€â”€â”€â”€â”€â”€â”€â”€â”€â”€â”€â”€â”€â”€â”€â”€â”€
  ✅ t_a_stale_cycle_rows_never_masquerade_as_the_current_cycle
  ✅ t_b_matching_rows_are_found_by_id_not_by_position
  ✅ t_c_rows_without_prereg_id_fall_back_to_cycle_id
  ✅ t_d_loop_health_blocker_counts_any_verdict_ever_not_this_cycle
  ✅ t_e_counts_still_cover_the_whole_ledgers
  ✅ t_f_empty_ledgers_keep_the_old_contract

OK 6/6

â”€â”€ validate_contract.py â”€â”€â”€â”€â”€â”€â”€â”€â”€â”€â”€â”€â”€â”€â”€â”€â”€â”€â”€â”€â”€â”€â”€â”€â”€â”€â”€â”€â”€â”€â”€â”€â”€â”€â”€â”€â”€â”€â”€â”€
STATIC CONTRACT: PASS
capability manifests found: 12
NOTE: static PASS is not runtime LIVE; execute ACCEPTANCE-RUNBOOK.md later.

──── test_capability_registry.py ─────────────────────────────────
  ✅ t_a_broken_card_does_not_kill_the_menu
  ✅ t_a_card_that_needs_arguments_is_correctly_excluded
  ✅ t_a_dark_card_shows_the_exact_way_to_turn_it_on
  ✅ t_a_flag_flip_moves_a_card_between_live_and_dark
  ✅ t_a_live_card_is_not_polluted_with_unlock_text
  ✅ t_an_arbitrary_key_can_never_reach_import
  ✅ t_callback_data_respects_the_64_byte_limit
  ✅ t_card_hides_the_effects_line_when_ledger_is_empty
  ✅ t_card_shows_a_summary_line_when_effects_ledger_has_rows
  ✅ t_coverage_numbers_are_consistent
  ✅ t_discovery_finds_every_zero_arg_card_in_the_tree
  ✅ t_discovery_imports_nothing
  ✅ t_every_capability_is_reachable_through_paging
  ✅ t_forbidden_directories_are_never_scanned
  ✅ t_hostile_page_numbers_do_not_crash
  ✅ t_only_discovered_keys_render
  ✅ t_self_knowledge_knows_how_visible_it_is
  ✅ t_the_card_distinguishes_live_from_dark
  ✅ t_the_registry_only_shows_never_acts
  ✅ t_the_unlock_hint_is_text_not_a_button

✅ test_capability_registry: 20/20

──── test_orphan_scan.py ─────────────────────────────────────────
  ✅ t_a_card_discoverable_module_is_not_an_orphan
  ✅ t_a_clearly_wired_module_is_never_reported
  ✅ t_a_production_organ_named_test_still_counts_as_a_caller
  ✅ t_a_relative_import_counts_as_a_caller
  ✅ t_a_script_launched_entrypoint_is_not_an_orphan
  ✅ t_a_synthetic_orphan_would_be_caught
  ✅ t_entry_points_are_not_called_orphans
  ✅ t_every_reported_orphan_really_has_no_caller
  ✅ t_forbidden_paths_are_never_scanned
  ✅ t_the_card_admits_the_list_is_a_floor_not_a_ceiling
  ✅ t_the_card_counts_the_dangerous_ones_separately
  ✅ t_the_independently_confirmed_orphans_are_found
  ✅ t_the_scan_covers_the_whole_tree
  ✅ t_the_scanner_imports_nothing_it_scans
  ✅ t_the_scanner_only_reads
  ✅ t_the_test_named_organ_is_not_itself_a_candidate
  ✅ t_weighty_orphans_are_flagged_and_ranked_first

✅ test_orphan_scan: 17/17

──── test_live_control_panel_smoke.py ────────────────────────────
❌ TG_CENTER_BOT_TOKEN یا TELEGRAM_OWNER_CHAT_ID در env نیست — نمی‌توان سنجید.

==================================================================
âŒ Ø´Ú©Ø³Øª: test_debate.py, test_no_go_envelope.py, test_heart_fuel_wiring.py, test_cortex.py, test_self_improve.py, S1-05_test_ap_binding.py, test_control_contracts_v2.py, test_research_loop.py, test_llm_call_inventory.py, test_spine_multidomain.py, test_lead_outcome_recorder.py, test_lead_outcome_wiring.py, test_tg_center.py, test_tg_guide.py, test_paid_truncation.py, test_activation_flag_presence.py, test_phantom_guards.py, test_phase0_receipt_rig.py, test_route_scorer_wire.py, test_brain_fix.py, test_brain_cortisol.py, test_pre0_real_entry.py, test_tg_send_audit.py, test_cortex_circuit_breaker.py, test_selfknow_unknown_bridge.py, test_retrieval_router.py, test_verdict_feedback_loop.py, test_tg_409_rival_poller.py, test_circuit_reset_not_recovery.py, test_tg_poll_health.py, test_tg_menu_contract.py, test_tg_wiring_w3.py, test_mail_credentials.py, test_lead_pipeline.py, test_lead_send_cap.py, test_lead_outbound_transport.py, test_lead_send_notify.py, test_lead_price_in_email.py, test_governor_routing.py, test_lead_suppression_wired.py, test_goal_action_bridge.py, test_run_all_scoring.py, test_ti_router_snapshot.py, test_adr034_neural_demote.py, test_adr035_neural_rearm.py, test_cortex_rich_think_heart.py, test_drawdown_enforcer.py, test_effector_registry.py, test_evidence_envelope_handshake.py, test_freeze_semantics.py, test_g4_coding_sandbox.py, test_g5_infra_selfheal.py, test_incident1_metadata.py, test_interview_organism_20260816.py, test_mining_leg.py, test_outbound_owner_transport.py, test_perception_envelope.py, test_phase_jn.py, test_producer_migration.py, test_scan_wave_a_adversarial_20260816.py, test_scan_wave_c_adversarial.py, test_agi_t01_t24.py, test_agi_pass2_shadow.py, test_evo_lab_bridge.py, test_evo_outbox_callback_soak.py, test_live_control_panel_smoke.py  (capability revoked)
