mode,seed,gen,evals,new_cells,admissions,surviving_offspring,reused_parent_ids,n_elites,coverage,center_free_coverage,n_center_free,n_boundary_elites,qd_score,normalized_qd,mean_fitness,max_fitness,bd_entropy,bd_spread
full,11,0,256,178,210,178,0,178,0.04345703125,0.046914269757051104,3581,10,75.02279881236197,0.01831611299129931,0.42147639782225826,0.9442114033899306,4.217950045151372,0.4173653001073394
full,11,1,352,50,68,65,109,228,0.0556640625,0.06031834683049427,3581,12,100.92386944269954,0.024639616563159068,0.44264855018727867,0.9442114033899306,4.325164361354811,0.42296721350946576
full,11,2,448,54,71,66,119,282,0.06884765625,0.07344317229824071,3581,19,128.25998369680164,0.03131347258222696,0.45482263722270083,0.9442114033899306,4.466421257475435,0.42271673226166684
full,11,3,544,49,73,71,136,331,0.080810546875,0.08628874616029042,3581,22,156.23705238054157,0.03814381161634316,0.47201526398955157,0.9442114033899306,4.536548592772828,0.42098558977368195
full,11,4,640,42,59,57,127,373,0.091064453125,0.09773806199385647,3581,23,179.36411755405936,0.043790067762221524,0.4808689478661109,0.9442114033899306,4.59157058010057,0.4261781814228098
full,11,5,736,38,62,61,141,411,0.100341796875,0.10695336498184864,3581,28,201.55703393760513,0.04920826023867313,0.4904064086073117,0.9442114033899306,4.676463672038338,0.439239723777862
full,11,6,832,33,56,54,146,444,0.1083984375,0.11561016475844736,3581,30,224.05428730818358,0.054700753737349506,0.5046267732166296,0.948450005989037,4.72936684471766,0.4371963794433464
full,11,7,928,36,63,60,146,480,0.1171875,0.12426696453504607,3581,35,248.91585445014644,0.06077047227786778,0.5185746967711384,0.948450005989037,4.821583088451724,0.4388674869991257
full,11,8,1024,26,54,53,149,506,0.12353515625,0.13068975146607092,3581,38,267.931288347495,0.06541291219421265,0.5295084749950494,0.948450005989037,4.864496258528365,0.4493953317873095
full,11,9,1120,27,50,48,154,533,0.130126953125,0.13739179000279253,3581,41,287.2242010480487,0.07012309595899627,0.5388821783265454,0.948450005989037,4.888665433651728,0.4439075894862001
full,11,10,1216,31,55,55,155,564,0.1376953125,0.14604858977939122,3581,41,311.1401775864718,0.07596195741857222,0.5516669815362975,0.9712076380494099,4.920393618211714,0.4426652324767987
full,11,11,1312,22,45,45,148,586,0.14306640625,0.15135437028762916,3581,44,329.3178682053031,0.08039987016731033,0.5619758843093909,0.9712076380494099,4.94488563350649,0.452199237407854
full,11,12,1408,23,50,49,157,609,0.148681640625,0.15693940240156382,3581,47,347.04684993610175,0.08472823484768109,0.5698634645913001,0.9712076380494099,4.974782623020943,0.44698470561946824
full,11,13,1504,25,41,40,148,634,0.15478515625,0.16392069254398212,3581,47,363.84129884328166,0.08882844210041056,0.5738821748316746,0.9712076380494099,5.004364473790327,0.4641136466165851
full,11,14,1600,26,49,49,151,660,0.1611328125,0.17062273108070372,3581,49,382.61828979808763,0.09341266840773624,0.579724681512254,0.9712076380494099,5.027568075237109,0.45589192490039243
full,11,15,1696,26,48,48,151,686,0.16748046875,0.17704551801172858,3581,52,403.8552565042655,0.0985974747324867,0.5887102864493666,0.9712076380494099,5.053507506606519,0.4583984843625161
full,11,16,1792,29,50,50,154,715,0.174560546875,0.18458531136554035,3581,54,422.7910206684495,0.10322046403038318,0.5913161128230063,0.9712076380494099,5.086293538986986,0.4610121100901572
full,11,17,1888,18,39,38,148,733,0.178955078125,0.1893325886623848,3581,55,437.510739493205,0.10681414538408325,0.5968768615186971,0.9712076380494099,5.11871530736587,0.45453015333783753
full,11,18,1984,26,47,45,146,759,0.185302734375,0.19631387880480314,3581,56,458.10704176477236,0.11184253949335263,0.6035665899404116,0.9712076380494099,5.1586116556227415,0.46016780918198075
full,11,19,2080,29,43,43,156,788,0.1923828125,0.20329516894722144,3581,60,478.2324175150944,0.1167559613073961,0.6068939308567188,0.9712076380494099,5.1788107409952255,0.46684544100161685
full,11,20,2176,26,53,51,153,814,0.19873046875,0.2105557106953365,3581,60,499.96170893566233,0.12206096409562069,0.6142035736310348,0.9712076380494099,5.210546502815612,0.4679924626482729
full,11,21,2272,27,47,46,152,841,0.205322265625,0.2172577492320581,3581,63,519.2630610739861,0.12677320827001615,0.6174352688156791,0.9712076380494099,5.238170658698011,0.4635709638602341
full,11,22,2368,18,36,35,159,859,0.209716796875,0.2217257749232058,3581,65,533.2429232256447,0.13018626055313592,0.6207717383302034,0.9712076380494099,5.251473182467013,0.46989125016151967
full,11,23,2464,31,43,43,153,890,0.21728515625,0.2301033230941078,3581,66,555.3747767412502,0.1355895451028443,0.6240166030800565,0.9712076380494099,5.280635005167171,0.46899523415848277
full,11,24,2560,14,41,39,147,904,0.220703125,0.23401284557386204,3581,66,568.3134898036274,0.1387484105965887,0.6286653648270214,0.9712076380494099,5.296437652271433,0.4756035807421334
full,11,25,2656,21,33,32,159,925,0.225830078125,0.23987712929349345,3581,66,584.197267079774,0.14262628590814794,0.6315646130592151,0.9712076380494099,5.3120882334966275,0.4662398135404081
full,11,26,2752,25,43,42,160,950,0.23193359375,0.24657916783021502,3581,67,602.4258116730992,0.14707661417800275,0.6341324333401045,0.9712076380494099,5.3301976667034685,0.463653809731279
full,11,27,2848,25,46,45,161,975,0.238037109375,0.25328120636693663,3581,68,620.5322294479215,0.15149712633005896,0.6364433122542785,0.9712076380494099,5.343987763233164,0.4711649595413144
full,11,28,2944,13,38,37,160,988,0.2412109375,0.2566322256352974,3581,69,633.2687027599775,0.15460661688476013,0.6409602254655643,0.9712076380494099,5.3544431014244696,0.46750664477594683
full,11,29,3040,19,37,37,155,1007,0.245849609375,0.26193800614353535,3581,69,647.4552638602727,0.15807013277838688,0.6429545817877583,0.9712076380494099,5.364164659073105,0.47224709644650775
full,11,30,3136,17,43,42,163,1024,0.25,0.2666852834403798,3581,69,661.8120800577892,0.1615752148578587,0.6463008594314348,0.9712076380494099,5.381677825995495,0.4738820064866115
full,11,31,3232,25,44,44,156,1049,0.256103515625,0.2736665735827981,3581,69,680.5975190354839,0.16616150367077243,0.6488060238660476,0.9712076380494099,5.4005024537930595,0.46858055204701876
full,11,32,3328,27,45,45,173,1076,0.2626953125,0.28092711533091314,3581,70,700.9597489033064,0.17113275119709628,0.6514495807651546,0.9712076380494099,5.415541396156328,0.47930589138567775
full,11,33,3424,23,41,41,161,1099,0.268310546875,0.28707065065624127,3581,71,719.2432156274065,0.17559648819028478,0.6544524255026446,0.9712076380494099,5.430372443092427,0.4749952245190979
full,11,34,3520,25,40,40,158,1124,0.2744140625,0.29377268919296284,3581,72,737.1605039995161,0.17997082617175686,0.6558367473305303,0.9712076380494099,5.447349675775287,0.4763015329472122
full,11,35,3616,18,34,34,158,1142,0.27880859375,0.29851996648980733,3581,73,750.7330512957474,0.18328443635150082,0.6573844582274495,0.9712076380494099,5.455542069955069,0.4762694231887061
full,11,36,3712,20,37,37,153,1162,0.28369140625,0.30382574699804527,3581,74,766.8610072497094,0.18722192559807357,0.6599492317123145,0.9712076380494099,5.471213787513949,0.481632636443623
full,11,37,3808,22,34,34,163,1184,0.2890625,0.30996928232337334,3581,74,784.0460932576461,0.19141750323673,0.6622010922784174,0.9712076380494099,5.484380704199488,0.4818846310809232
full,11,38,3904,15,34,34,158,1199,0.292724609375,0.3141580564088243,3581,74,798.1503254127208,0.19486091929021504,0.6656800045143626,0.9712076380494099,5.491171412912246,0.48262898994893066
full,11,39,4000,26,40,39,164,1225,0.299072265625,0.32030159173415246,3581,78,816.8839428066067,0.1994345563492692,0.6668440349441688,0.9712076380494099,5.510242422829694,0.4822673432597614
full,11,40,4096,18,34,34,166,1243,0.303466796875,0.32504886903099695,3581,79,830.8378394170311,0.2028412693889236,0.6684133864980137,0.9712076380494099,5.519617527901306,0.4896110348625952
full,11,41,4192,17,40,40,166,1260,0.3076171875,0.3297961463278414,3581,79,846.342051618303,0.20662647744587476,0.6717000409669072,0.9712076380494099,5.532104955695138,0.483536998043962
full,11,42,4288,17,30,30,167,1277,0.311767578125,0.33454342362468587,3581,79,860.8860613986087,0.2101772610836447,0.6741472681273365,0.9712076380494099,5.544249588762847,0.48286824975612896
full,11,43,4384,26,44,44,160,1303,0.318115234375,0.34124546216140744,3581,81,879.3286102198769,0.21467983647946212,0.6748492787566207,0.9712076380494099,5.554224504013094,0.480911536649553
full,11,44,4480,10,27,27,161,1313,0.320556640625,0.34375872661267803,3581,82,887.9906407913346,0.21679459003694693,0.676306657114497,0.9712076380494099,5.558618518650381,0.4825392911872367
full,11,45,4576,12,32,30,164,1325,0.323486328125,0.3471097458810388,3581,82,899.591660385663,0.2196268702113435,0.6789371021778589,0.9712076380494099,5.563103315727772,0.4836771642846719
full,11,46,4672,20,33,33,161,1345,0.328369140625,0.35241552638927676,3581,83,913.8659000685776,0.22311179200893008,0.6794542007944815,0.9712076380494099,5.579321244796533,0.49307380508564097
full,11,47,4768,15,27,27,160,1360,0.33203125,0.35660430047472774,3581,83,925.920960548674,0.2260549220089536,0.6808242356975543,0.9712076380494099,5.587425767523057,0.48381984721614857
full,11,48,4864,12,34,34,164,1372,0.3349609375,0.3596760681373918,3581,84,937.6225698641351,0.22891176022073612,0.6833983745365416,0.9712076380494099,5.598911969906354,0.49324048074001625
full,11,49,4960,24,37,37,156,1396,0.3408203125,0.36609885506841666,3581,85,956.2392553894449,0.2334568494603137,0.6849851399637857,0.9712076380494099,5.610656409965621,0.4877176650148483
full,11,50,5056,19,39,38,161,1415,0.345458984375,0.3708461323652611,3581,87,970.8640557535853,0.23702735736171515,0.6861230075997069,0.9712076380494099,5.62091018475377,0.49265949132868603
full,11,51,5152,22,38,37,169,1437,0.350830078125,0.3767104160848925,3581,88,986.6288684154424,0.24087618857798887,0.6865893308388604,0.9712076380494099,5.624567279425831,0.49206961582654485
full,11,52,5248,13,31,31,166,1450,0.35400390625,0.38034068695895,3581,88,997.7736032598245,0.2435970711083556,0.6881197263860859,0.9712076380494099,5.631543405273137,0.4919238520716742
full,11,53,5344,19,44,44,160,1469,0.358642578125,0.3853672158614912,3581,89,1014.1347739833509,0.24759149755452903,0.6903572321193675,0.9712076380494099,5.638334682982004,0.4872137613174365
full,11,54,5440,20,42,41,170,1489,0.363525390625,0.39067299636972913,3581,90,1031.4599936334243,0.25182128750816024,0.692719941996927,0.9712076380494099,5.6447413769507175,0.4865970177257657
full,11,55,5536,15,35,35,166,1504,0.3671875,0.39458251884948337,3581,91,1044.3343549978536,0.25496444213814784,0.6943712466741048,0.9712076380494099,5.648550818145007,0.49392477087842873
full,11,56,5632,18,38,38,159,1522,0.37158203125,0.39960904775202455,3581,91,1058.0238626145842,0.25830660708363873,0.695153654805903,0.9712076380494099,5.65268283566359,0.48958659983712405
full,11,57,5728,19,41,41,170,1541,0.376220703125,0.4046355766545658,3581,92,1074.26057276343,0.2622706476473218,0.6971191257387606,0.9712076380494099,5.65742754040195,0.49373722426597816
full,11,58,5824,24,35,35,163,1565,0.382080078125,0.4110583635855906,3581,93,1092.2394031175343,0.26666001052674176,0.6979165515128014,0.9712076380494099,5.664051760405226,0.4962535904979877
full,11,59,5920,15,36,36,162,1580,0.3857421875,0.4152471376710416,3581,93,1106.1091643162147,0.27004618269438835,0.7000690913393763,0.9712076380494099,5.670692790954272,0.49412681800157726
full,11,60,6016,18,32,32,160,1598,0.39013671875,0.4202736665735828,3581,93,1119.8827938107015,0.2734088852076908,0.7008027495686493,0.9712076380494099,5.675434174219868,0.4849203336517417
full,11,61,6112,14,30,30,160,1612,0.3935546875,0.4241831890533371,3581,93,1131.3488260437368,0.2762082094833342,0.7018292965531866,0.9712076380494099,5.679608690340597,0.4971622505392183
full,11,62,6208,21,35,35,167,1633,0.398681640625,0.4297682211672717,3581,94,1147.894730978575,0.28024773705531614,0.7029361487927587,0.9712076380494099,5.686605091613191,0.49776510225074044
full,11,63,6304,19,28,28,156,1652,0.4033203125,0.4345154984641162,3581,96,1162.8186575961572,0.2838912738271868,0.7038853859540903,0.9712076380494099,5.694777343892488,0.48826009557190975
full,11,64,6400,14,30,30,163,1666,0.40673828125,0.4384250209438704,3581,96,1174.4760465800632,0.28673731605958575,0.7049676149940356,0.9712076380494099,5.697382036488741,0.49033378155036295
full,11,65,6496,15,28,28,161,1681,0.410400390625,0.44233454342362466,3581,97,1186.5820391579623,0.2896928806537994,0.7058786669589305,0.9712076380494099,5.699854149106029,0.5008281799651723
full,11,66,6592,10,30,30,165,1691,0.412841796875,0.44456855626919856,3581,99,1195.675098018205,0.29191286572710085,0.7070816664803105,0.9712076380494099,5.700004227127059,0.4974408668273734
full,11,67,6688,17,34,34,160,1708,0.4169921875,0.4490365819603463,3581,100,1208.6450008389454,0.29507934590794566,0.7076375883131999,0.9712076380494099,5.703341517511863,0.5016772302445147
full,11,68,6784,18,33,33,166,1726,0.42138671875,0.4532253560457973,3581,103,1221.8771854141596,0.2983098597202538,0.707924209394067,0.9712076380494099,5.710370947780488,0.4980575636703532
full,11,69,6880,13,34,34,159,1739,0.424560546875,0.45685562691985476,3581,103,1232.4830420312292,0.30089918018340556,0.7087309039857557,0.9712076380494099,5.712417808816402,0.4956067743350879
full,11,70,6976,8,27,27,171,1747,0.426513671875,0.45908963976542866,3581,103,1240.7902190903164,0.3029272995825968,0.7102405375445429,0.9712076380494099,5.7182922346216944,0.5039892128441738
full,11,71,7072,17,37,35,162,1764,0.4306640625,0.4638369170622731,3581,103,1255.5525395542195,0.30653138172710437,0.7117644782053398,0.9712076380494099,5.726161711976172,0.49318429798919045
full,11,72,7168,18,32,32,163,1782,0.43505859375,0.4688634459648143,3581,103,1269.7471602706946,0.30999686530046255,0.7125404939790655,0.9712076380494099,5.732364805357975,0.48882309183018213
full,11,73,7264,11,30,30,154,1793,0.437744140625,0.47193521362747837,3581,103,1279.8316911949555,0.31245890898314344,0.713793469712747,0.9712076380494099,5.734655369705403,0.4967074196551674
full,11,74,7360,17,32,32,167,1810,0.44189453125,0.4766824909243228,3581,103,1293.5592138531938,0.3158103549446274,0.7146735988139192,0.9712076380494099,5.743416934866062,0.499975928536716
full,11,75,7456,14,26,26,172,1824,0.4453125,0.4797542585869869,3581,106,1303.7766602049824,0.318304848682857,0.7147898356386965,0.9712076380494099,5.749778275342804,0.4958649059100488
full,11,76,7552,19,34,34,163,1843,0.449951171875,0.4847807874895281,3581,107,1317.751594169511,0.3217166977952908,0.7150035779541568,0.9741832060610773,5.755971961083608,0.49959067073211694
full,11,77,7648,15,38,38,159,1858,0.45361328125,0.48896956157497906,3581,107,1331.1848261259865,0.3249962954409147,0.7164611550731897,0.9741832060610773,5.760858765179675,0.49709281093747465
full,11,78,7744,12,32,32,170,1870,0.45654296875,0.4920413292376431,3581,108,1341.343299013285,0.3274763913606653,0.7172958818252861,0.9741832060610773,5.7631921105962185,0.4932699208549962
full,11,79,7840,15,29,29,163,1885,0.460205078125,0.4959508517173974,3581,109,1353.494653967248,0.33044303075372267,0.718034299186869,0.9741832060610773,5.76961604945704,0.5012114795901585
full,11,80,7936,12,29,28,163,1897,0.463134765625,0.4990226193800614,3581,110,1363.246829926762,0.3328239330875884,0.7186330152486885,0.9741832060610773,5.7729348072453055,0.5018966607845827
full,11,81,8032,14,31,31,169,1911,0.466552734375,0.5029321418598157,3581,110,1374.27351313265,0.33551599441715085,0.7191384160819727,0.9741832060610773,5.779103981589724,0.4942310629463158
full,11,82,8128,6,28,28,163,1917,0.468017578125,0.5046076514939961,3581,110,1380.4853493980986,0.33703255600539517,0.7201279861231604,0.9741832060610773,5.780960459281223,0.5037704034589645
full,11,83,8224,14,27,27,163,1931,0.471435546875,0.5079586707623569,3581,112,1391.9970140642495,0.33984302101177966,0.7208684692202224,0.9741832060610773,5.786226624795627,0.506422789258461
full,11,84,8320,12,31,31,165,1943,0.474365234375,0.5113096900307177,3581,112,1403.4915586831614,0.3426493063191312,0.7223322484215962,0.9741832060610773,5.788061436001561,0.4967135293692384
full,11,85,8416,10,28,28,165,1953,0.476806640625,0.5138229544819882,3581,113,1413.1741033914914,0.3450132088358133,0.7235914507892941,0.9741832060610773,5.788980402343671,0.5035191017507645
full,11,86,8512,12,25,25,163,1965,0.479736328125,0.517173973750349,3581,113,1422.135807857774,0.34720112496527683,0.72373323555103,0.9741832060610773,5.791223317598563,0.5026510034279479
full,11,87,8608,13,32,32,175,1978,0.48291015625,0.5208042446244066,3581,113,1433.6463676623289,0.35001132023006076,0.7247959391619458,0.9741832060610773,5.79281359043666,0.5024760278079075
full,11,88,8704,18,36,36,169,1996,0.4873046875,0.5252722703155543,3581,115,1447.174364709838,0.3533140538842378,0.7250372568686564,0.9741832060610773,5.796530019050125,0.494582302919262
full,11,89,8800,17,32,32,162,2013,0.491455078125,0.529740296006702,3581,116,1461.50984732514,0.3568139275696143,0.7260356916667362,0.9741832060610773,5.800880990452185,0.500639162889818
full,11,90,8896,14,27,26,165,2027,0.494873046875,0.5333705668807596,3581,117,1472.6487112435718,0.35953337676845015,0.7265163844319545,0.9741832060610773,5.805988446827435,0.4995446168019836
full,11,91,8992,12,34,34,155,2039,0.497802734375,0.5367215861491204,3581,117,1484.122787339319,0.36233466487776345,0.7278679682880427,0.9741832060610773,5.809162826069905,0.5011238090537514
full,11,92,9088,12,24,24,163,2051,0.500732421875,0.5400726054174811,3581,117,1493.8152705472976,0.3647009937859613,0.7283350904667467,0.9741832060610773,5.808215651421632,0.5016991802672901
full,11,93,9184,9,28,28,156,2060,0.5029296875,0.5425858698687518,3581,117,1502.413541156212,0.3668001809463408,0.7293269617263165,0.9741832060610773,5.810551376324164,0.4958905362135068
full,11,94,9280,15,35,35,170,2075,0.506591796875,0.5467746439542027,3581,117,1514.217476381521,0.3696820010697073,0.7297433621115764,0.9741832060610773,5.8122106492514,0.5073293572789825
full,11,95,9376,10,23,23,162,2085,0.509033203125,0.5495671600111701,3581,117,1522.1292528125384,0.37161358711243614,0.7300380109412654,0.9741832060610773,5.815829124464645,0.5042215691693863
full,11,96,9472,10,26,26,170,2095,0.511474609375,0.5523596760681374,3581,117,1530.9181759194553,0.37375932029283576,0.7307485326584512,0.9741832060610773,5.817982906473529,0.5036655766088001
full,11,97,9568,12,35,35,165,2107,0.514404296875,0.5557106953364982,3581,117,1542.0929875815393,0.37648754579627425,0.7318903595545986,0.9741832060610773,5.8192863772314904,0.4977766373204193
full,11,98,9664,14,29,29,167,2121,0.517822265625,0.5596202178162525,3581,117,1553.8139427294095,0.37934910711167225,0.7325855458413058,0.9741832060610773,5.822028281201802,0.5031782108171352
full,11,99,9760,16,31,31,161,2137,0.521728515625,0.5640882435074002,3581,117,1566.4863550316973,0.38244295777141046,0.7330305826072518,0.9741832060610773,5.826058598560332,0.5095520160680176
full,11,100,9856,13,39,39,167,2150,0.52490234375,0.5677185143814577,3581,117,1579.0974358562219,0.3855218349258354,0.7344639236540567,0.9777056985631819,5.830184434112329,0.5011029757068953
full,11,101,9952,11,34,34,173,2161,0.527587890625,0.5707902820441217,3581,117,1588.8649645516364,0.38790648548623935,0.7352452404218586,0.9777056985631819,5.833435074492473,0.5048936839648657
full,11,102,10048,10,24,24,166,2171,0.530029296875,0.573582798101089,3581,117,1597.2178381819485,0.3899457612748898,0.735706051672938,0.9777056985631819,5.834492063536245,0.5008686198163697
full,11,103,10144,14,29,29,164,2185,0.533447265625,0.5774923205808433,3581,117,1610.2516752275942,0.39312785039736187,0.7369572884336816,0.9777056985631819,5.837519494846455,0.5113384681319209
full,11,104,10240,14,30,29,169,2199,0.536865234375,0.5814018430605976,3581,117,1621.5263706522649,0.3958804615850256,0.7373926196690609,0.9777056985631819,5.839520581847523,0.5096254273808121
full,11,105,10336,11,32,32,165,2210,0.53955078125,0.5844736107232616,3581,117,1630.37387113963,0.3980404958836987,0.7377257335473438,0.9777056985631819,5.841906957490126,0.5013582544866554
full,11,106,10432,10,27,27,167,2220,0.5419921875,0.5869868751745323,3581,118,1639.933800828882,0.4003744630929888,0.7387089192922892,0.9777056985631819,5.843139204044329,0.5099819384291022
full,11,107,10528,5,18,18,173,2225,0.543212890625,0.5883831332030159,3581,118,1644.6921691131652,0.40153617409989384,0.739187491736254,0.9777056985631819,5.844246382198587,0.5077741069384728
full,11,108,10624,10,28,28,161,2235,0.545654296875,0.5911756492599832,3581,118,1653.6818545101946,0.403730921511278,0.7399023957540021,0.9777056985631819,5.846374122850676,0.5048718280157533
full,11,109,10720,8,29,29,172,2243,0.547607421875,0.5931304104998604,3581,119,1661.8108792142148,0.4057155466831579,0.7408875966180182,0.9777056985631819,5.847934384139906,0.5127131005442178
full,11,110,10816,7,31,31,168,2250,0.54931640625,0.5948059201340408,3581,120,1670.7998295710995,0.4079101146413817,0.7425777020315998,0.9777056985631819,5.84904863174525,0.5073266675694151
full,11,111,10912,18,31,31,171,2268,0.5537109375,0.599832449036582,3581,120,1684.6621687228842,0.4112944747858604,0.7427963706891024,0.9777056985631819,5.853041410047457,0.5043239032498481
full,11,112,11008,13,32,32,161,2281,0.556884765625,0.602904216699246,3581,122,1696.4458465051237,0.41417134924441495,0.7437289989062357,0.9777056985631819,5.8551857154597275,0.5061415717389244
full,11,113,11104,12,31,31,166,2293,0.559814453125,0.6059759843619101,3581,123,1706.2957983290528,0.4165761226389289,0.7441324894588106,0.9777056985631819,5.857956797312383,0.5089408917358178
full,11,114,11200,5,26,26,165,2298,0.56103515625,0.6073722423903938,3581,123,1711.7612361506854,0.4179104580446009,0.7448917476721868,0.9777056985631819,5.859101878387368,0.5081419288510698
full,11,115,11296,9,21,21,167,2307,0.563232421875,0.6093270036302709,3581,125,1720.2110548523399,0.41997340206355954,0.7456484849815084,0.9777056985631819,5.860899739943323,0.5025633092043936
full,11,116,11392,19,26,26,164,2326,0.56787109375,0.6140742809271154,3581,127,1734.4639568584926,0.4234531144674054,0.745685278099094,0.9777056985631819,5.864090498664449,0.5049553435519144
full,11,117,11488,6,22,22,169,2332,0.5693359375,0.6157497905612958,3581,127,1740.2396278018036,0.4248631903812997,0.7462434081482863,0.9777056985631819,5.864997023585131,0.5097090889792519
full,11,118,11584,5,25,25,166,2337,0.570556640625,0.6171460485897794,3581,127,1745.5995201653177,0.42617175785286077,0.746940316716011,0.9777056985631819,5.86575748182032,0.5046459480527603
full,11,119,11680,14,27,27,167,2351,0.573974609375,0.6207763194638369,3581,128,1757.2918454250562,0.4290263294494766,0.7474656935027887,0.9777056985631819,5.870726575077375,0.5037881577701082
full,11,120,11776,14,24,24,163,2365,0.577392578125,0.6241273387321977,3581,130,1768.8966334260472,0.43185952964503105,0.7479478365437832,0.9777056985631819,5.871767584260112,0.5140298737678745
full,11,121,11872,9,26,26,164,2374,0.57958984375,0.6266406031834683,3581,130,1776.95252105821,0.4338262990864771,0.7485056954752359,0.9777056985631819,5.874080051579721,0.5176365186585775
full,11,122,11968,14,29,29,173,2388,0.5830078125,0.6302708740575258,3581,131,1788.0215467662645,0.43652869794098254,0.7487527415269114,0.9777056985631819,5.876735315390233,0.5117761647456387
full,11,123,12064,11,33,33,170,2399,0.585693359375,0.6330633901144932,3581,132,1799.286285994776,0.4392788784166934,0.7500151254667679,0.9777056985631819,5.877148072766543,0.5105633064650338
full,11,124,12160,13,30,30,166,2412,0.5888671875,0.636414409382854,3581,133,1811.0652055728642,0.44215459120431255,0.750856221215947,0.9777056985631819,5.879271776947891,0.5079050474240292
full,11,125,12256,8,27,27,165,2420,0.5908203125,0.6386484222284278,3581,133,1819.5766749955292,0.44423258666883036,0.7518911880146815,0.9777056985631819,5.8801319598986375,0.5159183021523224
full,11,126,12352,11,29,29,171,2431,0.593505859375,0.6417201898910919,3581,133,1830.3423619288471,0.44686092820528495,0.7529174668567862,0.9777056985631819,5.882217777775505,0.5129527043885114
full,11,127,12448,9,27,27,156,2440,0.595703125,0.6442334543423625,3581,133,1838.3895572291385,0.44882557549539515,0.7534383431266961,0.9777056985631819,5.882635423772458,0.5152817425379347
full,11,128,12544,6,21,21,172,2446,0.59716796875,0.6459089639765428,3581,133,1844.8748482876672,0.45040889850773125,0.7542415569450807,0.9777056985631819,5.884121362405558,0.5079629580341081
full,11,129,12640,5,22,22,158,2451,0.598388671875,0.6473052220050265,3581,133,1850.3036051198874,0.4517342785937225,0.7549178315462617,0.9777056985631819,5.883955571052712,0.503745831635416
full,11,130,12736,13,26,26,160,2464,0.6015625,0.650935492879084,3581,133,1861.1487628678237,0.4543820221845273,0.7553363485664869,0.9777056985631819,5.88685427147683,0.5060844877951115
full,11,131,12832,9,22,22,170,2473,0.603759765625,0.6534487573303547,3581,133,1868.7633667226073,0.45624105632876155,0.7556665453791376,0.9777056985631819,5.887123120022082,0.5128480624906508
full,11,132,12928,10,25,25,173,2483,0.606201171875,0.6559620217816252,3581,134,1877.4405109402896,0.45835949974128165,0.7561178054531976,0.9777056985631819,5.889557233801968,0.5090986786442633
full,11,133,13024,13,24,24,161,2496,0.609375,0.659313041049986,3581,135,1887.5372570652885,0.4608245256507052,0.7562248626062854,0.9777056985631819,5.892156342628407,0.5092766448294571
full,11,134,13120,5,20,20,171,2501,0.610595703125,0.6607092990784696,3581,135,1892.3441810589673,0.4619980910788494,0.7566350184162204,0.9777056985631819,5.892603038941155,0.5128873210725345
full,11,135,13216,10,33,33,161,2511,0.613037109375,0.663501815135437,3581,135,1902.5553341184516,0.4644910483687626,0.757688305104919,0.9777056985631819,5.893166511825807,0.5097851846208226
full,11,136,13312,7,27,27,166,2518,0.61474609375,0.6654565763753142,3581,135,1909.910530729254,0.4662867506663218,0.7585029907582423,0.9777056985631819,5.894390144240141,0.5116621681851075
full,11,137,13408,10,28,28,174,2528,0.6171875,0.6679698408265847,3581,136,1918.7466478540687,0.46844400582374723,0.7589978828536664,0.9777056985631819,5.895444181291882,0.519272717424228
full,11,138,13504,4,16,16,166,2532,0.6181640625,0.6690868472493717,3581,136,1922.98543709322,0.46947886647783693,0.75947292144282,0.9777056985631819,5.895429926524393,0.5176503023447854
full,11,139,13600,6,18,18,169,2538,0.61962890625,0.6707623568835521,3581,136,1928.2008330923557,0.4707521565166884,0.759732400745609,0.9777056985631819,5.896522385776587,0.5110428803136312
full,11,140,13696,10,22,22,161,2548,0.6220703125,0.6735548729405194,3581,136,1936.6347295228757,0.4728112132624208,0.7600607258724001,0.9777056985631819,5.898767594900431,0.5080288561464901
full,11,141,13792,9,31,31,163,2557,0.624267578125,0.6757888857860933,3581,137,1945.5104651072966,0.4749781408953361,0.760856654324324,0.9777056985631819,5.900240889728902,0.509294803808986
full,11,142,13888,8,22,22,170,2565,0.626220703125,0.6780228986316671,3581,137,1952.994924645237,0.47680540152471607,0.7614015300761158,0.9777056985631819,5.901115740373681,0.5064671235406628
full,11,143,13984,8,26,26,174,2573,0.628173828125,0.680256911477241,3581,137,1960.8193753369737,0.47871566780687835,0.7620751555915172,0.9777056985631819,5.9022917296555875,0.5052403434216928
full,11,144,14080,6,25,25,160,2579,0.629638671875,0.6816531695057246,3581,138,1967.8994914931286,0.4804442117903146,0.7630474957321166,0.9777056985631819,5.903748928143529,0.5067889194303125
full,11,145,14176,7,25,25,171,2586,0.63134765625,0.6836079307456018,3581,138,1974.076483626197,0.481952266510302,0.7633706433202617,0.9777056985631819,5.904922924586355,0.5125928440094301
full,11,146,14272,12,30,30,164,2598,0.63427734375,0.6866796984082658,3581,139,1983.6992936693377,0.48430158536849066,0.7635486118819622,0.9777056985631819,5.907954393441765,0.5112699759126149
full,11,147,14368,10,25,25,170,2608,0.63671875,0.6894722144652332,3581,139,1993.3335464656952,0.4866536978676014,0.7643150101478893,0.9777056985631819,5.909545058215912,0.518386559210343
full,11,148,14464,8,28,27,169,2616,0.638671875,0.691706227310807,3581,139,2001.4660255271724,0.4886391663884698,0.7650864011954023,0.9777056985631819,5.910516695763145,0.5196932865842
full,11,149,14560,5,17,17,166,2621,0.639892578125,0.6931024853392908,3581,139,2005.9710068125635,0.4897390153350985,0.7653456721909818,0.9777056985631819,5.910741182748218,0.5145997001054979
full,11,150,14656,7,28,28,173,2628,0.6416015625,0.6950572465791678,3581,139,2013.0288393421683,0.49146211898002157,0.7659927090343106,0.9777056985631819,5.911459672331615,0.517237398491414
full,11,151,14752,10,25,25,157,2638,0.64404296875,0.6978497626361352,3581,139,2021.415451464126,0.49350963170510886,0.7662681772039901,0.9777056985631819,5.912503911499547,0.5146601776355761
full,11,152,14848,9,23,23,164,2647,0.646240234375,0.7003630270874057,3581,139,2029.1184854388898,0.49539025523410396,0.7665729072304079,0.9777056985631819,5.913599937046845,0.5207107675201786
full,11,153,14944,10,28,28,164,2657,0.648681640625,0.7031555431443731,3581,139,2038.9077098162486,0.49778020259185757,0.7673721150983247,0.9777056985631819,5.915004126455537,0.5129632444222416
full,11,154,15040,7,19,19,173,2664,0.650390625,0.7051103043842503,3581,139,2045.6598108163869,0.49942866475009445,0.7678903193755205,0.9777056985631819,5.916495494508718,0.5206373382606693
full,11,155,15136,9,23,23,166,2673,0.652587890625,0.7076235688355208,3581,139,2053.785281566423,0.5014124222574274,0.7683446620151226,0.9777056985631819,5.9177286734520065,0.5178568456253738
full,11,156,15232,6,15,15,173,2679,0.654052734375,0.7092990784697012,3581,139,2059.5557046234535,0.5028212169490853,0.7687777919460446,0.9777056985631819,5.918857812675447,0.5180887737660858
full,11,157,15328,6,22,22,155,2685,0.655517578125,0.7109745881038816,3581,139,2066.139086898151,0.5044284880122439,0.7695117642078775,0.9777056985631819,5.919450418482455,0.5194069934865662
full,11,158,15424,6,19,19,172,2691,0.656982421875,0.712650097738062,3581,139,2072.3132484015714,0.5059358516605399,0.7700903933116208,0.9777056985631819,5.920383141883339,0.5262368865943031
full,11,159,15520,8,24,24,160,2699,0.658935546875,0.7148841105836359,3581,139,2080.2753120851517,0.507879714864539,0.7707578036625238,0.9777056985631819,5.920978460085198,0.5186167143390145
full,11,160,15616,8,25,25,169,2707,0.660888671875,0.7171181234292097,3581,139,2088.319976096141,0.509843744164097,0.771451782820887,0.9777056985631819,5.921761510521074,0.5137862744664737
full,11,161,15712,6,19,19,174,2713,0.662353515625,0.7187936330633902,3581,139,2094.281030782213,0.5112990797808137,0.7719428790203512,0.9777056985631819,5.922426887107515,0.5199506710966598
full,11,162,15808,6,23,23,165,2719,0.663818359375,0.7204691426975706,3581,139,2100.669057546017,0.5128586566274456,0.7725888405833089,0.9777056985631819,5.922918370356767,0.5107194294209163
full,11,163,15904,4,20,20,164,2723,0.664794921875,0.7215861491203575,3581,139,2105.503316958019,0.5140388957417038,0.7732292754160921,0.9777056985631819,5.923384485354639,0.5173243163866665
full,11,164,16000,17,33,33,162,2740,0.6689453125,0.7263334264172019,3581,139,2120.0468047873883,0.517589551950046,0.773739709776419,0.9777056985631819,5.925686642409099,0.5242843093215497
full,11,165,16096,11,26,26,168,2751,0.671630859375,0.7294051940798659,3581,139,2129.3370129674704,0.5198576691815113,0.7740229054770885,0.9777056985631819,5.927331331178539,0.5128042337264764
full,11,166,16192,8,18,18,177,2759,0.673583984375,0.7310807037140463,3581,141,2135.7454442654125,0.5214222276038605,0.7741012846195768,0.9777056985631819,5.928201471336273,0.5255225604700817
full,11,167,16288,11,22,22,166,2770,0.67626953125,0.7341524713767105,3581,141,2145.258220795822,0.52374468281148,0.7744614515508383,0.9777056985631819,5.929226420295363,0.5161267615885574
full,11,168,16384,2,17,17,165,2772,0.6767578125,0.7347109745881039,3581,141,2148.541212838776,0.5245461945407168,0.7750870176186061,0.9777056985631819,5.929849431303717,0.5182384304415067
full,11,169,16480,7,22,22,177,2779,0.678466796875,0.736665735827981,3581,141,2155.1834740850118,0.5261678403527861,0.7755248197499143,0.9777056985631819,5.930224852440928,0.5130819380690507
full,11,170,16576,11,30,30,167,2790,0.68115234375,0.739737503490645,3581,141,2165.859348319214,0.5287742549607456,0.7762936732326932,0.9777056985631819,5.9313815434993415,0.510747495169771
full,11,171,16672,10,34,34,159,2800,0.68359375,0.7425300195476124,3581,141,2175.7516731092746,0.531189373317694,0.777054168967598,0.9777056985631819,5.932215179642053,0.5199772600502893
full,11,172,16768,7,25,25,166,2807,0.685302734375,0.7444847807874895,3581,141,2182.3209181730927,0.5327931929133527,0.777456686203453,0.9777056985631819,5.932194530553698,0.5228911108189074
full,11,173,16864,6,27,27,168,2813,0.686767578125,0.7461602904216699,3581,141,2187.9095328002813,0.5341576007813187,0.7777851165304946,0.9777056985631819,5.933002603896723,0.5261086736467586
full,11,174,16960,10,28,28,167,2823,0.689208984375,0.7489528064786373,3581,141,2197.402852876742,0.5364753058781109,0.77839279237575,0.9777056985631819,5.933523221627489,0.5151923107713055
full,11,175,17056,8,33,33,166,2831,0.691162109375,0.7511868193242112,3581,141,2206.2858243678884,0.5386440000898165,0.7793309164139486,0.9777056985631819,5.934888724003671,0.520614168305187
full,11,176,17152,5,16,16,155,2836,0.6923828125,0.7525830773526948,3581,141,2211.253264144272,0.5398567539414727,0.7797084852412808,0.9777056985631819,5.935432860584996,0.5171573465986057
full,11,177,17248,5,18,18,165,2841,0.693603515625,0.7539793353811785,3581,141,2216.452452047225,0.541126086925592,0.7801662977990936,0.9777056985631819,5.936275833530667,0.515811936666785
full,11,178,17344,6,24,24,166,2847,0.695068359375,0.7556548450153588,3581,141,2223.4626839627717,0.5428375693268486,0.7809844341281249,0.9777056985631819,5.937003735045559,0.5191977766739508
full,11,179,17440,8,21,21,171,2855,0.697021484375,0.7578888578609327,3581,141,2231.410996076196,0.5447780752139151,0.7815800336519075,0.9777056985631819,5.938070935895914,0.5219232067284527
full,11,180,17536,12,30,30,161,2867,0.699951171875,0.7612398771292935,3581,141,2242.4582837339713,0.5474751669272391,0.7821619406117793,0.9777056985631819,5.939688826620696,0.5237464313035931
full,11,181,17632,7,23,23,167,2874,0.70166015625,0.7629153867634739,3581,142,2248.5842155653268,0.5489707557532536,0.7823883839823684,0.9777056985631819,5.940315312686309,0.5208679652972104
full,11,182,17728,7,23,23,171,2881,0.703369140625,0.7648701480033511,3581,142,2255.936871496222,0.5507658377676323,0.7830395249900111,0.9777056985631819,5.9408791245983,0.5169744327937265
full,11,183,17824,2,15,15,168,2883,0.703857421875,0.7654286512147445,3581,142,2259.1422129269195,0.5515483918278612,0.7836081210291084,0.9777056985631819,5.941202378367761,0.5153573859208223
full,11,184,17920,3,13,13,165,2886,0.70458984375,0.7662664060318347,3581,142,2262.4948970941527,0.5523669182358771,0.7839552657983897,0.9777056985631819,5.94159373446116,0.5128554466395789
full,11,185,18016,9,25,25,175,2895,0.706787109375,0.7687796704831052,3581,142,2270.4089966311394,0.5542990714431493,0.7842518123078202,0.9777056985631819,5.9419374783476675,0.5266530546914905
full,11,186,18112,10,23,23,165,2905,0.709228515625,0.7715721865400726,3581,142,2279.0486747492614,0.5564083678587064,0.7845262219446683,0.9777056985631819,5.942682433140776,0.5199711844864274
full,11,187,18208,5,22,22,171,2910,0.71044921875,0.7729684445685563,3581,142,2284.080213987889,0.5576367709931369,0.7849072900302023,0.9777056985631819,5.943448289156731,0.5239448204490506
full,11,188,18304,7,18,18,171,2917,0.712158203125,0.7749232058084334,3581,142,2290.1282794437875,0.5591133494735809,0.7850971132820663,0.9777056985631819,5.943750357655828,0.5290788703843391
full,11,189,18400,7,26,26,164,2924,0.7138671875,0.7768779670483106,3581,142,2297.5247213449097,0.5609191214220971,0.7857471687226093,0.9777056985631819,5.944042582869513,0.5187110580991983
full,11,190,18496,9,22,22,170,2933,0.716064453125,0.7793912314995811,3581,142,2304.9394174281542,0.5627293499580455,0.7858641041350679,0.9777056985631819,5.944848706091982,0.5219300170137353
full,11,191,18592,6,20,20,170,2939,0.717529296875,0.7810667411337615,3581,142,2310.7330262805276,0.5641438052442694,0.7862310399049091,0.9777056985631819,5.94551998955075,0.5259988523923871
full,11,192,18688,5,24,24,168,2944,0.71875,0.7824629991622452,3581,142,2316.504095422284,0.5655527576714561,0.7868560106733302,0.9777056985631819,5.94569985905339,0.520389141375204
full,11,193,18784,3,14,14,166,2947,0.719482421875,0.7833007539793354,3581,142,2320.0425706052893,0.566416643214182,0.7872557077045433,0.9777056985631819,5.945966905200857,0.5229426935542589
full,11,194,18880,5,18,18,173,2952,0.720703125,0.784697012007819,3581,142,2324.902045818588,0.5676030385299287,0.7875684437054836,0.9777056985631819,5.946687497343635,0.5216664482202276
full,11,195,18976,4,21,21,168,2956,0.7216796875,0.7855347668249092,3581,143,2329.6248883527915,0.5687560762580057,0.7881004358432989,0.9777056985631819,5.9469098471047985,0.5284845101886885
full,11,196,19072,5,25,25,171,2961,0.722900390625,0.786931024853393,3581,143,2334.956120164035,0.5700576465244226,0.7885701182587082,0.9777056985631819,5.947284717124095,0.5173102677784639
full,11,197,19168,5,23,23,164,2966,0.72412109375,0.7883272828818766,3581,143,2340.5136848954066,0.5714144738514176,0.7891145262627804,0.9777056985631819,5.947517165501546,0.5152878290709828
full,11,198,19264,4,25,25,169,2970,0.72509765625,0.7894442893046635,3581,143,2345.713303818994,0.5726839120651841,0.7898024591983145,0.9777056985631819,5.947907730974347,0.5248531133957016
full,11,199,19360,8,25,25,164,2978,0.72705078125,0.7916783021502374,3581,143,2353.051749851301,0.5744755248660403,0.7901449798023172,0.9777056985631819,5.948899329346333,0.5258454500073035
full,11,200,19456,5,17,17,168,2983,0.728271484375,0.7927953085730243,3581,144,2358.402947902425,0.5757819697027404,0.7906144646002095,0.9777056985631819,5.949874774982706,0.5257686304815488
full,11,201,19552,9,20,20,166,2992,0.73046875,0.7953085730242949,3581,144,2366.044402579725,0.5776475592235657,0.7907902415039189,0.9777056985631819,5.950699545102945,0.5174534290263924
full,11,202,19648,5,23,23,161,2997,0.731689453125,0.7967048310527786,3581,144,2371.7325168944662,0.579036259007438,0.7913688745059947,0.9777056985631819,5.951093685090921,0.5190504779993579
full,11,203,19744,4,16,16,159,3001,0.732666015625,0.7978218374755655,3581,144,2376.5110888432873,0.5802029025496307,0.7919063941497125,0.9777056985631819,5.95149101177334,0.5329211532646965
full,11,204,19840,5,22,22,167,3006,0.73388671875,0.7992180955040491,3581,144,2381.563715497417,0.5814364539788616,0.7922700317689345,0.9777056985631819,5.952017029221112,0.5239159135614729
full,11,205,19936,8,21,21,167,3014,0.73583984375,0.801452108349623,3581,144,2388.683045776087,0.5831745717226775,0.7925292122681111,0.9777056985631819,5.952343181470046,0.5223221981081592
full,11,206,20032,2,19,19,168,3016,0.736328125,0.8020106115610165,3581,144,2391.8219930368464,0.5839409162687613,0.7930444273994849,0.9777056985631819,5.952824851839889,0.5273123424607176
full,11,207,20128,7,26,26,171,3023,0.738037109375,0.8039653728008936,3581,144,2398.890155058148,0.5856665417622432,0.7935461975051764,0.9777056985631819,5.953187703990407,0.5166429653966536
full,11,208,20224,13,32,32,174,3036,0.7412109375,0.8075956436749512,3581,144,2411.120548942876,0.5886524777692569,0.7941767289008156,0.9777056985631819,5.953829670553347,0.5169510283314478
full,11,209,20320,4,28,28,165,3040,0.7421875,0.8087126500977381,3581,144,2416.682103723991,0.59001027922949,0.7949612183302602,0.9777056985631819,5.954004747534623,0.5270186777024614
full,11,210,20416,9,28,28,167,3049,0.744384765625,0.8112259145490086,3581,144,2425.2390610870807,0.5920993801482131,0.7954211417143591,0.9777056985631819,5.954338171304832,0.525229790600127
full,11,211,20512,7,23,23,171,3056,0.74609375,0.812901424183189,3581,145,2431.6502677892267,0.5936646161594792,0.7956970771561606,0.9777056985631819,5.954991182265262,0.5208256577966875
full,11,212,20608,6,26,26,170,3062,0.74755859375,0.8142976822116728,3581,146,2437.905732877998,0.5951918293159175,0.7961808402606134,0.9777056985631819,5.955514665274897,0.5202435880893362
full,11,213,20704,5,21,21,172,3067,0.748779296875,0.8154146886344597,3581,147,2443.106052566892,0.5964614386149638,0.7965784325291463,0.9777056985631819,5.95598999439686,0.5277637945191471
full,11,214,20800,5,21,21,158,3072,0.75,0.8165316950572465,3581,148,2447.955960009188,0.5976454980491182,0.7968606640654908,0.9777056985631819,5.9562325578672315,0.5193298528143507
full,11,215,20896,3,19,19,169,3075,0.750732421875,0.8173694498743368,3581,148,2451.5010019087104,0.5985109867941187,0.7972360981816944,0.9777056985631819,5.956485134425255,0.5207223842081019
full,11,216,20992,1,22,22,168,3076,0.7509765625,0.8176487014800335,3581,148,2454.4430498267943,0.5992292602116197,0.7979333712050697,0.9777056985631819,5.956628288093775,0.517633487409481
full,11,217,21088,6,19,19,169,3082,0.75244140625,0.8193242111142139,3581,148,2459.709549183767,0.6005150266561932,0.7980887570356155,0.9777056985631819,5.956644761947248,0.521857948721322
full,11,218,21184,4,20,20,168,3086,0.75341796875,0.8204412175370008,3581,148,2463.6027206355857,0.6014655079676723,0.7983158524418619,0.9777056985631819,5.957050523668228,0.525837421433984
full,11,219,21280,6,25,25,160,3092,0.7548828125,0.8221167271711812,3581,148,2469.9575409909176,0.6030169777809857,0.7988219731535956,0.9777056985631819,5.957572736004937,0.5193915430323951
full,11,220,21376,6,19,19,166,3098,0.75634765625,0.8237922368053616,3581,148,2475.704615596499,0.604420072167114,0.7991299598439312,0.9777056985631819,5.958077785131749,0.5233477646372999
full,11,221,21472,1,22,22,168,3099,0.756591796875,0.8240714884110584,3581,148,2477.924465865593,0.604962027799217,0.7995884046032892,0.9777056985631819,5.958163061651627,0.516502494489442
full,11,222,21568,4,26,26,175,3103,0.757568359375,0.8251884948338453,3581,148,2483.926851260896,0.6064274539211172,0.8004920564811138,0.9777056985631819,5.958413397071729,0.5197030012140993
full,11,223,21664,6,23,23,164,3109,0.759033203125,0.8268640044680257,3581,148,2489.0718474812047,0.607683556513966,0.8006020738119024,0.9787613745099666,5.959000286721261,0.5216749899062805
full,11,224,21760,4,20,20,171,3113,0.760009765625,0.8279810108908127,3581,148,2493.4551576019358,0.6087537005864101,0.8009814190818939,0.9787613745099666,5.959453889556982,0.5166239371673915
full,11,225,21856,5,20,20,169,3118,0.76123046875,0.8290980173135996,3581,149,2497.8175699516223,0.6098187426639703,0.8010960775983395,0.9787613745099666,5.959625686838565,0.5195555525301965
full,11,226,21952,5,22,22,159,3123,0.762451171875,0.8304942753420832,3581,149,2502.671950945506,0.6110038942738052,0.8013678997584073,0.9787613745099666,5.959690529886396,0.5263876310400755
full,11,227,22048,5,22,22,168,3128,0.763671875,0.8318905333705668,3581,149,2508.3390906908917,0.612387473313206,0.8018986862822544,0.9787613745099666,5.959772526715714,0.5195854307131862
full,11,228,22144,6,24,24,164,3134,0.76513671875,0.8335660430047472,3581,149,2514.1768387643433,0.613812704776451,0.8022261770147873,0.9787613745099666,5.960404511310632,0.5219892267812285
full,11,229,22240,2,15,15,171,3136,0.765625,0.8341245462161407,3581,149,2517.1095950119834,0.6145287097197225,0.8026497433073927,0.9787613745099666,5.960616288992995,0.5202178302916673
full,11,230,22336,6,17,16,161,3142,0.76708984375,0.8358000558503211,3581,149,2522.7942123929615,0.6159165557600004,0.8029262292784728,0.9787613745099666,5.960836876536119,0.5265960900062042
full,11,231,22432,0,19,19,168,3142,0.76708984375,0.8358000558503211,3581,149,2524.1641335512113,0.6162510091677762,0.8033622321932563,0.9787613745099666,5.960836876536119,0.5311921226226226
full,11,232,22528,2,17,17,167,3144,0.767578125,0.8363585590617146,3581,149,2526.882854511892,0.6169147594023174,0.8037159206462762,0.9787613745099666,5.961050179252375,0.5195657702993415
full,11,233,22624,2,16,16,166,3146,0.76806640625,0.836917062273108,3581,149,2529.5755112973598,0.617572146312832,0.804060874538258,0.9787613745099666,5.961085727310651,0.5209897189844804
full,11,234,22720,6,23,23,166,3152,0.76953125,0.8385925719072884,3581,149,2535.2602769515715,0.6189600285526298,0.804333844210524,0.9787613745099666,5.961385789487567,0.522834852553802
full,11,235,22816,2,16,16,167,3154,0.77001953125,0.8391510751186819,3581,149,2538.4633405228165,0.6197420264948282,0.8048393597091998,0.9787613745099666,5.961630197098659,0.5180696918685611
full,11,236,22912,3,19,19,161,3157,0.770751953125,0.8397095783300754,3581,150,2542.04742179182,0.6206170463358935,0.8052098263515426,0.9787613745099666,5.961802878435061,0.5213508475460782
full,11,237,23008,5,21,21,173,3162,0.77197265625,0.8411058363585591,3581,150,2547.606576874221,0.6219742619321829,0.8056946795933653,0.9787613745099666,5.962303012241177,0.5243589113460758
full,11,238,23104,2,18,18,168,3164,0.7724609375,0.8416643395699526,3581,150,2549.868432438263,0.6225264727632478,0.8059002630967962,0.9787613745099666,5.962693637592644,0.5276824602082397
full,11,239,23200,4,16,16,170,3168,0.7734375,0.8427813459927395,3581,150,2554.7058354501914,0.6237074793579569,0.8064096702809948,0.9787613745099666,5.962924937559436,0.5232219582792178
full,11,240,23296,2,12,12,177,3170,0.77392578125,0.843339849204133,3581,150,2557.1888152325687,0.6243136755938888,0.8066841688430816,0.9787613745099666,5.9630937606064975,0.5223779057049676
full,11,241,23392,3,16,16,173,3173,0.774658203125,0.8438983524155264,3581,151,2560.478812292366,0.6251168975323159,0.8069583398337113,0.9787613745099666,5.963255467066397,0.5251307712998876
full,11,242,23488,6,24,24,169,3179,0.776123046875,0.8455738620497067,3581,151,2566.7103087036985,0.6266382589608639,0.8073955044679769,0.9787613745099666,5.9634457788347035,0.5227180662233688
full,11,243,23584,10,21,21,175,3189,0.778564453125,0.8483663781066741,3581,151,2576.001119111671,0.6289065232206228,0.8077770834467454,0.9787613745099666,5.964043480950226,0.5307570253321078
full,11,244,23680,4,23,23,172,3193,0.779541015625,0.849483384529461,3581,151,2580.894997237104,0.6301013176848398,0.8082978381575646,0.9787613745099666,5.96436803923896,0.5238545899084686
full,11,245,23776,3,17,17,168,3196,0.7802734375,0.8503211393465513,3581,151,2584.590572051766,0.6310035576298256,0.808695423044983,0.9787613745099666,5.964801725375622,0.523925608717712
full,11,246,23872,2,25,25,167,3198,0.78076171875,0.8508796425579447,3581,151,2587.5977427348416,0.6317377301598734,0.8091300008551725,0.9787613745099666,5.965036754172241,0.5235959856016048
full,11,247,23968,6,24,24,167,3204,0.7822265625,0.8522759005864283,3581,152,2593.2773045964746,0.6331243419424987,0.8093874234071394,0.9787613745099666,5.965483502166881,0.5166046773208122
full,11,248,24064,4,24,24,171,3208,0.783203125,0.8531136554035186,3581,153,2598.617444490299,0.6344280870337644,0.8100428442924872,0.9787613745099666,5.965715033287424,0.5250553368503741
full,11,249,24160,3,16,16,177,3211,0.783935546875,0.8539514102206087,3581,153,2601.945532853274,0.6352406086067564,0.810322495438578,0.9787613745099666,5.965985291776361,0.5300488540642068
full,11,250,24256,2,15,15,162,3213,0.784423828125,0.8545099134320022,3581,153,2604.1922377139135,0.6357891205356234,0.8105173475611309,0.9787613745099666,5.966145837722356,0.5265237053423883
full,11,251,24352,3,16,16,163,3216,0.78515625,0.8553476682490925,3581,153,2607.0117159905453,0.6364774697242542,0.810637971390095,0.9787613745099666,5.966238007550909,0.5234861778129594
full,11,252,24448,5,18,18,172,3221,0.786376953125,0.8564646746718794,3581,154,2611.7749673733824,0.6376403728938922,0.8108584189299541,0.9787613745099666,5.966386622171189,0.5242961349652778
full,11,253,24544,4,17,17,176,3225,0.787353515625,0.8575816810946663,3581,154,2615.520228788824,0.6385547433566465,0.8110140244306432,0.9787613745099666,5.966980925277346,0.5201480295283538
full,11,254,24640,6,17,17,171,3231,0.788818359375,0.8592571907288467,3581,154,2621.2356211411775,0.6399501028176703,0.8112768867660717,0.9787613745099666,5.96702567877689,0.5178386810585164
full,11,255,24736,4,18,18,172,3235,0.789794921875,0.8603741971516337,3581,154,2625.542315673129,0.641001541912385,0.8116050434847385,0.9787613745099666,5.967287896680885,0.521428076265861
full,11,256,24832,1,13,13,155,3236,0.7900390625,0.8606534487573304,3581,154,2627.4438166739656,0.6414657755551674,0.8119418469326223,0.9787613745099666,5.9673074124328185,0.5245474357093419
full,11,257,24928,3,18,18,168,3239,0.790771484375,0.8614912035744205,3581,154,2630.7003850684073,0.6422608361983416,0.8121952408361862,0.9787613745099666,5.967449319679668,0.5289652684799804
full,11,258,25024,3,12,12,163,3242,0.79150390625,0.862049706785814,3581,155,2633.552473352456,0.6429571468145645,0.8123234032549217,0.9787613745099666,5.96789018285667,0.5215384748996875
full,11,259,25120,2,19,19,171,3244,0.7919921875,0.8626082099972074,3581,155,2636.6140788502485,0.6437046090942989,0.8127663621609891,0.979094145189928,5.967846562780977,0.5223951629839605
full,11,260,25216,3,19,19,164,3247,0.792724609375,0.8634459648142977,3581,155,2640.6833210336117,0.6446980764242216,0.8132686544606134,0.979094145189928,5.9679172475394715,0.5205875070708181
full,11,261,25312,8,25,25,165,3255,0.794677734375,0.8656799776598716,3581,155,2648.474044125157,0.6466001084289934,0.8136633008064998,0.979094145189928,5.968421915038728,0.5155981971446568
full,11,262,25408,6,15,15,163,3261,0.796142578125,0.867355487294052,3581,155,2653.2826897358436,0.64777409417379,0.8136408125531566,0.979094145189928,5.968795065315812,0.5260716464771436
full,11,263,25504,4,24,24,172,3265,0.797119140625,0.8684724937168389,3581,155,2658.0489077833545,0.6489377216267955,0.8141038002399248,0.979094145189928,5.9687823212169135,0.5223826817329211
full,11,264,25600,5,20,20,164,3270,0.79833984375,0.8698687517453225,3581,155,2663.0011235150723,0.650146758670672,0.8143734322676062,0.979094145189928,5.969080901421802,0.5266336078979102
full,11,265,25696,5,21,21,166,3275,0.799560546875,0.8712650097738062,3581,155,2668.341472859833,0.6514505548974202,0.8147607550717048,0.979094145189928,5.969288427908547,0.5195947027753292
full,11,266,25792,4,19,19,174,3279,0.800537109375,0.8721027645908964,3581,156,2672.7599651454707,0.6525292883655934,0.8151143535057855,0.979094145189928,5.9694910299319766,0.5280880651196758
full,11,267,25888,2,18,18,166,3281,0.801025390625,0.8726612678022898,3581,156,2675.5919214204387,0.6532206839405368,0.8154806221945866,0.979094145189928,5.969541364759997,0.5188642144849805
full,11,268,25984,3,17,17,163,3284,0.8017578125,0.8734990226193801,3581,156,2679.2849462921595,0.6541223013408592,0.8158602150706941,0.979094145189928,5.969626412814676,0.5164968663386849
full,11,269,26080,2,12,12,162,3286,0.80224609375,0.8740575258307736,3581,156,2681.8191143600493,0.6547409947168089,0.8161348491661745,0.979094145189928,5.969716100231402,0.5236348897875573
full,11,270,26176,2,23,22,173,3288,0.802734375,0.874616029042167,3581,156,2684.8426826247432,0.6554791705626815,0.8165579934990095,0.979094145189928,5.969774210055294,0.526379763410695
full,11,271,26272,6,19,19,167,3294,0.80419921875,0.8762915386763473,3581,156,2690.2199682632827,0.656791984439278,0.8167030869044574,0.979094145189928,5.969927036790642,0.5215988881958169
full,11,272,26368,3,14,14,173,3297,0.804931640625,0.8771292934934376,3581,156,2693.413142814289,0.6575715680698948,0.8169284630919894,0.979094145189928,5.969969214109962,0.5145363810437673
full,11,273,26464,4,19,19,160,3301,0.805908203125,0.8782462999162245,3581,156,2698.384063619239,0.6587851717820408,0.8174444300573278,0.979094145189928,5.970331112634952,0.5286062478134477
full,11,274,26560,2,18,18,166,3303,0.806396484375,0.878804803127618,3581,156,2701.209282248758,0.6594749224240132,0.8178048084313527,0.979094145189928,5.970336422693395,0.526716475742243
full,11,275,26656,3,10,10,170,3306,0.80712890625,0.8796425579447081,3581,156,2703.7902370251245,0.660105038336212,0.817843386879953,0.979094145189928,5.970394408406078,0.5251974359770178
full,11,276,26752,5,20,20,162,3311,0.808349609375,0.8810388159731919,3581,156,2709.2798186332316,0.6614452682210038,0.818266330000976,0.979094145189928,5.9706796414249546,0.5141213459662657
full,11,277,26848,3,23,23,167,3314,0.80908203125,0.881876570790282,3581,156,2713.3380268204783,0.6624360417042183,0.8187501589681588,0.979094145189928,5.970919040696948,0.5231214940654775
full,11,278,26944,0,16,16,169,3314,0.80908203125,0.881876570790282,3581,156,2714.8608314489297,0.6628078201779614,0.8192096654945473,0.979094145189928,5.970919040696948,0.5264775916058129
full,11,279,27040,3,16,16,168,3317,0.809814453125,0.8827143256073723,3581,156,2718.1353446545877,0.6636072618785614,0.8194559374900777,0.979094145189928,5.97102546701033,0.5215460752696941
full,11,280,27136,2,16,16,170,3319,0.810302734375,0.8832728288187657,3581,156,2720.6300449811242,0.6642163195754698,0.8197137827602061,0.979094145189928,5.971147478809408,0.5187230724905438
full,11,281,27232,6,19,19,170,3325,0.811767578125,0.8849483384529461,3581,156,2726.490987791071,0.6656472138161794,0.8199972895612243,0.979094145189928,5.971420601688314,0.5310861181225783
full,11,282,27328,1,11,11,174,3326,0.81201171875,0.8852275900586428,3581,156,2728.369261746903,0.6661057767936774,0.820315472563711,0.979094145189928,5.9714773677554,0.5224975942186353
full,11,283,27424,3,13,13,164,3329,0.812744140625,0.8857860932700363,3581,157,2731.6767873749413,0.6669132781677103,0.8205697769224817,0.979094145189928,5.971650804631869,0.5196370482872434
full,11,284,27520,3,29,28,161,3332,0.8134765625,0.8866238480871265,3581,157,2735.9305344249024,0.6679517906310797,0.8211076033688183,0.979094145189928,5.97159451053297,0.5215855192823495
full,11,285,27616,4,25,25,168,3336,0.814453125,0.8877408545099135,3581,157,2740.34271314323,0.6690289827009839,0.8214456574170353,0.979094145189928,5.971636563347756,0.519464204462968
full,11,286,27712,3,19,19,164,3339,0.815185546875,0.8885786093270036,3581,157,2743.9257892894407,0.6699037571507424,0.8217807095805453,0.979094145189928,5.9718506340359685,0.5210193951100817
full,11,287,27808,3,19,19,169,3342,0.81591796875,0.8894163641440939,3581,157,2747.184958020843,0.6706994526418074,0.822018239982299,0.979094145189928,5.971977678906136,0.5212752561694318
full,11,288,27904,5,19,19,165,3347,0.817138671875,0.8905333705668808,3581,158,2751.8863149305525,0.6718472448560919,0.822194895407993,0.979094145189928,5.972123430587304,0.5240670282207927
full,11,289,28000,5,23,23,167,3352,0.818359375,0.8919296285953644,3581,158,2757.6339090265974,0.6732504660709466,0.8226831470843071,0.979094145189928,5.972332045013662,0.5212540843441419
full,11,290,28096,2,10,10,171,3354,0.81884765625,0.8924881318067579,3581,158,2759.563000244855,0.6737214356066541,0.82276774008493,0.979094145189928,5.972338646000862,0.5284319893831941
full,11,291,28192,3,16,16,166,3357,0.819580078125,0.893325886623848,3581,158,2762.6954971468494,0.6744862053581175,0.8229655934306969,0.979094145189928,5.972528693668647,0.5259281584815594
full,11,292,28288,4,15,15,158,3361,0.820556640625,0.894442893046635,3581,158,2766.398405569096,0.6753902357346426,0.8230878921657531,0.979094145189928,5.972631621587953,0.5254322787679189
full,11,293,28384,3,13,13,173,3364,0.8212890625,0.8952806478637252,3581,158,2769.107157437028,0.6760515521086494,0.8231590836614233,0.979094145189928,5.972673818048051,0.524230200621441
full,11,294,28480,3,14,14,167,3367,0.822021484375,0.8958391510751187,3581,159,2772.393041396747,0.6768537698722527,0.8234015566963905,0.979094145189928,5.973119206336745,0.5217033945566973
full,11,295,28576,0,12,12,171,3367,0.822021484375,0.8958391510751187,3581,159,2773.4886365452317,0.6771212491565507,0.8237269487808826,0.979094145189928,5.973119206336745,0.5260205206596567
full,11,296,28672,1,13,13,172,3368,0.822265625,0.8961184026808154,3581,159,2775.620872697886,0.6776418146235074,0.8241154610148118,0.979094145189928,5.973153354475851,0.5320356950753189
full,11,297,28768,4,20,20,169,3372,0.8232421875,0.8972354091036023,3581,159,2779.778480425999,0.6786568555727537,0.8243708423564647,0.979094145189928,5.973427732471893,0.526582078638556
full,11,298,28864,2,22,22,174,3374,0.82373046875,0.8977939123149958,3581,159,2783.7813556022465,0.6796341200200797,0.8250685701251471,0.979094145189928,5.973514755781834,0.5185264197413613
full,11,299,28960,1,16,15,169,3375,0.823974609375,0.8980731639206926,3581,159,2785.6351838069795,0.6800867147966259,0.8253733877946606,0.979094145189928,5.973624959856162,0.5214054189727518
full,11,300,29056,2,20,20,173,3377,0.824462890625,0.898631667132086,3581,159,2788.6880750306686,0.6808320495680343,0.8257885919545954,0.979094145189928,5.9739762862824,0.5236116289563348
full,11,301,29152,2,11,11,165,3379,0.824951171875,0.8991901703434795,3581,159,2790.75928706174,0.6813377165678076,0.8259127810185676,0.979094145189928,5.974075065114921,0.5180628140904797
full,11,302,29248,1,13,13,169,3380,0.8251953125,0.8994694219491762,3581,159,2793.032495621665,0.6818926991263831,0.8263409750359956,0.979094145189928,5.974175408716691,0.5300844196147518
full,11,303,29344,4,22,22,168,3384,0.826171875,0.9005864283719631,3581,159,2798.0808106967543,0.6831251979240123,0.8268560315297737,0.979094145189928,5.974380187084636,0.5268865006701845
full,11,304,29440,3,14,14,166,3387,0.826904296875,0.9014241831890534,3581,159,2800.930711220029,0.6838209744189524,0.8269650756480748,0.979094145189928,5.97432049489357,0.5208161538897563
full,11,305,29536,4,20,20,169,3391,0.827880859375,0.9025411896118403,3581,159,2804.551060476807,0.6847048487492204,0.8270572280969646,0.979094145189928,5.974377327518413,0.5270987017953472
full,11,306,29632,1,18,18,170,3392,0.828125,0.902820441217537,3581,159,2807.2829078014174,0.6853718036624554,0.8276187817810783,0.979094145189928,5.974488862282048,0.5202829263423324
full,11,307,29728,3,20,20,171,3395,0.828857421875,0.9036581960346272,3581,159,2810.9867558536125,0.6862760634408234,0.8279784258773527,0.979094145189928,5.97457618621118,0.5231590593067569
full,11,308,29824,2,18,18,168,3397,0.829345703125,0.9042166992460207,3581,159,2814.0639643244713,0.6870273350401541,0.8283968102220993,0.979094145189928,5.974602692438902,0.5226258465977134
full,11,309,29920,1,17,17,172,3398,0.82958984375,0.9044959508517174,3581,159,2816.8162824682263,0.6876992877119693,0.8289630024921207,0.979094145189928,5.97462305067201,0.5209486844396878
full,11,310,30016,1,13,13,175,3399,0.829833984375,0.9047752024574142,3581,159,2818.329953846441,0.6880688363882913,0.8291644465567641,0.979094145189928,5.974660334362919,0.5188619356602062
full,11,311,30112,5,25,25,159,3404,0.8310546875,0.9061714604858978,3581,159,2823.305654117202,0.6892836069622075,0.8294082415150417,0.979094145189928,5.974933577770465,0.5290388992701378
full,11,312,30208,4,23,23,160,3408,0.83203125,0.9072884669086847,3581,159,2828.0247437746852,0.6904357284606165,0.8298194670700367,0.979094145189928,5.97506449196045,0.5177255049500343
full,11,313,30304,0,22,22,167,3408,0.83203125,0.9072884669086847,3581,159,2829.228205547265,0.6907295423699378,0.8301725955244322,0.979094145189928,5.97506449196045,0.5191364881562921
full,11,314,30400,3,18,18,178,3411,0.832763671875,0.908126221725775,3581,159,2832.556362666841,0.6915420807292092,0.8304181655429026,0.979094145189928,5.975090568556842,0.5194329309946144
full,11,315,30496,1,18,18,161,3412,0.8330078125,0.9084054733314717,3581,159,2834.618791674089,0.6920456034360569,0.8307792472667319,0.979094145189928,5.975120730343569,0.521266395946173
full,11,316,30592,2,28,28,164,3414,0.83349609375,0.9089639765428651,3581,159,2838.1295150106,0.6929027136256347,0.8313208889896309,0.979094145189928,5.975102127544219,0.5264999545400016
full,11,317,30688,2,13,13,173,3416,0.833984375,0.9095224797542586,3581,159,2840.301899222032,0.6934330808647539,0.8314701110134753,0.979094145189928,5.97525151318438,0.5235799013860154
full,11,318,30784,3,21,21,164,3419,0.834716796875,0.9103602345713487,3581,159,2844.4518384383878,0.694446249618747,0.8319543253695196,0.979094145189928,5.975505483305037,0.5251208651838142
full,11,319,30880,1,16,16,165,3420,0.8349609375,0.9106394861770455,3581,159,2847.0137608538134,0.6950717189584505,0.8324601639923431,0.979094145189928,5.975589799419562,0.5191253152813673
full,11,320,30976,3,14,14,169,3423,0.835693359375,0.9114772409941357,3581,159,2850.1288941972825,0.6958322495598834,0.8326406351730302,0.979094145189928,5.975579486815909,0.527108040458387
full,11,321,31072,2,12,12,167,3425,0.836181640625,0.9120357442055291,3581,159,2852.645382246057,0.6964466265249163,0.8328891626995787,0.979094145189928,5.975703318076963,0.5178467596051455
full,11,322,31168,1,10,10,170,3426,0.83642578125,0.9123149958112259,3581,159,2853.9488848964957,0.6967648644766835,0.8330265279908043,0.979094145189928,5.975961292851602,0.5297399048580252
full,11,323,31264,6,21,21,173,3432,0.837890625,0.9139905054454063,3581,159,2859.1366568130707,0.6980314103547536,0.8330817764606849,0.979094145189928,5.976120875895399,0.5281140292811985
full,11,324,31360,2,14,14,167,3434,0.83837890625,0.9145490086567998,3581,159,2861.61771609673,0.6986371377189282,0.8333190786536779,0.979094145189928,5.976203843797076,0.5325243346907654
full,11,325,31456,3,20,20,170,3437,0.839111328125,0.9151075118681933,3581,160,2864.5553442096543,0.6993543320824351,0.8334464196129341,0.979094145189928,5.976585435859974,0.5286475106554047
full,11,326,31552,4,10,10,163,3441,0.840087890625,0.9162245182909802,3581,160,2868.45001307863,0.7003051789742749,0.8336094196683028,0.979094145189928,5.976630405274758,0.5308114399364643
full,11,327,31648,1,11,11,166,3442,0.84033203125,0.9165037698966769,3581,160,2870.2370392725215,0.700741464666143,0.8338864146637193,0.979094145189928,5.9766553075183255,0.5244562886013975
full,11,328,31744,2,23,23,172,3444,0.8408203125,0.9170622731080704,3581,160,2873.4560542402023,0.7015273569922369,0.8343368334030785,0.979094145189928,5.976625903507292,0.5230439666099358
full,11,329,31840,3,18,18,172,3447,0.841552734375,0.9179000279251606,3581,160,2876.2282649637905,0.7022041662509254,0.8344149303637338,0.979094145189928,5.976718542691815,0.5216705455587172
full,11,330,31936,3,19,19,167,3450,0.84228515625,0.9187377827422508,3581,160,2879.6528829594204,0.7030402546287647,0.8346819950607015,0.979094145189928,5.976788435432546,0.5349779046472098
full,11,331,32032,2,18,18,170,3452,0.8427734375,0.9192962859536442,3581,160,2882.2975734205666,0.7036859310108805,0.8349645345946022,0.979094145189928,5.97676614230739,0.5245505526515631
full,11,332,32128,4,20,20,168,3456,0.84375,0.9204132923764312,3581,160,2886.78031949492,0.7047803514391895,0.8352952313353357,0.979094145189928,5.976964905537474,0.5241573273998723
full,11,333,32224,2,8,8,167,3458,0.84423828125,0.9209717955878246,3581,160,2889.114195890549,0.7053501454810911,0.8354870433460234,0.9851345871576351,5.976856609278028,0.5251947627901723
full,11,334,32320,2,12,12,170,3460,0.8447265625,0.9215302987992181,3581,160,2891.2634528935505,0.7058748664290895,0.8356252754027602,0.9851345871576351,5.976878625909309,0.5198204021364666
full,11,335,32416,2,18,18,164,3462,0.84521484375,0.9220888020106116,3581,160,2893.7411551266932,0.7064797742008528,0.8358582192740304,0.9851345871576351,5.977001762297391,0.5206511850599588
full,11,336,32512,2,12,12,174,3464,0.845703125,0.9223680536163082,3581,161,2896.118653556332,0.7070602181534014,0.8360619669619896,0.9851345871576351,5.976951160339382,0.5257322794321659
full,11,337,32608,1,16,15,164,3465,0.845947265625,0.922647305222005,3581,161,2897.668623717267,0.7074386288372234,0.8362680010728044,0.9851345871576351,5.976970570604296,0.5254941340817383
full,11,338,32704,3,16,16,167,3468,0.8466796875,0.9234850600390953,3581,161,2900.9542342403483,0.708240779843835,0.8364919937255907,0.9851345871576351,5.977015767445919,0.5263736534481749
full,11,339,32800,4,15,15,171,3472,0.84765625,0.9246020664618821,3581,161,2904.71734172391,0.709159507256814,0.8366121375932921,0.9851345871576351,5.977097813261654,0.531692737557375
full,11,340,32896,0,14,14,166,3472,0.84765625,0.9246020664618821,3581,161,2906.2386068131045,0.7095309098664806,0.8370502899807328,0.9851345871576351,5.977097813261654,0.5227209052595211
full,11,341,32992,0,15,15,169,3472,0.84765625,0.9246020664618821,3581,161,2907.0732475387204,0.7097346795748829,0.8372906818947927,0.9851345871576351,5.977097813261654,0.5197793367131203
full,11,342,33088,3,16,16,164,3475,0.848388671875,0.9254398212789724,3581,161,2909.8461394955916,0.7104116551502909,0.8373657955382997,0.9851345871576351,5.977266613485098,0.524433788337881
full,11,343,33184,6,21,21,169,3481,0.849853515625,0.9271153309131528,3581,161,2915.490276857692,0.71178961837346,0.837543888784169,0.9851345871576351,5.977403439104377,0.5283787522486952
full,11,344,33280,1,17,17,166,3482,0.85009765625,0.9273945825188494,3581,161,2918.1172116312946,0.7124309598709215,0.8380577862238066,0.9851345871576351,5.977416834819458,0.5262422354513445
full,11,345,33376,5,14,14,169,3487,0.851318359375,0.9287908405473332,3581,161,2922.5244584926804,0.7135069478741896,0.838120005303321,0.9851345871576351,5.977470943465206,0.5236505392911543
full,11,346,33472,1,15,15,170,3488,0.8515625,0.9290700921530298,3581,161,2924.299103528972,0.7139402108225029,0.8383885044521135,0.9851345871576351,5.97748500899534,0.5288896911555091
full,11,347,33568,3,24,24,163,3491,0.852294921875,0.9296285953644233,3581,162,2927.9396754087547,0.7148290223165905,0.838710878089016,0.9851345871576351,5.977556948562805,0.5196990986573723
full,11,348,33664,1,14,14,169,3492,0.8525390625,0.9299078469701201,3581,162,2929.3468458682028,0.7151725697920417,0.8388736672016617,0.9851345871576351,5.977556283601009,0.5217838248443831
full,11,349,33760,4,18,18,167,3496,0.853515625,0.931024853392907,3581,162,2933.430177964652,0.7161694770421514,0.8390818586855412,0.9851345871576351,5.977817402309883,0.5217937949196303
full,11,350,33856,3,15,15,178,3499,0.854248046875,0.9318626082099972,3581,162,2937.061887880072,0.7170561249707207,0.8394003680708979,0.9851345871576351,5.977871067576112,0.5301377959643916
full,11,351,33952,2,17,17,173,3501,0.854736328125,0.9324211114213907,3581,162,2939.4385300143194,0.7176363598667772,0.8395996943771263,0.9851345871576351,5.9778865511713,0.5196937245440743
full,11,352,34048,2,12,12,171,3503,0.855224609375,0.9329796146327841,3581,162,2941.575022353437,0.7181579644417571,0.8397302376116006,0.9851345871576351,5.977928456521015,0.5188616827044801
full,11,353,34144,0,18,18,167,3503,0.855224609375,0.9329796146327841,3581,162,2942.8188811604377,0.71846164090831,0.8400853214845668,0.9851345871576351,5.977928456521015,0.5264821096218384
full,11,354,34240,1,19,19,168,3504,0.85546875,0.9332588662384809,3581,162,2945.31340764382,0.719070656163042,0.8405574793504053,0.9851345871576351,5.977944211867872,0.5237677639351981
full,11,355,34336,2,17,17,170,3506,0.85595703125,0.9335381178441776,3581,163,2947.8205168796717,0.7196827433788261,0.8407930738390392,0.9851345871576351,5.977961361085217,0.5232674690708691
full,11,356,34432,2,15,15,170,3508,0.8564453125,0.9340966210555711,3581,163,2950.199452645944,0.7202635382436386,0.8409918622137811,0.9851345871576351,5.977993782087347,0.5308255213110865
full,11,357,34528,1,16,16,172,3509,0.856689453125,0.9343758726612678,3581,163,2952.1800836557886,0.7207470907362765,0.8413166382604128,0.9851345871576351,5.978017840552004,0.5241582085335561
full,11,358,34624,2,19,19,161,3511,0.857177734375,0.9349343758726613,3581,163,2954.526133311425,0.7213198567654846,0.8415055919428723,0.9851345871576351,5.978029226529433,0.5190373367755691
full,11,359,34720,1,28,28,171,3512,0.857421875,0.935213627478358,3581,163,2957.494911233942,0.7220446560629741,0.8421113072989583,0.9851345871576351,5.97808616138202,0.5298915380095011
full,11,360,34816,3,18,18,172,3515,0.858154296875,0.9360513822954482,3581,163,2960.952049237807,0.722888683895949,0.8423761164261186,0.9851345871576351,5.978174208172764,0.527057884489226
full,11,361,34912,2,12,12,168,3517,0.858642578125,0.9366098855068417,3581,163,2963.0612157602454,0.7234036171289662,0.8424967915155659,0.9851345871576351,5.97824026224861,0.5260049642860338
full,11,362,35008,3,18,18,177,3520,0.859375,0.9374476403239319,3581,163,2966.1370850724043,0.724154561785255,0.8426525809864784,0.9851345871576351,5.978284710379539,0.5213256925870506
full,11,363,35104,2,9,9,168,3522,0.85986328125,0.9380061435353253,3581,163,2968.1670991663086,0.7246501706948996,0.8427504540506271,0.9851345871576351,5.978275754764541,0.5151731481743088
full,11,364,35200,0,13,13,171,3522,0.85986328125,0.9380061435353253,3581,163,2968.7324829573076,0.7247882038469989,0.8429109832360329,0.9851345871576351,5.978275754764541,0.5280466353490632
full,11,365,35296,2,15,15,171,3524,0.8603515625,0.9385646467467188,3581,163,2971.3725274618646,0.7254327459623693,0.8431817614818004,0.9851345871576351,5.97833506012087,0.5216277535489073
full,11,366,35392,4,16,16,164,3528,0.861328125,0.9394024015638089,3581,164,2975.3738992861186,0.7264096433804,0.8433599487772445,0.9851345871576351,5.9783677827058455,0.5225032390091395
full,11,367,35488,1,18,18,170,3529,0.861572265625,0.9396816531695057,3581,164,2978.0034215840105,0.7270516165976588,0.8438660871589715,0.9851345871576351,5.978342753157488,0.5277066689924303
full,11,368,35584,3,11,11,165,3532,0.8623046875,0.940519407986596,3581,164,2981.089206603128,0.7278049820808418,0.8440229916769898,0.9851345871576351,5.978448415936374,0.5265072377771618
full,11,369,35680,1,14,14,165,3533,0.862548828125,0.9407986595922927,3581,164,2982.5282439316475,0.7281563095536249,0.84419140784932,0.9851345871576351,5.978498994294219,0.5295144381205483
full,11,370,35776,0,14,14,160,3533,0.862548828125,0.9407986595922927,3581,164,2983.9619548326573,0.7285063366290667,0.8445972133689944,0.9851345871576351,5.978498994294219,0.5314938617590255
full,11,371,35872,3,13,13,169,3536,0.86328125,0.9416364144093828,3581,164,2986.8852440500095,0.7292200302856469,0.8447073653987583,0.9851345871576351,5.978612654716719,0.5297307625750767
full,11,372,35968,3,18,18,163,3539,0.864013671875,0.9424741692264731,3581,164,2989.618753311819,0.7298873909452683,0.8447637053720879,0.9851345871576351,5.978699510641929,0.5217771277025443
full,11,373,36064,2,21,21,168,3541,0.864501953125,0.9430326724378665,3581,164,2992.425222432104,0.7305725640703379,0.8450791365241751,0.9851345871576351,5.978991181810105,0.5272100729174282
full,11,374,36160,1,20,20,169,3542,0.86474609375,0.9433119240435632,3581,164,2994.7514900509664,0.7311405005007242,0.8454973150906173,0.9851345871576351,5.978988639040221,0.5248716557575852
full,11,375,36256,1,17,17,171,3543,0.864990234375,0.94359117564926,3581,164,2996.591805316641,0.7315897962198831,0.8457780991579569,0.9851345871576351,5.978958358678956,0.5288600876490446
full,11,376,36352,0,11,11,170,3543,0.864990234375,0.94359117564926,3581,164,2997.356877313287,0.7317765813753142,0.8459940381917265,0.9851345871576351,5.978958358678956,0.5348682104572396
full,11,377,36448,3,17,17,173,3546,0.86572265625,0.9444289304663502,3581,164,3000.809771086257,0.7326195730191057,0.8462520505037386,0.9851345871576351,5.979026640156355,0.521653846659675
full,11,378,36544,0,11,11,169,3546,0.86572265625,0.9444289304663502,3581,164,3001.950297437782,0.732898021835396,0.8465736879407169,0.9851345871576351,5.979026640156355,0.5276164898314728
full,11,379,36640,2,16,16,175,3548,0.8662109375,0.9449874336777436,3581,164,3004.815230623202,0.7335974684138676,0.8469039545161223,0.9851345871576351,5.979015671134636,0.5205378755910925
full,11,380,36736,2,8,8,172,3550,0.86669921875,0.9455459368891371,3581,164,3007.1201217216035,0.7341601859671884,0.8470760906258038,0.9851345871576351,5.979041733107341,0.5283643085283316
full,11,381,36832,3,18,18,159,3553,0.867431640625,0.9463836917062273,3581,164,3010.426097438929,0.734967308945051,0.8472913305485306,0.9851345871576351,5.97922878861085,0.5277341682652477
full,11,382,36928,1,11,11,160,3554,0.86767578125,0.946662943311924,3581,164,3011.9113645620605,0.7353299229887843,0.8474708397754813,0.9851345871576351,5.979199792937427,0.5234824258820157
full,11,383,37024,1,13,13,160,3555,0.867919921875,0.9469421949176208,3581,164,3013.5280100293676,0.7357246118235761,0.8476872039463762,0.9851345871576351,5.979164274656156,0.5286897980063507
full,11,384,37120,0,10,10,161,3555,0.867919921875,0.9469421949176208,3581,164,3014.2907352544426,0.7359108240367291,0.847901753939365,0.9851345871576351,5.979164274656156,0.5261786633340919
full,11,385,37216,1,18,18,176,3556,0.8681640625,0.9472214465233175,3581,164,3015.8441136684037,0.7362900668135751,0.8481001444511821,0.9851345871576351,5.979156175835122,0.5255125105269012
full,11,386,37312,1,15,15,168,3557,0.868408203125,0.9475006981290143,3581,164,3017.627049061663,0.7367253537748201,0.8483629600960537,0.9851345871576351,5.979162554782869,0.521933853130647
full,11,387,37408,3,17,17,172,3560,0.869140625,0.9480592013404077,3581,165,3021.293006920123,0.7376203630176081,0.8486778109326188,0.9851345871576351,5.979520671743183,0.5239610199675
full,11,388,37504,0,15,15,165,3560,0.869140625,0.9480592013404077,3581,165,3022.337639801468,0.7378754003421553,0.8489712471352439,0.9851345871576351,5.979520671743183,0.5169857858738888
full,11,389,37600,1,10,10,165,3561,0.869384765625,0.9483384529461044,3581,165,3023.8935354930727,0.7382552576887385,0.8491697656537693,0.9851345871576351,5.979582018604937,0.5229624742595991
full,11,390,37696,3,15,15,177,3564,0.8701171875,0.9491762077631947,3581,165,3026.820738920054,0.7389699069629038,0.8492763016049534,0.9851345871576351,5.979633795350197,0.5245622027516263
full,11,391,37792,1,18,18,169,3565,0.870361328125,0.9494554593688914,3581,165,3028.7931902600612,0.7394514624658353,0.8495913577167072,0.9851345871576351,5.979655788119187,0.5187132143851721
full,11,392,37888,0,11,11,174,3565,0.870361328125,0.9494554593688914,3581,165,3029.9351380243356,0.7397302583067226,0.8499116796702204,0.9851345871576351,5.979655788119187,0.5245875087842247
full,11,393,37984,1,14,14,162,3566,0.87060546875,0.9497347109745881,3581,165,3031.6858962581623,0.7401576895161529,0.8501643006893332,0.9851345871576351,5.979648710448603,0.5262083280755611
full,11,394,38080,4,18,17,167,3570,0.87158203125,0.9508517173973751,3581,165,3035.929439418737,0.74119371079559,0.8504004031985257,0.9851345871576351,5.9797419151976285,0.523149678801381
full,11,395,38176,1,13,13,165,3571,0.871826171875,0.9511309690030718,3581,165,3037.830490753736,0.7416578346566738,0.8506946207655379,0.9851345871576351,5.979735389466423,0.522025165074476
full,11,396,38272,1,12,12,166,3572,0.8720703125,0.9514102206087685,3581,165,3039.365046523061,0.7420324820612942,0.8508860712550563,0.9851345871576351,5.979972052309282,0.5286164739741566
full,11,397,38368,1,13,13,172,3573,0.872314453125,0.9516894722144652,3581,165,3040.9120165384156,0.7424101602876991,0.851080889039579,0.9851345871576351,5.980034425371925,0.5262141984636409
full,11,398,38464,1,15,15,180,3574,0.87255859375,0.951968723820162,3581,165,3042.694111804998,0.7428452421398921,0.8513413855078338,0.9851345871576351,5.980001014356563,0.5261058708482994
full,11,399,38560,1,16,16,169,3575,0.872802734375,0.9522479754258587,3581,165,3044.2824046009546,0.7432330089357799,0.8515475257625048,0.9851345871576351,5.980039349141444,0.5226580501876292
full,11,400,38656,0,10,10,165,3575,0.872802734375,0.9522479754258587,3581,165,3044.9770067039035,0.7434025895273202,0.8517418200570359,0.9851345871576351,5.980039349141444,0.520793543658927
full,11,401,38752,0,15,15,180,3575,0.872802734375,0.9522479754258587,3581,165,3046.6162429717583,0.7438027936942769,0.8522003476844079,0.9851345871576351,5.980039349141444,0.5204427147382049
full,11,402,38848,1,13,13,167,3576,0.873046875,0.9525272270315555,3581,165,3048.126372564469,0.7441714776768723,0.8523843323726144,0.9851345871576351,5.98004039215119,0.5273481918066707
full,11,403,38944,1,19,19,169,3577,0.873291015625,0.9528064786372522,3581,165,3050.447476793472,0.7447381535140313,0.8527949334060587,0.9851345871576351,5.9800344711168645,0.5211107670825093
full,11,404,39040,1,15,15,171,3578,0.87353515625,0.9530857302429488,3581,165,3052.4321056907766,0.7452226820534122,0.8531112648660639,0.9851345871576351,5.9800148793875545,0.528389179761648
full,11,405,39136,0,14,14,163,3578,0.87353515625,0.9530857302429488,3581,165,3053.2059011648344,0.7454115969640709,0.853327529671558,0.9851345871576351,5.9800148793875545,0.5171181928441224
full,11,406,39232,1,16,16,166,3579,0.873779296875,0.9533649818486456,3581,165,3054.7590449641248,0.7457907824619445,0.8535230636949217,0.9851345871576351,5.980009194143385,0.5267228386206746
full,11,407,39328,0,12,12,169,3579,0.873779296875,0.9533649818486456,3581,165,3055.514651594727,0.7459752567369939,0.8537341859722624,0.9851345871576351,5.980009194143385,0.519228202654481
full,11,408,39424,1,9,9,165,3580,0.8740234375,0.9536442334543423,3581,165,3056.6707179149944,0.7462574994909654,0.8538186362891046,0.9851345871576351,5.979996676269491,0.5318191611585499
full,11,409,39520,1,13,13,168,3581,0.874267578125,0.9539234850600391,3581,165,3058.4545402490976,0.7466930029905023,0.854078341315023,0.9851345871576351,5.980246683518304,0.5219287991442129
full,11,410,39616,1,15,15,172,3582,0.87451171875,0.9542027366657359,3581,165,3060.046480125685,0.7470816601869348,0.854284332810074,0.9851345871576351,5.98023433130849,0.5251058547047298
full,11,411,39712,7,21,21,170,3589,0.876220703125,0.956157497905613,3581,165,3066.0997050565566,0.7485594983048234,0.8543047381043624,0.9851345871576351,5.980255615835896,0.5266030283754549
full,11,412,39808,1,19,19,170,3590,0.87646484375,0.9564367495113096,3581,165,3068.7737301202997,0.7492123364551513,0.8548116239889414,0.990089673348967,5.980287673733983,0.5293009657598601
full,11,413,39904,1,17,17,170,3591,0.876708984375,0.9567160011170064,3581,165,3070.426567506868,0.7496158612077315,0.8550338533853713,0.990089673348967,5.980276349371611,0.5318526985752203
full,11,414,40000,2,17,17,168,3593,0.877197265625,0.9572745043283999,3581,165,3073.065758823195,0.7502601950251941,0.8552924460960744,0.990089673348967,5.980349573518876,0.5309279669454356
full,11,415,40096,0,12,12,163,3593,0.877197265625,0.9572745043283999,3581,165,3073.807164421046,0.7504412022512319,0.8554987933262026,0.990089673348967,5.980349573518876,0.5293756027186579
full,11,416,40192,2,14,14,173,3595,0.877685546875,0.9578330075397934,3581,165,3075.81661803024,0.7509317915112891,0.8555818130821252,0.990089673348967,5.98042256831936,0.5232884951992366
full,11,417,40288,0,7,7,174,3595,0.877685546875,0.9578330075397934,3581,165,3076.337527541551,0.751058966684949,0.8557267114162868,0.990089673348967,5.98042256831936,0.5232066182304184
full,11,418,40384,1,11,11,162,3596,0.8779296875,0.9581122591454901,3581,165,3077.9724914141466,0.7514581277866569,0.855943406956103,0.990089673348967,5.980432901403599,0.51965000642894
full,11,419,40480,1,16,15,170,3597,0.878173828125,0.9583915107511868,3581,165,3079.2851576642297,0.7517786029453686,0.8560703802235835,0.990089673348967,5.9804506330957246,0.5226190009483425
full,11,420,40576,1,15,15,171,3598,0.87841796875,0.9586707623568835,3581,165,3081.798372056623,0.7523921806778865,0.8565309538789947,0.990089673348967,5.980461175614737,0.5259205701058943
full,11,421,40672,3,17,17,170,3601,0.879150390625,0.959229265568277,3581,166,3084.5618318997285,0.7530668534911447,0.8565847908635736,0.990089673348967,5.980412002374897,0.5273830101527989
full,11,422,40768,0,9,9,173,3601,0.879150390625,0.959229265568277,3581,166,3085.4989365166475,0.7532956387980096,0.8568450254142315,0.990089673348967,5.980412002374897,0.5235703977374809
full,11,423,40864,0,14,14,166,3601,0.879150390625,0.959229265568277,3581,166,3086.0657376671434,0.7534340179851424,0.8570024264557465,0.990089673348967,5.980412002374897,0.52502105659142
full,11,424,40960,1,8,8,168,3602,0.87939453125,0.9595085171739738,3581,166,3087.489064556598,0.7537815099015132,0.8571596514593554,0.990089673348967,5.980395114367864,0.5214665126613085
full,11,425,41056,3,16,16,165,3605,0.880126953125,0.9603462719910639,3581,166,3090.899689230667,0.7546141819410808,0.8573924241971337,0.990089673348967,5.980443819980222,0.5230078308600785
full,11,426,41152,1,16,16,170,3606,0.88037109375,0.9606255235967607,3581,166,3092.4820884354403,0.7550005098719337,0.8575934798767166,0.990089673348967,5.98044106566323,0.5244460815994945
full,11,427,41248,2,23,23,165,3608,0.880859375,0.9611840268081542,3581,166,3095.838944384709,0.7558200547814231,0.8580484879115047,0.990089673348967,5.9804941175021735,0.5243291444408188
full,11,428,41344,2,10,10,171,3610,0.88134765625,0.9617425300195476,3581,166,3098.0020604155116,0.7563481592811307,0.8581723159045739,0.990089673348967,5.980476048704016,0.5233098706908463
full,11,429,41440,1,15,15,171,3611,0.881591796875,0.9620217816252443,3581,166,3099.726182294327,0.7567690874742009,0.8584121247007275,0.990089673348967,5.980434186919266,0.5298363964032018
full,11,430,41536,2,14,14,158,3613,0.882080078125,0.9625802848366378,3581,166,3101.9904070403886,0.7573218767188449,0.8585636332799305,0.990089673348967,5.980445271662388,0.534163820020189
full,11,431,41632,0,12,12,171,3613,0.882080078125,0.9625802848366378,3581,166,3103.5083683577827,0.7576924727435993,0.8589837720337068,0.990089673348967,5.980445271662388,0.5265209415496166
full,11,432,41728,0,17,17,170,3613,0.882080078125,0.9625802848366378,3581,166,3104.195303580189,0.7578601815381321,0.8591739007971738,0.990089673348967,5.980445271662388,0.5326246282743756
full,11,433,41824,0,18,18,169,3613,0.882080078125,0.9625802848366378,3581,166,3105.2546782428967,0.7581188179303947,0.8594671127159969,0.990089673348967,5.980445271662388,0.52800488563847
full,11,434,41920,0,18,18,176,3613,0.882080078125,0.9625802848366378,3581,166,3106.7397126697933,0.7584813751635238,0.8598781380209779,0.990089673348967,5.980445271662388,0.5310513737783821
full,11,435,42016,0,12,12,178,3613,0.882080078125,0.9625802848366378,3581,166,3107.507128661862,0.7586687325834625,0.8600905421151016,0.990089673348967,5.980445271662388,0.521235266849245
full,11,436,42112,1,9,9,164,3614,0.88232421875,0.9628595364423346,3581,166,3108.728785121355,0.7589669885550183,0.8601905880247247,0.990089673348967,5.980429758413749,0.5316311913336926
full,11,437,42208,0,11,11,170,3614,0.88232421875,0.9628595364423346,3581,166,3109.166082756483,0.7590737506729694,0.8603115890305708,0.990089673348967,5.980429758413749,0.5233671253973473
full,11,438,42304,1,13,13,172,3615,0.882568359375,0.9631387880480313,3581,166,3111.0093397760274,0.7595237645937567,0.8605834964802289,0.990089673348967,5.9804493950737765,0.5228885872492657
full,11,439,42400,1,12,12,170,3616,0.8828125,0.963418039653728,3581,166,3112.3547544919206,0.7598522349833791,0.8607175759103762,0.990089673348967,5.9804691312394604,0.5277798374875009
full,11,440,42496,0,10,10,172,3616,0.8828125,0.963418039653728,3581,166,3113.0973202408745,0.7600335254494323,0.8609229314825427,0.990089673348967,5.9804691312394604,0.5200313958002448
full,11,441,42592,1,13,13,173,3617,0.883056640625,0.9636972912594247,3581,166,3114.6266174308885,0.760406889021213,0.8611077183939421,0.990089673348967,5.980481714305538,0.5240444626050722
full,11,442,42688,1,16,16,172,3618,0.88330078125,0.9639765428651215,3581,166,3116.8373535383894,0.7609466195162083,0.8614807500106106,0.990089673348967,5.980494400660442,0.5318051702105576
full,11,443,42784,0,12,12,175,3618,0.88330078125,0.9639765428651215,3581,166,3117.4734854586827,0.7611019251608112,0.8616565742008521,0.990089673348967,5.980494400660442,0.5267938996743493
full,11,444,42880,0,10,10,175,3618,0.88330078125,0.9639765428651215,3581,166,3118.071092373632,0.7612478252865312,0.8618217502414682,0.990089673348967,5.980494400660442,0.5184414811371562
full,11,445,42976,1,13,13,169,3619,0.883544921875,0.9642557944708182,3581,166,3119.8798640578693,0.7616894199360033,0.8620834109029758,0.990089673348967,5.9805370101628235,0.5220991431768376
full,11,446,43072,0,8,8,170,3619,0.883544921875,0.9642557944708182,3581,166,3120.0864684552944,0.7617398604627184,0.8621404997113276,0.990089673348967,5.9805370101628235,0.5308460675119475
full,11,447,43168,0,15,15,171,3619,0.883544921875,0.9642557944708182,3581,166,3120.9071933449122,0.7619402327502227,0.8623672819411197,0.990089673348967,5.9805370101628235,0.5239455087182099
full,11,448,43264,1,17,17,167,3620,0.8837890625,0.964535046076515,3581,166,3122.8251912953265,0.7624084939685856,0.8626588926230183,0.990089673348967,5.9804962278168485,0.5277240133968315
full,11,449,43360,1,13,13,168,3621,0.884033203125,0.9648142976822117,3581,166,3124.550448800821,0.7628296994142629,0.8628971137257169,0.990089673348967,5.980502114829221,0.5272462485097575
full,11,450,43456,1,16,16,161,3622,0.88427734375,0.9650935492879084,3581,166,3126.4243765967303,0.7632872013175611,0.8631762497506158,0.990089673348967,5.9805011202603175,0.5233471953838593
full,11,451,43552,1,13,13,170,3623,0.884521484375,0.9653728008936051,3581,166,3127.8582989518127,0.7636372800175324,0.8633337838674614,0.990089673348967,5.9805002361809585,0.5257505197036361
full,11,452,43648,0,7,7,168,3623,0.884521484375,0.9653728008936051,3581,166,3128.09154166172,0.7636942240385058,0.8633981622030693,0.990089673348967,5.9805002361809585,0.5292779456344923
full,11,453,43744,0,17,17,166,3623,0.884521484375,0.9653728008936051,3581,166,3129.29785112814,0.763988733185581,0.863731120929655,0.990089673348967,5.9805002361809585,0.5281860950118631
full,11,454,43840,1,13,13,176,3624,0.884765625,0.9656520524993019,3581,166,3131.0286167956947,0.7644112833973864,0.8639703688729842,0.990089673348967,5.980466267925607,0.5254773571200257
full,11,455,43936,1,17,17,166,3625,0.885009765625,0.9659313041049986,3581,166,3132.6892809707124,0.7648167189869903,0.8641901464746793,0.990089673348967,5.980465613617199,0.5293273719050915
full,11,456,44032,2,11,11,163,3627,0.885498046875,0.9664898073163921,3581,166,3134.6123514639758,0.7652862186191347,0.8642438245006826,0.990089673348967,5.980514903690972,0.5302198124353023
full,11,457,44128,1,11,11,176,3628,0.8857421875,0.9667690589220888,3581,166,3135.923752147094,0.7656063848015366,0.8643670761155166,0.990089673348967,5.98052864366898,0.5225998528606479
full,11,458,44224,0,10,10,169,3628,0.8857421875,0.9667690589220888,3581,166,3136.423550797924,0.7657284059565244,0.8645048375958996,0.990089673348967,5.98052864366898,0.5241232436790826
full,11,459,44320,1,10,10,164,3629,0.885986328125,0.9670483105277855,3581,166,3137.7119580863177,0.7660429585171674,0.8646216473095392,0.990089673348967,5.980542485651892,0.5244898027055253
full,11,460,44416,1,14,14,175,3630,0.88623046875,0.9673275621334823,3581,166,3139.1603754825355,0.7663965760455409,0.8647824725847205,0.990089673348967,5.980515630004205,0.5302423528937515
full,11,461,44512,2,8,8,175,3632,0.88671875,0.9678860653448758,3581,166,3141.2351173526745,0.7669031048224303,0.8648775102843267,0.990089673348967,5.980611366606432,0.5308674071552799
full,11,462,44608,1,10,10,169,3633,0.886962890625,0.9681653169505725,3581,166,3142.557957523002,0.7672260638483892,0.8650035666179472,0.990089673348967,5.980591352540213,0.5217245053053756
full,11,463,44704,2,15,15,172,3635,0.887451171875,0.9687238201619659,3581,166,3145.0629208102946,0.7678376271509508,0.8652167595076464,0.990089673348967,5.980552119147445,0.5240859427376877
full,11,464,44800,0,13,13,176,3635,0.887451171875,0.9687238201619659,3581,166,3145.886962532046,0.7680388092119252,0.8654434559923098,0.990089673348967,5.980552119147445,0.5130605482891494
full,11,465,44896,0,9,9,167,3635,0.887451171875,0.9687238201619659,3581,166,3146.712176747398,0.7682402775262203,0.8656704750336721,0.990089673348967,5.980552119147445,0.5254221252372182
full,11,466,44992,1,16,16,171,3636,0.8876953125,0.9690030717676626,3581,166,3148.1617110423026,0.7685941677349372,0.8658310536419974,0.990089673348967,5.9805596069981535,0.520797063904002
full,11,467,45088,1,9,9,170,3637,0.887939453125,0.9692823233733594,3581,166,3149.2560574685513,0.768861342155408,0.8658938843740861,0.990089673348967,5.9805335626312734,0.5252164347660171
full,11,468,45184,1,12,12,171,3638,0.88818359375,0.9695615749790562,3581,166,3150.673154988542,0.7692073132296245,0.8660453971931121,0.990089673348967,5.980541269567566,0.5236062592468772
full,11,469,45280,1,15,15,173,3639,0.888427734375,0.9698408265847529,3581,166,3152.3553731306515,0.7696180110182255,0.8662696820914129,0.990089673348967,5.980535289811369,0.5195986914546962
full,11,470,45376,1,12,12,166,3640,0.888671875,0.9701200781904495,3581,166,3153.732512311749,0.7699542266386106,0.8664100308548761,0.990089673348967,5.980509600427569,0.5269260030562235
full,11,471,45472,1,9,9,175,3641,0.888916015625,0.9703993297961463,3581,166,3154.860423565804,0.7702295955971201,0.8664818521191442,0.990089673348967,5.980510682388511,0.5238818093219256
full,11,472,45568,0,8,8,176,3641,0.888916015625,0.9703993297961463,3581,166,3155.062348438636,0.7702788936617764,0.8665373107494194,0.990089673348967,5.980510682388511,0.5282493967972568
full,11,473,45664,1,13,13,166,3642,0.88916015625,0.970678581401843,3581,166,3156.3816222221885,0.770600981987839,0.8666616205991732,0.990089673348967,5.980540435397517,0.5233270802493224
full,11,474,45760,0,9,9,163,3642,0.88916015625,0.970678581401843,3581,166,3156.7657331633777,0.7706947590730903,0.866767087634096,0.990089673348967,5.980540435397517,0.5234583860012941
full,11,475,45856,0,8,8,166,3642,0.88916015625,0.970678581401843,3581,166,3157.260526130468,0.7708155581373213,0.8669029451209412,0.990089673348967,5.980540435397517,0.5234614526780682
full,11,476,45952,0,5,5,171,3642,0.88916015625,0.970678581401843,3581,166,3157.5313017371,0.7708816654631592,0.8669772931732839,0.990089673348967,5.980540435397517,0.5237770693841163
full,11,477,46048,0,12,12,167,3642,0.88916015625,0.970678581401843,3581,166,3158.4961626249483,0.7711172272033565,0.8672422192819738,0.990089673348967,5.980540435397517,0.5211032414530302
full,11,478,46144,0,12,12,175,3642,0.88916015625,0.970678581401843,3581,166,3158.890713806092,0.7712135531753155,0.8673505529396189,0.990089673348967,5.980540435397517,0.5288045135257864
full,11,479,46240,0,7,7,174,3642,0.88916015625,0.970678581401843,3581,166,3159.205164697852,0.7712903234125615,0.8674368931075925,0.990089673348967,5.980540435397517,0.524418610426586
full,11,480,46336,0,12,12,168,3642,0.88916015625,0.970678581401843,3581,166,3159.5353561518095,0.7713709365605004,0.8675275552311393,0.990089673348967,5.980540435397517,0.5276062489483383
full,11,481,46432,1,6,6,163,3643,0.889404296875,0.9709578330075398,3581,166,3161.006170327759,0.7717300220526755,0.8676931568289209,0.990089673348967,5.980570280808698,0.5339357802678898
full,11,482,46528,2,15,15,171,3645,0.889892578125,0.9715163362189333,3581,166,3163.2367882083836,0.7722746064961874,0.8678290228280888,0.990089673348967,5.980588175766835,0.5277253039255485
full,11,483,46624,0,14,14,168,3645,0.889892578125,0.9715163362189333,3581,166,3164.701445939708,0.772632188950124,0.868230849366175,0.990089673348967,5.980588175766835,0.5250615715784968
full,11,484,46720,3,13,13,162,3648,0.890625,0.9723540910360234,3581,166,3167.602821880797,0.7733405326857414,0.868312177050657,0.990089673348967,5.980594155307245,0.526896852917841
full,11,485,46816,2,11,11,172,3650,0.89111328125,0.9729125942474169,3581,166,3169.8970845973854,0.7739006554192835,0.8684649546842151,0.990089673348967,5.980551425745256,0.5235501997670673
full,11,486,46912,0,14,14,174,3650,0.89111328125,0.9729125942474169,3581,166,3170.72615226062,0.7741030645167529,0.8686920965097589,0.990089673348967,5.980551425745256,0.5292338383100054
full,11,487,47008,0,11,11,176,3650,0.89111328125,0.9729125942474169,3581,166,3171.356438119357,0.7742569429002336,0.8688647775669471,0.990089673348967,5.980551425745256,0.5262776834755074
full,11,488,47104,0,14,14,177,3650,0.89111328125,0.9729125942474169,3581,166,3172.3058879594114,0.7744887421775907,0.8691249008107976,0.990089673348967,5.980551425745256,0.5255512525544881
full,11,489,47200,0,9,9,163,3650,0.89111328125,0.9729125942474169,3581,166,3172.6266961780193,0.7745670644965867,0.86921279347343,0.990089673348967,5.980551425745256,0.5277644269376485
full,11,490,47296,1,13,13,160,3651,0.891357421875,0.9731918458531137,3581,166,3173.977713829532,0.7748969027904131,0.8693447586495568,0.990089673348967,5.980540066159128,0.5314214483637847
full,11,491,47392,1,9,9,174,3652,0.8916015625,0.9734710974588104,3581,166,3175.0671173077144,0.7751628704364537,0.8694050156921452,0.990089673348967,5.9805355169506145,0.5233282398155371
full,11,492,47488,2,10,10,173,3654,0.89208984375,0.9740296006702038,3581,166,3176.985189504376,0.7756311497813418,0.8694540748506777,0.990089673348967,5.980563797282018,0.5264953081810778
full,11,493,47584,0,16,16,173,3654,0.89208984375,0.9740296006702038,3581,166,3178.804558408873,0.7760753316427913,0.869951986428263,0.990089673348967,5.980563797282018,0.5310761507449333
full,11,494,47680,0,11,11,170,3654,0.89208984375,0.9740296006702038,3581,166,3179.451139982058,0.7762331884721821,0.8701289381450624,0.990089673348967,5.980563797282018,0.5266895075347824
full,11,495,47776,0,11,11,173,3654,0.89208984375,0.9740296006702038,3581,166,3180.2607598369955,0.776430849569579,0.8703505089865888,0.990089673348967,5.980563797282018,0.5269278348199187
full,11,496,47872,0,8,8,171,3654,0.89208984375,0.9740296006702038,3581,166,3180.5102974263536,0.7764917718326059,0.8704188006092922,0.990089673348967,5.980563797282018,0.5272038247720108
full,11,497,47968,1,14,14,163,3655,0.892333984375,0.9743088522759006,3581,166,3181.9065926927733,0.7768326642316341,0.8705626792593087,0.990089673348967,5.980602284507416,0.5227495461990934
full,11,498,48064,0,17,16,163,3655,0.892333984375,0.9743088522759006,3581,166,3182.8465055866586,0.7770621351529928,0.8708198373698108,0.990089673348967,5.980602284507416,0.5271266238733774
full,11,499,48160,1,8,8,170,3656,0.892578125,0.9745881038815973,3581,166,3183.8779677022044,0.777313956958546,0.8708637767237977,0.990089673348967,5.9805657913369625,0.5253363977410029
full,11,500,48256,1,13,13,165,3657,0.892822265625,0.9748673554872941,3581,166,3185.5599390902717,0.7777245945044609,0.8710855726251768,0.990089673348967,5.980575504686588,0.5236194013539847
full,23,0,256,176,204,176,0,176,0.04296875,0.04607651493996091,3581,11,76.12591333754266,0.0185854280609235,0.4325335985087651,0.9129169364725676,4.228713134046978,0.3962144265197285
full,23,1,352,51,69,67,119,227,0.055419921875,0.059480592013404075,3581,14,106.10505799071946,0.025904555173515493,0.46742316295471126,0.9443091751492452,4.393576799930875,0.415149429554612
full,23,2,448,53,70,66,122,280,0.068359375,0.07400167550963418,3581,15,137.10759756418562,0.033473534561568756,0.48966999130066297,0.9443091751492452,4.512806515113521,0.43011663614688345
full,23,3,544,44,68,66,133,324,0.0791015625,0.08545099134320022,3581,18,163.44533167410418,0.03990364542824809,0.5044609002287166,0.9443091751492452,4.599423096214993,0.44958698298651995
full,23,4,640,38,60,59,133,362,0.08837890625,0.0946662943311924,3581,23,186.07275233248174,0.0454279180499223,0.5140131279902811,0.9443091751492452,4.709740744090809,0.44880921510952043
full,23,5,736,42,64,64,138,404,0.0986328125,0.10583635855906172,3581,25,211.86226072115508,0.05172418474637575,0.5244115364385027,0.9443091751492452,4.829075193925476,0.4579050957736025
full,23,6,832,34,60,60,144,438,0.10693359375,0.11533091315275062,3581,25,235.03754686212744,0.05738221358938658,0.5366154037948115,0.9443091751492452,4.875239270958291,0.4576065713125767
full,23,7,928,35,50,49,152,473,0.115478515625,0.12426696453504607,3581,28,259.18260438574436,0.06327700302386337,0.5479547661432227,0.9443091751492452,4.942710135493419,0.4584667539931265
full,23,8,1024,43,53,52,142,516,0.1259765625,0.13599553197430886,3581,29,286.51264358157664,0.06994937587440836,0.5552570612046059,0.9450157395957276,4.978020103105086,0.45841597616564367
full,23,9,1120,31,53,53,146,547,0.133544921875,0.14437308014521083,3581,30,305.81518182451293,0.07466190962512523,0.5590771148528573,0.9450157395957276,4.9859331772920905,0.45524002151774956
full,23,10,1216,32,53,50,159,579,0.141357421875,0.15247137671041608,3581,33,328.4417869347799,0.080185983138374,0.5672569722535058,0.9450157395957276,5.018955728438867,0.4524968334921645
full,23,11,1312,34,56,56,148,613,0.149658203125,0.16084892488131808,3581,37,353.6684959487521,0.0863448476437383,0.5769469754465776,0.9450157395957276,5.066548510826577,0.47276045024730884
full,23,12,1408,31,53,52,152,644,0.1572265625,0.16894722144652333,3581,39,378.56897682962756,0.09242406660879579,0.587840026132962,0.9450157395957276,5.116220558589952,0.46857553016947223
full,23,13,1504,28,47,46,156,672,0.1640625,0.1764870148003351,3581,40,398.9400959796229,0.09739748437002513,0.5936608571125341,0.9688831365047077,5.138331651168739,0.4770511194334257
full,23,14,1600,35,57,56,155,707,0.172607421875,0.18542306618263055,3581,43,419.57421322309443,0.10243511065016954,0.5934571615602467,0.9688831365047077,5.16377243712842,0.46876804497628
full,23,15,1696,38,62,61,151,745,0.181884765625,0.19547612398771294,3581,45,447.0922549612676,0.10915338255890322,0.6001238321627753,0.9688831365047077,5.18945416911375,0.47195174960696357
full,23,16,1792,35,52,51,160,780,0.1904296875,0.2046914269757051,3581,47,471.40970294649014,0.11509025950842044,0.6043714140339618,0.9688831365047077,5.214796609812249,0.47807635240479307
full,23,17,1888,26,51,50,156,806,0.19677734375,0.21195196872382016,3581,47,490.661616120118,0.11979043362307569,0.6087613103227271,0.9688831365047077,5.2379688840017025,0.47167126124459396
full,23,18,1984,26,52,50,158,832,0.203125,0.2192125104719352,3581,47,511.5439050283511,0.12488864868856228,0.614836424312922,0.9688831365047077,5.26472277367133,0.47533851295393514
full,23,19,2080,33,56,54,163,865,0.211181640625,0.22759005864283718,3581,50,536.408951022036,0.13095921655811427,0.62012595493877,0.9688831365047077,5.294259668659674,0.4913250856692704
full,23,20,2176,25,47,46,161,890,0.21728515625,0.2342920971795588,3581,51,556.2673081421914,0.1358074482769022,0.6250194473507769,0.9688831365047077,5.312338295075797,0.4835089510202079
full,23,21,2272,18,43,43,153,908,0.2216796875,0.23931862608209997,3581,51,573.3434867663669,0.13997643719882005,0.6314355581127389,0.9688831365047077,5.330715954536198,0.48827800986476144
full,23,22,2368,28,48,48,148,936,0.228515625,0.24657916783021502,3581,53,595.6724964478883,0.14542785557809773,0.6364022397947524,0.9688831365047077,5.350579375803209,0.49344223471470333
full,23,23,2464,29,45,45,163,965,0.235595703125,0.25467746439542027,3581,53,617.6498397301834,0.15079341790287681,0.6400516473887912,0.9688831365047077,5.366773583209139,0.49639389019891084
full,23,24,2560,34,55,55,153,999,0.243896484375,0.26361351577771575,3581,55,643.0705210415181,0.15699963892615187,0.6437142352767948,0.9688831365047077,5.403495102967316,0.4980276391255008
full,23,25,2656,25,42,41,156,1024,0.25,0.2703155543144373,3581,56,662.3679759514705,0.16171093162877698,0.6468437265151079,0.9688831365047077,5.427600321841479,0.4885733478688734
full,23,26,2752,26,42,42,156,1050,0.25634765625,0.27757609606255235,3581,56,681.8752910316691,0.1664734597245286,0.6494050390777801,0.9688831365047077,5.459019543938576,0.4932497394022296
full,23,27,2848,17,36,36,166,1067,0.260498046875,0.2820441217537001,3581,57,695.4751876468015,0.1697937469840824,0.6518042995752591,0.9688831365047077,5.471235113184974,0.504092740502234
full,23,28,2944,29,46,44,169,1096,0.267578125,0.28930466350181516,3581,60,716.3413486603816,0.1748880245752885,0.6535961210404942,0.9688831365047077,5.4935894313661695,0.4935867966202381
full,23,29,3040,27,45,45,158,1123,0.274169921875,0.29572745043284,3581,64,738.5127450519025,0.18030096314743713,0.6576248842848642,0.9688831365047077,5.5063257789810836,0.4973039128348473
full,23,30,3136,30,49,49,156,1153,0.281494140625,0.30410499860374196,3581,64,761.9240064365451,0.18601660313392215,0.6608187393205075,0.9688831365047077,5.519842948479442,0.49848736522462134
full,23,31,3232,23,37,37,162,1176,0.287109375,0.3102485339290701,3581,65,780.2161771813381,0.19048246513216263,0.6634491302562399,0.9688831365047077,5.533510060656528,0.4917066400191794
full,23,32,3328,24,36,36,163,1200,0.29296875,0.3163920692543982,3581,67,799.2207157150472,0.19512224504761894,0.6660172630958726,0.9688831365047077,5.551064314571632,0.4979409110267672
full,23,33,3424,14,37,37,156,1214,0.29638671875,0.32030159173415246,3581,67,811.8499838178248,0.19820556245552362,0.6687396901300039,0.9688831365047077,5.5603560500038505,0.498998018868948
full,23,34,3520,28,40,40,164,1242,0.30322265625,0.3272828818765708,3581,70,832.2148307235975,0.2031774489071283,0.6700602501800302,0.9688831365047077,5.578428490884322,0.5014975853336223
full,23,35,3616,32,53,53,161,1274,0.31103515625,0.33621893325886626,3581,70,856.3437391403013,0.20906829568855012,0.6721693399845379,0.9688831365047077,5.598527153249238,0.49659024416140973
full,23,36,3712,21,33,33,172,1295,0.316162109375,0.3418039653728009,3581,71,870.6340092454773,0.2125571311634466,0.6723042542436118,0.9688831365047077,5.603895237063152,0.5016138163800496
full,23,37,3808,24,40,38,161,1319,0.322021484375,0.34822675230382577,3581,72,887.8591816346986,0.21676249551628385,0.6731305395259277,0.9688831365047077,5.606926167831654,0.5000527917507906
full,23,38,3904,26,49,49,158,1345,0.328369140625,0.35520804244624404,3581,73,908.4230175066484,0.2217829632584591,0.6754074479603334,0.9688831365047077,5.615905289015615,0.5026207967297763
full,23,39,4000,26,43,42,169,1371,0.334716796875,0.3613515777715722,3581,77,929.2650487293873,0.22687134978744808,0.6778009108164751,0.9688831365047077,5.633249946236324,0.49387145616427763
full,23,40,4096,31,54,54,164,1402,0.34228515625,0.36972912594247415,3581,78,953.2499012486526,0.23272702667203432,0.6799214702201516,0.9688831365047077,5.647382777232306,0.5062815752879065
full,23,41,4192,23,47,46,156,1425,0.347900390625,0.37615191287349903,3581,78,972.6709589860675,0.23746849584620788,0.6825761115691702,0.9688831365047077,5.660933029560393,0.5018766576219202
full,23,42,4288,19,39,39,157,1444,0.3525390625,0.3811784417760402,3581,79,988.1957306617172,0.2412587233060833,0.6843460738654551,0.9688831365047077,5.665382757843172,0.5000684057129612
full,23,43,4384,14,34,34,166,1458,0.35595703125,0.38480871265009775,3581,80,1000.142566220796,0.24417543120624902,0.6859688382858683,0.9688831365047077,5.669461910953192,0.49628557561358966
full,23,44,4480,15,34,33,167,1473,0.359619140625,0.38899748673554874,3581,80,1012.8104095928688,0.247268166404509,0.6875834416787976,0.9688831365047077,5.676814218720575,0.5037103350350043
full,23,45,4576,18,40,39,165,1491,0.364013671875,0.39374476403239317,3581,81,1026.5095651763804,0.25061268681063975,0.6884705333174919,0.9688831365047077,5.68212147251072,0.49869409296000805
full,23,46,4672,22,38,38,155,1513,0.369384765625,0.39932979614632785,3581,83,1042.5129237994552,0.25451975678697636,0.6890369621939558,0.9688831365047077,5.690499864893191,0.5046655210675957
full,23,47,4768,20,36,36,170,1533,0.374267578125,0.4046355766545658,3581,84,1057.983767862991,0.25829681832592555,0.6901394441376327,0.9688831365047077,5.699360563058163,0.5049756432630557
full,23,48,4864,19,33,33,157,1552,0.37890625,0.40994135716280367,3581,84,1073.6772333276608,0.26212823079288594,0.6918023410616371,0.9688831365047077,5.7086802235384635,0.5010718065331888
full,23,49,4960,18,35,35,168,1570,0.38330078125,0.4144093828539514,3581,86,1088.168295671599,0.265666087810449,0.6931008252685344,0.9688831365047077,5.713577335222599,0.49811946428861315
full,23,50,5056,16,36,36,170,1586,0.38720703125,0.41887740854509914,3581,86,1101.6283851395028,0.26895224246569893,0.6945954509076311,0.9688831365047077,5.719006513011876,0.5096079069982371
full,23,51,5152,27,37,37,167,1613,0.393798828125,0.4264172018989109,3581,86,1120.5196093410398,0.2735643577492773,0.6946804769628269,0.9688831365047077,5.7225321431385465,0.5118234635992387
full,23,52,5248,15,34,34,163,1628,0.3974609375,0.4303267243786652,3581,87,1134.4254451679353,0.27695933719920296,0.6968215265159308,0.9688831365047077,5.726861339393884,0.5067379188826817
full,23,53,5344,19,29,29,163,1647,0.402099609375,0.43507400167550964,3581,89,1149.5662918770638,0.2806558329777988,0.6979758906357401,0.9834016652039518,5.73232027255454,0.503701731538497
full,23,54,5440,17,36,35,163,1664,0.40625,0.4395420273666574,3581,90,1163.5164842536074,0.28406164166347836,0.6992286564024083,0.9834016652039518,5.741038617119974,0.5062607503527004
full,23,55,5536,12,27,27,163,1676,0.4091796875,0.44289304663501816,3581,90,1175.3066658874877,0.28694010397643743,0.7012569605533936,0.9834016652039518,5.747261162519648,0.5073313987384716
full,23,56,5632,28,45,43,162,1704,0.416015625,0.45043283998882994,3581,91,1196.2565234719987,0.2920548153007809,0.7020284762159616,0.9834016652039518,5.754509528240558,0.5066589581825591
full,23,57,5728,6,26,26,167,1710,0.41748046875,0.4518290980173136,3581,92,1203.0715990554154,0.2937186521131385,0.7035506427224651,0.9834016652039518,5.756915609573886,0.5115778328494232
full,23,58,5824,17,36,36,160,1727,0.421630859375,0.45657637531415807,3581,92,1216.6574001754275,0.297035498089704,0.7044918356545614,0.9834016652039518,5.759447054067585,0.5133342202036779
full,23,59,5920,20,36,36,160,1747,0.426513671875,0.46160290421669925,3581,94,1233.5702761698817,0.3011646182055375,0.7061077711333038,0.9834016652039518,5.7649964755567495,0.507046185026174
full,23,60,6016,20,33,33,166,1767,0.431396484375,0.466070929907847,3581,98,1249.1264527436138,0.3049625128768588,0.7069193280948578,0.9834016652039518,5.773555146302636,0.5053502568718071
full,23,61,6112,12,30,30,169,1779,0.434326171875,0.4688634459648143,3581,100,1259.9425936628395,0.3076031722809667,0.7082308002601684,0.9834016652039518,5.7767004856141595,0.5090762046422836
full,23,62,6208,13,31,31,163,1792,0.4375,0.4724937168388718,3581,100,1271.1280734113016,0.31033400229768104,0.7093348623946996,0.9834016652039518,5.780805086704079,0.510744208024296
full,23,63,6304,20,34,34,163,1812,0.4423828125,0.47779949734710975,3581,101,1286.7442161762146,0.31414653715239615,0.7101237396115975,0.9834016652039518,5.7869491311628884,0.5083848943864547
full,23,64,6400,15,30,29,164,1827,0.446044921875,0.48198827143256073,3581,101,1299.9105860198342,0.3173609829149986,0.7115000470825584,0.9834016652039518,5.790235734471412,0.5096564724233449
full,23,65,6496,20,37,37,164,1847,0.450927734375,0.4870148003351019,3581,103,1315.6579585192826,0.32120555627912173,0.7123215801403804,0.9834016652039518,5.794182910729674,0.5126609079299427
full,23,66,6592,17,34,34,175,1864,0.455078125,0.4917620776319464,3581,103,1330.788050265929,0.32489942633445534,0.713942087052537,0.9834016652039518,5.799960323225582,0.510756193247452
full,23,67,6688,19,34,34,165,1883,0.459716796875,0.4970678581401843,3581,103,1347.0094855053144,0.3288597376721959,0.7153528866199227,0.9834016652039518,5.805135660692507,0.513623134757098
full,23,68,6784,10,32,32,175,1893,0.462158203125,0.4998603741971516,3581,103,1357.3981116509497,0.33139602335228263,0.7170618656370574,0.9834016652039518,5.807125842120681,0.5151723643904733
full,23,69,6880,19,39,38,162,1912,0.466796875,0.5048869030996929,3581,104,1372.5105871152196,0.33508559255742665,0.7178402652276253,0.9834016652039518,5.8118463661127056,0.5101470034304982
full,23,70,6976,17,38,37,167,1929,0.470947265625,0.5090756771851438,3581,106,1387.2796995432059,0.3386913328962905,0.7191703989337511,0.9834016652039518,5.816260813298601,0.5163892008857691
full,23,71,7072,10,29,29,168,1939,0.473388671875,0.5118681932421112,3581,106,1396.4571522888702,0.34093192194552496,0.72019450865852,0.9834016652039518,5.816921223159943,0.5032694285377676
full,23,72,7168,11,36,36,166,1950,0.47607421875,0.5146607092990785,3581,107,1406.8059605413296,0.34345848646028554,0.7214389541237588,0.9834016652039518,5.816373071913075,0.5068843673401903
full,23,73,7264,23,38,38,164,1973,0.481689453125,0.5208042446244066,3581,108,1424.7780014787236,0.3478461917672665,0.7221378618746699,0.9834016652039518,5.819366018276925,0.510807971776418
full,23,74,7360,11,28,28,163,1984,0.484375,0.523596760681374,3581,109,1434.5444220787663,0.3502305717965738,0.7230566643542169,0.9834016652039518,5.822830315543934,0.5124557437223018
full,23,75,7456,17,32,32,172,2001,0.488525390625,0.5283440379782184,3581,109,1447.043919128002,0.35328220681835987,0.7231603793743139,0.9834016652039518,5.828046465223442,0.5131258302876456
full,23,76,7552,11,29,29,169,2012,0.4912109375,0.5314158056408824,3581,109,1456.8862644131202,0.3556851231477344,0.7240985409607953,0.9834016652039518,5.829810917807872,0.5138114047723874
full,23,77,7648,14,34,34,167,2026,0.49462890625,0.5353253281206367,3581,109,1468.7379753470964,0.3585786072624747,0.7249447064891887,0.9834016652039518,5.830585840733159,0.5099928568324164
full,23,78,7744,15,34,34,165,2041,0.498291015625,0.5395141022060876,3581,109,1481.314682736775,0.36164909246503296,0.7257788744423199,0.9834016652039518,5.8328801370169625,0.5138609532527049
full,23,79,7840,13,27,27,170,2054,0.50146484375,0.5420273666573583,3581,113,1492.64267335444,0.3644147151744238,0.7267004251969036,0.9834016652039518,5.8351393851694695,0.5162274980002646
full,23,80,7936,15,36,36,169,2069,0.505126953125,0.5453783859257191,3581,116,1504.9399390886056,0.3674169773165541,0.727375514300921,0.9834016652039518,5.838298893038702,0.5123331372231503
full,23,81,8032,12,37,36,167,2081,0.508056640625,0.5478916503769896,3581,119,1515.5432370654737,0.3700056731116879,0.7282764233856193,0.9834016652039518,5.840252667510065,0.5082026872150911
full,23,82,8128,19,31,31,161,2100,0.5126953125,0.5526389276738342,3581,121,1530.680252725812,0.37370123357563767,0.7288953584408628,0.9834016652039518,5.842677764860424,0.5157259061254537
full,23,83,8224,16,36,36,166,2116,0.5166015625,0.5571069533649818,3581,121,1544.4295178845362,0.37705798776477933,0.7298816247091381,0.9834016652039518,5.8465419272229635,0.5204874541930753
full,23,84,8320,14,28,28,164,2130,0.52001953125,0.5610164758447361,3581,121,1555.460952542526,0.37975120911682764,0.7302633580011859,0.9834016652039518,5.849386383201998,0.5042115628944541
full,23,85,8416,14,32,32,177,2144,0.5234375,0.5649259983244904,3581,121,1567.4732805781302,0.3826839063911451,0.7310976122099488,0.9834016652039518,5.8513974084404,0.5171302831413302
full,23,86,8512,10,26,25,169,2154,0.52587890625,0.567439262775761,3581,122,1576.006089667424,0.38476711173521094,0.7316648512847836,0.9834016652039518,5.853923248821029,0.5145286633156805
full,23,87,8608,24,35,35,169,2178,0.53173828125,0.5738620497067858,3581,123,1595.037510282733,0.38941345465887034,0.7323404546752676,0.9834016652039518,5.855529654273443,0.5180379873624608
full,23,88,8704,18,41,40,173,2196,0.5361328125,0.578888578609327,3581,123,1610.6846457688614,0.39323355609591343,0.7334629534466582,0.9834016652039518,5.85790921325595,0.5161462218014194
full,23,89,8800,19,38,38,175,2215,0.540771484375,0.5841943591175649,3581,123,1626.3511002836913,0.39705837409269806,0.7342442890671292,0.9834016652039518,5.8592467930156005,0.5167417443324224
full,23,90,8896,13,32,32,168,2228,0.5439453125,0.5878246299916224,3581,123,1637.445737797268,0.39976702582941115,0.7349397386881814,0.9834016652039518,5.862251815072123,0.5096151473511052
full,23,91,8992,18,33,33,167,2246,0.54833984375,0.5925719072884669,3581,124,1652.648784753053,0.4034787072151008,0.7358186931224635,0.9834016652039518,5.864538701471762,0.5198104145776521
full,23,92,9088,13,23,23,169,2259,0.551513671875,0.5962021781625244,3581,124,1663.4794377358971,0.4061229096034905,0.7363786798299677,0.9834016652039518,5.8648214470976106,0.5154576479816894
full,23,93,9184,14,28,28,172,2273,0.554931640625,0.599832449036582,3581,125,1675.441337134299,0.40904329519880345,0.7371057356508134,0.9834016652039518,5.8657878106891275,0.5159387258728885
full,23,94,9280,13,35,34,158,2286,0.55810546875,0.6031834683049427,3581,126,1686.8355989511429,0.41182509740018136,0.7378983372489689,0.9834016652039518,5.868077044973781,0.5206234841267852
full,23,95,9376,7,32,32,161,2293,0.559814453125,0.6051382295448199,3581,126,1694.564216944411,0.4137119670274441,0.739016230677894,0.9834016652039518,5.868564480005776,0.5142392909229843
full,23,96,9472,8,24,24,162,2301,0.561767578125,0.6073722423903938,3581,126,1702.5924122421297,0.4156719756450512,0.7399358592968839,0.9834016652039518,5.869983022321808,0.518565285759946
full,23,97,9568,11,29,28,165,2312,0.564453125,0.6101647584473611,3581,127,1712.1984880240523,0.41801720899024714,0.7405702802872198,0.9834016652039518,5.870486894790541,0.5143048977479461
full,23,98,9664,12,32,31,164,2324,0.5673828125,0.6135157777157219,3581,127,1722.490150287993,0.42052982184765453,0.7411747634629918,0.9834016652039518,5.8729718672503655,0.5202850926698523
full,23,99,9760,9,23,23,175,2333,0.569580078125,0.6160290421669925,3581,127,1730.0833545209098,0.4223836314748315,0.7415702333994469,0.9834016652039518,5.873653372786176,0.5237614747071783
full,23,100,9856,14,30,30,164,2347,0.572998046875,0.6199385646467467,3581,127,1742.6904816248702,0.42546154336544684,0.7425183134319856,0.9834016652039518,5.8759778557230735,0.5065442335757457
full,23,101,9952,11,30,30,161,2358,0.57568359375,0.6230103323094108,3581,127,1752.4961650062396,0.42785550903472647,0.7432129622587954,0.9834016652039518,5.8772647213799925,0.5182600654151021
full,23,102,10048,15,29,29,171,2373,0.579345703125,0.6271991063948618,3581,127,1765.6162326347346,0.4310586505455895,0.7440439244141317,0.9834016652039518,5.879694545506847,0.5116978927635251
full,23,103,10144,7,30,29,172,2380,0.5810546875,0.6291538676347389,3581,127,1773.9708273211313,0.4330983465139481,0.7453658938324081,0.9834016652039518,5.880280622292282,0.5155756577287223
full,23,104,10240,9,28,28,162,2389,0.583251953125,0.6316671320860094,3581,127,1783.3608054219894,0.4353908216362279,0.7464884074600207,0.9834016652039518,5.881184267151355,0.5164960749635508
full,23,105,10336,12,29,29,163,2401,0.586181640625,0.6347388997486736,3581,128,1793.5784896909622,0.43788537345970757,0.7470131152398843,0.9834016652039518,5.88329576521287,0.5154476890201865
full,23,106,10432,13,26,26,169,2414,0.58935546875,0.6378106674113376,3581,130,1803.909364063689,0.4404075595858616,0.7472698276982971,0.9834016652039518,5.886717328113313,0.5145592120806609
full,23,107,10528,11,23,22,167,2425,0.592041015625,0.6408824350740017,3581,130,1813.065145660182,0.44264285782719287,0.7476557301691472,0.9834016652039518,5.888715715182968,0.5109166979114489
full,23,108,10624,9,26,26,164,2434,0.59423828125,0.6433956995252723,3581,130,1820.5920362342758,0.44448047759625875,0.747983581032981,0.9834016652039518,5.889925459219914,0.5169432594124663
full,23,109,10720,14,34,34,168,2448,0.59765625,0.6470259703993297,3581,131,1833.4227064141146,0.44761296543313345,0.7489471839926939,0.9834016652039518,5.891705291705707,0.5175030675392567
full,23,110,10816,12,30,30,162,2460,0.6005859375,0.6500977380619939,3581,132,1844.066871876376,0.45021163864169333,0.749620679624543,0.9834016652039518,5.892556010748831,0.5168020717429186
full,23,111,10912,7,29,29,169,2467,0.602294921875,0.6517732476961743,3581,133,1852.4937421159373,0.45226898000877375,0.7509095022764237,0.9834016652039518,5.893275515809323,0.5192825356040378
full,23,112,11008,14,27,27,173,2481,0.605712890625,0.6556827701759285,3581,133,1863.1458356943435,0.45486958879256434,0.7509656733955435,0.9834016652039518,5.89543587233927,0.5151549809781969
full,23,113,11104,9,32,32,173,2490,0.60791015625,0.6581960346271991,3581,133,1871.7313486938974,0.45696566130222105,0.7516993368248585,0.9834016652039518,5.896731329537684,0.5165680475568644
full,23,114,11200,15,33,33,167,2505,0.611572265625,0.6623848087126502,3581,133,1884.2857985723933,0.4600307125420882,0.752209899629698,0.9834016652039518,5.897812718011463,0.513447557830377
full,23,115,11296,12,31,31,169,2517,0.614501953125,0.6657358279810109,3581,133,1894.5855507288513,0.46254530047091097,0.7527157531699846,0.9834016652039518,5.89943689997263,0.5154440638260869
full,23,116,11392,8,17,17,170,2525,0.616455078125,0.6679698408265847,3581,133,1902.120007264958,0.4643847673986714,0.7533148543623597,0.9834016652039518,5.900551468729386,0.5089846051185196
full,23,117,11488,9,22,22,163,2534,0.61865234375,0.6702038536721586,3581,134,1910.3854945420653,0.4664027086284339,0.7539011422817937,0.9834016652039518,5.90144942661919,0.5202112079826454
full,23,118,11584,11,28,28,162,2545,0.621337890625,0.6732756213348227,3581,134,1920.0002970736637,0.4687500725277499,0.7544205489483944,0.9834016652039518,5.902444792309842,0.514163547792314
full,23,119,11680,18,31,31,168,2563,0.625732421875,0.6780228986316671,3581,135,1934.5618592829887,0.4723051414265109,0.7548036907073697,0.9834016652039518,5.904559870326382,0.5138728405317913
full,23,120,11776,4,24,23,168,2567,0.626708984375,0.6791399050544541,3581,135,1939.2843919017996,0.4734581034916503,0.755467234866303,0.9834016652039518,5.904974538356366,0.5146621880172334
full,23,121,11872,8,26,26,163,2575,0.628662109375,0.6813739179000279,3581,135,1947.0806647779646,0.47536149042430775,0.7561478309817338,0.9834016652039518,5.905595969781006,0.5173742618891033
full,23,122,11968,6,27,27,162,2581,0.630126953125,0.6827701759285116,3581,136,1953.148851924746,0.4768429814269399,0.7567411282157094,0.9834016652039518,5.907522789482366,0.5134733676451146
full,23,123,12064,8,24,23,163,2589,0.632080078125,0.6850041887740854,3581,136,1960.6076937352645,0.47866398772833607,0.757283775100527,0.9834016652039518,5.909280737191523,0.5181440126966774
full,23,124,12160,7,24,24,166,2596,0.6337890625,0.6869589500139626,3581,136,1967.13444472921,0.48025743279521727,0.7577559494334398,0.9834016652039518,5.910257934805916,0.516396980887293
full,23,125,12256,9,25,25,162,2605,0.635986328125,0.6894722144652332,3581,136,1975.2013308478,0.48222688741401365,0.7582346759492514,0.9834016652039518,5.911767602378646,0.5197767423481456
full,23,126,12352,6,23,23,163,2611,0.637451171875,0.6911477240994136,3581,136,1980.9694500355497,0.4836351196375854,0.7587014362449443,0.9834016652039518,5.912972576358397,0.5184429190343118
full,23,127,12448,13,22,22,171,2624,0.640625,0.6947779949734711,3581,136,1990.8312138140782,0.4860427768100777,0.7587009198986578,0.9834016652039518,5.915073498633381,0.5187427250937479
full,23,128,12544,7,30,30,161,2631,0.642333984375,0.6964535046076515,3581,137,1998.4137884659513,0.48789399132469513,0.7595643437726914,0.9834016652039518,5.916130063095887,0.5184244158087301
full,23,129,12640,12,25,25,153,2643,0.645263671875,0.6998045238760123,3581,137,2008.3753588263821,0.4903260153384722,0.7598847365971934,0.9834016652039518,5.917090030949888,0.5136444062205716
full,23,130,12736,11,23,23,168,2654,0.64794921875,0.7028762915386764,3581,137,2017.6061296956073,0.4925796215077166,0.7602133118672221,0.9834016652039518,5.918415638426623,0.5171173187691416
full,23,131,12832,10,26,26,164,2664,0.650390625,0.7056688075956437,3581,137,2026.4598108221007,0.49474116475148944,0.7606831121704583,0.9834016652039518,5.919503751591033,0.5212410668024048
full,23,132,12928,9,24,24,177,2673,0.652587890625,0.7081820720469143,3581,137,2034.1174718749799,0.4966107109069775,0.7609867085203815,0.9834016652039518,5.920843678219755,0.5225654705559818
full,23,133,13024,10,25,25,164,2683,0.655029296875,0.7106953364981848,3581,138,2042.8967524669351,0.49875408995774784,0.7614225689403411,0.9834016652039518,5.921024803081665,0.520751437684531
full,23,134,13120,3,20,20,169,2686,0.65576171875,0.7115330913152751,3581,138,2047.141430380005,0.4997903882763684,0.7621524312658247,0.9834016652039518,5.92129113470094,0.5203740718580543
full,23,135,13216,14,37,37,173,2700,0.6591796875,0.7154426137950293,3581,138,2060.0206189070695,0.5029347214128588,0.762970599595211,0.9834016652039518,5.921766209127794,0.5174220344201839
full,23,136,13312,11,26,26,171,2711,0.661865234375,0.7185143814576934,3581,138,2070.353989836222,0.5054575170498589,0.7636864588108527,0.9834016652039518,5.922611979122045,0.517635241125173
full,23,137,13408,6,23,23,172,2717,0.663330078125,0.7199106394861771,3581,139,2077.1111038617055,0.5071072030912367,0.7644869723451253,0.9834016652039518,5.92272435684068,0.521160932017797
full,23,138,13504,8,25,25,164,2725,0.665283203125,0.722144652331751,3581,139,2085.833330507672,0.5092366529559746,0.7654434240395127,0.9834016652039518,5.922957275117053,0.5216585391538555
full,23,139,13600,13,22,22,164,2738,0.66845703125,0.7257749232058084,3581,139,2096.1359217123627,0.5117519340118073,0.7655719217357059,0.9834016652039518,5.924607217816215,0.5192014045595192
full,23,140,13696,12,37,37,165,2750,0.67138671875,0.7291259424741692,3581,139,2107.3428487752203,0.5144880001892628,0.7663064904637165,0.9834016652039518,5.925942655122981,0.5146461123777075
full,23,141,13792,7,25,25,163,2757,0.673095703125,0.7308014521083496,3581,140,2113.8845760906465,0.5160851015846305,0.7667336148315729,0.9834016652039518,5.9268429040204875,0.5153706471787051
full,23,142,13888,3,23,23,171,2760,0.673828125,0.7316392069254398,3581,140,2118.2007345480724,0.5171388512080255,0.767464034256548,0.9834016652039518,5.926949407084067,0.5144709634220758
full,23,143,13984,15,26,26,167,2775,0.677490234375,0.7355487294051941,3581,141,2130.567550486572,0.5201580933805108,0.7677720902654314,0.9834016652039518,5.929147347145667,0.5144391744671357
full,23,144,14080,10,21,21,172,2785,0.679931640625,0.7383412454621614,3581,141,2138.781773974886,0.5221635190368374,0.7679647303320956,0.9834016652039518,5.929542127201293,0.5147906395851394
full,23,145,14176,13,32,32,169,2798,0.68310546875,0.7419715163362189,3581,141,2149.9766228669605,0.524896636442129,0.7683976493448751,0.9834016652039518,5.930692259313201,0.5135576247472998
full,23,146,14272,9,16,16,167,2807,0.685302734375,0.7444847807874895,3581,141,2157.742314481413,0.5267925572464387,0.7687005039121528,0.9834016652039518,5.931224583254135,0.5245254527074196
full,23,147,14368,6,16,16,171,2813,0.686767578125,0.7461602904216699,3581,141,2163.3505738998647,0.5281617612060217,0.7690545943476235,0.9834016652039518,5.932377467607211,0.525037243253599
full,23,148,14464,8,27,27,164,2821,0.688720703125,0.7483943032672438,3581,141,2170.6003664531727,0.5299317300911066,0.7694435896679095,0.9834016652039518,5.933401433796303,0.5206021515826185
full,23,149,14560,11,23,23,171,2832,0.69140625,0.7514660709299078,3581,141,2179.908615628716,0.5322042518624794,0.7697417428067499,0.9834016652039518,5.934684614743437,0.5118071694755199
full,23,150,14656,9,31,31,166,2841,0.693603515625,0.7539793353811785,3581,141,2188.757378721632,0.5343645944144609,0.7704179439358085,0.9834016652039518,5.935688380983265,0.5185563737108851
full,23,151,14752,2,21,21,168,2843,0.694091796875,0.754537838592572,3581,141,2192.148764362851,0.5351925694245242,0.7710688583759588,0.9834016652039518,5.935809764877808,0.5196429672944488
full,23,152,14848,8,25,25,167,2851,0.696044921875,0.756492599832449,3581,142,2199.3242971156997,0.5369444084755126,0.7714220614225533,0.9834016652039518,5.936645115975079,0.5219515904263162
full,23,153,14944,5,20,20,165,2856,0.697265625,0.757609606255236,3581,143,2203.927127256283,0.5380681463028034,0.7716831678068217,0.9834016652039518,5.937317775707493,0.5210346605682634
full,23,154,15040,11,22,22,164,2867,0.699951171875,0.7604021223122033,3581,144,2213.7513219232924,0.5404666313289288,0.7721490484559792,0.9834016652039518,5.939176389240172,0.524643515932781
full,23,155,15136,5,21,21,168,2872,0.701171875,0.7617983803406869,3581,144,2218.2380843739124,0.5415620323178497,0.7723670210215573,0.9834016652039518,5.93964495664417,0.5219704057605886
full,23,156,15232,8,24,24,171,2880,0.703125,0.7640323931862608,3581,144,2225.7547007307903,0.5433971437331031,0.7728314933093022,0.9855143191867239,5.940171821408876,0.5190787874990901
full,23,157,15328,9,26,26,171,2889,0.705322265625,0.7665456576375315,3581,144,2235.288290570397,0.5457246803150383,0.773723880432813,0.9855143191867239,5.939841488088975,0.5207048104174838
full,23,158,15424,4,19,19,170,2893,0.706298828125,0.7676626640603184,3581,144,2240.9177695682693,0.5470990648360032,0.7745999894809088,0.9855143191867239,5.940469147308674,0.5269239757245794
full,23,159,15520,10,29,29,168,2903,0.708740234375,0.7704551801172856,3581,144,2249.6748936701256,0.549237034587433,0.7749482926869189,0.9855143191867239,5.941625208801914,0.5222073953480209
full,23,160,15616,7,22,22,164,2910,0.71044921875,0.7724099413571628,3581,144,2256.9968936373966,0.5510246322356925,0.7756003070918889,0.9855143191867239,5.9418790905665615,0.5191055697267902
full,23,161,15712,7,36,36,167,2917,0.712158203125,0.7740854509913432,3581,145,2265.124084013656,0.5530088095736465,0.7765252259217196,0.9855143191867239,5.9422272983477935,0.5214479948543655
full,23,162,15808,12,31,31,167,2929,0.715087890625,0.777436470259704,3581,145,2276.4026195229126,0.5557623582819611,0.7771944757674676,0.9855143191867239,5.943763601592249,0.5184451698434799
full,23,163,15904,3,24,24,172,2932,0.7158203125,0.7782742250767942,3581,145,2280.6209089351496,0.5567922140954955,0.777837963484021,0.9855143191867239,5.944086093377102,0.5193398746899824
full,23,164,16000,6,23,23,171,2938,0.71728515625,0.7799497347109746,3581,145,2287.257555609239,0.5584124891624118,0.7785083579337096,0.9855143191867239,5.944777544138563,0.5232160850252972
full,23,165,16096,13,27,27,167,2951,0.720458984375,0.7835800055850322,3581,145,2299.445755386698,0.5613881238737055,0.7792089987755668,0.9855143191867239,5.946136657167621,0.5174348214083163
full,23,166,16192,5,15,15,166,2956,0.7216796875,0.7849762636135158,3581,145,2305.013508259799,0.56274743853999,0.7797745291812581,0.9855143191867239,5.946564250015716,0.525469620153149
full,23,167,16288,6,21,21,169,2962,0.72314453125,0.7866517732476962,3581,145,2310.5133797662675,0.5640901806069989,0.780051782500428,0.9855143191867239,5.946840121385852,0.5180702941958693
full,23,168,16384,4,24,24,166,2966,0.72412109375,0.7877687796704831,3581,145,2315.1545179170917,0.5652232709758525,0.780564571111629,0.9855143191867239,5.94731760531388,0.5257803506684928
full,23,169,16480,5,17,17,170,2971,0.725341796875,0.7891650376989667,3581,145,2320.407896190588,0.5665058340309053,0.7810191505185419,0.9855143191867239,5.947620544818591,0.5146858271075179
full,23,170,16576,4,23,23,170,2975,0.726318359375,0.7902820441217537,3581,145,2325.538598135666,0.5677584468104653,0.7816936464321566,0.9855143191867239,5.94754198151378,0.5235110507146516
full,23,171,16672,6,22,22,159,2981,0.727783203125,0.7919575537559341,3581,145,2331.647453445922,0.5692498665639458,0.7821695583515338,0.9855143191867239,5.94788292463512,0.5202886139350387
full,23,172,16768,7,27,27,166,2988,0.7294921875,0.7939123149958113,3581,145,2339.2011228897145,0.5710940241429967,0.7828651683031173,0.9855143191867239,5.948329951067947,0.5251269784108867
full,23,173,16864,4,22,22,166,2992,0.73046875,0.7950293214185982,3581,145,2344.338387574435,0.5723482391539148,0.7835355573443966,0.9855143191867239,5.9484227066631945,0.5274775466112761
full,23,174,16960,7,19,19,166,2999,0.732177734375,0.7967048310527786,3581,146,2350.4081404190074,0.5738301124069842,0.7837306236808961,0.9855143191867239,5.94898633235475,0.5190767597767327
full,23,175,17056,8,25,25,164,3007,0.734130859375,0.7989388438983525,3581,146,2358.2809556367474,0.5757521864347528,0.7842637032380271,0.9855143191867239,5.950114420276893,0.5285257622961951
full,23,176,17152,9,29,29,164,3016,0.736328125,0.801452108349623,3581,146,2366.8784592720895,0.577851186345725,0.7847740249575893,0.9855143191867239,5.950528797127442,0.5217877407600214
full,23,177,17248,6,18,18,165,3022,0.73779296875,0.8031276179838034,3581,146,2371.964869503545,0.5790929857186389,0.7848990302791347,0.9855143191867239,5.95113147524572,0.5228766634147904
full,23,178,17344,3,17,17,172,3025,0.738525390625,0.8039653728008936,3581,146,2375.1141848307466,0.579861861530944,0.7851617139936352,0.9855143191867239,5.951661825927015,0.520111530028381
full,23,179,17440,9,23,22,172,3034,0.74072265625,0.8059201340407708,3581,148,2382.608719068934,0.581691581803939,0.7853028078671503,0.9855143191867239,5.952816789915689,0.5177517620996468
full,23,180,17536,7,25,25,170,3041,0.742431640625,0.8075956436749512,3581,149,2388.8784171523603,0.583222269812588,0.7855568619376391,0.9855143191867239,5.953325620686383,0.5265496049236168
full,23,181,17632,7,24,24,164,3048,0.744140625,0.8092711533091316,3581,150,2395.181033897871,0.5847609946039725,0.7858205491790916,0.9855143191867239,5.953971558046161,0.5243787569066003
full,23,182,17728,4,19,19,165,3052,0.7451171875,0.8103881597319185,3581,150,2399.661149867727,0.5858547729169256,0.7862585681086917,0.9855143191867239,5.954427012235354,0.5208021660518036
full,23,183,17824,10,29,28,170,3062,0.74755859375,0.8131806757888858,3581,150,2409.468828416154,0.5882492256875376,0.7868938041855499,0.9855143191867239,5.955641915820946,0.5217312614521528
full,23,184,17920,4,22,22,177,3066,0.74853515625,0.8142976822116728,3581,150,2413.8799102458634,0.589326149962369,0.7873059067990422,0.9855143191867239,5.955812545060583,0.5145215173889237
full,23,185,18016,4,19,19,171,3070,0.74951171875,0.8154146886344597,3581,150,2418.2277385288517,0.5903876314767704,0.7876963317683556,0.9855143191867239,5.955998687496736,0.5284090177776728
full,23,186,18112,7,27,27,174,3077,0.751220703125,0.8173694498743368,3581,150,2425.1279425081966,0.5920722515889152,0.7881468776432228,0.9855143191867239,5.9564704642288575,0.5182263735220596
full,23,187,18208,2,15,15,167,3079,0.751708984375,0.8179279530857303,3581,150,2427.728954845572,0.5927072643665947,0.7884796865363988,0.9855143191867239,5.956667004999425,0.5239927958231819
full,23,188,18304,5,21,21,167,3084,0.7529296875,0.8193242111142139,3581,150,2432.642495050686,0.5939068591432339,0.7887945833497686,0.9855143191867239,5.956653375798412,0.5321588323661055
full,23,189,18400,6,21,21,174,3090,0.75439453125,0.8209997207483943,3581,150,2437.836770819861,0.5951749928759427,0.7889439387766541,0.9855143191867239,5.956946683130771,0.526354571399601
full,23,190,18496,4,21,21,167,3094,0.75537109375,0.8221167271711812,3581,150,2442.308640156745,0.5962667578507678,0.789369308389381,0.9855143191867239,5.95722345890349,0.5237007587073322
full,23,191,18592,5,22,22,169,3099,0.756591796875,0.8235129851996649,3581,150,2448.3264837633037,0.5977359579500253,0.7900375875325278,0.9855143191867239,5.957833807053425,0.5234804077163873
full,23,192,18688,7,25,25,170,3106,0.75830078125,0.825467746439542,3581,150,2454.9156226728933,0.5993446344416243,0.7903785005386006,0.9855143191867239,5.958106393679454,0.5237555328267601
full,23,193,18784,8,28,28,170,3114,0.76025390625,0.8277017592851159,3581,150,2463.1955486188035,0.6013661007370126,0.7910069199161218,0.9855143191867239,5.958695739435519,0.5224925973031381
full,23,194,18880,10,34,34,168,3124,0.7626953125,0.8304942753420832,3581,150,2473.0827091366227,0.6037799582853083,0.7916397916570496,0.9855143191867239,5.9586153851449986,0.5252413192766142
full,23,195,18976,2,19,19,176,3126,0.76318359375,0.8310527785534767,3581,150,2476.027518965661,0.6044989059974758,0.7920753419595844,0.9855143191867239,5.958527418223848,0.5241121423745692
full,23,196,19072,4,16,16,164,3130,0.76416015625,0.8321697849762636,3581,150,2479.352997385559,0.6053107903773337,0.7921255582701466,0.9855143191867239,5.958821200670062,0.5221743032518161
full,23,197,19168,9,24,24,171,3139,0.766357421875,0.8346830494275342,3581,150,2488.4467805659597,0.6075309522866112,0.7927514433150556,0.9855143191867239,5.958916687535281,0.5192759049265512
full,23,198,19264,5,24,24,167,3144,0.767578125,0.8358000558503211,3581,151,2492.8465716163655,0.6086051200235267,0.7928901309212358,0.9855143191867239,5.959277723274967,0.5323619362040195
full,23,199,19360,4,17,17,167,3148,0.7685546875,0.836917062273108,3581,151,2497.638416849443,0.6097750041136335,0.7934048338149438,0.9855143191867239,5.959675085736151,0.5258948336873506
full,23,200,19456,3,19,19,171,3151,0.769287109375,0.8377548170901983,3581,151,2501.009102572332,0.6105979254326982,0.7937191693342849,0.9855143191867239,5.959949212845983,0.5186843740458508
full,23,201,19552,7,30,30,168,3158,0.77099609375,0.8397095783300754,3581,151,2508.5556431394352,0.6124403425633387,0.7943494753449764,0.9855143191867239,5.960504605016697,0.517158294775467
full,23,202,19648,3,16,16,168,3161,0.771728515625,0.8405473331471656,3581,151,2512.350825457326,0.6133669007464175,0.7947962117865632,0.9855143191867239,5.960483730003093,0.5200483149693336
full,23,203,19744,4,23,23,175,3165,0.772705078125,0.8416643395699526,3581,151,2517.8102292926083,0.6146997630108907,0.7955166601240469,0.9855143191867239,5.960673481300219,0.5322383835858457
full,23,204,19840,6,18,18,163,3171,0.774169921875,0.8430605975984362,3581,152,2522.876749295643,0.6159367063710066,0.7956091924615715,0.9855143191867239,5.961171804902614,0.520682748820581
full,23,205,19936,3,20,20,162,3174,0.77490234375,0.8438983524155264,3581,152,2526.6677236142987,0.6168622372105221,0.7960515827392245,0.9855143191867239,5.961251742073481,0.5309291435251011
full,23,206,20032,2,22,22,159,3176,0.775390625,0.8444568556269199,3581,152,2530.3425304975476,0.6177594068597528,0.7967073458745427,0.9855143191867239,5.961557356434849,0.5222554719955136
full,23,207,20128,1,12,12,166,3177,0.775634765625,0.8447361072326166,3581,152,2531.648948409532,0.6180783565452959,0.7968677835724054,0.9855143191867239,5.961673164657206,0.5195996201517997
full,23,208,20224,7,25,25,169,3184,0.77734375,0.8466908684724938,3581,152,2538.343673586098,0.6197128109341059,0.7972184904478951,0.9855143191867239,5.962260432456434,0.524046359691364
full,23,209,20320,6,22,22,169,3190,0.77880859375,0.8483663781066741,3581,152,2544.1823896323476,0.6211382787188349,0.7975493384427422,0.9855143191867239,5.962724643410786,0.5277967678881575
full,23,210,20416,3,13,13,172,3193,0.779541015625,0.8489248813180675,3581,153,2547.027629443233,0.6218329173445393,0.7976910834460484,0.9855143191867239,5.962792978177632,0.5278145756410646
full,23,211,20512,3,27,27,171,3196,0.7802734375,0.8497626361351578,3581,153,2551.9962595712336,0.6230459618093832,0.7984969523063935,0.9855143191867239,5.962883447429159,0.5158184956747509
full,23,212,20608,4,21,21,165,3200,0.78125,0.8508796425579447,3581,153,2555.922005121379,0.6240043957815866,0.7987256266004309,0.9855143191867239,5.963106602978991,0.5172692908259107
full,23,213,20704,0,16,16,162,3200,0.78125,0.8508796425579447,3581,153,2557.161843949268,0.6243070908079268,0.7991130762341463,0.9855143191867239,5.963106602978991,0.5227263909813384
full,23,214,20800,3,17,17,165,3203,0.781982421875,0.8517173973750349,3581,153,2560.764112226664,0.6251865508365879,0.7994892638859394,0.9855143191867239,5.963191287636157,0.5141025968173061
full,23,215,20896,6,21,21,169,3209,0.783447265625,0.8533929070092153,3581,153,2566.8086298699673,0.6266622631518475,0.7998780398472942,0.9855143191867239,5.96328541902828,0.5204326536923702
full,23,216,20992,2,16,15,169,3211,0.783935546875,0.8539514102206087,3581,153,2569.7338313545697,0.6273764236705492,0.8002908225956306,0.9855143191867239,5.963582428955856,0.5184820729716795
full,23,217,21088,4,20,20,166,3215,0.784912109375,0.8550684166433957,3581,153,2573.9307495757757,0.6284010619081484,0.8006005441915321,0.9855143191867239,5.963983832210994,0.5207056604722459
full,23,218,21184,4,20,20,166,3219,0.785888671875,0.8561854230661826,3581,153,2578.365306828822,0.6294837174875054,0.8009833199219702,0.9855143191867239,5.96439760445519,0.5192261726786936
full,23,219,21280,3,22,22,172,3222,0.78662109375,0.8570231778832729,3581,153,2582.5053747177335,0.6304944762494467,0.8015224626684462,0.9855143191867239,5.964554638879191,0.5167428087877246
full,23,220,21376,3,20,20,165,3225,0.787353515625,0.8575816810946663,3581,154,2586.5604499921424,0.6314844848613629,0.802034248059579,0.9855143191867239,5.964589206899019,0.5225641395323253
full,23,221,21472,0,17,17,171,3225,0.787353515625,0.8575816810946663,3581,154,2588.174786912201,0.6318786100859866,0.8025348176471941,0.9855191959288975,5.964589206899019,0.519856895127699
full,23,222,21568,4,16,16,170,3229,0.788330078125,0.8584194359117565,3581,155,2592.032643721798,0.6328204696586421,0.8027354114963761,0.9855191959288975,5.9653125406539,0.5238851310112745
full,23,223,21664,3,24,24,166,3232,0.7890625,0.8592571907288467,3581,155,2596.028690383476,0.6337960669881533,0.8032266987572636,0.9855191959288975,5.9654336457697035,0.5218145975725912
full,23,224,21760,4,18,18,170,3236,0.7900390625,0.8603741971516337,3581,155,2600.2252688882186,0.6348206222871627,0.8035306764178674,0.9855191959288975,5.965661890858112,0.5164526574729145
full,23,225,21856,7,28,28,165,3243,0.791748046875,0.8623289583915108,3581,155,2606.994631013884,0.636473298587374,0.8038836358353019,0.9855191959288975,5.96592451017073,0.5197835659099834
full,23,226,21952,7,23,23,172,3250,0.79345703125,0.8642837196313878,3581,155,2613.7208260369025,0.6381154360441657,0.8042217926267392,0.9855191959288975,5.96646719040225,0.5223467295054743
full,23,227,22048,4,16,16,169,3254,0.79443359375,0.8651214744484781,3581,156,2618.6714186997756,0.6393240768309999,0.8047545847264215,0.9855191959288975,5.966680445233142,0.5231703604299911
full,23,228,22144,4,22,22,166,3258,0.79541015625,0.866238480871265,3581,156,2622.8584636581263,0.6403463046040347,0.8050517076912603,0.9855191959288975,5.9666013590320395,0.5231321829269732
full,23,229,22240,3,20,20,169,3261,0.796142578125,0.8670762356883552,3581,156,2626.450611357378,0.6412232937884224,0.8054126376440901,0.9855191959288975,5.9669571251994284,0.5222832760649219
full,23,230,22336,5,25,24,174,3266,0.79736328125,0.8684724937168389,3581,156,2632.7634762085254,0.642764520558722,0.8061125156792791,0.9855191959288975,5.967269569907285,0.5297341700971383
full,23,231,22432,2,16,16,163,3268,0.7978515625,0.8690309969282324,3581,156,2635.583865321139,0.6434530921194187,0.8064822109305811,0.9855191959288975,5.96739741293266,0.5295001344714008
full,23,232,22528,3,24,24,160,3271,0.798583984375,0.8698687517453225,3581,156,2639.7250637131874,0.6444641268831024,0.8070085795515706,0.9855191959288975,5.96739827254506,0.5152579798876048
full,23,233,22624,4,27,27,169,3275,0.799560546875,0.8709857581681094,3581,156,2645.704576298275,0.645923968822821,0.8078487255872595,0.9855191959288975,5.967542272040753,0.5216976158167208
full,23,234,22720,6,19,19,172,3281,0.801025390625,0.8726612678022898,3581,156,2651.1366088031764,0.647250148633588,0.8080270066452838,0.9855191959288975,5.967618267772474,0.5268169749460699
full,23,235,22816,5,20,20,169,3286,0.80224609375,0.8740575258307736,3581,156,2656.092453640859,0.6484600716896628,0.8083056767014177,0.9855191959288975,5.967600743151532,0.5249402129968583
full,23,236,22912,5,14,14,165,3291,0.803466796875,0.8754537838592572,3581,156,2660.7222502531567,0.6495903931282121,0.8084844273026912,0.9855191959288975,5.967724878461814,0.5148636562202333
full,23,237,23008,4,17,17,169,3295,0.804443359375,0.8762915386763473,3581,157,2665.172079163881,0.6506767771396194,0.8088534382894934,0.9855191959288975,5.967848870402724,0.525710321325254
full,23,238,23104,2,17,17,168,3297,0.804931640625,0.8768500418877408,3581,157,2667.4616355018343,0.65123575085494,0.8090572142862706,0.9855191959288975,5.9678541042067526,0.5266348496102058
full,23,239,23200,5,19,19,165,3302,0.80615234375,0.8779670483105277,3581,158,2672.013261181732,0.6523469875931963,0.8092105575959213,0.9855191959288975,5.968162172706825,0.519903833928621
full,23,240,23296,1,16,16,174,3303,0.806396484375,0.8782462999162245,3581,158,2673.7751213478286,0.6527771292353097,0.8094989770959214,0.9855191959288975,5.968207995202447,0.523786279351838
full,23,241,23392,5,26,26,173,3308,0.8076171875,0.8796425579447081,3581,158,2681.0253739751106,0.6545472104431422,0.8104671626285098,0.9855191959288975,5.968558206771968,0.5247276288946776
full,23,242,23488,5,18,18,161,3313,0.808837890625,0.8810388159731919,3581,158,2685.923751907467,0.6557431034930339,0.8107225330236845,0.9855191959288975,5.968742707588509,0.5269382729970966
full,23,243,23584,2,17,17,173,3315,0.809326171875,0.8815973191845853,3581,158,2688.7650009289473,0.6564367678049188,0.811090498017782,0.9855191959288975,5.968867154217373,0.5302607558069536
full,23,244,23680,4,21,21,167,3319,0.810302734375,0.8827143256073723,3581,158,2693.9417023738274,0.6577006109311102,0.8116727033364951,0.9855191959288975,5.968883165962167,0.5248261423656302
full,23,245,23776,5,22,22,174,3324,0.8115234375,0.8841105836358559,3581,158,2699.258360686126,0.6589986232143862,0.8120512517106275,0.9855191959288975,5.968917546151205,0.5224895378391496
full,23,246,23872,3,14,14,165,3327,0.812255859375,0.8849483384529461,3581,158,2702.8524879935258,0.6598760957015444,0.8123993050777054,0.9855191959288975,5.968826174377762,0.5288251250451035
full,23,247,23968,1,21,21,167,3328,0.8125,0.8852275900586428,3581,158,2705.653167284372,0.6605598552940362,0.8129967449772753,0.9855191959288975,5.968815126506624,0.5181224958731807
full,23,248,24064,4,23,23,170,3332,0.8134765625,0.8863445964814297,3581,158,2710.510824525091,0.661745806768821,0.8134786388130525,0.9855191959288975,5.96901936266144,0.5291341865313048
full,23,249,24160,3,18,17,177,3335,0.814208984375,0.88718235129852,3581,158,2714.2933596711846,0.6626692772634728,0.8138810673676715,0.9855191959288975,5.969277957647266,0.5333251557142401
full,23,250,24256,2,18,18,176,3337,0.814697265625,0.8877408545099135,3581,158,2716.931177176401,0.6633132756778323,0.8141837510267909,0.9855191959288975,5.969383681554313,0.5209961804110246
full,23,251,24352,6,22,22,175,3343,0.816162109375,0.8894163641440939,3581,158,2722.8909576475926,0.6647683002069318,0.8145052221500426,0.9855191959288975,5.969588682944561,0.5244213674305753
full,23,252,24448,3,21,21,165,3346,0.81689453125,0.890254118961184,3581,158,2726.951051438973,0.665759534042718,0.8149883596649651,0.9855191959288975,5.969586218771051,0.5281144132341816
full,23,253,24544,4,17,17,167,3350,0.81787109375,0.891371125383971,3581,158,2731.367133836425,0.6668376791592835,0.8153334727869926,0.9855191959288975,5.9698277867056015,0.5240848451634592
full,23,254,24640,2,19,19,171,3352,0.818359375,0.8916503769896676,3581,159,2734.4140990850346,0.6675815671594323,0.8157559961470867,0.9855191959288975,5.969837215138982,0.5203710381561819
full,23,255,24736,2,20,20,169,3354,0.81884765625,0.8922088802010611,3581,159,2737.890661809848,0.66843033735592,0.8163061007184997,0.9855191959288975,5.969885403606338,0.5198475047718844
full,23,256,24832,5,19,19,163,3359,0.820068359375,0.8936051382295448,3581,159,2742.4242666402224,0.6695371744727106,0.8164406867044425,0.9855191959288975,5.970269391077869,0.5223618843269664
full,23,257,24928,5,23,23,172,3364,0.8212890625,0.8950013962580284,3581,159,2747.4243028497212,0.6707578864379202,0.8167135264119266,0.9855191959288975,5.970688930874386,0.5229085603986352
full,23,258,25024,3,23,23,165,3367,0.822021484375,0.8958391510751187,3581,159,2751.1189937405834,0.6716599105811971,0.8170831582241115,0.9855191959288975,5.9708787945401784,0.5162703002104579
full,23,259,25120,5,20,20,163,3372,0.8232421875,0.8972354091036023,3581,159,2756.488202932776,0.6729707526691348,0.8174638798733025,0.9855191959288975,5.970985163360869,0.5214025015105608
full,23,260,25216,6,18,18,175,3378,0.82470703125,0.8989109187377827,3581,159,2761.2779861455247,0.6741401333363097,0.8174298360407118,0.9855191959288975,5.971004774346427,0.5227033299312183
full,23,261,25312,0,14,14,167,3378,0.82470703125,0.8989109187377827,3581,159,2762.5123564285823,0.6744414932686968,0.8177952505709243,0.9855191959288975,5.971004774346427,0.5188924400134058
full,23,262,25408,2,15,15,169,3380,0.8251953125,0.8994694219491762,3581,159,2764.935782651929,0.6750331500615061,0.8180283380627009,0.9855191959288975,5.971237890855328,0.5222181856067033
full,23,263,25504,8,26,26,161,3388,0.8271484375,0.9014241831890534,3581,160,2771.9613638571695,0.6767483798479418,0.8181704143616203,0.9855191959288975,5.97192247577677,0.5304991972836826
full,23,264,25600,4,19,19,162,3392,0.828125,0.9025411896118403,3581,160,2776.4501877424746,0.6778442841168151,0.8185289468580409,0.9855191959288975,5.972106303466864,0.5271383246155258
full,23,265,25696,1,12,12,168,3393,0.828369140625,0.902820441217537,3581,160,2777.938632995968,0.6782076740712812,0.8187263875614406,0.9855191959288975,5.9720726104629005,0.5204251734993226
full,23,266,25792,5,21,21,171,3398,0.82958984375,0.9042166992460207,3581,160,2782.6957381723114,0.6793690767022245,0.8189216416045648,0.9855191959288975,5.972227116922785,0.523919441681155
full,23,267,25888,2,11,11,168,3400,0.830078125,0.9047752024574142,3581,160,2784.6605234742938,0.6798487606138413,0.8190178010218511,0.9855191959288975,5.972270302558208,0.5212435608551899
full,23,268,25984,2,15,15,173,3402,0.83056640625,0.9053337056688076,3581,160,2787.6249644906866,0.680572501096359,0.8194076909143699,0.9855191959288975,5.972267483883822,0.515882664728798
full,23,269,26080,2,11,11,166,3404,0.8310546875,0.905892208880201,3581,160,2789.7005004950324,0.68107922375367,0.8195359872194572,0.9855191959288975,5.972454201608304,0.5222924950348631
full,23,270,26176,2,16,16,165,3406,0.83154296875,0.9064507120915946,3581,160,2792.790652073855,0.6818336552914686,0.8199620235096463,0.9855191959288975,5.972593682849899,0.5259022840873896
full,23,271,26272,3,18,18,170,3409,0.832275390625,0.9072884669086847,3581,160,2796.0885383784425,0.6826388033150494,0.8202078434668356,0.9855191959288975,5.972619973464335,0.5180799286057478
full,23,272,26368,4,20,20,163,3413,0.833251953125,0.9084054733314717,3581,160,2800.3950667278095,0.6836902018378441,0.8205083699759184,0.9855191959288975,5.9728346659872145,0.5148909408949647
full,23,273,26464,3,15,15,173,3416,0.833984375,0.9092432281485618,3581,160,2803.4963367990626,0.6844473478513337,0.8206956489458614,0.9857302648514245,5.973089868964997,0.5293091515558481
full,23,274,26560,3,14,14,172,3419,0.834716796875,0.9100809829656521,3581,160,2807.220545100993,0.6853565783937972,0.8210647982161431,0.9857302648514245,5.97326073474005,0.5299870636519427
full,23,275,26656,3,14,14,168,3422,0.83544921875,0.9109187377827422,3581,160,2810.7031368650887,0.6862068205237033,0.8213626934146957,0.9857302648514245,5.97333895335818,0.5298094070712647
full,23,276,26752,7,32,32,164,3429,0.837158203125,0.9128734990226194,3581,160,2818.268189460533,0.6880537571925129,0.8218921520736463,0.9857302648514245,5.9733996240780645,0.5177731035405191
full,23,277,26848,3,24,24,172,3432,0.837890625,0.9137112538397095,3581,160,2822.606216532613,0.6891128458331575,0.8224377087798989,0.9857302648514245,5.973579153215397,0.5307957925322244
full,23,278,26944,0,17,17,167,3432,0.837890625,0.9137112538397095,3581,160,2824.1601256290105,0.6894922181711451,0.8228904794956324,0.9857302648514245,5.973579153215397,0.5286114518889644
full,23,279,27040,0,11,11,169,3432,0.837890625,0.9137112538397095,3581,160,2825.120455771259,0.68972667377228,0.8231702959706466,0.9857302648514245,5.973579153215397,0.5220784448505849
full,23,280,27136,4,21,21,168,3436,0.8388671875,0.9148282602624965,3581,160,2828.8394653972346,0.6906346351067467,0.8232943729328389,0.9857302648514245,5.973670719324964,0.523360406177234
full,23,281,27232,5,21,21,170,3441,0.840087890625,0.9162245182909802,3581,160,2833.9014666826833,0.691870475264327,0.8235691562576819,0.9857302648514245,5.973655850063379,0.5329301132281774
full,23,282,27328,1,13,13,164,3442,0.84033203125,0.9165037698966769,3581,160,2835.703483702674,0.6923104208258481,0.8238534235045537,0.9857302648514245,5.973762127891643,0.5248868645903261
full,23,283,27424,1,18,18,171,3443,0.840576171875,0.9167830215023737,3581,160,2837.6487865008476,0.6927853482668085,0.8241791421727701,0.9857302648514245,5.973839883686926,0.5236702965653592
full,23,284,27520,4,12,12,172,3447,0.841552734375,0.9179000279251606,3581,160,2841.8285451736665,0.6938057971615397,0.8244353191684556,0.9857302648514245,5.97410107754365,0.5188571003758227
full,23,285,27616,1,20,20,167,3448,0.841796875,0.9181792795308573,3581,160,2844.7486793896037,0.6945187205541025,0.8250431204726228,0.9857302648514245,5.974096099992408,0.5249497039430877
full,23,286,27712,0,5,5,160,3448,0.841796875,0.9181792795308573,3581,160,2845.1498629605685,0.6946166657618575,0.8251594730164061,0.9857302648514245,5.974096099992408,0.5217054861412866
full,23,287,27808,0,20,20,170,3448,0.841796875,0.9181792795308573,3581,160,2847.3926181951083,0.6951642134265401,0.825809924070507,0.9857302648514245,5.974096099992408,0.5187087118581367
full,23,288,27904,3,19,19,172,3451,0.842529296875,0.9190170343479475,3581,160,2850.960063997045,0.6960351718742785,0.8261257791935801,0.9857302648514245,5.974136989689317,0.5188540922730489
full,23,289,28000,2,14,14,160,3453,0.843017578125,0.919575537559341,3581,160,2853.1390073472003,0.6965671404656251,0.8262783108448306,0.9857302648514245,5.974294944739066,0.5222553095584386
full,23,290,28096,1,18,18,167,3454,0.84326171875,0.9198547891650377,3581,160,2855.481416937453,0.6971390178069954,0.8267172602598301,0.9857302648514245,5.974364550283129,0.5279879924131532
full,23,291,28192,1,21,21,159,3455,0.843505859375,0.9201340407707345,3581,160,2858.3934145318203,0.6978499547196827,0.8273208146257077,0.9857302648514245,5.9743243331564315,0.526042109422979
full,23,292,28288,2,25,25,172,3457,0.843994140625,0.9206925439821279,3581,160,2861.5840697051617,0.6986289232678617,0.8277651344244031,0.9857302648514245,5.974449220836179,0.5283601125309113
full,23,293,28384,1,17,17,166,3458,0.84423828125,0.9209717955878246,3581,160,2864.0715468103713,0.6992362174830008,0.8282450974003387,0.9857302648514245,5.9744379149307125,0.5278755158124872
full,23,294,28480,4,18,18,162,3462,0.84521484375,0.9220888020106116,3581,160,2868.005834681512,0.7001967369827911,0.8284245622996858,0.9857302648514245,5.9744523513331735,0.5199597468102293
full,23,295,28576,1,12,12,174,3463,0.845458984375,0.9223680536163082,3581,160,2869.5857356555907,0.7005824549940407,0.8286415638624287,0.9857302648514245,5.974456677614821,0.5200299683293887
full,23,296,28672,4,22,22,166,3467,0.846435546875,0.9234850600390953,3581,160,2874.0661974500567,0.7016763177368303,0.828977847548329,0.9857302648514245,5.974605948756645,0.5309142892553604
full,23,297,28768,3,17,17,170,3470,0.84716796875,0.9243228148561854,3581,160,2877.7841697641516,0.7025840258213261,0.8293326137648852,0.9857302648514245,5.9745919150623195,0.5300766769454301
full,23,298,28864,4,21,21,172,3474,0.84814453125,0.9254398212789724,3581,160,2882.4485775289268,0.7037227972482731,0.8297203734971004,0.9857302648514245,5.9745534469406865,0.5213925845894338
full,23,299,28960,2,14,14,174,3476,0.8486328125,0.9259983244903658,3581,160,2884.7792163271747,0.7042918008611266,0.8299134684485543,0.9857302648514245,5.974568508713361,0.5253286258346612
full,23,300,29056,4,20,20,171,3480,0.849609375,0.9271153309131528,3581,160,2889.9539235614793,0.7055551571195018,0.8304465297590458,0.9857302648514245,5.974721888520567,0.5157176977763178
full,23,301,29152,1,16,16,175,3481,0.849853515625,0.9273945825188494,3581,160,2891.8888491057855,0.7060275510512172,0.8307638176115443,0.9857302648514245,5.974794059148777,0.5253529969026451
full,23,302,29248,4,18,17,167,3485,0.850830078125,0.9285115889416364,3581,160,2896.0077652617783,0.7070331458158639,0.8309921851540254,0.9857302648514245,5.974926392688721,0.5286809437541953
full,23,303,29344,3,10,10,171,3488,0.8515625,0.9293493437587266,3581,160,2899.16723710373,0.7078045012460278,0.8311832675182712,0.9857302648514245,5.975024590319633,0.5265952745506615
full,23,304,29440,1,16,16,173,3489,0.851806640625,0.9296285953644233,3581,160,2901.199018357861,0.7083005415912746,0.8315273770013932,0.9857302648514245,5.975088659553847,0.5216497885730079
full,23,305,29536,2,22,22,171,3491,0.852294921875,0.9301870985758168,3581,160,2904.416058460137,0.7090859517724943,0.8319725174620844,0.9857302648514245,5.975088925217094,0.5265967513742118
full,23,306,29632,0,13,13,181,3491,0.852294921875,0.9301870985758168,3581,160,2905.7918596593563,0.7094218407371475,0.8323666169176042,0.9857302648514245,5.975088925217094,0.5218164541722395
full,23,307,29728,0,19,19,163,3491,0.852294921875,0.9301870985758168,3581,160,2907.5614618038726,0.7098538725107111,0.8328735209979583,0.9857302648514245,5.975088925217094,0.520833745911794
full,23,308,29824,2,21,21,171,3493,0.852783203125,0.9307456017872103,3581,160,2911.252778773453,0.7107550729427375,0.8334534150510887,0.9857302648514245,5.975135631715897,0.5271591836835168
full,23,309,29920,4,18,18,168,3497,0.853759765625,0.9318626082099972,3581,160,2915.4362148726077,0.7117764196466327,0.833696372568661,0.9857302648514245,5.975404151458847,0.5282357730681839
full,23,310,30016,2,21,21,168,3499,0.854248046875,0.932141859815694,3581,161,2918.0632061838733,0.7124177749472347,0.8339706219445193,0.9857302648514245,5.975509384935378,0.5199218372683676
full,23,311,30112,2,15,15,173,3501,0.854736328125,0.9327003630270874,3581,161,2920.1097153244855,0.712917410967892,0.8340787533060513,0.9897309291485765,5.975630934022295,0.5284925275275716
full,23,312,30208,2,19,19,171,3503,0.855224609375,0.9332588662384809,3581,161,2923.2884036272353,0.7136934579168055,0.8345099639244178,0.9897309291485765,5.97567955315805,0.522635971885686
full,23,313,30304,2,13,13,167,3505,0.855712890625,0.9338173694498744,3581,161,2925.3543654135,0.7141978431185303,0.8346232140980029,0.9897309291485765,5.9756389028486625,0.5258841210312692
full,23,314,30400,3,12,12,174,3508,0.8564453125,0.9346551242669645,3581,161,2928.765090231325,0.715030539607257,0.8348817246953606,0.9897309291485765,5.975827682534254,0.5148703658660437
full,23,315,30496,1,10,10,176,3509,0.856689453125,0.9349343758726613,3581,161,2930.1693640126523,0.7153733798859014,0.8350439908841985,0.9897309291485765,5.975829510579047,0.5217645490254658
full,23,316,30592,0,19,19,169,3509,0.856689453125,0.9349343758726613,3581,161,2931.6848282500728,0.7157433662719904,0.8354758701197129,0.9897309291485765,5.975829510579047,0.5290192118923411
full,23,317,30688,0,15,15,173,3509,0.856689453125,0.9349343758726613,3581,161,2932.698583605137,0.7159908651379729,0.835764771617309,0.9897309291485765,5.975829510579047,0.5199197873278721
full,23,318,30784,4,22,22,166,3513,0.857666015625,0.9360513822954482,3581,161,2936.7759987097866,0.7169863278100065,0.8359738111898054,0.9897309291485765,5.975894870805272,0.5212426228998008
full,23,319,30880,0,18,18,170,3513,0.857666015625,0.9360513822954482,3581,161,2938.2302881908054,0.7173413789528333,0.8363877848536309,0.9897309291485765,5.975894870805272,0.523429321112855
full,23,320,30976,0,19,19,162,3513,0.857666015625,0.9360513822954482,3581,161,2939.842945579904,0.7177350941357188,0.8368468390492184,0.9897309291485765,5.975894870805272,0.5228361799179995
full,23,321,31072,2,16,16,170,3515,0.858154296875,0.9366098855068417,3581,161,2942.604776356803,0.7184093692277351,0.8371564086363593,0.9897309291485765,5.97589638450336,0.5209698439922643
full,23,322,31168,0,12,12,173,3515,0.858154296875,0.9366098855068417,3581,161,2943.2402614492016,0.7185645169553715,0.8373372009812807,0.9897309291485765,5.97589638450336,0.5253943177063363
full,23,323,31264,1,17,17,175,3516,0.8583984375,0.9368891371125384,3581,161,2946.0184716512517,0.7192427909304814,0.8378892126425631,0.9897309291485765,5.975870450773697,0.5241672920795397
full,23,324,31360,2,17,17,167,3518,0.85888671875,0.9374476403239319,3581,161,2948.6578395162796,0.7198871678506542,0.8381631152689822,0.9897309291485765,5.97587612480271,0.5307724218185734
full,23,325,31456,1,13,13,168,3519,0.859130859375,0.9377268919296285,3581,161,2950.431993408367,0.7203203108907146,0.8384290973027471,0.9897309291485765,5.976249280338265,0.5268051490937008
full,23,326,31552,1,15,15,168,3520,0.859375,0.9380061435353253,3581,161,2952.036930713645,0.7207121412875109,0.8386468553163764,0.9897309291485765,5.97627504220698,0.5295317603151273
full,23,327,31648,0,12,12,169,3520,0.859375,0.9380061435353253,3581,161,2952.79054383888,0.720896128866914,0.8388609499542272,0.9897309291485765,5.97627504220698,0.5240801982670529
full,23,328,31744,1,15,15,166,3521,0.859619140625,0.938285395141022,3581,161,2954.650864746439,0.721350308775986,0.8391510550259695,0.9897309291485765,5.976325015934327,0.5259024494979365
full,23,329,31840,1,14,14,172,3522,0.85986328125,0.9385646467467188,3581,161,2956.193678842539,0.7217269723736668,0.8393508457815273,0.9897309291485765,5.976358852244578,0.5207433099383723
full,23,330,31936,2,18,18,170,3524,0.8603515625,0.9391231499581123,3581,161,2958.1754903621404,0.7222108130766944,0.8394368587860784,0.9897309291485765,5.976301761489341,0.5318751019056812
full,23,331,32032,0,10,10,171,3524,0.8603515625,0.9391231499581123,3581,161,2959.0957603440256,0.7224354883652406,0.8396980023677711,0.9897309291485765,5.976301761489341,0.524655778419502
full,23,332,32128,0,14,14,171,3524,0.8603515625,0.9391231499581123,3581,161,2960.1331226072643,0.7226887506365391,0.8399923730440592,0.9897309291485765,5.976301761489341,0.5232992957084844
full,23,333,32224,6,12,12,174,3530,0.86181640625,0.9407986595922927,3581,161,2965.300717756186,0.7239503705459438,0.8400285319422622,0.9897309291485765,5.976452155147924,0.5200028348004073
full,23,334,32320,1,15,15,170,3531,0.862060546875,0.9410779111979893,3581,161,2967.092675187213,0.7243878601531282,0.840298123813994,0.9897309291485765,5.9764563489431595,0.5192793306525443
full,23,335,32416,2,11,11,170,3533,0.862548828125,0.9416364144093828,3581,161,2969.5122084576715,0.7249785665179862,0.8405072766650641,0.9897309291485765,5.976542823759207,0.5202011104261057
full,23,336,32512,0,12,12,166,3533,0.862548828125,0.9416364144093828,3581,161,2970.3840841579286,0.7251914267963693,0.8407540572199061,0.9897309291485765,5.976542823759207,0.5267682085246113
full,23,337,32608,0,15,15,171,3533,0.862548828125,0.9416364144093828,3581,161,2971.7262256314025,0.7255190980545416,0.8411339444187383,0.9897309291485765,5.976542823759207,0.523097571256804
full,23,338,32704,0,21,21,166,3533,0.862548828125,0.9416364144093828,3581,161,2972.5907741110614,0.7257301694607083,0.8413786510362472,0.9897309291485765,5.976542823759207,0.5264163437313003
full,23,339,32800,1,16,16,166,3534,0.86279296875,0.9419156660150796,3581,161,2974.5709825388494,0.7262136187838988,0.8417009005486275,0.9897309291485765,5.976562318207708,0.5320061179194452
full,23,340,32896,0,21,21,169,3534,0.86279296875,0.9419156660150796,3581,161,2976.077214082932,0.7265813510944659,0.8421271120777963,0.9897309291485765,5.976562318207708,0.5206821283867564
full,23,341,32992,2,21,21,169,3536,0.86328125,0.9421949176207763,3581,162,2978.344116832925,0.7271347941486633,0.8422918882446054,0.9897309291485765,5.9766029053916165,0.5219007707745595
full,23,342,33088,3,16,16,168,3539,0.864013671875,0.9430326724378665,3581,162,2981.645642396255,0.7279408306631482,0.842510777732765,0.9897309291485765,5.976575333317152,0.5211305675911606
full,23,343,33184,2,15,15,168,3541,0.864501953125,0.94359117564926,3581,162,2984.353687795879,0.7286019745595408,0.8427996859067718,0.9897309291485765,5.977025978198236,0.5301021795789382
full,23,344,33280,2,17,17,167,3543,0.864990234375,0.9441496788606535,3581,162,2987.2111186686434,0.7292995895187118,0.8431304314616549,0.9897309291485765,5.977001536153178,0.5246950378122326
full,23,345,33376,2,14,13,161,3545,0.865478515625,0.9447081820720469,3581,162,2989.9739647808733,0.7299741124953304,0.8434341226462266,0.9897309291485765,5.976977096590969,0.5243072393727328
full,23,346,33472,0,11,11,167,3545,0.865478515625,0.9447081820720469,3581,162,2990.8523595006372,0.7301885643312103,0.8436819067702785,0.9897309291485765,5.976977096590969,0.5240460575037205
full,23,347,33568,1,14,14,164,3546,0.86572265625,0.9449874336777436,3581,162,2992.3706241054383,0.7305592344007418,0.8438721444177772,0.9897309291485765,5.977013283397957,0.5189737726403792
full,23,348,33664,2,17,17,167,3548,0.8662109375,0.9455459368891371,3581,162,2995.258816206184,0.7312643594253379,0.8442104893478534,0.9897309291485765,5.9769482876818225,0.5227634853735112
full,23,349,33760,4,11,11,173,3552,0.8671875,0.946662943311924,3581,162,2998.517686257588,0.7320599819964815,0.8441772765364831,0.9897309291485765,5.9774342231565925,0.524926730589266
full,23,350,33856,2,23,23,161,3554,0.86767578125,0.9472214465233175,3581,162,3001.934737808777,0.7328942230978459,0.8446636853710683,0.9897309291485765,5.977510348690327,0.5293185413430879
full,23,351,33952,0,20,20,168,3554,0.86767578125,0.9472214465233175,3581,162,3003.5938455014916,0.7332992786868876,0.8451305136470151,0.9897309291485765,5.977510348690327,0.5181115987679422
full,23,352,34048,2,14,14,172,3556,0.8681640625,0.947779949734711,3581,162,3005.7349676181393,0.7338220135786473,0.8452573024797917,0.9897309291485765,5.977474333018373,0.5154283413263595
full,23,353,34144,2,17,17,170,3558,0.86865234375,0.9483384529461044,3581,162,3008.609305966716,0.7345237563395303,0.8455900241615278,0.9897309291485765,5.977510401524233,0.5270129634104961
full,23,354,34240,3,22,22,172,3561,0.869384765625,0.9491762077631947,3581,162,3012.3175941531235,0.7354291001350399,0.8459190098717,0.9897309291485765,5.977595527338039,0.5233889805303753
full,23,355,34336,1,12,12,176,3562,0.86962890625,0.9494554593688914,3581,162,3013.7861329231077,0.7357876301081806,0.8460938048633093,0.9897309291485765,5.977625412244061,0.5242506352773981
full,23,356,34432,1,14,14,161,3563,0.869873046875,0.9497347109745881,3581,162,3015.8493583175486,0.7362913472454953,0.8464354078915377,0.9897309291485765,5.977663181264535,0.5329837715629978
full,23,357,34528,0,10,9,165,3563,0.869873046875,0.9497347109745881,3581,162,3016.332352593191,0.736409265769822,0.8465709662063404,0.9897309291485765,5.977663181264535,0.524570202210662
full,23,358,34624,0,17,17,161,3563,0.869873046875,0.9497347109745881,3581,162,3017.540869341131,0.736704313803987,0.8469101513727564,0.9897309291485765,5.977663181264535,0.5195005451620484
full,23,359,34720,2,12,12,173,3565,0.870361328125,0.9502932141859816,3581,162,3019.1912920534214,0.7371072490364798,0.8468979781356021,0.9897309291485765,5.977602218337118,0.5310078416900097
full,23,360,34816,3,17,17,168,3568,0.87109375,0.9511309690030718,3581,162,3022.149482973846,0.7378294636166616,0.8470149896227146,0.9897309291485765,5.977529248985494,0.5287799946875247
full,23,361,34912,0,18,18,176,3568,0.87109375,0.9511309690030718,3581,162,3023.156902668301,0.7380754156905032,0.8472973381917884,0.9897309291485765,5.977529248985494,0.5239995899969917
full,23,362,35008,0,17,17,169,3568,0.87109375,0.9511309690030718,3581,162,3024.3281472774343,0.7383613640814048,0.8476256018154243,0.9897309291485765,5.977529248985494,0.5215299525531953
full,23,363,35104,2,11,11,164,3570,0.87158203125,0.9516894722144652,3581,162,3026.1465420618047,0.7388053081205578,0.8476600958156315,0.9897309291485765,5.977606318514297,0.5152365517772388
full,23,364,35200,0,14,14,165,3570,0.87158203125,0.9516894722144652,3581,162,3026.8370975386397,0.7389739007662695,0.847853528722308,0.9897309291485765,5.977606318514297,0.5234272186948479
full,23,365,35296,1,13,13,170,3571,0.871826171875,0.951968723820162,3581,162,3028.6595096369333,0.7394188255949544,0.8481264378708858,0.9897309291485765,5.977566703612045,0.5226323075921313
full,23,366,35392,1,15,15,167,3572,0.8720703125,0.9522479754258587,3581,162,3030.194506048269,0.7397935805781907,0.8483187306966039,0.9897309291485765,5.977567987925143,0.5260081678579179
full,23,367,35488,1,18,18,167,3573,0.872314453125,0.9522479754258587,3581,163,3031.6830150609,0.7401569860988525,0.8484979051387909,0.9897309291485765,5.9778053041765356,0.5275220430024128
full,23,368,35584,3,16,16,167,3576,0.873046875,0.9530857302429488,3581,163,3034.9576638894487,0.7409564609105099,0.8487018075753492,0.9897309291485765,5.977917851696032,0.5198000543467322
full,23,369,35680,0,14,14,170,3576,0.873046875,0.9530857302429488,3581,163,3035.978754091925,0.7412057505107239,0.8489873473411423,0.9897309291485765,5.977917851696032,0.5274748966567636
full,23,370,35776,3,20,20,168,3579,0.873779296875,0.9539234850600391,3581,163,3039.531910879752,0.742073220429627,0.8492684858563152,0.9897309291485765,5.977892526437994,0.5313984786183529
full,23,371,35872,0,13,13,172,3579,0.873779296875,0.9539234850600391,3581,163,3040.7257174039805,0.7423646771005812,0.8496020445386925,0.9897309291485765,5.977892526437994,0.5265761009499326
full,23,372,35968,2,14,14,176,3581,0.874267578125,0.9544819882714326,3581,163,3042.49130969255,0.7427957299054078,0.84962058355,0.9897309291485765,5.97799728088102,0.5145843381219382
full,23,373,36064,2,23,23,169,3583,0.874755859375,0.955040491482826,3581,163,3046.60689230318,0.743800510816206,0.8502949741287134,0.9897309291485765,5.978048160224981,0.5251903751475955
full,23,374,36160,1,11,11,172,3584,0.875,0.9553197430885227,3581,163,3048.0431320718226,0.7441511552909723,0.8504584631896827,0.9897309291485765,5.97807261878809,0.5253386355832319
full,23,375,36256,0,14,14,168,3584,0.875,0.9553197430885227,3581,163,3048.5838095106155,0.7442831566188026,0.8506093218500601,0.9897309291485765,5.97807261878809,0.5253677680396956
full,23,376,36352,1,10,10,172,3585,0.875244140625,0.9555989946942195,3581,163,3049.7848389517676,0.7445763766972089,0.8507070680479129,0.9897309291485765,5.978104769372683,0.5302685774000485
full,23,377,36448,1,15,15,160,3586,0.87548828125,0.9558782462999162,3581,163,3051.767151579577,0.7450603397411076,0.8510226301114269,0.9897309291485765,5.978093477313047,0.5267701464109036
full,23,378,36544,4,19,19,169,3590,0.87646484375,0.9569952527227031,3581,163,3055.7434932939987,0.7460311262924801,0.8511820315582169,0.9897309291485765,5.977996233942894,0.5228620247561442
full,23,379,36640,2,14,14,164,3592,0.876953125,0.9575537559340966,3581,163,3058.162193539244,0.746621629282042,0.851381456998676,0.9897309291485765,5.97803404360469,0.5182667585780951
full,23,380,36736,2,21,21,165,3594,0.87744140625,0.9578330075397934,3581,164,3060.6169545882613,0.7472209361787747,0.8515906940980137,0.9897309291485765,5.978070225012863,0.5317776155536913
full,23,381,36832,2,15,15,177,3596,0.8779296875,0.9583915107511868,3581,164,3062.8793958829897,0.7477732900104955,0.8517462168751362,0.9897309291485765,5.978362933612765,0.5270241854002615
full,23,382,36928,2,14,14,167,3598,0.87841796875,0.9589500139625803,3581,164,3065.134137742699,0.7483237640973386,0.8518994268323232,0.9897309291485765,5.978358621880698,0.5229833073121436
full,23,383,37024,4,21,21,178,3602,0.87939453125,0.9600670203853672,3581,164,3068.991688541254,0.7492655489602671,0.8520243444034575,0.9897309291485765,5.978399436245931,0.5310727242320114
full,23,384,37120,4,18,18,166,3606,0.88037109375,0.9611840268081542,3581,164,3073.075547300947,0.7502625847902703,0.8522117435665411,0.9897309291485765,5.978399092708487,0.5212984731814194
full,23,385,37216,0,12,12,171,3606,0.88037109375,0.9611840268081542,3581,164,3074.089267586408,0.7505100750943379,0.8524928640006677,0.9897309291485765,5.978399092708487,0.5275747233113635
full,23,386,37312,1,10,10,173,3607,0.880615234375,0.9614632784138509,3581,164,3075.5265811018353,0.7508609817143153,0.8526549989192779,0.9897309291485765,5.978418449660248,0.5213616742345007
full,23,387,37408,3,12,12,171,3610,0.88134765625,0.9623010332309411,3581,164,3078.5758401661155,0.7516054297280556,0.8527910914587578,0.9897309291485765,5.9784035872560555,0.524941818745637
full,23,388,37504,1,16,16,175,3611,0.881591796875,0.9625802848366378,3581,164,3080.3386887661836,0.7520358126870565,0.8530431151387936,0.9897309291485765,5.978375085656378,0.5194733305170004
full,23,389,37600,0,14,14,171,3611,0.881591796875,0.9625802848366378,3581,164,3081.4160307285797,0.7522988356270947,0.8533414651699196,0.9897309291485765,5.978375085656378,0.5190996002545113
full,23,390,37696,3,10,10,158,3614,0.88232421875,0.963418039653728,3581,164,3083.7329790101685,0.7528644968286544,0.8532742055921883,0.9897309291485765,5.978435189091568,0.5253562860029135
full,23,391,37792,0,13,13,170,3614,0.88232421875,0.963418039653728,3581,164,3085.1378380623155,0.7532074799956825,0.8536629325020242,0.9897309291485765,5.978435189091568,0.5185737053654133
full,23,392,37888,2,19,19,170,3616,0.8828125,0.9639765428651215,3581,164,3087.8724556276675,0.7538751112372235,0.8539470286580939,0.9897309291485765,5.978454795372141,0.5283059962755061
full,23,393,37984,0,18,18,177,3616,0.8828125,0.9639765428651215,3581,164,3089.6317234744984,0.7543046199888912,0.8544335518458237,0.9897309291485765,5.978454795372141,0.5310903745024118
full,23,394,38080,4,15,15,172,3620,0.8837890625,0.9650935492879084,3581,164,3092.946117630653,0.7551137982496712,0.8544050048703462,0.9897309291485765,5.978720433616946,0.5234442729276358
full,23,395,38176,1,12,12,169,3621,0.884033203125,0.9653728008936051,3581,164,3094.760803891031,0.7555568368874588,0.8546702026763411,0.9897309291485765,5.978686598737536,0.523918734610552
full,23,396,38272,1,12,12,164,3622,0.88427734375,0.9656520524993019,3581,164,3096.066146408069,0.7558755240254075,0.8547946290469545,0.9897309291485765,5.978652892542346,0.5275564234242922
full,23,397,38368,2,12,12,172,3624,0.884765625,0.9662105557106954,3581,164,3098.335367734593,0.7564295331383284,0.8549490529068966,0.9897309291485765,5.978710918016128,0.5281701817452682
full,23,398,38464,1,19,19,164,3625,0.885009765625,0.9664898073163921,3581,164,3100.6161689519827,0.7569863693730426,0.8553423914350297,0.9897309291485765,5.978677562555559,0.5244460517830651
full,23,399,38560,2,16,16,165,3627,0.885498046875,0.9670483105277855,3581,164,3103.4230017360815,0.757671631283223,0.8556446103490712,0.9897309291485765,5.978681925284338,0.5206298137496761
full,23,400,38656,2,17,17,178,3629,0.885986328125,0.967606813739179,3581,164,3106.7431091837366,0.7584822043905607,0.8560879330900348,0.9897309291485765,5.97865698383073,0.5225057362813484
full,23,401,38752,1,12,12,173,3630,0.88623046875,0.9678860653448758,3581,164,3108.146646328336,0.7588248648262539,0.8562387455449961,0.9897309291485765,5.9786860340038395,0.5206848498279437
full,23,402,38848,0,10,10,170,3630,0.88623046875,0.9678860653448758,3581,164,3108.6248245275347,0.7589416075506676,0.8563704750764558,0.9897309291485765,5.9786860340038395,0.5243689691481689
full,23,403,38944,1,14,14,166,3631,0.886474609375,0.9678860653448758,3581,165,3110.4119900149944,0.7593779272497545,0.8566268218163026,0.9897309291485765,5.97877953466373,0.5145454550423121
full,23,404,39040,2,22,22,175,3633,0.886962890625,0.9684445685562691,3581,165,3113.6822356857456,0.7601763270717152,0.8570553910503016,0.9897309291485765,5.978767221208296,0.5271246862835364
full,23,405,39136,0,10,10,169,3633,0.886962890625,0.9684445685562691,3581,165,3114.342638689606,0.7603375582738295,0.8572371700219119,0.9897309291485765,5.978767221208296,0.5203584175208907
full,23,406,39232,0,12,12,177,3633,0.886962890625,0.9684445685562691,3581,165,3115.6102728537553,0.7606470392709364,0.85758609217004,0.9897309291485765,5.978767221208296,0.5248311850922317
full,23,407,39328,1,14,14,163,3634,0.88720703125,0.9684445685562691,3581,166,3117.633095005945,0.7611408923354358,0.8579067405079651,0.9897309291485765,5.97878207553266,0.5225997161320499
full,23,408,39424,3,22,22,170,3637,0.887939453125,0.9692823233733594,3581,166,3121.8832468488736,0.7621785270627133,0.8583676785396958,0.9897309291485765,5.978789457545693,0.5288787653461159
full,23,409,39520,0,16,16,166,3637,0.887939453125,0.9692823233733594,3581,166,3122.655583517215,0.7623670858196325,0.8585800339612909,0.9897309291485765,5.978789457545693,0.5254945130399831
full,23,410,39616,1,15,15,163,3638,0.88818359375,0.9695615749790562,3581,166,3124.5908748226425,0.7628395690484967,0.8588759963778566,0.9897309291485765,5.978757619495933,0.5207454319534124
full,23,411,39712,0,8,8,169,3638,0.88818359375,0.9695615749790562,3581,166,3125.356217569505,0.763026420305055,0.8590863709646798,0.9897309291485765,5.978757619495933,0.5255698870864859
full,23,412,39808,0,12,12,171,3638,0.88818359375,0.9695615749790562,3581,166,3125.9416084983395,0.7631693380122899,0.8592472810605661,0.9897309291485765,5.978757619495933,0.526086909135118
full,23,413,39904,2,20,20,171,3640,0.888671875,0.9701200781904495,3581,166,3128.882914113898,0.7638874302035884,0.8595832181631589,0.9897309291485765,5.978788612127515,0.5276234713212928
full,23,414,40000,0,12,12,161,3640,0.888671875,0.9701200781904495,3581,166,3129.4532311107605,0.7640266677516505,0.8597398986568023,0.9897309291485765,5.978788612127515,0.529078775369807
full,23,415,40096,1,14,14,176,3641,0.888916015625,0.9703993297961463,3581,166,3131.635080193426,0.7645593457503481,0.8601030157081642,0.9897309291485765,5.978757127200733,0.5268050850962643
full,23,416,40192,1,14,14,171,3642,0.88916015625,0.970678581401843,3581,166,3133.55375631726,0.7650277725383936,0.8603936727944153,0.9897309291485765,5.978745254387666,0.5220006764656488
full,23,417,40288,0,17,17,165,3642,0.88916015625,0.970678581401843,3581,166,3134.331970041098,0.7652177661233149,0.8606073503682312,0.9897309291485765,5.978745254387666,0.5233868503763521
full,23,418,40384,1,12,12,177,3643,0.889404296875,0.9709578330075398,3581,166,3136.2663080525017,0.7656900166143803,0.8609020884031023,0.9897309291485765,5.978726896216953,0.5187453370925859
full,23,419,40480,1,14,14,169,3644,0.8896484375,0.9712370846132365,3581,166,3137.871578802987,0.766081928418698,0.861106360813114,0.9897309291485765,5.978708656798917,0.5239834439738502
full,23,420,40576,0,13,13,171,3644,0.8896484375,0.9712370846132365,3581,166,3138.318098462237,0.766190942007382,0.8612288963946862,0.9897309291485765,5.978708656798917,0.5250197595719907
full,23,421,40672,0,18,18,164,3644,0.8896484375,0.9712370846132365,3581,166,3139.441181027647,0.7664651320868279,0.8615370968791567,0.9897309291485765,5.978708656798917,0.5257334343790425
full,23,422,40768,1,15,15,170,3645,0.889892578125,0.9715163362189333,3581,166,3140.9780949249475,0.766840355206286,0.8617223854389431,0.9897309291485765,5.978697132996581,0.5217233720441672
full,23,423,40864,0,8,8,154,3645,0.889892578125,0.9715163362189333,3581,166,3141.4097644032113,0.7669457432625028,0.8618408132793447,0.9897309291485765,5.978697132996581,0.5243471153108363
full,23,424,40960,0,17,17,164,3645,0.889892578125,0.9715163362189333,3581,166,3142.516735918944,0.767215999980211,0.8621445091684345,0.9897309291485765,5.978697132996581,0.5180605486303969
full,23,425,41056,1,23,23,171,3646,0.89013671875,0.9717955878246299,3581,166,3144.863932770239,0.7677890460864841,0.8625518191909597,0.9897309291485765,5.978774855125984,0.5207806712196181
full,23,426,41152,1,14,14,167,3647,0.890380859375,0.9720748394303267,3581,166,3146.168217050441,0.7681074748658303,0.862672941335465,0.9897309291485765,5.978777062405935,0.5245357228981464
full,23,427,41248,0,10,10,167,3647,0.890380859375,0.9720748394303267,3581,166,3146.8458540411216,0.7682729135842582,0.8628587480233402,0.9897309291485765,5.978777062405935,0.5273631923332442
full,23,428,41344,1,17,17,173,3648,0.890625,0.9723540910360234,3581,166,3148.5370444722416,0.7686858018731059,0.8630858126294522,0.9897309291485765,5.978779376914368,0.5211236393501686
full,23,429,41440,0,10,10,174,3648,0.890625,0.9723540910360234,3581,166,3149.7104459930097,0.7689722768537621,0.8634074687480838,0.9897309291485765,5.978779376914368,0.5292352973562724
full,23,430,41536,2,18,17,169,3650,0.89111328125,0.9729125942474169,3581,166,3152.2284948093875,0.7695870348655731,0.8636242451532569,0.9897309291485765,5.978791505291541,0.5329978936393007
full,23,431,41632,1,11,11,163,3651,0.891357421875,0.9731918458531137,3581,166,3154.159255257913,0.7700584119282015,0.8639165311580151,0.9897309291485765,5.978830087364165,0.5261532463474481
full,23,432,41728,0,18,18,171,3651,0.891357421875,0.9731918458531137,3581,166,3155.340965800907,0.770346915478737,0.8642401987950991,0.9897309291485765,5.978830087364165,0.528656825940198
full,23,433,41824,0,12,12,171,3651,0.891357421875,0.9731918458531137,3581,166,3155.891076597929,0.7704812198725413,0.8643908728014048,0.9897309291485765,5.978830087364165,0.5240305726423745
full,23,434,41920,1,15,15,165,3652,0.8916015625,0.9734710974588104,3581,166,3157.485157989198,0.7708703998997065,0.8645906785293532,0.9897309291485765,5.978853986415978,0.5318516853940636
full,23,435,42016,0,15,15,169,3652,0.8916015625,0.9734710974588104,3581,166,3158.5258017948445,0.7711244633288195,0.8648756302833638,0.9897309291485765,5.978853986415978,0.517027720393352
full,23,436,42112,0,8,8,172,3652,0.8916015625,0.9734710974588104,3581,166,3158.8032463226273,0.7711921988092352,0.8649516008550459,0.9897309291485765,5.978853986415978,0.5253194333203537
full,23,437,42208,1,11,11,176,3653,0.891845703125,0.9737503490645071,3581,166,3160.1308205226264,0.7715163136041568,0.8650782426834455,0.9897309291485765,5.978836731489297,0.5244847850018294
full,23,438,42304,2,21,21,171,3655,0.892333984375,0.9743088522759006,3581,166,3162.7159770250473,0.7721474553283807,0.8653121688167024,0.9897309291485765,5.978852087445214,0.5282639904897393
full,23,439,42400,1,14,14,165,3656,0.892578125,0.9745881038815973,3581,166,3164.3780375860533,0.7725532318325325,0.8655300978080015,0.9897309291485765,5.978841748320823,0.5220462383937228
full,23,440,42496,3,17,16,170,3659,0.893310546875,0.9754258586986875,3581,166,3168.181583806914,0.7734818319841099,0.8658599573126303,0.9897309291485765,5.978819949952724,0.5193297525397915
full,23,441,42592,2,20,20,163,3661,0.893798828125,0.975984361910081,3581,166,3170.3612012712647,0.7740139651541174,0.8659823002653004,0.9897309291485765,5.978851889151809,0.5265862697083485
full,23,442,42688,0,13,13,167,3661,0.893798828125,0.975984361910081,3581,166,3171.6378438305687,0.7743256454664474,0.8663310144306389,0.9897309291485765,5.978851889151809,0.5269080771831673
full,23,443,42784,1,16,15,171,3662,0.89404296875,0.9762636135157777,3581,166,3173.421858918401,0.7747611960250003,0.8665816108460953,0.9897309291485765,5.978884090463328,0.5245040326692492
full,23,444,42880,0,13,13,166,3662,0.89404296875,0.9762636135157777,3581,166,3174.1337496738124,0.7749349974789581,0.8667760102877696,0.9897309291485765,5.978884090463328,0.5190264523449131
full,23,445,42976,1,10,10,172,3663,0.894287109375,0.9765428651214745,3581,166,3175.7104771162167,0.7753199407022013,0.8669698272225543,0.9897309291485765,5.978887982650096,0.5202387408257041
full,23,446,43072,2,21,21,164,3665,0.894775390625,0.9771013683328679,3581,166,3178.601801628446,0.7760258304756948,0.8672856211810221,0.9897309291485765,5.978875836302958,0.5345850154199975
full,23,447,43168,0,14,14,173,3665,0.894775390625,0.9771013683328679,3581,166,3179.263434796552,0.7761873620108769,0.8674661486484453,0.9897309291485765,5.978875836302958,0.5246908032841389
full,23,448,43264,1,11,11,164,3666,0.89501953125,0.9773806199385646,3581,166,3180.7443117214616,0.7765489042288725,0.8676334729191112,0.9897309291485765,5.978893981992796,0.5247896844197024
full,23,449,43360,0,18,18,168,3666,0.89501953125,0.9773806199385646,3581,166,3182.203216854484,0.7769050822398642,0.868031428492767,0.9897309291485765,5.978893981992796,0.5254954312442885
full,23,450,43456,1,16,16,168,3667,0.895263671875,0.9776598715442614,3581,166,3183.8643944745713,0.7773106431822684,0.8682477214274806,0.9897309291485765,5.978871837249359,0.522916073362533
full,23,451,43552,0,15,15,174,3667,0.895263671875,0.9776598715442614,3581,166,3184.859908697899,0.777553688646948,0.8685192006266427,0.9897309291485765,5.978871837249359,0.5247486476477728
full,23,452,43648,0,9,9,164,3667,0.895263671875,0.9776598715442614,3581,166,3185.298303247017,0.7776607185661663,0.8686387519081039,0.9897309291485765,5.978871837249359,0.530232840564781
full,23,453,43744,2,17,17,164,3669,0.895751953125,0.9782183747556549,3581,166,3188.0351299237154,0.7783288891415321,0.8689111828628279,0.9897309291485765,5.978908637313676,0.5282907126724516
full,23,454,43840,2,16,16,169,3671,0.896240234375,0.9787768779670483,3581,166,3190.5126180075026,0.778933744630738,0.8691126717536101,0.9897309291485765,5.978871792232292,0.5239831269638884
full,23,455,43936,1,19,19,175,3672,0.896484375,0.979056129572745,3581,166,3192.026364123467,0.7793033115535808,0.86928822552382,0.9897309291485765,5.978869868194678,0.5268867725075164
full,23,456,44032,0,8,8,170,3672,0.896484375,0.979056129572745,3581,166,3192.283808104462,0.7793661640880034,0.8693583355404308,0.9897309291485765,5.978869868194678,0.5269336348533615
full,23,457,44128,1,7,7,168,3673,0.896728515625,0.9793353811784418,3581,166,3193.326708320231,0.7796207783984939,0.8694055835339588,0.9897309291485765,5.97890314641921,0.5165505306466417
full,23,458,44224,0,9,9,169,3673,0.896728515625,0.9793353811784418,3581,166,3193.83393637672,0.7797446133732227,0.8695436799283202,0.9897309291485765,5.97890314641921,0.5267393321899907
full,23,459,44320,0,14,14,167,3673,0.896728515625,0.9793353811784418,3581,166,3194.9987196581496,0.7800289842915404,0.8698608003425401,0.9897309291485765,5.97890314641921,0.5240196703967589
full,23,460,44416,1,12,12,170,3674,0.89697265625,0.9796146327841385,3581,166,3196.5786430193893,0.7804147077684056,0.8700540672344554,0.9897309291485765,5.978888227963706,0.5281367697963899
full,23,461,44512,1,15,15,174,3675,0.897216796875,0.9798938843898353,3581,166,3198.422717516387,0.7808649212686491,0.8703191068071802,0.9897309291485765,5.978854425031781,0.5295585434329643
full,23,462,44608,0,8,8,168,3675,0.897216796875,0.9798938843898353,3581,166,3198.8933685129364,0.7809798262971036,0.8704471751055609,0.9897309291485765,5.978854425031781,0.5221727848947457
full,23,463,44704,2,17,17,169,3677,0.897705078125,0.9804523876012287,3581,166,3202.2199653314187,0.7817919837234909,0.8708784240770788,0.9897309291485765,5.978839250756566,0.5205804591301378
full,23,464,44800,0,11,11,176,3677,0.897705078125,0.9804523876012287,3581,166,3202.7507590315654,0.7819215720291908,0.8710227791763844,0.9897309291485765,5.978839250756566,0.5141647131177519
full,23,465,44896,0,11,11,167,3677,0.897705078125,0.9804523876012287,3581,166,3203.2625519340368,0.7820465214682707,0.8711619668028384,0.9897309291485765,5.978839250756566,0.5219894989564098
full,23,466,44992,0,13,13,170,3677,0.897705078125,0.9804523876012287,3581,166,3204.0400531805367,0.7822363411085295,0.8713734166931022,0.9897309291485765,5.978839250756566,0.5238048573995879
full,23,467,45088,4,16,16,171,3681,0.898681640625,0.9815693940240157,3581,166,3208.045644316856,0.7832142686320449,0.8715147091325335,0.9897309291485765,5.978851228663329,0.5266383398872823
full,23,468,45184,0,12,12,165,3681,0.898681640625,0.9815693940240157,3581,166,3209.1137381972767,0.7834750337395695,0.8718048731858943,0.9897309291485765,5.978851228663329,0.5243007770661274
full,23,469,45280,0,14,14,173,3681,0.898681640625,0.9815693940240157,3581,166,3209.5822731938147,0.7835894221664587,0.8719321578901968,0.9897309291485765,5.978851228663329,0.5209248698643303
full,23,470,45376,0,15,15,173,3681,0.898681640625,0.9815693940240157,3581,166,3210.6320090330546,0.7838457053303356,0.8722173347006397,0.9897309291485765,5.978851228663329,0.5245764321846547
full,23,471,45472,0,12,12,161,3681,0.898681640625,0.9815693940240157,3581,166,3211.103364492994,0.7839607823469223,0.8723453856270019,0.9897309291485765,5.978851228663329,0.5238941318147778
full,23,472,45568,0,17,17,165,3681,0.898681640625,0.9815693940240157,3581,166,3211.836437636761,0.7841397552824123,0.8725445361686391,0.9897309291485765,5.978851228663329,0.5293410567919736
full,23,473,45664,0,15,15,174,3681,0.898681640625,0.9815693940240157,3581,166,3212.5815274502875,0.7843216619751678,0.872746951222572,0.9897309291485765,5.978851228663329,0.5233519560127333
full,23,474,45760,0,15,15,172,3681,0.898681640625,0.9815693940240157,3581,166,3213.6265261944573,0.7845767886216937,0.873030841128622,0.9897309291485765,5.978851228663329,0.5234210205850582
full,23,475,45856,1,11,11,167,3682,0.89892578125,0.9818486456297124,3581,166,3215.063033270941,0.7849274983571634,0.8731838764994408,0.9897309291485765,5.978915838839013,0.5206669888804712
full,23,476,45952,0,9,9,168,3682,0.89892578125,0.9818486456297124,3581,166,3215.5251190597746,0.7850403122704528,0.8733093750841322,0.9897309291485765,5.978915838839013,0.5250802582374448
full,23,477,46048,0,16,16,167,3682,0.89892578125,0.9818486456297124,3581,166,3216.5704859721773,0.7852955288018011,0.8735932878794616,0.9897309291485765,5.978915838839013,0.5263250530215721
full,23,478,46144,0,13,13,164,3682,0.89892578125,0.9818486456297124,3581,166,3217.035707109447,0.7854091081810173,0.8737196379982202,0.9897309291485765,5.978915838839013,0.5308628567051635
full,23,479,46240,0,9,9,167,3682,0.89892578125,0.9818486456297124,3581,166,3217.2486588502557,0.7854610983521132,0.8737774738865441,0.9897309291485765,5.978915838839013,0.5264169424564196
full,23,480,46336,1,13,13,169,3683,0.899169921875,0.982127897235409,3581,166,3218.9440078724856,0.7858750019219936,0.8740005451730887,0.9897309291485765,5.978908440843732,0.5257166791604099
full,23,481,46432,0,13,12,165,3683,0.899169921875,0.982127897235409,3581,166,3219.5132174035657,0.7860139690926674,0.8741550956838354,0.9897309291485765,5.978908440843732,0.5288103223565647
full,23,482,46528,0,8,8,167,3683,0.899169921875,0.982127897235409,3581,166,3219.9344899065222,0.7861168188248345,0.874269478660473,0.9897309291485765,5.978908440843732,0.5237211699017601
full,23,483,46624,1,14,14,168,3684,0.8994140625,0.9824071488411058,3581,166,3221.091776374338,0.7863993594663912,0.8743463019474317,0.9897309291485765,5.978875673010778,0.5277689028581961
full,23,484,46720,0,12,12,171,3684,0.8994140625,0.9824071488411058,3581,166,3221.5857708324947,0.786519963582152,0.8744803938198954,0.9897309291485765,5.978875673010778,0.5223592912284688
full,23,485,46816,0,10,10,170,3684,0.8994140625,0.9824071488411058,3581,166,3222.177054329489,0.7866643199046603,0.8746408942262456,0.9897309291485765,5.978875673010778,0.5223301280416375
full,23,486,46912,0,13,13,170,3684,0.8994140625,0.9824071488411058,3581,166,3223.016440346697,0.7868692481315178,0.874868740593566,0.9897309291485765,5.978875673010778,0.5291540831382462
full,23,487,47008,0,17,17,168,3684,0.8994140625,0.9824071488411058,3581,166,3223.9826820751696,0.7871051469910082,0.8751310211930428,0.9897309291485765,5.978875673010778,0.523679978946371
full,23,488,47104,1,11,11,166,3685,0.899658203125,0.9826864004468026,3581,166,3225.413079313763,0.7874543650668366,0.875281704020017,0.9897309291485765,5.9789175057796395,0.5304739483568321
full,23,489,47200,0,14,14,160,3685,0.899658203125,0.9826864004468026,3581,166,3226.1924019634293,0.7876446293856029,0.875493189135259,0.9897309291485765,5.9789175057796395,0.5307759754262767
full,23,490,47296,0,14,14,155,3685,0.899658203125,0.9826864004468026,3581,166,3226.8673672420155,0.7878094158305702,0.8756763547468156,0.9897309291485765,5.9789175057796395,0.5318181201220724
full,23,491,47392,0,10,10,171,3685,0.899658203125,0.9826864004468026,3581,166,3227.6314056746405,0.7879959486510353,0.87588369217765,0.9897309291485765,5.9789175057796395,0.521216249229136
full,23,492,47488,0,18,18,161,3685,0.899658203125,0.9826864004468026,3581,166,3228.942918886326,0.7883161423062319,0.8762395980695593,0.9897309291485765,5.9789175057796395,0.5260768465450494
full,23,493,47584,0,7,7,174,3685,0.899658203125,0.9826864004468026,3581,166,3229.299339675339,0.7884031591004246,0.876336320128993,0.9897309291485765,5.9789175057796395,0.5307978492149752
full,23,494,47680,1,12,12,176,3686,0.89990234375,0.9829656520524993,3581,166,3230.674356993348,0.7887388566878291,0.8764716106872892,0.9897309291485765,5.978897491813584,0.5262844860963508
full,23,495,47776,2,19,19,168,3688,0.900390625,0.9835241552638928,3581,166,3233.459749141264,0.7894188840676915,0.8767515588777831,0.9897309291485765,5.978857918243527,0.5241242553905157
full,23,496,47872,0,12,12,167,3688,0.900390625,0.9835241552638928,3581,166,3233.825184529042,0.7895081016916606,0.8768506465642738,0.9897309291485765,5.978857918243527,0.5214314516005286
full,23,497,47968,0,12,12,165,3688,0.900390625,0.9835241552638928,3581,166,3234.4154177225755,0.7896522015924257,0.8770106881026506,0.9897309291485765,5.978857918243527,0.5260822210402388
full,23,498,48064,0,15,15,158,3688,0.900390625,0.9835241552638928,3581,166,3235.352140308134,0.7898808936299155,0.8772646801269344,0.9897309291485765,5.978857918243527,0.5261741954337689
full,23,499,48160,0,10,10,170,3688,0.900390625,0.9835241552638928,3581,166,3235.628893967449,0.7899484604412718,0.8773397217916077,0.9897309291485765,5.978857918243527,0.5248985751160382
full,23,500,48256,2,13,13,166,3690,0.90087890625,0.9840826584752862,3581,166,3238.0337323119998,0.7905355791777343,0.877515916615718,0.9897309291485765,5.978812401920542,0.5253872768036264
full,7,0,256,178,206,178,0,178,0.04345703125,0.04803127617983803,3581,6,78.12671043228886,0.019073903914133022,0.43891410355218463,0.9386492905255521,4.319412133764658,0.4101749784786113
full,7,1,352,53,71,69,101,231,0.056396484375,0.061993856464674674,3581,9,106.70699427822339,0.026051512274956883,0.4619350401654692,0.9386492905255521,4.463516262934289,0.4142949416128082
full,7,2,448,54,72,71,125,285,0.069580078125,0.07651493996090478,3581,11,136.95416292062365,0.03343607493179288,0.480540922528504,0.9498748344493512,4.587668399304494,0.43051261923414225
full,7,3,544,46,61,60,124,331,0.080810546875,0.08824350740016755,3581,15,162.49544435428973,0.039671739344309016,0.49092279261114724,0.9498748344493512,4.653412646090738,0.43411600231296155
full,7,4,640,45,66,65,136,376,0.091796875,0.09969282323373359,3581,19,187.3749229303706,0.04574583079354751,0.4983375609850282,0.9498748344493512,4.754029688994146,0.4422943363355298
full,7,5,736,37,62,62,138,413,0.100830078125,0.10946662943311924,3581,21,211.4032785849663,0.05161212856078279,0.5118723452420492,0.9498748344493512,4.83799283911751,0.4502979404816418
full,7,6,832,39,62,62,138,452,0.1103515625,0.12007819044959508,3581,22,235.01061654450734,0.05737563880481136,0.5199349923551048,0.9498748344493512,4.880094902891783,0.4487202021801262
full,7,7,928,34,61,56,137,486,0.11865234375,0.129572745043284,3581,22,259.5975758519886,0.0633783144169894,0.5341513906419518,0.9548995343684404,4.904342733539418,0.4503290532902829
full,7,8,1024,37,58,58,150,523,0.127685546875,0.13934655124266965,3581,24,283.8630628851589,0.069302505587197,0.5427592024572828,0.9548995343684404,4.966197871322684,0.44762221437086747
full,7,9,1120,34,56,56,144,557,0.135986328125,0.14772409941357162,3581,28,304.28238675146565,0.07428769207799454,0.5462879474891663,0.9548995343684404,4.980623071736237,0.44639614778267667
full,7,10,1216,43,64,63,146,600,0.146484375,0.1586149120357442,3581,32,331.9113382187008,0.0810330415573,0.5531855636978347,0.9548995343684404,5.030745453344164,0.44355664806020156
full,7,11,1312,31,54,54,158,631,0.154052734375,0.16671320860094946,3581,34,353.74639227069696,0.08636386530046312,0.5606123490819286,0.9548995343684404,5.080242265926746,0.45624249513164844
full,7,12,1408,34,54,54,160,665,0.162353515625,0.17537000837754818,3581,37,376.9100139037055,0.09201904636320934,0.5667819757950459,0.9548995343684404,5.108025057530054,0.4575857245664127
full,7,13,1504,35,51,51,145,700,0.1708984375,0.18402680815414688,3581,41,400.9197920735433,0.09788080861170491,0.5727425601050619,0.9548995343684404,5.145724494102653,0.4683016074992131
full,7,14,1600,27,51,50,157,727,0.177490234375,0.19044959508517173,3581,45,419.95851531927036,0.10252893440411874,0.5776595809068368,0.9548995343684404,5.182352960868886,0.4678424134836533
full,7,15,1696,24,52,51,148,751,0.183349609375,0.19687238201619658,3581,46,438.8547157667622,0.10714226459149467,0.5843604737240509,0.9548995343684404,5.2010424463657,0.46786299397556663
full,7,16,1792,23,40,39,153,774,0.18896484375,0.20329516894722144,3581,46,456.4585133068017,0.11144006672529339,0.5897396812749376,0.9548995343684404,5.234176024386567,0.47510397932122717
full,7,17,1888,22,42,41,156,796,0.1943359375,0.20832169784976265,3581,50,474.0629465814378,0.11573802406773384,0.5955564655545701,0.9548995343684404,5.240665637204415,0.47023109571112176
full,7,18,1984,25,45,45,153,821,0.200439453125,0.21502373638648423,3581,51,490.64152300299827,0.11978552807690387,0.5976145225371478,0.9548995343684404,5.258385207678141,0.46955771944901425
full,7,19,2080,26,48,46,153,847,0.206787109375,0.2217257749232058,3581,53,509.1300844382168,0.12429933702104902,0.6010980926071037,0.9548995343684404,5.282223294851872,0.48246025325438013
full,7,20,2176,23,48,47,155,870,0.21240234375,0.22814856185423066,3581,53,525.2429219751501,0.12823313524783939,0.603727496523161,0.9548995343684404,5.300967242100115,0.4768045173882905
full,7,21,2272,14,42,40,155,884,0.2158203125,0.2317788327282882,3581,54,539.1598776372882,0.13163082950129107,0.6099093638430862,0.9548995343684404,5.309717098205315,0.4784280863645452
full,7,22,2368,29,47,47,153,913,0.222900390625,0.23931862608209997,3581,56,559.8227220314735,0.13667546924596521,0.6131683702425778,0.9548995343684404,5.345479259151691,0.4871419593524235
full,7,23,2464,25,47,47,159,938,0.22900390625,0.24602066461882155,3581,57,580.9461529807488,0.14183255688006563,0.6193455788707344,0.9548995343684404,5.362185330688219,0.4873647470952918
full,7,24,2560,26,44,44,158,964,0.2353515625,0.2527227031555431,3581,59,600.1041673579703,0.14650980648387946,0.6225146964294297,0.9548995343684404,5.388404212270411,0.48927452694337903
full,7,25,2656,26,46,45,162,990,0.24169921875,0.2599832449036582,3581,59,618.9607478024932,0.15111346381896806,0.6252128765681749,0.9548995343684404,5.400279367317204,0.48049018463191595
full,7,26,2752,29,42,42,155,1019,0.248779296875,0.26780228986316673,3581,60,639.9097350608874,0.15622796266134947,0.6279781502069552,0.9548995343684404,5.4168951217854024,0.4817783538712751
full,7,27,2848,25,46,46,157,1044,0.2548828125,0.27422507679419156,3581,62,659.1076168084413,0.16091494550987337,0.6313291348739859,0.9548995343684404,5.436154863614072,0.48648725272942295
full,7,28,2944,25,46,46,163,1069,0.260986328125,0.2812063669366099,3581,62,678.8309634026181,0.1657302156744673,0.6350149330239645,0.9548995343684404,5.448294239514673,0.4825760635977204
full,7,29,3040,18,38,38,168,1087,0.265380859375,0.2856743926277576,3581,64,693.4061046885915,0.16928859977748817,0.6379080999895046,0.9548995343684404,5.453196051842684,0.48979177376810584
full,7,30,3136,22,47,45,155,1109,0.270751953125,0.29098017313599556,3581,67,711.0338124265197,0.1735922393619433,0.6411486135496121,0.9548995343684404,5.472726521408404,0.4946661255850426
full,7,31,3232,21,42,42,158,1130,0.27587890625,0.2965652052499302,3581,68,727.6582903855212,0.17765094980115265,0.6439453897217002,0.9548995343684404,5.479498477256091,0.48854614178912503
full,7,32,3328,23,40,40,166,1153,0.281494140625,0.30242948896956157,3581,70,745.792779889892,0.18207831540280567,0.6468280831655612,0.9548995343684404,5.497136386980382,0.4926363110384405
full,7,33,3424,24,45,45,161,1177,0.287353515625,0.30885227590058645,3581,71,764.8618008827248,0.18673383810613398,0.6498401027040992,0.9548995343684404,5.510630564270821,0.4911955116538419
full,7,34,3520,19,27,27,166,1196,0.2919921875,0.3135995531974309,3581,73,778.5875124339606,0.1900848419028224,0.6509929033728767,0.9548995343684404,5.520371664973958,0.49344250630222497
full,7,35,3616,25,48,48,160,1221,0.298095703125,0.32002234012845576,3581,75,798.6377701191416,0.19497992434549355,0.6540849878125647,0.9639821746786834,5.525806903170002,0.4912478757226375
full,7,36,3712,23,42,42,158,1244,0.3037109375,0.3264451270594806,3581,75,815.6375165542997,0.19913025306501458,0.655657167648151,0.9639821746786834,5.543096367512212,0.4953189268084376
full,7,37,3808,17,41,41,167,1261,0.307861328125,0.3311924043563251,3581,75,830.1429065464832,0.202671608043575,0.6583210995610493,0.9639821746786834,5.547354905010597,0.49704641160690677
full,7,38,3904,17,37,37,162,1278,0.31201171875,0.3359396816531695,3581,75,844.5274515614426,0.20618345985386782,0.6608196021607532,0.9639821746786834,5.549244592094617,0.5028126229406982
full,7,39,4000,15,38,38,163,1293,0.315673828125,0.33984920413292374,3581,76,857.3093379632032,0.20930403758867266,0.6630389311393683,0.9639821746786834,5.5533276453149085,0.4907979415121512
full,7,40,4096,19,37,37,158,1312,0.3203125,0.34459648142976823,3581,78,872.2412247030575,0.2129495177497699,0.6648180066334279,0.9639821746786834,5.56809720803032,0.5110595133687318
full,7,41,4192,20,34,34,168,1332,0.3251953125,0.3496230103323094,3581,80,887.0901766304521,0.21657475015391897,0.665983616088928,0.9639821746786834,5.587676458171963,0.49565593670764374
full,7,42,4288,21,41,40,158,1353,0.330322265625,0.35520804244624404,3581,81,904.1928203110992,0.22075020027126446,0.6682873764309677,0.9639821746786834,5.599400479410333,0.5011815083785591
full,7,43,4384,15,34,34,167,1368,0.333984375,0.3593968165316951,3581,81,915.8255974726095,0.2235902337579613,0.6694631560472292,0.9639821746786834,5.608968447116752,0.49468475255015015
full,7,44,4480,12,35,34,170,1380,0.3369140625,0.3627478358000559,3581,81,927.2097531425874,0.226369568638327,0.671891125465643,0.9639821746786834,5.613412902199575,0.5026446907715457
full,7,45,4576,18,30,30,164,1398,0.34130859375,0.36777436470259706,3581,81,940.9423500588941,0.2297222534323472,0.6730631974670201,0.9639821746786834,5.625391667916256,0.49661614896597656
full,7,46,4672,18,42,41,169,1416,0.345703125,0.37196313878804804,3581,84,956.4090777289766,0.23349830999242593,0.6754301396391078,0.9639821746786834,5.630076309877233,0.507557757495673
full,7,47,4768,24,37,36,159,1440,0.3515625,0.37754817090198267,3581,88,975.5731655212426,0.2381770423635846,0.6774813649453073,0.9639821746786834,5.6375546372344445,0.5022119735566277
full,7,48,4864,18,40,40,159,1458,0.35595703125,0.38229544819882716,3581,89,991.5313463071043,0.24207308259450788,0.6800626517881374,0.9639821746786834,5.648663387295785,0.49813822673831953
full,7,49,4960,21,39,39,165,1479,0.361083984375,0.38815973191845854,3581,89,1009.2254974981902,0.2463929437251441,0.682370180864226,0.9669380191140481,5.6575891974731345,0.5007985049095669
full,7,50,5056,17,36,36,163,1496,0.365234375,0.39290700921530297,3581,89,1023.1648555448477,0.24979610731075383,0.6839337269684811,0.9669380191140481,5.664257874130346,0.5027260730724288
full,7,51,5152,10,33,33,166,1506,0.36767578125,0.39542027366657356,3581,90,1032.8156564293088,0.2521522598704367,0.6858005686781599,0.9669380191140481,5.668805632640773,0.5042210157293039
full,7,52,5248,23,43,43,164,1529,0.373291015625,0.4015638089919017,3581,91,1049.8422660419124,0.25630914698288876,0.6866201870777713,0.9669380191140481,5.67788630087857,0.5076192961898832
full,7,53,5344,23,42,42,157,1552,0.37890625,0.4077073443172298,3581,92,1066.350669122975,0.2603395188288513,0.6870816167029478,0.9669380191140481,5.684515491759104,0.5023881198707281
full,7,54,5440,15,36,36,164,1567,0.382568359375,0.4118961184026808,3581,92,1078.7385832237587,0.26336391191986297,0.6884100722551109,0.9669380191140481,5.691167799693023,0.5035521319512379
full,7,55,5536,14,36,36,163,1581,0.385986328125,0.41552638927673835,3581,93,1092.3850622390264,0.2666955718356998,0.6909456434149439,0.9669380191140481,5.697186325381487,0.5035287031223299
full,7,56,5632,22,38,38,170,1603,0.391357421875,0.42139067299636973,3581,94,1108.9279596315712,0.27073436514442656,0.6917828818662328,0.9669380191140481,5.70390953238391,0.5015827960359773
full,7,57,5728,13,39,39,163,1616,0.39453125,0.4247416922647305,3581,95,1120.4596378229721,0.27354971626537405,0.6933537362765917,0.9669380191140481,5.708123835504187,0.5110180312475119
full,7,58,5824,17,36,35,162,1633,0.398681640625,0.42948896956157495,3581,95,1133.4795273239768,0.27672840022558026,0.6941087123845541,0.9669380191140481,5.716046886878296,0.5120012602400692
full,7,59,5920,21,37,37,160,1654,0.40380859375,0.4353532532812064,3581,95,1150.366933218997,0.2808513020554192,0.6955060055737587,0.9669380191140481,5.722810152497887,0.5104796831252452
full,7,60,6016,21,41,40,166,1675,0.408935546875,0.440938285395141,3581,96,1167.2851058117858,0.2849817152860805,0.6968866303353946,0.9669380191140481,5.727542475047688,0.5017576946679365
full,7,61,6112,19,41,41,156,1694,0.41357421875,0.44624406590337895,3581,96,1181.865372744659,0.288541350767739,0.6976773156698105,0.9669380191140481,5.7309820812940115,0.5041350488869063
full,7,62,6208,10,29,29,160,1704,0.416015625,0.44875733035464954,3581,97,1191.7050926768331,0.29094362614180497,0.6993574487540101,0.9669380191140481,5.735285024088675,0.5112863653881745
full,7,63,6304,23,37,37,158,1727,0.421630859375,0.4549008656799777,3581,98,1208.2179836265354,0.29497509365882213,0.6996050860605301,0.9669380191140481,5.741213269816336,0.5021407506638123
full,7,64,6400,13,28,28,162,1740,0.4248046875,0.4585311365540352,3581,98,1220.9600367432517,0.29808594647052045,0.7017011705420987,0.9669380191140481,5.747775760369034,0.5045618675315664
full,7,65,6496,16,35,35,164,1756,0.4287109375,0.4627199106394862,3581,99,1234.9207342735758,0.3014943198910097,0.7032578213403051,0.9669380191140481,5.750641836728589,0.5132462209424802
full,7,66,6592,14,34,34,167,1770,0.43212890625,0.46662943311924043,3581,99,1246.9180593737688,0.304423354339299,0.7044734798721858,0.9669380191140481,5.755825813291288,0.5099059305522836
full,7,67,6688,14,34,34,167,1784,0.435546875,0.470259703993298,3581,100,1260.4910097167408,0.30773706291912617,0.7065532565676799,0.9669380191140481,5.759667109772312,0.5118001606458931
full,7,68,6784,14,28,28,174,1798,0.43896484375,0.47361072326165876,3581,102,1271.9823068765745,0.3105425553897887,0.7074428848034341,0.9669380191140481,5.763965911553289,0.5153879419611689
full,7,69,6880,12,29,29,168,1810,0.44189453125,0.4766824909243228,3581,103,1282.7250247743405,0.31316528925154796,0.7086878589913483,0.9669380191140481,5.766399542312543,0.5153089474017315
full,7,70,6976,16,39,39,168,1826,0.44580078125,0.4808712650097738,3581,104,1296.1308300246706,0.31643819092399184,0.709819731667399,0.9669380191140481,5.771968156559177,0.5172555866741944
full,7,71,7072,14,24,24,161,1840,0.44921875,0.4845015358838313,3581,105,1307.3099645463071,0.31916747181306326,0.71049454594908,0.9669380191140481,5.774610728654258,0.507961720129526
full,7,72,7168,14,31,30,168,1854,0.45263671875,0.4884110583635856,3581,105,1318.9332013317521,0.3220051761063848,0.7113987062199311,0.9669380191140481,5.781761131095385,0.5074736715918575
full,7,73,7264,17,38,38,164,1871,0.456787109375,0.49232058084333985,3581,108,1333.6280743324687,0.32559279158507537,0.7127889226790319,0.9703992791035213,5.786755626089729,0.5149072793677041
full,7,74,7360,14,33,33,165,1885,0.460205078125,0.49567160011170064,3581,110,1346.0232757968456,0.32861896381758926,0.7140707033405016,0.9703992791035213,5.791556749341302,0.5116454783957053
full,7,75,7456,15,26,26,167,1900,0.4638671875,0.4995811225914549,3581,111,1357.228564088659,0.33135462990445774,0.7143308232045573,0.97402904310275,5.796857494294429,0.516958193324544
full,7,76,7552,16,35,35,169,1916,0.4677734375,0.5040491482826026,3581,111,1370.381313495186,0.33456575036503566,0.7152303306342307,0.97402904310275,5.79998597645435,0.5141319686630361
full,7,77,7648,12,26,26,170,1928,0.470703125,0.5074001675509634,3581,111,1381.9155985309687,0.3373817379225998,0.7167612025575564,0.97402904310275,5.804442646918287,0.5183806094815258
full,7,78,7744,18,33,32,160,1946,0.47509765625,0.5124266964535046,3581,111,1395.3169230392632,0.3406535456638826,0.7170179460633418,0.97402904310275,5.80869778907579,0.5125037995570918
full,7,79,7840,15,28,27,162,1961,0.478759765625,0.5160569673275621,3581,113,1407.8550276748151,0.34371460636592166,0.717927092134021,0.97402904310275,5.811603509808668,0.5146808196719157
full,7,80,7936,12,31,31,162,1973,0.481689453125,0.5194079865959229,3581,113,1417.7559218812603,0.34613181686554206,0.7185787743949621,0.97402904310275,5.811313167106384,0.5239161990521979
full,7,81,8032,14,32,32,164,1987,0.485107421875,0.5233175090756772,3581,113,1429.1718420103198,0.3489189067408007,0.7192611182739405,0.97402904310275,5.814697117793029,0.5140685608425035
full,7,82,8128,15,23,23,162,2002,0.48876953125,0.5272270315554315,3581,114,1440.5021762986116,0.35168510163540323,0.7195315565927131,0.97402904310275,5.81758923384449,0.5188300742593654
full,7,83,8224,13,25,25,172,2015,0.491943359375,0.5305780508237923,3581,115,1449.814718758697,0.3539586715719475,0.719511026679254,0.97402904310275,5.818760592403229,0.5231026811906814
full,7,84,8320,18,27,27,163,2033,0.496337890625,0.53504607651494,3581,117,1463.7195466582461,0.3573534049458609,0.7199801016518672,0.97402904310275,5.823563040035987,0.5083286823506464
full,7,85,8416,8,27,27,167,2041,0.498291015625,0.5372800893605139,3581,117,1470.5994988451976,0.3590330807727533,0.7205289068325319,0.97402904310275,5.8258068312390145,0.5157294593475164
full,7,86,8512,14,38,38,161,2055,0.501708984375,0.541189611840268,3581,117,1483.015979426999,0.36206444810229466,0.7216622770934301,0.97402904310275,5.828040641385585,0.516192456199451
full,7,87,8608,11,26,26,168,2066,0.50439453125,0.5442613795029322,3581,117,1492.647097311532,0.36441579524207324,0.7224816540714095,0.97402904310275,5.829166740988894,0.5212491285686967
full,7,88,8704,17,27,27,167,2083,0.508544921875,0.5487294051940799,3581,118,1505.862000113695,0.3676420898715076,0.7229294287631758,0.97402904310275,5.832687280165882,0.5141483938479314
full,7,89,8800,10,26,26,169,2093,0.510986328125,0.5512426696453505,3581,119,1515.3020793799392,0.36994679672361797,0.723985704433798,0.97402904310275,5.834402856148147,0.5154680736326545
full,7,90,8896,13,30,30,168,2106,0.51416015625,0.5543144373080146,3581,121,1527.2657493297975,0.3728676145824701,0.7251974118375106,0.97402904310275,5.83671687565226,0.5149981878781829
full,7,91,8992,11,33,31,166,2117,0.516845703125,0.5571069533649818,3581,122,1537.3437814769004,0.3753280716496339,0.726189788132688,0.97402904310275,5.840390234060379,0.5258221474418705
full,7,92,9088,10,24,24,173,2127,0.519287109375,0.5598994694219491,3581,122,1545.3423835412896,0.37728085535676015,0.7265361464698117,0.97402904310275,5.84259783213476,0.5157172466885998
full,7,93,9184,16,35,35,168,2143,0.523193359375,0.5643674951130969,3581,122,1558.3491244435152,0.38045632920984257,0.7271811126661293,0.97402904310275,5.846131593630329,0.5105086524060434
full,7,94,9280,11,25,25,165,2154,0.52587890625,0.567439262775761,3581,122,1567.8456665347219,0.3827748209313286,0.7278763540086917,0.97402904310275,5.84882249864711,0.5191164364513138
full,7,95,9376,17,26,26,173,2171,0.530029296875,0.571628036861212,3581,124,1580.786914121748,0.38593430520550487,0.7281376849938959,0.97402904310275,5.853225528134467,0.5154005678416324
full,7,96,9472,15,31,31,163,2186,0.53369140625,0.5758168109466629,3581,124,1593.5411794536913,0.38904813951506134,0.7289758368955587,0.97402904310275,5.855381810478461,0.5191701708668068
full,7,97,9568,13,32,32,166,2199,0.536865234375,0.5794470818207205,3581,124,1605.1517965661683,0.3918827628335372,0.729946246733137,0.97402904310275,5.856403523602049,0.5195817574803361
full,7,98,9664,10,25,25,165,2209,0.539306640625,0.5819603462719911,3581,125,1613.5818539435745,0.393940882310443,0.730458059730002,0.97402904310275,5.857526792346773,0.5253030012380313
full,7,99,9760,20,41,40,159,2229,0.544189453125,0.5869868751745323,3581,127,1629.8834325507041,0.39792075990007425,0.73121733178587,0.97402904310275,5.8595994218432015,0.5212063932465516
full,7,100,9856,8,25,25,168,2237,0.546142578125,0.5892208880201061,3581,127,1637.6890426901773,0.39982642643803157,0.7320916596737493,0.97402904310275,5.862506331934796,0.5156572475423077
full,7,101,9952,14,39,39,167,2251,0.549560546875,0.5931304104998604,3581,127,1650.6220489227526,0.4029838986627814,0.7332838955676377,0.97402904310275,5.864119037658844,0.5254522792597939
full,7,102,10048,10,27,27,164,2261,0.552001953125,0.595643674951131,3581,128,1658.5893450164588,0.4049290393106589,0.7335645046512422,0.97402904310275,5.867569756959486,0.5107448692512487
full,7,103,10144,7,26,26,170,2268,0.5537109375,0.597598436191008,3581,128,1665.904436854878,0.40671495040402295,0.7345257658090291,0.97402904310275,5.8700675498959525,0.521956974512217
full,7,104,10240,11,26,26,172,2279,0.556396484375,0.6006702038536722,3581,128,1676.0586291696588,0.40919400126212374,0.7354359934926102,0.97402904310275,5.871359285691908,0.5269861217772183
full,7,105,10336,10,22,22,162,2289,0.558837890625,0.6034627199106395,3581,128,1684.4625160478138,0.4112457314569858,0.7358945024236845,0.97402904310275,5.873484737626758,0.5127250491974646
full,7,106,10432,9,26,26,166,2298,0.56103515625,0.6059759843619101,3581,128,1692.169136197529,0.41312723051697486,0.7363660296769056,0.97402904310275,5.875062064649102,0.5176202045051389
full,7,107,10528,14,28,28,167,2312,0.564453125,0.6098855068416643,3581,128,1703.6515617869286,0.41593055707688686,0.7368735128836197,0.97402904310275,5.8767430795862,0.5141479565550751
full,7,108,10624,16,32,32,174,2328,0.568359375,0.6140742809271154,3581,129,1716.913031426361,0.4191682205630764,0.7375055976917358,0.97402904310275,5.877301319540589,0.5174385504068968
full,7,109,10720,9,27,27,162,2337,0.570556640625,0.6165875453783859,3581,129,1724.622552100524,0.421050427758917,0.737964292725941,0.97402904310275,5.877582809398361,0.521974378636703
full,7,110,10816,11,28,28,168,2348,0.5732421875,0.6193800614353533,3581,130,1734.883680478353,0.4235555860542854,0.7388772063366069,0.97402904310275,5.879233361789505,0.5230083184138876
full,7,111,10912,8,26,26,159,2356,0.5751953125,0.6216140742809271,3581,130,1743.2798129624514,0.425605423086536,0.7399320088974751,0.97402904310275,5.880089122816505,0.5196985493437816
full,7,112,11008,12,23,23,171,2368,0.578125,0.6249650935492879,3581,130,1753.2667147943346,0.4280436315415856,0.7403997950989588,0.97402904310275,5.881288849148781,0.5190668349605642
full,7,113,11104,11,29,29,168,2379,0.580810546875,0.628036861211952,3581,130,1763.2356589405335,0.4304774557960287,0.7411667334764748,0.97402904310275,5.883429803436786,0.5162979992384121
full,7,114,11200,11,22,22,167,2390,0.58349609375,0.631108628874616,3581,130,1771.9509082388288,0.4326052022067453,0.7414020536564138,0.97402904310275,5.883100626672009,0.5171024417440497
full,7,115,11296,17,29,29,166,2407,0.587646484375,0.6358559061714605,3581,130,1785.6435402093136,0.43594812993391446,0.7418543997545964,0.97402904310275,5.885392143108994,0.5207166399735611
full,7,116,11392,9,26,26,175,2416,0.58984375,0.6380899190170344,3581,131,1794.2794710161986,0.4380565114785641,0.7426653439636584,0.97402904310275,5.8862291362512735,0.5160785087631198
full,7,117,11488,14,30,30,162,2430,0.59326171875,0.6419994414967886,3581,131,1807.6316646825665,0.4413163243853922,0.7438813434907681,0.97402904310275,5.888548048942992,0.5221237244193264
full,7,118,11584,13,32,32,165,2443,0.596435546875,0.6456297123708461,3581,131,1820.1699579209835,0.4443774311330526,0.745055242701999,0.97402904310275,5.8910146951817755,0.5195004200241624
full,7,119,11680,5,26,26,172,2448,0.59765625,0.6470259703993297,3581,131,1826.2589282863353,0.4458639961636561,0.7460208040385357,0.97402904310275,5.892101076831238,0.5119625499729469
full,7,120,11776,11,26,26,170,2459,0.600341796875,0.6498184864562971,3581,132,1835.139283769974,0.44803205170165383,0.7462949506994608,0.97402904310275,5.89447427058718,0.519432696986463
full,7,121,11872,8,23,23,163,2467,0.602294921875,0.652052499301871,3581,132,1842.8159128103339,0.4499062287134604,0.7469865880868803,0.97402904310275,5.895780523650199,0.525214191162245
full,7,122,11968,13,28,28,168,2480,0.60546875,0.6556827701759285,3581,132,1854.3707070036635,0.4527272233895663,0.7477301237917998,0.97402904310275,5.898018581120688,0.5172215729474057
full,7,123,12064,11,28,28,165,2491,0.608154296875,0.6587545378385926,3581,132,1864.9449433689513,0.45530882406468537,0.7486732008707151,0.97402904310275,5.89921391196111,0.5190644067306687
full,7,124,12160,10,27,27,168,2501,0.610595703125,0.6615470538955599,3581,132,1875.0570916982037,0.4577776102778818,0.7497229475002813,0.97402904310275,5.900001038862187,0.5212809466513448
full,7,125,12256,11,28,28,161,2512,0.61328125,0.6646188215582239,3581,132,1885.0549798023303,0.4602185009283033,0.7504199760359596,0.97402904310275,5.902462332858289,0.5270372095009819
full,7,126,12352,10,21,21,176,2522,0.61572265625,0.6674113376151913,3581,132,1892.5251832271367,0.4620422810613127,0.7504064961249551,0.97402904310275,5.904158563018864,0.5162213069835455
full,7,127,12448,7,29,29,167,2529,0.617431640625,0.6693660988550684,3581,132,1899.5496309585321,0.4637572341207354,0.7511070110551729,0.97402904310275,5.904954906072636,0.5181577243920951
full,7,128,12544,10,28,28,164,2539,0.619873046875,0.6721586149120358,3581,132,1910.0895717242665,0.46633046184674476,0.7522999494778522,0.97402904310275,5.906268974744862,0.5203003418647233
full,7,129,12640,8,21,20,163,2547,0.621826171875,0.6743926277576096,3581,132,1916.183324059853,0.46781819435055005,0.7523295343776415,0.97402904310275,5.906382907582275,0.5153194016212738
full,7,130,12736,12,35,35,169,2559,0.624755859375,0.6777436470259705,3581,132,1927.119830923793,0.47048823997162914,0.7530753540147687,0.97402904310275,5.9080083632652585,0.5174368054704572
full,7,131,12832,14,28,27,171,2573,0.628173828125,0.6816531695057246,3581,132,1937.7636021293356,0.4730868169261073,0.7531144975240325,0.97402904310275,5.910102481556775,0.5228175894771775
full,7,132,12928,5,22,22,169,2578,0.62939453125,0.6830494275342083,3581,132,1943.2198487548542,0.47441890838741557,0.753770305956111,0.97402904310275,5.910250284851815,0.5209448495534563
full,7,133,13024,8,29,29,172,2586,0.63134765625,0.6852834403797822,3581,132,1950.9316757883694,0.47630167865926987,0.7544206016196324,0.97402904310275,5.911339224396775,0.5201180111251518
full,7,134,13120,12,28,27,164,2598,0.63427734375,0.688634459648143,3581,132,1962.0826363508227,0.47902408114033757,0.755228112529185,0.97402904310275,5.914137402174465,0.5283050928830989
full,7,135,13216,10,23,23,158,2608,0.63671875,0.6914269757051104,3581,132,1970.4415944888472,0.4810648424045037,0.7555374211997113,0.97402904310275,5.916264688887862,0.5214138530287205
full,7,136,13312,3,17,17,169,2611,0.637451171875,0.6922647305222005,3581,132,1974.224051744974,0.4819882938830503,0.7561179822845554,0.97402904310275,5.916788705674858,0.5290640194373957
full,7,137,13408,8,29,29,175,2619,0.639404296875,0.6944987433677744,3581,132,1982.0659456899186,0.4839028187719528,0.7568025756738903,0.97402904310275,5.917309755737449,0.5264742130433673
full,7,138,13504,14,29,29,168,2633,0.642822265625,0.6981290142418319,3581,133,1992.7598633144507,0.4865136385045046,0.756840054430099,0.97402904310275,5.918708522257155,0.5274513165378101
full,7,139,13600,6,18,18,165,2639,0.644287109375,0.6998045238760123,3581,133,1998.0365591061473,0.48780189431302423,0.7571188173952813,0.97402904310275,5.919425694308027,0.5283111869679629
full,7,140,13696,6,23,23,173,2645,0.645751953125,0.7014800335101927,3581,133,2003.8035372119557,0.4892098479521376,0.7575816775848604,0.9831989777914387,5.920604692445533,0.5185944071819729
full,7,141,13792,7,26,26,165,2652,0.6474609375,0.7034347947500698,3581,133,2011.3751359651458,0.49105838280399067,0.7584370799265255,0.9831989777914387,5.921417508566321,0.5178435797072791
full,7,142,13888,10,25,25,165,2662,0.64990234375,0.7056688075956437,3581,135,2020.324859985711,0.493243374019949,0.7589499849683362,0.9831989777914387,5.923317186332829,0.5255322431150301
full,7,143,13984,14,25,25,169,2676,0.6533203125,0.7087405752583077,3581,138,2032.4578866765817,0.4962055387393998,0.7595134105667346,0.9831989777914387,5.9268798898186565,0.5193404315860235
full,7,144,14080,10,32,32,166,2686,0.65576171875,0.7115330913152751,3581,138,2040.5172321496402,0.49817315238028326,0.7596862368390321,0.9831989777914387,5.928195626209091,0.5167630345950732
full,7,145,14176,9,25,25,171,2695,0.657958984375,0.7140463557665456,3581,138,2048.6354213320747,0.500155132161151,0.7601615663569851,0.9831989777914387,5.929266079105938,0.5258008656674213
full,7,146,14272,13,28,27,165,2708,0.6611328125,0.7173973750349064,3581,139,2060.1994133491407,0.5029783723996926,0.7607826489472455,0.9831989777914387,5.92965429280829,0.5264636012133816
full,7,147,14368,11,36,36,165,2719,0.663818359375,0.7204691426975706,3581,139,2071.22820592089,0.5056709487111548,0.7617610172566716,0.9831989777914387,5.931107245885395,0.5283638980194598
full,7,148,14464,6,23,23,162,2725,0.665283203125,0.7218654007260542,3581,140,2077.5267409544913,0.5072086769908426,0.7623951342952262,0.9831989777914387,5.9316299113073105,0.5248052151501543
full,7,149,14560,8,35,35,171,2733,0.667236328125,0.724099413571628,3581,140,2085.927761783869,0.5092597074667649,0.7632373808210278,0.9831989777914387,5.932429609439844,0.5240605605576787
full,7,150,14656,7,26,26,164,2740,0.6689453125,0.7260541748115051,3581,140,2092.1350049358834,0.5107751476894247,0.7635529215094465,0.9831989777914387,5.933642520149364,0.5234814180110707
full,7,151,14752,10,21,21,156,2750,0.67138671875,0.7285674392627758,3581,141,2100.2752576883618,0.5127625140840727,0.7637364573412224,0.9831989777914387,5.935291928762586,0.525890810584899
full,7,152,14848,13,25,25,164,2763,0.674560546875,0.7321977101368333,3581,141,2111.4540441922045,0.5154917100078624,0.7641889410757164,0.9831989777914387,5.9367565326592,0.5287291028799876
full,7,153,14944,7,29,29,169,2770,0.67626953125,0.7341524713767105,3581,141,2118.269757569739,0.5171557025316745,0.7647183240323967,0.9831989777914387,5.93711846383812,0.5268684376987878
full,7,154,15040,5,18,18,177,2775,0.677490234375,0.7355487294051941,3581,141,2123.563817221391,0.5184481975638162,0.765248222422123,0.9831989777914387,5.938232429617813,0.5303286981374045
full,7,155,15136,9,26,26,175,2784,0.6796875,0.7377827422507679,3581,142,2131.9381041349934,0.5204927012048324,0.7657823649910177,0.9831989777914387,5.938646299072559,0.5245808243843016
full,7,156,15232,4,20,19,163,2788,0.6806640625,0.7388997486735549,3581,142,2135.8452541302113,0.5214465952466336,0.7660850983250399,0.9831989777914387,5.93940274917113,0.5259218657141862
full,7,157,15328,9,26,26,165,2797,0.682861328125,0.7414130131248254,3581,142,2143.4906356097554,0.5233131434594129,0.7663534628565446,0.9831989777914387,5.939784175221629,0.5280469775921158
full,7,158,15424,6,22,22,169,2803,0.684326171875,0.7430885227590058,3581,142,2149.7930854927204,0.5248518275128712,0.7669615003541636,0.9831989777914387,5.9402006169183625,0.5387294172944367
full,7,159,15520,12,31,31,167,2815,0.687255859375,0.7464395420273666,3581,142,2160.1529769825197,0.527381097896123,0.7673722831199005,0.9831989777914387,5.940895690631935,0.5268334093194877
full,7,160,15616,8,19,19,160,2823,0.689208984375,0.7486735548729405,3581,142,2166.9993501840886,0.5290525757285373,0.7676228658108709,0.9831989777914387,5.941173506638956,0.5231860470909033
full,7,161,15712,7,23,23,173,2830,0.69091796875,0.7506283161128177,3581,142,2172.8033828096554,0.5304695758812635,0.7677750469292068,0.9831989777914387,5.941397743371642,0.5274951657122878
full,7,162,15808,2,15,15,167,2832,0.69140625,0.7511868193242112,3581,142,2175.7896385203835,0.5311986422168905,0.7682873017374235,0.9831989777914387,5.941341682642139,0.5155269618320998
full,7,163,15904,8,23,23,160,2840,0.693359375,0.753420832169785,3581,142,2182.617666918063,0.5328656413374178,0.7685273475063603,0.9831989777914387,5.941435827256891,0.5255355579152488
full,7,164,16000,12,34,34,164,2852,0.6962890625,0.7567718514381457,3581,142,2193.348223243823,0.5354854060653865,0.7690561792580025,0.9831989777914387,5.942096887722409,0.5318067400413555
full,7,165,16096,9,20,20,160,2861,0.698486328125,0.7592851158894164,3581,142,2201.0158435357444,0.5373573836757188,0.7693169673316128,0.9831989777914387,5.942602844424084,0.5162995806887618
full,7,166,16192,7,25,25,168,2868,0.7001953125,0.7612398771292935,3581,142,2207.72399875133,0.5389951168826489,0.7697782422424442,0.9831989777914387,5.943619678298337,0.5300488436757228
full,7,167,16288,6,27,27,177,2874,0.70166015625,0.7629153867634739,3581,142,2214.816167948944,0.5407266035031602,0.7706388893350535,0.9831989777914387,5.944379890646809,0.5233459067140915
full,7,168,16384,8,28,28,172,2882,0.70361328125,0.7651493996090477,3581,142,2222.6974861193253,0.5426507534471009,0.7712343810268304,0.9831989777914387,5.944861446688941,0.5298124918067564
full,7,169,16480,6,19,19,169,2888,0.705078125,0.7668249092432281,3581,142,2228.537575388361,0.544076556491299,0.7716542851067731,0.9831989777914387,5.94496688588851,0.5227153512693501
full,7,170,16576,7,23,23,171,2895,0.706787109375,0.7687796704831052,3581,142,2235.378396156043,0.5457466787490339,0.7721514321782532,0.9831989777914387,5.946363384834468,0.5229455195072297
full,7,171,16672,3,20,20,162,2898,0.70751953125,0.7696174253001955,3581,142,2238.9236762545847,0.546612225648092,0.7725754576447842,0.9831989777914387,5.946805661118478,0.5258638478019154
full,7,172,16768,7,24,24,168,2905,0.709228515625,0.7712929349343759,3581,143,2245.401941179695,0.5481938332958239,0.7729438695971411,0.9831989777914387,5.9475037060802745,0.5256300890967882
full,7,173,16864,5,22,22,173,2910,0.71044921875,0.7726891929628595,3581,143,2251.242534019714,0.5496197592821568,0.7736228639243004,0.9831989777914387,5.947794761953828,0.5314606790356922
full,7,174,16960,1,17,17,164,2911,0.710693359375,0.7729684445685563,3581,143,2253.7993359199068,0.550243978496071,0.7742354297217131,0.9831989777914387,5.947964195451046,0.5227870987691441
full,7,175,17056,4,18,18,169,2915,0.711669921875,0.7740854509913432,3581,143,2258.1092801616496,0.5512962109769652,0.7746515540863292,0.9831989777914387,5.948119816282573,0.5310562000544812
full,7,176,17152,10,22,22,167,2925,0.714111328125,0.7768779670483106,3581,143,2266.4094875621013,0.5533226287993411,0.7748408504485816,0.9831989777914387,5.948840253382661,0.5249808219826052
full,7,177,17248,8,19,19,167,2933,0.716064453125,0.7791119798938844,3581,143,2273.1955897738476,0.5549793920346308,0.7750411148223142,0.9831989777914387,5.949947931804299,0.5243343713344609
full,7,178,17344,9,27,27,161,2942,0.71826171875,0.781625244345155,3581,143,2282.2826608743494,0.5571979152525267,0.7757588922074607,0.9831989777914387,5.950419678882786,0.521362914889038
full,7,179,17440,6,16,16,170,2948,0.7197265625,0.7833007539793354,3581,143,2287.2902635637524,0.5584204745028692,0.7758786511410286,0.9831989777914387,5.951122620786148,0.5279488110710703
full,7,180,17536,10,31,31,171,2958,0.72216796875,0.7860932700363027,3581,143,2296.581967169641,0.5606889568285256,0.7763968786915622,0.9831989777914387,5.951856434439188,0.5297103985743346
full,7,181,17632,4,25,25,178,2962,0.72314453125,0.786931024853393,3581,144,2301.92786709695,0.5619941081779664,0.7771532299449528,0.9831989777914387,5.95215726138494,0.5259569042206815
full,7,182,17728,6,22,22,167,2968,0.724609375,0.7886065344875733,3581,144,2307.4287711859465,0.563337102340319,0.7774355698065858,0.9831989777914387,5.9527248219666085,0.5277215874057379
full,7,183,17824,5,21,21,165,2973,0.725830078125,0.790002792516057,3581,144,2313.229167445696,0.5647532147084219,0.7780791010580881,0.9831989777914387,5.952774326986146,0.5238525176025537
full,7,184,17920,6,22,22,169,2979,0.727294921875,0.7916783021502374,3581,144,2318.966616244384,0.5661539590440391,0.7784379376449762,0.9831989777914387,5.953244309309518,0.519262588494227
full,7,185,18016,6,17,17,170,2985,0.728759765625,0.7933538117844178,3581,144,2324.3593702595103,0.5674705493797633,0.7786798560333368,0.9831989777914387,5.953686973051168,0.526325758365478
full,7,186,18112,5,23,23,167,2990,0.72998046875,0.7947500698129014,3581,144,2329.858357790976,0.5688130756325624,0.7792168420705604,0.9831989777914387,5.954002565909836,0.5304225031564425
full,7,187,18208,6,24,24,160,2996,0.7314453125,0.7964255794470818,3581,144,2336.277370049594,0.5703802172972642,0.7797988551567403,0.9831989777914387,5.954406344354927,0.5288279762288453
full,7,188,18304,4,24,24,161,3000,0.732421875,0.7975425858698687,3581,144,2340.806995797469,0.5714860829583664,0.7802689985991563,0.9831989777914387,5.954547338358669,0.5325130641980174
full,7,189,18400,6,19,19,168,3006,0.73388671875,0.7992180955040491,3581,144,2345.945086242488,0.5727404995709199,0.7804208537067491,0.9831989777914387,5.954963369984847,0.527816266633512
full,7,190,18496,4,20,20,170,3010,0.73486328125,0.8003351019268361,3581,144,2350.0621338569404,0.5737456381486671,0.7807515394873557,0.9831989777914387,5.955432439613219,0.5293524073442808
full,7,191,18592,3,21,21,166,3013,0.735595703125,0.8008936051382295,3581,145,2354.150910248148,0.5747438745723018,0.7813312015426978,0.9831989777914387,5.955874492030204,0.5313223627865928
full,7,192,18688,4,14,14,161,3017,0.736572265625,0.8020106115610165,3581,145,2357.6675444332122,0.5756024278401397,0.7814609030272497,0.9831989777914387,5.956009785650615,0.5271022018361446
full,7,193,18784,8,25,25,171,3025,0.738525390625,0.8042446244065904,3581,145,2365.349362010882,0.577477871584688,0.7819336733920271,0.9831989777914387,5.956528220832675,0.5243946165411293
full,7,194,18880,5,21,21,170,3030,0.73974609375,0.8053616308293773,3581,146,2369.868478865386,0.5785811715979946,0.782134811506728,0.9831989777914387,5.956888899271741,0.5207833324879529
full,7,195,18976,5,27,27,171,3035,0.740966796875,0.8067578888578609,3581,146,2375.7889612957506,0.5800266018788454,0.7827970218437399,0.9831989777914387,5.957058957479825,0.5242409911222627
full,7,196,19072,7,22,22,167,3042,0.74267578125,0.8084333984920413,3581,147,2382.312562255034,0.5816192778942955,0.7831402242784465,0.9831989777914387,5.957333842592987,0.5245844622874267
full,7,197,19168,14,31,31,170,3056,0.74609375,0.8123429209717956,3581,147,2393.730869631855,0.5844069505937146,0.7832888971308426,0.9831989777914387,5.958421495517226,0.5206844790739396
full,7,198,19264,4,17,17,170,3060,0.7470703125,0.8134599273945825,3581,147,2397.6930577072862,0.5853742816668179,0.7835598227801589,0.9831989777914387,5.958524440321199,0.5329245687466572
full,7,199,19360,2,19,19,170,3062,0.74755859375,0.814018430605976,3581,147,2400.4651468789257,0.5860510612497377,0.783953346466011,0.9831989777914387,5.958734560712131,0.5271772221651985
full,7,200,19456,7,27,27,170,3069,0.749267578125,0.8159731918458532,3581,147,2407.680073480356,0.58781251793954,0.7845161529750264,0.9831989777914387,5.959432000524503,0.5279715233381326
full,7,201,19552,7,23,23,168,3076,0.7509765625,0.8176487014800335,3581,148,2414.153984261521,0.5893930625638479,0.7848354955336545,0.9831989777914387,5.959648830575796,0.5223688824028331
full,7,202,19648,7,21,21,166,3083,0.752685546875,0.8196034627199107,3581,148,2420.2317089719663,0.590876882073234,0.7850248812753702,0.9831989777914387,5.959932601635172,0.523613363216048
full,7,203,19744,1,13,13,168,3084,0.7529296875,0.8198827143256073,3581,148,2422.541029694191,0.5914406810776833,0.7855191406271695,0.9831989777914387,5.960476205558011,0.5321477665671244
full,7,204,19840,5,16,16,168,3089,0.754150390625,0.8209997207483943,3581,149,2427.515112097213,0.5926550566643587,0.7858579190991302,0.9831989777914387,5.961416194596842,0.5289797591324263
full,7,205,19936,4,24,24,167,3093,0.755126953125,0.8221167271711812,3581,149,2433.003551758369,0.5939950077535081,0.7866160852759034,0.9831989777914387,5.961485863791355,0.5334835761695673
full,7,206,20032,4,21,21,163,3097,0.756103515625,0.8232337335939681,3581,149,2438.2038662885725,0.5952646157931085,0.7872792593763553,0.9831989777914387,5.962049297233189,0.529852550033248
full,7,207,20128,2,22,22,168,3099,0.756591796875,0.8237922368053616,3581,149,2442.111298576934,0.5962185787541343,0.7880320421351836,0.9831989777914387,5.962093264070291,0.5220402612257469
full,7,208,20224,6,17,17,170,3105,0.758056640625,0.825467746439542,3581,149,2448.0885188698044,0.5976778610521983,0.7884343055941399,0.9831989777914387,5.962677463225143,0.525283292844505
full,7,209,20320,5,16,16,174,3110,0.75927734375,0.8268640044680257,3581,149,2453.2435807018046,0.5989364210697765,0.7888243024764645,0.9831989777914387,5.962812528307003,0.52635719863578
full,7,210,20416,8,28,28,173,3118,0.76123046875,0.8288187657079028,3581,150,2461.8344865012523,0.6010338101809698,0.7895556403147057,0.9831989777914387,5.963333021717402,0.5299819910259657
full,7,211,20512,10,26,26,167,3128,0.763671875,0.8316112817648702,3581,150,2470.016696023558,0.6030314199276264,0.7896472813374545,0.9831989777914387,5.964278889145485,0.5282257449945942
full,7,212,20608,2,22,22,164,3130,0.76416015625,0.8321697849762636,3581,150,2473.091511589054,0.6037821073215464,0.7901250835747776,0.9831989777914387,5.964387895603405,0.5239247977819625
full,7,213,20704,7,27,27,165,3137,0.765869140625,0.8341245462161407,3581,150,2479.6061085360543,0.6053725850918101,0.7904386702378241,0.9831989777914387,5.964223749163173,0.5296325581024248
full,7,214,20800,5,16,15,161,3142,0.76708984375,0.8355208042446244,3581,150,2484.5864771027004,0.6065884953864015,0.7907659061434438,0.9831989777914387,5.964284001357566,0.5208110337122254
full,7,215,20896,4,22,22,163,3146,0.76806640625,0.8366378106674114,3581,150,2488.5856189220103,0.6075648483696314,0.7910316652644661,0.9831989777914387,5.964502210160624,0.5297908869543142
full,7,216,20992,3,20,20,170,3149,0.768798828125,0.8374755654845015,3581,150,2491.84585155854,0.6083608036031591,0.7913133856965829,0.9831989777914387,5.964334589085015,0.5262429623551379
full,7,217,21088,6,19,19,166,3155,0.770263671875,0.8391510751186819,3581,150,2497.4302656668688,0.6097241859538254,0.7915785311146969,0.9831989777914387,5.964463025344769,0.5269054628411868
full,7,218,21184,8,26,26,166,3163,0.772216796875,0.8413850879642558,3581,150,2505.429014255716,0.6116770054335244,0.7921052843046842,0.9831989777914387,5.965075991152388,0.5257532483947568
full,7,219,21280,7,23,23,167,3170,0.77392578125,0.843339849204133,3581,150,2512.123944468461,0.6133115098799954,0.7924681212834263,0.9831989777914387,5.965121586052463,0.5234224000147063
full,7,220,21376,6,22,22,168,3176,0.775390625,0.8450153588383134,3581,150,2517.8556969344786,0.6147108635093942,0.7927757232161456,0.9831989777914387,5.96567478449993,0.5234067479914186
full,7,221,21472,6,22,22,171,3182,0.77685546875,0.8466908684724938,3581,150,2523.6856578372563,0.6161341938079239,0.7931130288614885,0.9831989777914387,5.966002960986954,0.5238133469716435
full,7,222,21568,5,20,20,169,3187,0.778076171875,0.8480871265009774,3581,150,2528.2702050652742,0.6172534680335142,0.7933072497851503,0.9831989777914387,5.966489725328892,0.5232589048208512
full,7,223,21664,5,21,21,175,3192,0.779296875,0.849483384529461,3581,150,2532.704992942151,0.6183361799175173,0.7934539451573155,0.9831989777914387,5.966781030527363,0.5259613490436851
full,7,224,21760,3,15,15,173,3195,0.780029296875,0.8503211393465513,3581,150,2536.6082992128836,0.6192891355500204,0.7939306100822797,0.9831989777914387,5.966764140185644,0.5204027939701007
full,7,225,21856,1,22,22,169,3196,0.7802734375,0.8506003909522479,3581,150,2539.252888706671,0.6199347872819021,0.7945096648018369,0.9831989777914387,5.966858025448314,0.5236929228553844
full,7,226,21952,4,18,18,173,3200,0.78125,0.8517173973750349,3581,150,2543.0177329907515,0.6208539387184452,0.7946930415596098,0.9831989777914387,5.9669548158034695,0.5313675658639544
full,7,227,22048,6,20,20,176,3206,0.78271484375,0.8533929070092153,3581,150,2549.032478761457,0.6223223825101213,0.795081871104634,0.9831989777914387,5.967010508609164,0.521355046228692
full,7,228,22144,2,18,18,168,3208,0.783203125,0.8539514102206087,3581,150,2552.14615273194,0.6230825568193213,0.7955567807767894,0.9831989777914387,5.967120173274044,0.5267077362951251
full,7,229,22240,1,16,16,171,3209,0.783447265625,0.8542306618263055,3581,150,2553.883802734884,0.6235067877770712,0.7958503592193468,0.9831989777914387,5.967109683832209,0.5275656640744739
full,7,230,22336,5,19,19,173,3214,0.78466796875,0.8556269198547891,3581,150,2557.9899904607882,0.6245092750148409,0.7958898539081481,0.9831989777914387,5.967343790031105,0.5288264415371602
full,7,231,22432,4,24,24,164,3218,0.78564453125,0.8567439262775761,3581,150,2562.1907667867245,0.6255348551725401,0.7962059561176894,0.9831989777914387,5.967447763558344,0.5272448671271851
full,7,232,22528,5,19,19,169,3223,0.786865234375,0.8581401843060598,3581,150,2566.727847202371,0.6266425408208913,0.7963784819119984,0.9831989777914387,5.9674755462129525,0.51715673526629
full,7,233,22624,2,15,15,169,3225,0.787353515625,0.8586986875174533,3581,150,2569.5621872759666,0.6273345183779215,0.7967634689227804,0.9831989777914387,5.967494215957014,0.5238704037287091
full,7,234,22720,6,21,21,163,3231,0.788818359375,0.8603741971516337,3581,150,2574.963948307095,0.6286533076921619,0.7969557252575349,0.9831989777914387,5.967650620781168,0.5277155323197861
full,7,235,22816,3,15,15,173,3234,0.78955078125,0.8612119519687238,3581,150,2578.0624871044415,0.6294097868907328,0.7971745476513424,0.9831989777914387,5.967768193023738,0.5226992758466755
full,7,236,22912,4,20,20,166,3238,0.79052734375,0.8623289583915108,3581,150,2582.6649569957012,0.6305334367665286,0.7976111664594506,0.9831989777914387,5.967868414656121,0.5243299308312581
full,7,237,23008,5,22,22,168,3243,0.791748046875,0.8637252164199944,3581,150,2588.3647949903952,0.631924998776952,0.7981390055474545,0.9831989777914387,5.968064693788971,0.5276740440290688
full,7,238,23104,3,22,22,166,3246,0.79248046875,0.8645629712370846,3581,150,2592.6724905694214,0.6329766822679251,0.798728432091627,0.9831989777914387,5.968132625690654,0.5300431630502822
full,7,239,23200,7,20,19,165,3253,0.794189453125,0.8665177324769617,3581,150,2599.4386678857263,0.6346285810267887,0.7990896612006536,0.9831989777914387,5.968637772422697,0.5268843206803987
full,7,240,23296,2,22,22,161,3255,0.794677734375,0.8670762356883552,3581,150,2602.8333606984347,0.6354573634517663,0.7996415854680291,0.9831989777914387,5.968593635889112,0.5290716071195424
full,7,241,23392,3,21,21,168,3258,0.79541015625,0.8679139905054454,3581,150,2606.163809773064,0.6362704613703769,0.7999275045343965,0.9831989777914387,5.969113191754564,0.5294870556850827
full,7,242,23488,6,19,19,168,3264,0.796875,0.869310248533929,3581,151,2612.1685573894288,0.6377364642064035,0.8002967393962711,0.9831989777914387,5.969260333911933,0.5273475947711967
full,7,243,23584,2,14,14,167,3266,0.79736328125,0.8698687517453225,3581,151,2614.645192345204,0.6383411114124034,0.8005649700995726,0.9831989777914387,5.96932686393594,0.5302026997185629
full,7,244,23680,4,20,20,172,3270,0.79833984375,0.8709857581681094,3581,151,2619.203969692883,0.6394540941633016,0.8009798072455301,0.9831989777914387,5.969475195632346,0.528218693872057
full,7,245,23776,6,19,19,169,3276,0.7998046875,0.8726612678022898,3581,151,2624.8990729758702,0.6408445002382496,0.8012512432771277,0.9831989777914387,5.969779778870842,0.5283333717517872
full,7,246,23872,4,23,23,160,3280,0.80078125,0.8734990226193801,3581,152,2629.466064358268,0.6419594883687177,0.8016664830360573,0.9831989777914387,5.970282387218942,0.531095823075892
full,7,247,23968,5,16,16,168,3285,0.802001953125,0.874616029042167,3581,153,2634.108663205463,0.6430929353528962,0.8018595626196234,0.9831989777914387,5.970575669406212,0.5196666175824205
full,7,248,24064,4,16,16,173,3289,0.802978515625,0.875733035464954,3581,153,2637.941301430759,0.6440286380446189,0.8020496507846637,0.9831989777914387,5.970850854926244,0.529495783273611
full,7,249,24160,8,20,20,166,3297,0.804931640625,0.8776877967048311,3581,154,2644.533830486111,0.6456381422085232,0.802103072637583,0.9831989777914387,5.971128807609773,0.5338579291157504
full,7,250,24256,3,17,17,169,3300,0.8056640625,0.8785255515219212,3581,154,2648.42061426116,0.6465870640286036,0.8025517012912606,0.9831989777914387,5.9711609388622975,0.5279717662765618
full,7,251,24352,3,18,18,170,3303,0.806396484375,0.8790840547333147,3581,155,2651.9868813832945,0.6474577347127184,0.8029024769552814,0.9831989777914387,5.971353558990275,0.5271409709605318
full,7,252,24448,4,20,20,163,3307,0.807373046875,0.8802010611561016,3581,155,2656.42741569644,0.6485418495352637,0.8032740900200908,0.9831989777914387,5.971395135704772,0.527791410212672
full,7,253,24544,1,11,11,169,3308,0.8076171875,0.8804803127617984,3581,155,2658.1095214399315,0.6489525198827958,0.8035397585973191,0.9831989777914387,5.9713208797810555,0.524506429654285
full,7,254,24640,3,14,14,170,3311,0.808349609375,0.8813180675788885,3581,155,2661.0969931675663,0.6496818830975504,0.803713981627172,0.9831989777914387,5.9718712730949655,0.5263367234347632
full,7,255,24736,1,9,9,161,3312,0.80859375,0.8815973191845853,3581,155,2663.0273735717938,0.6501531673759262,0.8040541586871358,0.9831989777914387,5.971907961071468,0.526338414738075
full,7,256,24832,1,15,15,171,3313,0.808837890625,0.881876570790282,3581,155,2664.6523875396924,0.6505498993016827,0.8043019582069703,0.9831989777914387,5.971918621774992,0.532019007589816
full,7,257,24928,4,21,21,168,3317,0.809814453125,0.8829935772130689,3581,155,2669.1373210151237,0.6516448537634579,0.804684148632838,0.9831989777914387,5.9720786671092,0.530358305112582
full,7,258,25024,1,15,15,169,3318,0.81005859375,0.8832728288187657,3581,155,2671.663525617101,0.6522616029338626,0.805202991445781,0.9831989777914387,5.972173436374749,0.5227635579022836
full,7,259,25120,1,12,12,167,3319,0.810302734375,0.8835520804244624,3581,155,2673.305132848096,0.6526623859492422,0.8054549963386851,0.9831989777914387,5.972202002217128,0.5295243957995208
full,7,260,25216,0,14,14,168,3319,0.810302734375,0.8835520804244624,3581,155,2675.1040316422896,0.6531015702251683,0.8059969965779722,0.9831989777914387,5.972202002217128,0.5250582747034211
full,7,261,25312,3,13,13,169,3322,0.81103515625,0.8843898352415527,3581,155,2677.755051320424,0.6537487918262754,0.806067143684655,0.9831989777914387,5.972277607953574,0.524421706238057
full,7,262,25408,3,17,17,161,3325,0.811767578125,0.8852275900586428,3581,155,2680.9265514206318,0.6545230838429277,0.806293699675378,0.9831989777914387,5.972295373729161,0.526895399031035
full,7,263,25504,1,19,19,175,3326,0.81201171875,0.8855068416643396,3581,155,2683.3633123522977,0.6551179961797602,0.8067839183260065,0.9831989777914387,5.972333609715417,0.5257069317148154
full,7,264,25600,5,31,31,167,3331,0.813232421875,0.8869030996928232,3581,155,2688.7187927014593,0.6564254864993797,0.8071806642754306,0.9831989777914387,5.972451556301247,0.5294521013913136
full,7,265,25696,4,15,15,169,3335,0.814208984375,0.8880201061156102,3581,155,2692.8311754568203,0.6574294861955128,0.8074456298221351,0.9831989777914387,5.972622023503521,0.5271226516250184
full,7,266,25792,1,10,10,170,3336,0.814453125,0.8882993577213069,3581,155,2694.294094533056,0.6577866441731094,0.8076421146681823,0.9831989777914387,5.972679557762431,0.5346977925514429
full,7,267,25888,5,21,21,165,3341,0.815673828125,0.8896956157497906,3581,155,2699.6893096304343,0.6591038353589928,0.8080482818408963,0.9831989777914387,5.972711398137212,0.5221026595433569
full,7,268,25984,2,18,18,167,3343,0.816162109375,0.8899748673554873,3581,156,2702.3574039287614,0.6597552255685453,0.8083629685697761,0.9831989777914387,5.9728112121401935,0.5266195344367038
full,7,269,26080,6,21,21,171,3349,0.817626953125,0.8916503769896676,3581,156,2708.4274443138393,0.6612371690219334,0.8087272153818571,0.9831989777914387,5.972764701881526,0.5272873832115106
full,7,270,26176,4,22,22,172,3353,0.818603515625,0.8927673834124547,3581,156,2712.724799748753,0.6622863280636604,0.8090440798534903,0.9831989777914387,5.972639288591564,0.5282384604195439
full,7,271,26272,5,24,24,168,3358,0.81982421875,0.8941636414409383,3581,156,2717.587662309785,0.6634735503685999,0.8092875706699777,0.9831989777914387,5.972674108704476,0.5310975216332056
full,7,272,26368,3,14,14,166,3361,0.820556640625,0.8950013962580284,3581,156,2720.4092162088155,0.6641624063009803,0.8094047058044676,0.9831989777914387,5.972797536119275,0.5200803282467416
full,7,273,26464,7,17,17,168,3368,0.822265625,0.8969561574979056,3581,156,2726.9964847560495,0.6657706261611449,0.809678291198352,0.9831989777914387,5.973015584992046,0.535445217014717
full,7,274,26560,2,17,17,167,3370,0.82275390625,0.8975146607092991,3581,156,2729.5529391649566,0.6663947605383195,0.8099563617700168,0.9831989777914387,5.973111794101859,0.5285937207537516
full,7,275,26656,2,18,18,167,3372,0.8232421875,0.8980731639206926,3581,156,2732.302940895096,0.6670661476794668,0.8102915008585694,0.9831989777914387,5.973182477220627,0.5302969561292533
full,7,276,26752,2,21,21,172,3374,0.82373046875,0.898631667132086,3581,156,2735.3611512726056,0.6678127810724135,0.8107175907743348,0.984126194793508,5.973202310122899,0.5215905359628494
full,7,277,26848,3,18,18,169,3377,0.824462890625,0.8991901703434795,3581,157,2738.9788347855792,0.6686960045863231,0.8110686511061828,0.984126194793508,5.973343447126945,0.5266272195558301
full,7,278,26944,1,17,17,167,3378,0.82470703125,0.8994694219491762,3581,157,2740.656480310079,0.6691055860132029,0.8113251865926818,0.984126194793508,5.973378694171236,0.5288951411805456
full,7,279,27040,3,15,15,168,3381,0.825439453125,0.9003071767662664,3581,157,2744.1336126807664,0.6699544952833902,0.8116337215855565,0.984126194793508,5.973438403449476,0.5286261000201873
full,7,280,27136,3,18,18,163,3384,0.826171875,0.9011449315833566,3581,157,2748.317345561398,0.6709759144437006,0.8121505158278363,0.984126194793508,5.9738641037258216,0.5238823518395457
full,7,281,27232,5,18,18,167,3389,0.827392578125,0.9025411896118403,3581,157,2753.182555528828,0.6721637098459052,0.8123878889137881,0.984126194793508,5.974032471603349,0.5324763491633122
full,7,282,27328,6,22,22,163,3395,0.828857421875,0.9042166992460207,3581,157,2758.4670303668463,0.6734538648356558,0.8125086981934746,0.984126194793508,5.974009030017929,0.5235763703712577
full,7,283,27424,2,23,23,168,3397,0.829345703125,0.9047752024574142,3581,157,2761.1611330776195,0.6741116047552782,0.8128234127399527,0.984126194793508,5.97403726744842,0.5240099669988936
full,7,284,27520,2,18,18,172,3399,0.829833984375,0.9053337056688076,3581,157,2763.5608856545277,0.6746974818492499,0.813051157886004,0.984126194793508,5.974112748140106,0.5237337437609448
full,7,285,27616,1,19,19,174,3400,0.830078125,0.9056129572745043,3581,157,2766.0880138620023,0.6753144565092779,0.8135552981947065,0.984126194793508,5.974051343788761,0.5218800201356553
full,7,286,27712,2,16,16,169,3402,0.83056640625,0.9061714604858978,3581,157,2768.4466103861555,0.6758902857388075,0.8137703146343784,0.984126194793508,5.974089786167893,0.5218071435135083
full,7,287,27808,3,19,19,161,3405,0.831298828125,0.907009215302988,3581,157,2771.8127262234807,0.6767120913631545,0.8140419166588784,0.984126194793508,5.974156735852912,0.5248745444585609
full,7,288,27904,1,18,17,174,3406,0.83154296875,0.9072884669086847,3581,157,2774.4163040013646,0.6773477304690831,0.8145673235470829,0.984126194793508,5.97420359636074,0.5254425796035185
full,7,289,28000,2,16,16,165,3408,0.83203125,0.9078469701200782,3581,157,2776.889354300096,0.6779515025146718,0.8148149513791361,0.984126194793508,5.974255092680346,0.5235281896408683
full,7,290,28096,6,19,19,168,3414,0.83349609375,0.9095224797542586,3581,157,2783.295882973451,0.6795155964290652,0.8152594853466465,0.984126194793508,5.974314466792524,0.5288198393272513
full,7,291,28192,1,15,15,167,3415,0.833740234375,0.9098017313599553,3581,157,2785.1161097989443,0.6799599877438829,0.8155537656805107,0.984126194793508,5.974371074459214,0.5293300843839468
full,7,292,28288,3,17,17,165,3418,0.83447265625,0.9106394861770455,3581,157,2787.9471277676844,0.6806511542401573,0.8156662164329094,0.984126194793508,5.9744148571737785,0.5321262891710786
full,7,293,28384,5,13,13,172,3423,0.835693359375,0.9120357442055291,3581,157,2792.2506616113683,0.681701821682463,0.8157320074821409,0.984126194793508,5.974539145041451,0.5288437398386291
full,7,294,28480,0,11,11,169,3423,0.835693359375,0.9120357442055291,3581,157,2792.8179335215514,0.68184031580116,0.8158977310901406,0.984126194793508,5.974539145041451,0.5234822718538521
full,7,295,28576,0,9,9,170,3423,0.835693359375,0.9120357442055291,3581,157,2793.1877244788334,0.6819305967965902,0.8160057623367903,0.984126194793508,5.974539145041451,0.5252277531061669
full,7,296,28672,1,13,13,166,3424,0.8359375,0.9123149958112259,3581,157,2794.681472624738,0.6822952814025239,0.816203701117038,0.984126194793508,5.974538722454063,0.5340573036462417
full,7,297,28768,3,16,16,173,3427,0.836669921875,0.9131527506283161,3581,157,2798.2901926102236,0.6831763165552304,0.8165422213627731,0.984126194793508,5.974565854966224,0.5327046709696652
full,7,298,28864,1,16,16,162,3428,0.8369140625,0.9134320022340129,3581,157,2800.3229201705635,0.6836725879322665,0.8168970012166171,0.9876177176596302,5.974938270588213,0.5261702517206668
full,7,299,28960,3,25,25,169,3431,0.837646484375,0.914269757051103,3581,157,2804.281923585057,0.6846391415002581,0.8173366142771953,0.9876177176596302,5.974922971765235,0.5256818928792402
full,7,300,29056,4,15,15,168,3435,0.838623046875,0.9153867634738899,3581,157,2809.2686575191337,0.6858566058396323,0.8178365815193984,0.9876177176596302,5.974975807963375,0.5230196493806951
full,7,301,29152,4,17,17,163,3439,0.839599609375,0.9165037698966769,3581,157,2813.1836918705085,0.6868124247730734,0.8180237545421659,0.9876177176596302,5.9750551719572496,0.5256941536457902
full,7,302,29248,1,26,26,167,3440,0.83984375,0.9167830215023737,3581,157,2815.991208063281,0.6874978535310745,0.8186020953672329,0.9876177176596302,5.975358978096031,0.5320097827184955
full,7,303,29344,4,15,15,169,3444,0.8408203125,0.9179000279251606,3581,157,2819.784440366508,0.6884239356363545,0.8187527411052579,0.9876177176596302,5.975740411899654,0.5271807814564717
full,7,304,29440,4,24,24,174,3448,0.841796875,0.9190170343479475,3581,157,2824.223562514576,0.6895077056920351,0.8190903603580556,0.9876177176596302,5.975863487801336,0.5273712233313597
full,7,305,29536,1,11,11,171,3449,0.842041015625,0.9192962859536442,3581,157,2825.5217194214574,0.6898246385306293,0.8192292604875203,0.9876177176596302,5.975914517802044,0.5283744779645818
full,7,306,29632,5,20,20,171,3454,0.84326171875,0.9206925439821279,3581,157,2830.8663208679477,0.6911294728681513,0.8195907124690063,0.9876177176596302,5.976092654988538,0.5200397878078473
full,7,307,29728,5,20,20,173,3459,0.844482421875,0.9220888020106116,3581,157,2836.2404544314377,0.6924415171951752,0.8199596572510661,0.9876177176596302,5.976159080102225,0.5230708706165206
full,7,308,29824,5,20,20,170,3464,0.845703125,0.9234850600390953,3581,157,2841.820318587006,0.6938037887175308,0.8203869279985584,0.9876177176596302,5.976480970267447,0.5257915082089739
full,7,309,29920,1,13,13,172,3465,0.845947265625,0.923764311644792,3581,157,2843.4385587795496,0.6941988668895385,0.8206171886809667,0.9876177176596302,5.976533513753588,0.5250084853972528
full,7,310,30016,0,15,15,162,3465,0.845947265625,0.923764311644792,3581,157,2844.87603844351,0.6945498140731226,0.8210320457268427,0.9876177176596302,5.976533513753588,0.5204432831700343
full,7,311,30112,1,18,18,174,3466,0.84619140625,0.9240435632504886,3581,157,2847.030436966238,0.6950757902749605,0.8214167446526942,0.9876177176596302,5.976569326325265,0.5303727660268529
full,7,312,30208,2,17,17,163,3468,0.8466796875,0.9246020664618821,3581,157,2849.4222434998273,0.69565972741695,0.8216327115051405,0.9876177176596302,5.976641902610151,0.5242281245578626
full,7,313,30304,5,21,21,169,3473,0.847900390625,0.925719072884669,3581,158,2855.196401787978,0.6970694340302681,0.8221124105349779,0.9876177176596302,5.976931436065556,0.5233977244460278
full,7,314,30400,1,13,13,167,3474,0.84814453125,0.9259983244903658,3581,158,2856.628644663935,0.697419102701156,0.8222880381876613,0.9876177176596302,5.976993443542835,0.5209413137108729
full,7,315,30496,3,22,22,177,3477,0.848876953125,0.926836079307456,3581,158,2860.4413397208887,0.6983499364552951,0.8226751048952801,0.9876177176596302,5.976979063824118,0.5235191295166535
full,7,316,30592,1,22,22,180,3478,0.84912109375,0.9271153309131528,3581,158,2862.8789252386478,0.6989450501070917,0.823139426463096,0.9876177176596302,5.976927622431081,0.5271644605515889
full,7,317,30688,1,18,18,166,3479,0.849365234375,0.9273945825188494,3581,158,2864.946071032773,0.6994497243732356,0.8234970023089316,0.9876177176596302,5.976948633718905,0.5259081548438153
full,7,318,30784,2,15,15,168,3481,0.849853515625,0.9279530857302429,3581,158,2867.2511052756126,0.7000124768739289,0.8236860400102306,0.9876177176596302,5.976975336938138,0.5222766003053829
full,7,319,30880,1,21,21,170,3482,0.85009765625,0.9282323373359397,3581,158,2869.762317371086,0.7006255657644253,0.82417068276022,0.9876177176596302,5.976988855600423,0.5237533725467067
full,7,320,30976,2,18,18,156,3484,0.8505859375,0.9287908405473332,3581,158,2872.6316283407227,0.7013260811378718,0.824521133278049,0.9876177176596302,5.976907600244119,0.5280970515958986
full,7,321,31072,3,28,28,170,3487,0.851318359375,0.9296285953644233,3581,158,2876.889821034546,0.7023656789635122,0.8250329283150404,0.9876177176596302,5.976904953148688,0.5215604259417268
full,7,322,31168,3,21,21,173,3490,0.85205078125,0.9304663501815136,3581,158,2880.3069179064437,0.7031999311295029,0.825302841807004,0.9876177176596302,5.976893261816025,0.5287096880274429
full,7,323,31264,3,18,18,167,3493,0.852783203125,0.9313041049986037,3581,158,2883.156824157841,0.7038957090229104,0.8254099124414088,0.9876177176596302,5.976854730812725,0.5270975572968015
full,7,324,31360,2,20,20,170,3495,0.853271484375,0.9318626082099972,3581,158,2885.9847559162235,0.7045861220498593,0.8257467112778895,0.9876177176596302,5.976924245122309,0.5343726405500142
full,7,325,31456,1,21,21,163,3496,0.853515625,0.932141859815694,3581,158,2888.624911761699,0.705230691348071,0.8262657070256576,0.9876177176596302,5.976916864898717,0.5302032053147009
full,7,326,31552,5,19,19,163,3501,0.854736328125,0.9332588662384809,3581,159,2893.228690503644,0.7063546607674912,0.826400654242686,0.9876177176596302,5.976974935386076,0.5270793548604044
full,7,327,31648,2,18,18,168,3503,0.855224609375,0.9338173694498744,3581,159,2896.0365872979273,0.707040182445783,0.8267303988860769,0.9876177176596302,5.9770223384636925,0.5294852366220051
full,7,328,31744,3,14,14,171,3506,0.85595703125,0.9346551242669645,3581,159,2899.533525962692,0.7078939272369853,0.8270204010161699,0.9876177176596302,5.977071131336917,0.5302209304866095
full,7,329,31840,1,16,16,171,3507,0.856201171875,0.9349343758726613,3581,159,2901.154628162198,0.7082897041411617,0.8272468286747072,0.9876177176596302,5.977111210311975,0.5245076300985437
full,7,330,31936,2,16,16,177,3509,0.856689453125,0.9354928790840548,3581,159,2903.7438426836534,0.7089218365926888,0.8275132068063988,0.9876177176596302,5.977160310228797,0.5375139838111695
full,7,331,32032,0,17,17,177,3509,0.856689453125,0.9354928790840548,3581,159,2905.15591877749,0.7092665817327857,0.8279156223361328,0.9876177176596302,5.977160310228797,0.5261286268138344
full,7,332,32128,3,20,20,164,3512,0.857421875,0.9363306339011449,3581,159,2908.2412204739044,0.7100198292172618,0.8280869078798133,0.9876177176596302,5.977203120449673,0.5299993055969565
full,7,333,32224,5,16,16,171,3517,0.858642578125,0.9377268919296285,3581,159,2912.3675346320633,0.7110272301347811,0.8280828929860857,0.9876177176596302,5.977540838244217,0.520015102605371
full,7,334,32320,0,17,17,168,3517,0.858642578125,0.9377268919296285,3581,159,2913.535220820556,0.7113123097706435,0.8284149049816764,0.9876177176596302,5.977540838244217,0.5255115081548564
full,7,335,32416,0,12,12,173,3517,0.858642578125,0.9377268919296285,3581,159,2914.626076538324,0.7115786319673643,0.8287250715207063,0.9876177176596302,5.977540838244217,0.5239093567815449
full,7,336,32512,1,10,10,168,3518,0.85888671875,0.9380061435353253,3581,159,2916.030586354987,0.711921529871823,0.8288887397256928,0.9876177176596302,5.9775506818425335,0.529232111285125
full,7,337,32608,3,20,20,156,3521,0.859619140625,0.9388438983524156,3581,159,2919.7614599038247,0.7128323876718322,0.8292421073285501,0.9876177176596302,5.977620859692698,0.5272005636368944
full,7,338,32704,1,17,17,167,3522,0.85986328125,0.9391231499581123,3581,159,2921.261096051802,0.7131985097782719,0.8294324520306081,0.9876177176596302,5.9776623604286225,0.5282360444277364
full,7,339,32800,3,14,14,174,3525,0.860595703125,0.9399609047752024,3581,159,2924.1704719556383,0.7139088066297945,0.8295519069377697,0.9876177176596302,5.977665476011795,0.5278164097129949
full,7,340,32896,2,18,18,170,3527,0.861083984375,0.940519407986596,3581,159,2926.962658528855,0.7145904928048963,0.8298731665803388,0.9876177176596302,5.9776156693906035,0.5229825500365759
full,7,341,32992,1,15,15,168,3528,0.861328125,0.9407986595922927,3581,159,2928.7493367516527,0.715026693542884,0.8301443698275659,0.9876177176596302,5.97760471214121,0.5224176014218143
full,7,342,33088,2,11,11,164,3530,0.86181640625,0.9413571628036861,3581,159,2931.0703939907526,0.7155933579078986,0.8303315563713181,0.9876177176596302,5.9776576736484826,0.5256271256487162
full,7,343,33184,2,18,17,169,3532,0.8623046875,0.9419156660150796,3581,159,2933.5284783952875,0.7161934761707245,0.8305573268389829,0.9876177176596302,5.977665491917082,0.5283155268954138
full,7,344,33280,4,17,17,168,3536,0.86328125,0.9427534208321697,3581,160,2937.6899510656067,0.7172094607093766,0.8307946694190064,0.9876177176596302,5.977743099670575,0.5220908422206159
full,7,345,33376,2,8,8,171,3538,0.86376953125,0.9430326724378665,3581,161,2939.755856021527,0.7177138320365056,0.8309089474340099,0.9876177176596302,5.977805705909866,0.5259354217260341
full,7,346,33472,3,16,16,168,3541,0.864501953125,0.9438704272549567,3581,161,2942.6423518362817,0.7184185429287797,0.8310201501938101,0.9876177176596302,5.977852791198369,0.5313738366971785
full,7,347,33568,0,11,11,170,3541,0.864501953125,0.9438704272549567,3581,161,2943.6950953426726,0.7186755603863947,0.8313174513817206,0.9876177176596302,5.977852791198369,0.5192978359853484
full,7,348,33664,0,16,16,164,3541,0.864501953125,0.9438704272549567,3581,161,2945.2738435153874,0.7190609969519989,0.8317632994960145,0.9876177176596302,5.977852791198369,0.5245594640649536
full,7,349,33760,3,15,15,169,3544,0.865234375,0.9447081820720469,3581,161,2948.89156206556,0.7199442290199121,0.8320800118695146,0.9876177176596302,5.977776622216586,0.5269054415564918
full,7,350,33856,4,12,12,172,3548,0.8662109375,0.9458251884948339,3581,161,2952.232241462073,0.7207598245757014,0.832083495338803,0.9876177176596302,5.977746425849526,0.5271433355435823
full,7,351,33952,0,17,17,171,3548,0.8662109375,0.9458251884948339,3581,161,2953.6184888537773,0.7210982638803167,0.832474207681448,0.9876177176596302,5.977746425849526,0.5195686209351802
full,7,352,34048,2,16,16,168,3550,0.86669921875,0.9463836917062273,3581,161,2956.093974556741,0.7217026305070169,0.8327025280441525,0.9876177176596302,5.977848060047796,0.5238433297518745
full,7,353,34144,3,9,9,172,3553,0.867431640625,0.9472214465233175,3581,161,2958.7458956906307,0.7223500721900954,0.8327458192205547,0.9876177176596302,5.977988100074833,0.5197869500011519
full,7,354,34240,1,16,16,173,3554,0.86767578125,0.9475006981290143,3581,161,2960.918811021275,0.7228805690969909,0.8331229068714898,0.9876177176596302,5.978024835870338,0.5285205639329758
full,7,355,34336,4,16,16,178,3558,0.86865234375,0.9486177045518012,3581,161,2965.873227336573,0.724090143392718,0.8335787597910549,0.9876177176596302,5.977982426439908,0.5265511612995148
full,7,356,34432,4,18,18,170,3562,0.86962890625,0.9497347109745881,3581,161,2969.591680534798,0.7249979688805659,0.8336866031821443,0.9876177176596302,5.978048747542196,0.5332782001676484
full,7,357,34528,1,11,11,176,3563,0.869873046875,0.9500139625802848,3581,161,2971.516720635159,0.7254679493738181,0.833992905033724,0.9876177176596302,5.978048878166748,0.5344357095012002
full,7,358,34624,1,17,17,164,3564,0.8701171875,0.9502932141859816,3581,161,2973.4636474588397,0.7259432733053808,0.8343051760546688,0.9876177176596302,5.978042020270285,0.5259368792923147
full,7,359,34720,0,20,20,166,3564,0.8701171875,0.9502932141859816,3581,161,2974.630265279761,0.7262280921093166,0.8346325098989228,0.9876177176596302,5.978042020270285,0.5294215586642825
full,7,360,34816,1,15,15,174,3565,0.870361328125,0.9505724657916783,3581,161,2976.4948329747986,0.7266833088317379,0.834921411774137,0.9876177176596302,5.978087813838222,0.53137625773426
full,7,361,34912,1,12,12,167,3566,0.87060546875,0.9508517173973751,3581,161,2978.2346883903447,0.727108078220299,0.835175179021409,0.9876177176596302,5.978102855000296,0.523690383753131
full,7,362,35008,1,16,16,174,3567,0.870849609375,0.9511309690030718,3581,161,2980.1333340497595,0.7275716147582421,0.8354733204512923,0.9876177176596302,5.978110646995816,0.5217885321689493
full,7,363,35104,3,16,16,173,3570,0.87158203125,0.951968723820162,3581,161,2983.035642624848,0.7282801861877071,0.8355842136204057,0.9876177176596302,5.978150174850189,0.5174360205129289
full,7,364,35200,1,10,10,172,3571,0.871826171875,0.9522479754258587,3581,161,2984.313603537663,0.7285921883636872,0.835708093961821,0.9876177176596302,5.978130281106157,0.5235655738100319
full,7,365,35296,0,7,7,164,3571,0.871826171875,0.9522479754258587,3581,161,2985.072023708138,0.7287773495381197,0.8359204770955302,0.9876177176596302,5.978130281106157,0.5214464012059564
full,7,366,35392,2,23,23,174,3573,0.872314453125,0.9528064786372522,3581,161,2987.640181466343,0.7294043411783064,0.8361713354229899,0.9876177176596302,5.978170061161337,0.5312167138944589
full,7,367,35488,1,18,18,163,3574,0.87255859375,0.9530857302429488,3581,161,2989.1498508230366,0.7297729127985929,0.8363597791894338,0.9876177176596302,5.978201042778417,0.527556108522467
full,7,368,35584,1,10,10,174,3575,0.872802734375,0.9533649818486456,3581,161,2990.8841122469835,0.7301963164665487,0.8366109404886667,0.9876177176596302,5.978224505353337,0.5230846839703536
full,7,369,35680,2,18,18,175,3577,0.873291015625,0.9539234850600391,3581,161,2993.332023175917,0.7307939509706829,0.8368275155649755,0.9876177176596302,5.978213687827118,0.5274304951515262
full,7,370,35776,0,13,13,170,3577,0.873291015625,0.9539234850600391,3581,161,2994.556702829721,0.7310929450267873,0.8371698917611744,0.9876177176596302,5.978213687827118,0.5307335042261142
full,7,371,35872,3,19,19,165,3580,0.8740234375,0.9547612398771292,3581,161,2997.4882647157074,0.7318086583778582,0.8372872247809239,0.9876177176596302,5.978261434162617,0.5292275439161717
full,7,372,35968,1,10,10,161,3581,0.874267578125,0.955040491482826,3581,161,2998.7139173279074,0.7321078899726337,0.8373956764389576,0.9876177176596302,5.978278055169826,0.5210276566566617
full,7,373,36064,2,18,18,158,3583,0.874755859375,0.9555989946942195,3581,161,3001.8913628938335,0.7328836335190023,0.8378150608132385,0.9876177176596302,5.978275766470862,0.5304138751219691
full,7,374,36160,1,17,17,169,3584,0.875,0.9558782462999162,3581,161,3003.296036138114,0.7332265713227817,0.8379732243688933,0.9876177176596302,5.9782927067001825,0.5315197071687257
full,7,375,36256,2,19,19,173,3586,0.87548828125,0.956157497905613,3581,162,3005.6026853472217,0.733789718102349,0.8381491035547188,0.9876177176596302,5.978540144979257,0.5278970185588543
full,7,376,36352,0,19,19,161,3586,0.87548828125,0.956157497905613,3581,162,3007.4824240447233,0.7342486386827938,0.8386732917023768,0.9876177176596302,5.978540144979257,0.5312647014485694
full,7,377,36448,4,16,16,177,3590,0.87646484375,0.9572745043283999,3581,162,3011.506163547936,0.7352309969599453,0.8388596555843832,0.9876177176596302,5.97857693972785,0.5299267552287864
full,7,378,36544,0,15,15,169,3590,0.87646484375,0.9572745043283999,3581,162,3012.063754536156,0.7353671275723037,0.8390149734084,0.9876177176596302,5.97857693972785,0.5235485787000359
full,7,379,36640,2,9,9,167,3592,0.876953125,0.9578330075397934,3581,162,3014.0807459827156,0.7358595571246864,0.8391093390820478,0.9876177176596302,5.978541859547054,0.5217980275386928
full,7,380,36736,1,17,17,165,3593,0.877197265625,0.9581122591454901,3581,162,3016.2116391637023,0.7363797947177008,0.8394688670091017,0.9876177176596302,5.978524445072761,0.5329396390983066
full,7,381,36832,1,17,17,163,3594,0.87744140625,0.9583915107511868,3581,162,3018.830690736796,0.7370192116056631,0.8399640207948792,0.9876177176596302,5.978527920139461,0.5243231554242271
full,7,382,36928,1,14,14,169,3595,0.877685546875,0.9586707623568835,3581,162,3020.662217305052,0.7374663616467412,0.8402398379151743,0.9876177176596302,5.978510742581829,0.5255646285665372
full,7,383,37024,2,16,16,166,3597,0.878173828125,0.959229265568277,3581,162,3023.5402609943453,0.7381690090318226,0.840572772030677,0.9876177176596302,5.978518755328138,0.5325093842503561
full,7,384,37120,2,15,15,165,3599,0.878662109375,0.9597877687796705,3581,162,3025.8087617128585,0.7387228422150534,0.8407359715790105,0.9876177176596302,5.9785485734107535,0.5261169616271547
full,7,385,37216,1,14,14,168,3600,0.87890625,0.9600670203853672,3581,162,3027.3609316663933,0.7391017899576156,0.8409335921295537,0.9876177176596302,5.978525291580477,0.5256879725505555
full,7,386,37312,1,15,15,163,3601,0.879150390625,0.9603462719910639,3581,162,3029.379207368423,0.7395945330489314,0.8412605407854549,0.9876177176596302,5.978543978658861,0.5202427332758035
full,7,387,37408,0,17,17,160,3601,0.879150390625,0.9603462719910639,3581,162,3030.5722702367957,0.7398858081632802,0.8415918551060249,0.9876177176596302,5.978543978658861,0.5291803109650637
full,7,388,37504,3,17,17,163,3604,0.8798828125,0.9611840268081542,3581,162,3034.2445934338766,0.7407823714438175,0.8419102645488004,0.9876177176596302,5.978544993374667,0.5163644456408125
full,7,389,37600,0,14,14,175,3604,0.8798828125,0.9611840268081542,3581,162,3034.868424541989,0.7409346739604465,0.8420833586409514,0.9876177176596302,5.978544993374667,0.5206846666176279
full,7,390,37696,2,19,19,159,3606,0.88037109375,0.9617425300195476,3581,162,3037.18856617721,0.7415011147893579,0.8422597243974514,0.9876177176596302,5.978590988107444,0.5263764188060109
full,7,391,37792,3,17,17,178,3609,0.881103515625,0.9625802848366378,3581,162,3040.753974306139,0.7423715757583347,0.842547512969282,0.9876177176596302,5.978658978587717,0.5215607836488088
full,7,392,37888,2,16,15,166,3611,0.881591796875,0.9631387880480313,3581,162,3043.4965209368556,0.7430411428068495,0.8428403547318902,0.9876177176596302,5.978667671625638,0.5273542193316244
full,7,393,37984,1,20,20,159,3612,0.8818359375,0.963418039653728,3581,162,3045.2076066114614,0.7434588883328763,0.8430807327274257,0.9876177176596302,5.9786730854261725,0.527347075881943
full,7,394,38080,1,20,20,170,3613,0.882080078125,0.9636972912594247,3581,162,3047.172729790705,0.7439386547340588,0.8433912897289524,0.9876177176596302,5.978671601040101,0.5276467142650191
full,7,395,38176,1,19,19,173,3614,0.88232421875,0.9639765428651215,3581,162,3049.344224486711,0.7444688048063259,0.8437587782198979,0.9876177176596302,5.978656578569167,0.5281672691639401
full,7,396,38272,1,13,13,168,3615,0.882568359375,0.9642557944708182,3581,162,3050.7340574965647,0.7448081195059972,0.8439098360986348,0.9876177176596302,5.978699302201278,0.5292197413073975
full,7,397,38368,0,17,17,167,3615,0.882568359375,0.9642557944708182,3581,162,3051.831336414846,0.7450760098669058,0.8442133710691138,0.9876177176596302,5.978699302201278,0.5294906606209857
full,7,398,38464,0,17,17,165,3615,0.882568359375,0.9642557944708182,3581,162,3052.7463162050926,0.7452993936047589,0.8444664775117822,0.9876177176596302,5.978699302201278,0.524556196416099
full,7,399,38560,2,19,19,170,3617,0.883056640625,0.9648142976822117,3581,162,3055.717498962686,0.746024780020187,0.8448209839542953,0.9876177176596302,5.978663835936115,0.5221318257146492
full,7,400,38656,1,12,12,171,3618,0.88330078125,0.9650935492879084,3581,162,3057.0856975042743,0.7463588128672545,0.8449656433124031,0.9876177176596302,5.978677024744963,0.5226253289324422
full,7,401,38752,2,15,15,173,3620,0.8837890625,0.9656520524993019,3581,162,3059.3338906641375,0.7469076881504242,0.8451198592994855,0.9876177176596302,5.979006556148512,0.5216919429596476
full,7,402,38848,0,14,14,175,3620,0.8837890625,0.9656520524993019,3581,162,3060.259173795982,0.7471335873525347,0.8453754623745806,0.9876177176596302,5.979006556148512,0.5243910839405943
full,7,403,38944,0,11,11,163,3620,0.8837890625,0.9656520524993019,3581,162,3060.6853754201356,0.7472376404834316,0.8454931976298717,0.9876177176596302,5.979006556148512,0.5191884506735361
full,7,404,39040,0,18,18,166,3620,0.8837890625,0.9656520524993019,3581,162,3061.7543348881145,0.7474986169160436,0.8457884903005841,0.9876177176596302,5.979006556148512,0.5323489891112537
full,7,405,39136,1,12,12,169,3621,0.884033203125,0.9659313041049986,3581,162,3062.9194093610763,0.747783058926044,0.8458766664902172,0.9876177176596302,5.979005864296988,0.5213032589827405
full,7,406,39232,2,13,13,168,3623,0.884521484375,0.9664898073163921,3581,162,3065.4740034436445,0.7484067391219835,0.8461148229212377,0.9876177176596302,5.979306429545879,0.5250694261879325
full,7,407,39328,0,13,13,168,3623,0.884521484375,0.9664898073163921,3581,162,3066.3415740653154,0.7486185483557899,0.84635428486484,0.9876177176596302,5.979306429545879,0.5210439722652462
full,7,408,39424,0,9,9,174,3623,0.884521484375,0.9664898073163921,3581,162,3066.8663782773347,0.7487466743841149,0.8464991383597391,0.9876177176596302,5.979306429545879,0.5323721374527374
full,7,409,39520,1,8,8,176,3624,0.884765625,0.9667690589220888,3581,162,3068.2055330218504,0.7490736164604127,0.846635080855919,0.9876177176596302,5.979292373519826,0.526200786048459
full,7,410,39616,1,19,19,162,3625,0.885009765625,0.9670483105277855,3581,162,3069.9176394839224,0.7494916112021295,0.8468738315817717,0.9876177176596302,5.979278435068039,0.5203228937099149
full,7,411,39712,1,11,11,170,3626,0.88525390625,0.9673275621334823,3581,162,3071.051745861112,0.7497684926418731,0.846953046293743,0.9876177176596302,5.979314414690551,0.5283825860773816
full,7,412,39808,1,15,15,174,3627,0.885498046875,0.967606813739179,3581,162,3072.506847372021,0.7501237420341849,0.8471207188784178,0.9876177176596302,5.979407406725679,0.5219935921443468
full,7,413,39904,1,17,17,170,3628,0.8857421875,0.9678860653448758,3581,162,3074.1124500773967,0.7505157348821769,0.8473297822705063,0.9876177176596302,5.979414350594583,0.529862924027563
full,7,414,40000,0,15,15,174,3628,0.8857421875,0.9678860653448758,3581,162,3075.199321238243,0.7507810842866804,0.8476293608705191,0.9876177176596302,5.979414350594583,0.5268376204167451
full,7,415,40096,1,14,14,173,3629,0.885986328125,0.9681653169505725,3581,162,3076.887252456829,0.7511931768693431,0.8478609127739953,0.9876177176596302,5.979407570777961,0.5264425974893259
full,7,416,40192,1,12,12,170,3630,0.88623046875,0.9684445685562691,3581,162,3078.01770622009,0.7514691665576392,0.8479387620441019,0.9876177176596302,5.979436414177807,0.521466795333064
full,7,417,40288,1,11,11,167,3631,0.886474609375,0.9687238201619659,3581,162,3079.2636141444164,0.7517733432969766,0.8480483652284264,0.9876177176596302,5.979443672780812,0.5265871925808383
full,7,418,40384,2,15,15,163,3633,0.886962890625,0.9692823233733594,3581,162,3081.6301835934846,0.7523511190413781,0.8482329159354486,0.9876177176596302,5.979451538894814,0.5201319972097015
full,7,419,40480,1,15,15,172,3634,0.88720703125,0.9695615749790562,3581,162,3083.2496244732156,0.7527464903499061,0.8484451360685789,0.9876177176596302,5.979452150006101,0.5290936504936448
full,7,420,40576,2,18,18,170,3636,0.8876953125,0.9701200781904495,3581,162,3085.8772599717868,0.7533880029227995,0.8487011166039018,0.9876177176596302,5.97945478038595,0.52330046284382
full,7,421,40672,2,13,13,168,3638,0.88818359375,0.9703993297961463,3581,163,3087.9383995803064,0.7538912108350357,0.8488010993898588,0.9876177176596302,5.979676192912553,0.5282896527078889
full,7,422,40768,2,24,24,171,3640,0.888671875,0.9709578330075398,3581,163,3091.05247917562,0.7546514841737354,0.8491902415317638,0.9876177176596302,5.979679569107462,0.5223348269548969
full,7,423,40864,1,22,22,169,3641,0.888916015625,0.9712370846132365,3581,163,3092.826727628284,0.755084650299874,0.8494443086043076,0.9876177176596302,5.9796673308588915,0.5255150610066492
full,7,424,40960,2,13,13,171,3643,0.889404296875,0.9717955878246299,3581,163,3095.1260480880314,0.755646007833992,0.8496091265682216,0.9876177176596302,5.979643648518813,0.5220636554549194
full,7,425,41056,0,11,11,173,3643,0.889404296875,0.9717955878246299,3581,163,3095.808161988024,0.7558125395478574,0.849796366178431,0.9876177176596302,5.979643648518813,0.5233555239606273
full,7,426,41152,0,16,16,172,3643,0.889404296875,0.9717955878246299,3581,163,3097.118780439412,0.7561325147557159,0.8501561296841648,0.9876177176596302,5.979643648518813,0.5222425385646602
full,7,427,41248,0,10,10,164,3643,0.889404296875,0.9717955878246299,3581,163,3097.687915574153,0.756271463763221,0.8503123567318565,0.9876177176596302,5.979643648518813,0.5294880359996703
full,7,428,41344,1,11,11,170,3644,0.8896484375,0.9720748394303267,3581,163,3099.413250604848,0.7566926881359493,0.850552483700562,0.9876177176596302,5.979638466978818,0.5220079685049841
full,7,429,41440,2,15,15,165,3646,0.89013671875,0.9726333426417202,3581,163,3101.945940544514,0.7573110206407505,0.8507805651520883,0.9876177176596302,5.979621731183683,0.5299900585677579
full,7,430,41536,2,11,11,173,3648,0.890625,0.9729125942474169,3581,164,3103.8641100812483,0.7577793237503048,0.8508399424564825,0.9876177176596302,5.979619205020197,0.5392065475090617
full,7,431,41632,1,15,15,172,3649,0.890869140625,0.9731918458531137,3581,164,3105.6538072030507,0.7582162615241823,0.8510972340923679,0.9876177176596302,5.979614579472054,0.5264537624517811
full,7,432,41728,0,11,11,169,3649,0.890869140625,0.9731918458531137,3581,164,3106.0055673171837,0.7583021404582968,0.8511936331370742,0.9876177176596302,5.979614579472054,0.5303758116611244
full,7,433,41824,0,17,17,168,3649,0.890869140625,0.9731918458531137,3581,164,3106.9138270307826,0.7585238835524372,0.8514425396083263,0.9876177176596302,5.979614579472054,0.5230289081768356
full,7,434,41920,0,12,12,167,3649,0.890869140625,0.9731918458531137,3581,164,3107.5818268975586,0.7586869694574118,0.851625603424927,0.9876177176596302,5.979614579472054,0.531301664050321
full,7,435,42016,3,18,18,166,3652,0.8916015625,0.9740296006702038,3581,164,3110.84054688729,0.7594825553924048,0.8518183315682613,0.9876177176596302,5.9798665415721395,0.5205933889601821
full,7,436,42112,1,10,10,166,3653,0.891845703125,0.9743088522759006,3581,164,3112.4969962274267,0.7598869619695866,0.852038597379531,0.9876177176596302,5.979897572513153,0.5245629089099685
full,7,437,42208,2,15,15,169,3655,0.892333984375,0.9748673554872941,3581,164,3114.5318310761663,0.7603837478213297,0.8521290919497035,0.9876177176596302,5.979870072073064,0.5252722529586358
full,7,438,42304,1,15,15,171,3656,0.892578125,0.9748673554872941,3581,165,3116.830551093498,0.760944958763061,0.8525247678045672,0.9876177176596302,5.97997408735916,0.5258467884978768
full,7,439,42400,1,17,17,160,3657,0.892822265625,0.9751466070929908,3581,165,3118.8289673599365,0.7614328533593595,0.8528381097511448,0.9876177176596302,5.979963552158603,0.5263799396920981
full,7,440,42496,0,14,14,165,3657,0.892822265625,0.9751466070929908,3581,165,3120.0397768792163,0.7617284611521524,0.853169203412419,0.9876177176596302,5.979963552158603,0.5194581769143596
full,7,441,42592,1,14,14,174,3658,0.89306640625,0.9754258586986875,3581,165,3121.690488772249,0.7621314669854123,0.8533872303915389,0.9876177176596302,5.979946557018753,0.5241430722602559
full,7,442,42688,1,12,12,168,3659,0.893310546875,0.9757051103043842,3581,165,3123.4441885122305,0.7625596163359938,0.8536332846439548,0.9876177176596302,5.979929678955916,0.5289504186783083
full,7,443,42784,1,13,13,169,3660,0.8935546875,0.975984361910081,3581,165,3125.1333295085365,0.762972004274545,0.8538615654394909,0.9876177176596302,5.9799064556048265,0.5257874810522533
full,7,444,42880,0,8,8,171,3660,0.8935546875,0.975984361910081,3581,165,3126.0379387496323,0.763192856140047,0.8541087264343258,0.9876177176596302,5.9799064556048265,0.5198858006888447
full,7,445,42976,0,14,14,167,3660,0.8935546875,0.975984361910081,3581,165,3126.9794296042323,0.7634227123057208,0.854365964372741,0.9876177176596302,5.9799064556048265,0.5194202663803067
full,7,446,43072,0,19,19,171,3660,0.8935546875,0.975984361910081,3581,165,3128.0627304535506,0.7636871900521364,0.8546619482113527,0.9876177176596302,5.9799064556048265,0.5355307608480152
full,7,447,43168,2,11,11,172,3662,0.89404296875,0.9765428651214745,3581,165,3130.0108587742916,0.7641628073179423,0.8547271596871359,0.9876177176596302,5.979907976214225,0.5224711958359214
full,7,448,43264,1,18,18,171,3663,0.894287109375,0.9768221167271712,3581,165,3131.756137626345,0.7645889007876819,0.8549702805422728,0.9876177176596302,5.979932693925763,0.5286850211956904
full,7,449,43360,0,8,8,168,3663,0.894287109375,0.9768221167271712,3581,165,3132.0627040511636,0.7646637461062411,0.8550539732599409,0.9876177176596302,5.979932693925763,0.5278477676526547
full,7,450,43456,0,13,13,166,3663,0.894287109375,0.9768221167271712,3581,165,3132.9136979459818,0.7648715082875932,0.8552862948255479,0.9876177176596302,5.979932693925763,0.5258318479890618
full,7,451,43552,3,18,18,175,3666,0.89501953125,0.9776598715442614,3581,165,3136.2465123375773,0.7656851836761663,0.8554955025470751,0.9876177176596302,5.979865163803196,0.5219149364978529
full,7,452,43648,0,11,11,171,3666,0.89501953125,0.9776598715442614,3581,165,3137.336996117055,0.7659514150676404,0.8557929612976146,0.9876177176596302,5.979865163803196,0.528607373370622
full,7,453,43744,1,12,12,165,3667,0.895263671875,0.9779391231499581,3581,165,3138.898063920039,0.7663325351367283,0.8559852914971473,0.9876177176596302,5.979897581766566,0.526649271773361
full,7,454,43840,0,8,7,168,3667,0.895263671875,0.9779391231499581,3581,165,3139.1993986372327,0.7664061031829181,0.856067466222316,0.9876177176596302,5.979897581766566,0.5283772351505656
full,7,455,43936,0,13,13,162,3667,0.895263671875,0.9779391231499581,3581,165,3139.779490350093,0.7665477271362532,0.8562256586719643,0.9876177176596302,5.979897581766566,0.5291500247509622
full,7,456,44032,0,10,10,166,3667,0.895263671875,0.9779391231499581,3581,165,3140.4530515379656,0.7667121707856361,0.8564093404794015,0.9876177176596302,5.979897581766566,0.529302232084177
full,7,457,44128,0,7,7,167,3667,0.895263671875,0.9779391231499581,3581,165,3141.1002642328763,0.7668701816974796,0.856585836987422,0.9876177176596302,5.979897581766566,0.5193634560923928
full,7,458,44224,0,15,15,175,3667,0.895263671875,0.9779391231499581,3581,165,3142.2994397956336,0.7671629491688559,0.8569128551392511,0.9876177176596302,5.979897581766566,0.5280445457673151
full,7,459,44320,1,16,16,163,3668,0.8955078125,0.9779391231499581,3581,166,3143.7994462439256,0.7675291616806459,0.8570881805463265,0.9876177176596302,5.979915653553329,0.5272832587352003
full,7,460,44416,1,16,16,169,3669,0.895751953125,0.9782183747556549,3581,166,3145.3324577926105,0.767903432078274,0.8572724060486809,0.9876177176596302,5.979906457077048,0.5310134253985196
full,7,461,44512,0,14,14,172,3669,0.895751953125,0.9782183747556549,3581,166,3146.4691777884377,0.7681809516085053,0.8575822234364779,0.9876177176596302,5.979906457077048,0.5342489712187698
full,7,462,44608,1,11,11,159,3670,0.89599609375,0.9784976263613516,3581,166,3147.8460066678153,0.7685170914716346,0.8577237075389142,0.9876177176596302,5.979904035868951,0.5232523754998358
full,7,463,44704,1,14,14,166,3671,0.896240234375,0.9787768779670483,3581,166,3150.0695484846547,0.7690599483605114,0.8580957636841882,0.9876177176596302,5.979888511497534,0.5241210521123237
full,7,464,44800,0,12,12,172,3671,0.896240234375,0.9787768779670483,3581,166,3150.488057199179,0.7691621233396433,0.8582097676925031,0.9876177176596302,5.979888511497534,0.5150153920990193
full,7,465,44896,0,13,13,178,3671,0.896240234375,0.9787768779670483,3581,166,3151.175145449889,0.7693298694946018,0.85839693420046,0.9876177176596302,5.979888511497534,0.5243869782978265
full,7,466,44992,0,14,13,164,3671,0.896240234375,0.9787768779670483,3581,166,3152.0369074370415,0.7695402606047465,0.8586316827668323,0.9876177176596302,5.979888511497534,0.5226858481051716
full,7,467,45088,0,13,13,173,3671,0.896240234375,0.9787768779670483,3581,166,3153.0309447543887,0.7697829454966769,0.8589024638393867,0.9876177176596302,5.979888511497534,0.5240195815663058
full,7,468,45184,0,13,13,168,3671,0.896240234375,0.9787768779670483,3581,166,3154.0078519474273,0.7700214482293524,0.8591685785746193,0.9876177176596302,5.979888511497534,0.5226357951207523
full,7,469,45280,0,14,14,163,3671,0.896240234375,0.9787768779670483,3581,166,3155.291251877423,0.7703347782903864,0.859518183567808,0.9876177176596302,5.979888511497534,0.519314721069764
full,7,470,45376,1,13,13,168,3672,0.896484375,0.9787768779670483,3581,167,3156.6373110641125,0.7706634060215118,0.8596506838409892,0.9876177176596302,5.979899978065456,0.5253693683462256
full,7,471,45472,1,14,14,173,3673,0.896728515625,0.979056129572745,3581,167,3158.660403234985,0.7711573250085413,0.8599674389422775,0.9876177176596302,5.979897881588149,0.5262134570372625
full,7,472,45568,1,15,15,166,3674,0.89697265625,0.9793353811784418,3581,167,3160.1892147220906,0.7715305700005104,0.8601494868595783,0.9876177176596302,5.979916565671646,0.5315969797898876
full,7,473,45664,2,16,16,166,3676,0.8974609375,0.9798938843898353,3581,167,3162.589232064879,0.7721165117345896,0.8603343939240694,0.9876177176596302,5.9798737496196095,0.5227937354509776
full,7,474,45760,0,12,12,171,3676,0.8974609375,0.9798938843898353,3581,167,3163.0224805020207,0.7722222852788136,0.8604522525848805,0.9876177176596302,5.9798737496196095,0.5173656153013728
full,7,475,45856,0,16,16,171,3676,0.8974609375,0.9798938843898353,3581,167,3163.9097325071516,0.7724388995378788,0.8606936160247964,0.9876177176596302,5.9798737496196095,0.5226303180040555
full,7,476,45952,0,14,14,165,3676,0.8974609375,0.9798938843898353,3581,167,3164.639557119688,0.7726170793749239,0.8608921537322329,0.9876177176596302,5.9798737496196095,0.526459991953662
full,7,477,46048,0,18,18,173,3676,0.8974609375,0.9798938843898353,3581,167,3165.741107016681,0.7728860124552444,0.8611918136606858,0.9876177176596302,5.9798737496196095,0.5234276333819574
full,7,478,46144,0,10,10,176,3676,0.8974609375,0.9798938843898353,3581,167,3166.36702043274,0.7730388233478369,0.861362083904445,0.9876177176596302,5.9798737496196095,0.5295360195506148
full,7,479,46240,0,22,22,161,3676,0.8974609375,0.9798938843898353,3581,167,3167.7854308070832,0.7733851149431356,0.8617479409159639,0.9876177176596302,5.9798737496196095,0.5260870798039402
full,7,480,46336,0,6,6,168,3676,0.8974609375,0.9798938843898353,3581,167,3168.099776776725,0.7734618595646301,0.8618334539653767,0.9876177176596302,5.9798737496196095,0.5258197632767193
full,7,481,46432,1,10,10,175,3677,0.897705078125,0.980173135995532,3581,167,3169.4476036670776,0.7737909188640326,0.8619656251474239,0.9876177176596302,5.979865439239476,0.5324516406327497
full,7,482,46528,0,16,16,161,3677,0.897705078125,0.980173135995532,3581,167,3170.5191115616344,0.7740525174711022,0.8622570333319648,0.9876177176596302,5.979865439239476,0.5253408273157056
full,7,483,46624,1,19,19,167,3678,0.89794921875,0.980173135995532,3581,168,3172.2976542806514,0.7744867320021122,0.8625061594020259,0.9876177176596302,5.979962469848382,0.5248126895647591
full,7,484,46720,0,14,14,172,3678,0.89794921875,0.980173135995532,3581,168,3172.7973296207456,0.7746087230519398,0.862642014578778,0.9876177176596302,5.979962469848382,0.5229817327121071
full,7,485,46816,0,17,17,164,3678,0.89794921875,0.980173135995532,3581,168,3174.0601340371254,0.7749170249114076,0.8629853545506051,0.9876177176596302,5.979962469848382,0.5225670436200429
full,7,486,46912,0,14,14,176,3678,0.89794921875,0.980173135995532,3581,168,3174.6552811068577,0.7750623244889789,0.8631471672394937,0.9876177176596302,5.979962469848382,0.5334057019433065
full,7,487,47008,0,16,15,169,3678,0.89794921875,0.980173135995532,3581,168,3175.557299994137,0.7752825439438811,0.8633924143540339,0.9876177176596302,5.979962469848382,0.52257101837202
full,7,488,47104,1,12,12,167,3679,0.898193359375,0.9804523876012287,3581,168,3177.362816401601,0.7757233438480471,0.863648495896059,0.9876177176596302,5.9799543531369,0.527854593576059
full,7,489,47200,0,14,14,172,3679,0.898193359375,0.9804523876012287,3581,168,3178.1126849492402,0.7759064172239356,0.8638523199100953,0.9876177176596302,5.9799543531369,0.5297024995964692
full,7,490,47296,0,8,8,166,3679,0.898193359375,0.9804523876012287,3581,168,3178.5241969354975,0.7760068840174554,0.8639641742145957,0.9876177176596302,5.9799543531369,0.5303660974201018
full,7,491,47392,0,11,11,176,3679,0.898193359375,0.9804523876012287,3581,168,3179.212483603096,0.7761749227546622,0.8641512594735243,0.9876177176596302,5.9799543531369,0.5197265957646655
full,7,492,47488,0,12,12,165,3679,0.898193359375,0.9804523876012287,3581,168,3179.8541270336864,0.7763315739828336,0.8643256664946144,0.9876177176596302,5.9799543531369,0.527587630878178
full,7,493,47584,0,13,13,171,3679,0.898193359375,0.9804523876012287,3581,168,3180.5648440018813,0.7765050888676468,0.8645188486006744,0.9876177176596302,5.9799543531369,0.5298988983011003
full,7,494,47680,1,7,7,169,3680,0.8984375,0.9807316392069254,3581,168,3181.7311436033683,0.7767898299812911,0.8646008542400457,0.9876177176596302,5.979973631210601,0.524316813905766
full,7,495,47776,1,12,12,170,3681,0.898681640625,0.9810108908126222,3581,168,3183.0914953002093,0.7771219470947777,0.8647355325455608,0.9876177176596302,5.979940227961951,0.5245222948030465
full,7,496,47872,0,13,13,172,3681,0.898681640625,0.9810108908126222,3581,168,3183.951891543362,0.7773320047713286,0.8649692723562515,0.9876177176596302,5.979940227961951,0.5222726060930905
full,7,497,47968,0,15,15,171,3681,0.898681640625,0.9810108908126222,3581,168,3184.866757308576,0.777555360671039,0.8652178096464482,0.9876177176596302,5.979940227961951,0.5253464395318185
full,7,498,48064,0,12,12,173,3681,0.898681640625,0.9810108908126222,3581,168,3185.2948998928578,0.7776598876691547,0.8653341211336207,0.9876177176596302,5.979940227961951,0.5263345345540191
full,7,499,48160,0,13,13,167,3681,0.898681640625,0.9810108908126222,3581,168,3185.8995525268815,0.7778075079411332,0.8654983842778814,0.9876177176596302,5.979940227961951,0.5250623634238677
full,7,500,48256,0,14,14,161,3681,0.898681640625,0.9810108908126222,3581,168,3186.796766208443,0.7780265542501081,0.8657421261093298,0.9876177176596302,5.979940227961951,0.5235607779721791
mutation,11,0,256,178,210,178,0,178,0.04345703125,0.046914269757051104,3581,10,75.02279881236197,0.01831611299129931,0.42147639782225826,0.9442114033899306,4.217950045151372,0.4173653001073394
mutation,11,1,352,50,72,66,74,228,0.0556640625,0.06031834683049427,3581,12,101.15669566227862,0.024696458901923492,0.4436697178170115,0.9442114033899306,4.292189657394484,0.4215492585830919
mutation,11,2,448,60,71,70,80,288,0.0703125,0.07623568835520804,3581,15,133.6411673492503,0.032627238122375564,0.4640318310737858,0.9522323276402442,4.560134297815216,0.44296132966462665
mutation,11,3,544,48,68,66,84,336,0.08203125,0.08852275900586429,3581,19,160.02238285177216,0.03906796456342094,0.4762570918207505,0.9522323276402442,4.739265103042249,0.46017553157938224
mutation,11,4,640,50,61,61,83,386,0.09423828125,0.101368332867914,3581,23,189.22537539151057,0.04619760141394301,0.49022117977075275,0.9522323276402442,4.766692749842016,0.46076768999987705
mutation,11,5,736,41,68,67,85,427,0.104248046875,0.1117006422786931,3581,27,215.59727397917538,0.052636053217572115,0.5049116486631742,0.9522323276402442,4.850670142968544,0.45799995461963106
mutation,11,6,832,46,66,65,89,473,0.115478515625,0.12342920971795587,3581,31,243.1833571083096,0.0593709367940209,0.514129719045052,0.9522323276402442,4.890989704030097,0.4561851153832517
mutation,11,7,928,39,59,57,89,512,0.125,0.13264451270594807,3581,37,268.0019835818557,0.06543017177291399,0.5234413741833119,0.9522323276402442,4.938514806672555,0.4579360365773887
mutation,11,8,1024,33,56,54,87,545,0.133056640625,0.14158056408824352,3581,38,290.856455510826,0.07100987683369775,0.5336815697446349,0.9522323276402442,4.9925987955520625,0.4612174085134858
mutation,11,9,1120,39,56,53,88,584,0.142578125,0.15247137671041608,3581,38,316.1820916678678,0.07719289347360053,0.5414076912121024,0.9522323276402442,5.0521274391345425,0.4627777520242743
mutation,11,10,1216,33,59,57,86,617,0.150634765625,0.16140742809271152,3581,39,340.32863890518627,0.08308804660771149,0.5515861246437379,0.9522323276402442,5.097556602990765,0.46130166347562696
mutation,11,11,1312,35,57,57,91,652,0.1591796875,0.16978497626361352,3581,44,363.32351548456165,0.08870203014759806,0.5572446556511682,0.9522323276402442,5.145650081677212,0.47483258686767693
mutation,11,12,1408,31,58,56,91,683,0.166748046875,0.17844177604021222,3581,44,386.053660073836,0.09425138185396387,0.5652322987903895,0.9522323276402442,5.164493076216753,0.47082807074914856
mutation,11,13,1504,44,65,63,92,727,0.177490234375,0.18989109187377828,3581,47,419.1221248460415,0.1023247375112406,0.5765091125805247,0.9522323276402442,5.2337584614401615,0.47706093181351805
mutation,11,14,1600,37,66,63,90,764,0.1865234375,0.19966489807316393,3581,49,447.63822483502395,0.10928667598511327,0.5859139068521256,0.9522323276402442,5.260243984683927,0.47201585480861663
mutation,11,15,1696,39,52,51,91,803,0.196044921875,0.21027645908963977,3581,50,474.28600418934263,0.11579248149153873,0.59064259550354,0.9522323276402442,5.291189844182238,0.4745592220407102
mutation,11,16,1792,34,57,57,89,837,0.204345703125,0.21949176207763194,3581,51,499.70819993278747,0.12199907224921569,0.5970229389877987,0.9522323276402442,5.312774586632066,0.4757062197962595
mutation,11,17,1888,33,65,64,87,870,0.21240234375,0.22870706506562413,3581,51,528.0101589097455,0.1289087302025746,0.6069082286318914,0.9522323276402442,5.341532871989268,0.4715460856946772
mutation,11,18,1984,32,53,53,88,902,0.22021484375,0.23764311644791958,3581,51,551.5753178902064,0.13466194284428867,0.6115025697230669,0.9522323276402442,5.372646722243767,0.478394090942766
mutation,11,19,2080,39,58,58,92,941,0.229736328125,0.24853392907009214,3581,51,579.4473560255675,0.14146663965467957,0.6157782742035787,0.9522323276402442,5.394652451085507,0.4898003003535417
mutation,11,20,2176,29,52,51,92,970,0.23681640625,0.25635297402960067,3581,52,602.3287633235535,0.14705292073328943,0.6209574879624263,0.9522323276402442,5.422956835394765,0.48125771604273926
mutation,11,21,2272,28,60,60,89,998,0.24365234375,0.26361351577771575,3581,54,627.2363188746376,0.15313386691275332,0.6284933054856089,0.9736402296016461,5.439686018131271,0.4836793703216353
mutation,11,22,2368,35,69,69,92,1033,0.252197265625,0.2731080703714046,3581,55,654.2416326185635,0.15972696108851647,0.633341367491349,0.9736402296016461,5.456117010390891,0.4866739487850541
mutation,11,23,2464,33,49,49,90,1066,0.26025390625,0.2820441217537001,3581,56,677.3612602576763,0.16537140143009676,0.6354233210672386,0.9736402296016461,5.472469886735007,0.4913368459415496
mutation,11,24,2560,26,48,47,92,1092,0.2666015625,0.2890254118961184,3581,57,698.353925184538,0.17049656376575634,0.6395182465059871,0.9736402296016461,5.496931226205338,0.48769117968473336
mutation,11,25,2656,32,55,54,95,1124,0.2744140625,0.29768221167271713,3581,58,723.5521192145881,0.17664846660512404,0.6437296434293488,0.9736402296016461,5.508291089412248,0.48388965629830116
mutation,11,26,2752,26,55,55,94,1150,0.28076171875,0.30466350181513546,3581,59,743.4377498653588,0.18150335690072236,0.6464676085785729,0.9736402296016461,5.51792877641738,0.48050040340177635
mutation,11,27,2848,33,57,57,87,1183,0.288818359375,0.3135995531974309,3581,60,770.2782855378848,0.18805622205514766,0.6511228111055662,0.9736402296016461,5.552044773621862,0.4905853251872062
mutation,11,28,2944,23,44,44,93,1206,0.29443359375,0.31946383691706226,3581,62,788.2586362647753,0.1924459561193299,0.6536141262560325,0.9736402296016461,5.5626793702508746,0.48482905169196916
mutation,11,29,3040,27,50,49,92,1233,0.301025390625,0.32672437866517734,3581,63,808.3802691946524,0.1973584641588507,0.6556206562811455,0.9736402296016461,5.583340028423738,0.48711442617203005
mutation,11,30,3136,32,48,48,91,1265,0.308837890625,0.33538117844177606,3581,64,832.3012666588119,0.203198551430374,0.6579456653429343,0.9736402296016461,5.595097357630348,0.48996565173624906
mutation,11,31,3232,31,49,49,92,1296,0.31640625,0.34292097179558784,3581,68,855.043017204026,0.20875073662207666,0.6597554145092793,0.9736402296016461,5.60578632569297,0.4885031763928585
mutation,11,32,3328,36,56,55,92,1332,0.3251953125,0.35241552638927676,3581,70,883.438788229706,0.21568329790764307,0.6632423335057853,0.9736402296016461,5.618119310567694,0.49028625631518186
mutation,11,33,3424,36,55,55,95,1368,0.333984375,0.36218933258866237,3581,71,910.3873358583162,0.22226253316853423,0.6654878186098803,0.9736402296016461,5.633724136153104,0.49547687309855915
mutation,11,34,3520,24,55,53,93,1392,0.33984375,0.36889137112538395,3581,71,930.1913765448668,0.22709750403927412,0.66824093142591,0.9736402296016461,5.6493014473914664,0.49579806506450647
mutation,11,35,3616,23,41,41,92,1415,0.345458984375,0.37531415805640883,3581,71,947.496366511994,0.23132235510546728,0.669608739584448,0.9736402296016461,5.654429345378646,0.489485673611421
mutation,11,36,3712,22,46,46,94,1437,0.350830078125,0.3811784417760402,3581,72,965.4123808978522,0.2356963820551397,0.6718248997201477,0.9736402296016461,5.663686818892663,0.5032371004481537
mutation,11,37,3808,24,46,46,93,1461,0.356689453125,0.38676347388997484,3581,76,985.1682221996874,0.24051958549797056,0.6743108981517367,0.9736402296016461,5.6708867711890365,0.4979974674396839
mutation,11,38,3904,32,57,57,94,1493,0.364501953125,0.39458251884948337,3581,80,1009.264149266515,0.24640238019202026,0.6759974208081145,0.9736402296016461,5.681451432560838,0.5050182382363526
mutation,11,39,4000,27,43,43,93,1520,0.37109375,0.40184306059759844,3581,81,1029.6084712136521,0.25136925566739554,0.677373994219508,0.9736402296016461,5.6870101675935825,0.5028405869590428
mutation,11,40,4096,26,53,52,94,1546,0.37744140625,0.40910360234571347,3581,81,1050.3334062448994,0.25642905425900864,0.679387714259314,0.9736402296016461,5.695481689813205,0.5052298784755778
mutation,11,41,4192,30,49,49,93,1576,0.384765625,0.4166433956995253,3581,84,1071.8246299153548,0.2616759350379284,0.6800917702508597,0.9736402296016461,5.7053749592733904,0.49716557182853494
mutation,11,42,4288,25,52,51,93,1601,0.390869140625,0.42362468584194357,3581,84,1091.9245286452165,0.26658313687627355,0.6820265638008848,0.9736402296016461,5.714540791216262,0.5027660336724706
mutation,11,43,4384,22,44,43,92,1623,0.396240234375,0.4297682211672717,3581,84,1110.137616109047,0.2710296914328728,0.6840034603259686,0.9736402296016461,5.72412403866222,0.4943775645534103
mutation,11,44,4480,20,47,47,90,1643,0.401123046875,0.4347947500698129,3581,86,1128.0406546635581,0.27540055045497025,0.6865737399047828,0.9736402296016461,5.73039034336051,0.5023717894896229
mutation,11,45,4576,23,46,45,96,1666,0.40673828125,0.440938285395141,3581,87,1145.4856865743113,0.2796595914488065,0.6875664385199948,0.9736402296016461,5.733725754771407,0.49952052208895686
mutation,11,46,4672,29,49,48,94,1695,0.413818359375,0.4484780787489528,3581,89,1169.8675502193612,0.28561219487777373,0.69018734526216,0.9736402296016461,5.740242767116813,0.5108342546897102
mutation,11,47,4768,23,48,48,94,1718,0.41943359375,0.4546216140742809,3581,90,1188.5307792541466,0.2901686472788444,0.6918106980524719,0.9736402296016461,5.74367609766513,0.5032613411660793
mutation,11,48,4864,21,47,46,91,1739,0.424560546875,0.4602066461882156,3581,91,1206.9338931091934,0.29466159499736166,0.6940390414658961,0.9736402296016461,5.749943298401956,0.49986039462328213
mutation,11,49,4960,25,40,40,92,1764,0.4306640625,0.4671879363306339,3581,91,1226.6127612020744,0.2994660061528502,0.6953587081644412,0.9736402296016461,5.759080888346786,0.5032206058771399
mutation,11,50,5056,26,56,56,95,1790,0.43701171875,0.4741692264730522,3581,92,1248.6498562302759,0.3048461563062197,0.697569752083953,0.9736402296016461,5.768535668556362,0.5110694097132835
mutation,11,51,5152,29,50,50,93,1819,0.444091796875,0.4822675230382575,3581,92,1272.4411091778352,0.3106545676703699,0.6995278225276719,0.9736402296016461,5.7772213741238945,0.5060556939059584
mutation,11,52,5248,22,53,51,94,1841,0.449462890625,0.4884110583635856,3581,92,1292.3470343953836,0.31551441269418545,0.7019810072761453,0.9736402296016461,5.782296104168064,0.5131811532333873
mutation,11,53,5344,17,42,42,95,1858,0.45361328125,0.49315833566043005,3581,92,1306.7779153518081,0.31903757699018753,0.7033250351732013,0.9736402296016461,5.786796948369489,0.5063768729398985
mutation,11,54,5440,21,48,48,95,1879,0.458740234375,0.4990226193800614,3581,92,1322.8625019726692,0.3229644780206712,0.7040247482558112,0.9736402296016461,5.793825154157313,0.5108825326946842
mutation,11,55,5536,23,47,47,94,1902,0.46435546875,0.5051661547053895,3581,93,1341.8007217057673,0.3275880668226971,0.7054683079420437,0.9736402296016461,5.799564367348288,0.5072766355598024
mutation,11,56,5632,23,47,47,94,1925,0.469970703125,0.5113096900307177,3581,94,1361.011081178309,0.3322780959907981,0.7070187434692514,0.9736402296016461,5.804187980017668,0.5020349045055782
mutation,11,57,5728,18,40,40,95,1943,0.474365234375,0.5160569673275621,3581,95,1376.049594641927,0.3359496080668767,0.708208746599036,0.9736402296016461,5.809893010209282,0.5119916842020822
mutation,11,58,5824,24,45,44,92,1967,0.480224609375,0.522479754258587,3581,96,1395.2481562899673,0.3406367569067303,0.7093279899796479,0.9736402296016461,5.815252132005275,0.5144294384903763
mutation,11,59,5920,19,39,39,93,1986,0.48486328125,0.5277855347668249,3581,96,1410.5987621608838,0.3443844634181845,0.7102712800407269,0.9736402296016461,5.81913899811267,0.504719335449343
mutation,11,60,6016,14,34,34,93,2000,0.48828125,0.5311365540351857,3581,98,1422.7526295241576,0.3473517161924213,0.7113763147620787,0.9736402296016461,5.823095565223724,0.5099114776810325
mutation,11,61,6112,21,48,48,94,2021,0.493408203125,0.5367215861491204,3581,99,1440.4545114527484,0.35167346471014366,0.7127434495065553,0.9736402296016461,5.8274633179282,0.5094644129400403
mutation,11,62,6208,29,47,47,92,2050,0.50048828125,0.5448198827143256,3581,99,1462.6176109527298,0.3570843776740063,0.713472005342795,0.9736402296016461,5.834298313671609,0.5154884850117698
mutation,11,63,6304,18,40,40,93,2068,0.5048828125,0.5495671600111701,3581,100,1478.1596956248502,0.3608788319396607,0.714777415679328,0.9736402296016461,5.836982502254996,0.5063088223336781
mutation,11,64,6400,15,40,40,95,2083,0.508544921875,0.553755934096621,3581,100,1492.0355112719076,0.36426648224411806,0.7162916520748476,0.9736402296016461,5.840478809977769,0.5094781945668175
mutation,11,65,6496,20,38,38,94,2103,0.513427734375,0.5593409662105557,3581,100,1508.5799332462325,0.3683056477651935,0.7173466159040572,0.9736402296016461,5.843481427724015,0.5106460811012877
mutation,11,66,6592,17,39,39,91,2120,0.517578125,0.5640882435074002,3581,100,1521.939401137336,0.37156723660579494,0.7178959439327057,0.9736402296016461,5.845477031631134,0.5118691100496731
mutation,11,67,6688,24,48,48,94,2144,0.5234375,0.570511030438425,3581,101,1541.0936953109713,0.3762435779567801,0.7187937011711619,0.9736402296016461,5.848881198664564,0.5133876925393852
mutation,11,68,6784,21,43,43,95,2165,0.528564453125,0.5763753141580564,3581,101,1558.2078076108978,0.38042182803000435,0.7197264700281283,0.9736402296016461,5.853962456620141,0.5170184153944261
mutation,11,69,6880,19,43,43,94,2184,0.533203125,0.5816810946662944,3581,101,1575.3781291636665,0.38461380106534826,0.721326982217796,0.9736402296016461,5.85979092588783,0.5182577435280462
mutation,11,70,6976,9,46,46,95,2193,0.535400390625,0.5836358559061715,3581,103,1586.13666954459,0.38724039783803466,0.7232725351320519,0.9736402296016461,5.861622069504873,0.517976430439353
mutation,11,71,7072,13,37,37,94,2206,0.53857421875,0.5872661267802289,3581,103,1598.3968463576305,0.3902336050677809,0.7245679267260338,0.9736402296016461,5.863551263870324,0.5085073164740451
mutation,11,72,7168,13,38,38,96,2219,0.541748046875,0.5906171460485897,3581,104,1611.1670246662386,0.3933513243814059,0.7260779741623428,0.9736402296016461,5.86663934489703,0.5134252288899248
mutation,11,73,7264,14,38,38,92,2233,0.545166015625,0.5942474169226473,3581,105,1624.2328739097316,0.39654122898186805,0.7273770147379004,0.9736402296016461,5.868692165931712,0.5131132351252443
mutation,11,74,7360,18,39,39,94,2251,0.549560546875,0.5989946942194918,3581,106,1638.4422998259981,0.4000103271059566,0.7278730785544194,0.9736402296016461,5.873408211377775,0.5183191698572619
mutation,11,75,7456,18,47,47,95,2269,0.553955078125,0.604021223122033,3581,106,1654.1330821855518,0.40384108451795697,0.7290141393501771,0.9736402296016461,5.8748740280350535,0.5190517444469982
mutation,11,76,7552,16,42,41,95,2285,0.557861328125,0.6084892488131807,3581,106,1668.3157058975141,0.4073036391351353,0.7301162826684964,0.9736402296016461,5.87710347600831,0.5215137651942461
mutation,11,77,7648,22,40,40,94,2307,0.563232421875,0.6143535325328121,3581,107,1685.6249090036822,0.4115295187997271,0.730656657565532,0.9736402296016461,5.881372834250191,0.5123750917889955
mutation,11,78,7744,15,43,43,95,2322,0.56689453125,0.618542306618263,3581,107,1699.5945316321872,0.41494007119926446,0.7319528560000806,0.9736402296016461,5.883764426015581,0.5099436849690722
mutation,11,79,7840,11,30,30,93,2333,0.569580078125,0.6216140742809271,3581,107,1709.2114163129118,0.41728794343576947,0.7326238389682433,0.9736402296016461,5.887347757594792,0.5181984893053269
mutation,11,80,7936,10,33,33,94,2343,0.572021484375,0.6244065903378945,3581,107,1719.3503682956243,0.4197632735096739,0.7338243142533608,0.9736402296016461,5.88863005222084,0.5226193543119309
mutation,11,81,8032,14,38,38,96,2357,0.575439453125,0.6283161128176487,3581,107,1731.7666836714584,0.42279460050572715,0.7347334254015522,0.9736402296016461,5.890165309961026,0.5113049905284078
mutation,11,82,8128,18,35,35,94,2375,0.579833984375,0.6330633901144932,3581,108,1746.7838658110945,0.42646090473903675,0.7354879434994083,0.9736402296016461,5.892080059452235,0.520820289413946
mutation,11,83,8224,13,35,35,94,2388,0.5830078125,0.636414409382854,3581,109,1759.303252004352,0.429517395508875,0.736726654943196,0.9736402296016461,5.89381331512203,0.5244869370807158
mutation,11,84,8320,19,42,41,93,2407,0.587646484375,0.6414409382853952,3581,110,1775.7193780614034,0.4335252387845223,0.7377313577321992,0.9736402296016461,5.897122462291451,0.5138761681302362
mutation,11,85,8416,15,41,41,95,2422,0.59130859375,0.6453504607651493,3581,111,1789.2205853208682,0.4368214319631026,0.7387368230061387,0.9736402296016461,5.898698128784541,0.5216976452126965
mutation,11,86,8512,19,41,41,93,2441,0.595947265625,0.6500977380619939,3581,113,1804.6089453023965,0.4405783557867179,0.739290841991969,0.9736402296016461,5.90107392881077,0.5206080659490672
mutation,11,87,8608,15,35,35,96,2456,0.599609375,0.6542865121474448,3581,113,1816.9671307942492,0.44359549091656475,0.7398074636784402,0.9736402296016461,5.903553380594156,0.520882029451559
mutation,11,88,8704,19,47,47,95,2475,0.604248046875,0.659313041049986,3581,114,1833.4679068819346,0.4476240007035973,0.7407951138916907,0.9736402296016461,5.9072659576837445,0.5175805303988752
mutation,11,89,8800,19,40,40,95,2494,0.60888671875,0.6643395699525272,3581,115,1848.6452932457983,0.45132941729633747,0.7412370863054524,0.9736402296016461,5.909325003444335,0.5141139468068165
mutation,11,90,8896,10,32,32,95,2504,0.611328125,0.6668528344037978,3581,116,1858.273476116138,0.4536800478799165,0.7421219952540488,0.9736402296016461,5.91068225614994,0.518948650928391
mutation,11,91,8992,12,42,42,93,2516,0.6142578125,0.6702038536721586,3581,116,1869.153898238047,0.4563364009370232,0.7429069547845975,0.9736402296016461,5.912142888465635,0.5221367943827342
mutation,11,92,9088,18,46,46,94,2534,0.61865234375,0.674951130969003,3581,117,1885.4585573838583,0.46031703061129353,0.7440641505066529,0.9736402296016461,5.914600042585187,0.5137320996744936
mutation,11,93,9184,18,42,42,93,2552,0.623046875,0.6796984082658475,3581,118,1900.5519076372655,0.46400193057550426,0.7447303713312169,0.9736402296016461,5.917807781655591,0.5136522381293119
mutation,11,94,9280,11,37,37,93,2563,0.625732421875,0.6827701759285116,3581,118,1911.7730546326172,0.4667414684161663,0.7459122335671546,0.9736402296016461,5.91922025995517,0.5255068170839092
mutation,11,95,9376,7,27,27,94,2570,0.62744140625,0.6847249371683887,3581,118,1918.1078172544326,0.46828804132188295,0.7463454541846041,0.9736402296016461,5.920235119654766,0.5189990628259942
mutation,11,96,9472,14,31,31,96,2584,0.630859375,0.6883552080424462,3581,119,1930.2330824878068,0.4712483111542497,0.7469942269689654,0.9736402296016461,5.92238541322585,0.51992783348463
mutation,11,97,9568,17,38,38,94,2601,0.635009765625,0.692823233733594,3581,120,1944.7595788466408,0.47479481905435567,0.7476968776803694,0.9736402296016461,5.924131997513235,0.5173174674065595
mutation,11,98,9664,22,41,41,94,2623,0.640380859375,0.6989667690589221,3581,120,1962.1460531127796,0.4790395637482372,0.7480541567338085,0.9736402296016461,5.92547872529414,0.51775443810794
mutation,11,99,9760,15,38,38,94,2638,0.64404296875,0.7031555431443731,3581,120,1975.0359496974206,0.48218651115659683,0.7486868649345795,0.9736402296016461,5.927771256991692,0.5232819971110916
mutation,11,100,9856,10,38,38,95,2648,0.646484375,0.7056688075956437,3581,121,1984.9222827204685,0.4846001666798019,0.7495930070696634,0.9736402296016461,5.9290402419866055,0.5081815548240596
mutation,11,101,9952,14,32,32,95,2662,0.64990234375,0.7092990784697012,3581,122,1997.3886186476477,0.48764370572452337,0.7503338161711675,0.9736402296016461,5.930309306588358,0.5167932034602556
mutation,11,102,10048,10,34,34,93,2672,0.65234375,0.7118123429209718,3581,123,2006.913784284824,0.4899691856164121,0.7510904881305479,0.9736402296016461,5.931328363186526,0.5162639503837284
mutation,11,103,10144,16,37,37,95,2688,0.65625,0.7162803686121195,3581,123,2019.878253075511,0.49313433912976345,0.7514428024834491,0.9736402296016461,5.934139073856507,0.5218467116645886
mutation,11,104,10240,16,38,38,95,2704,0.66015625,0.7204691426975706,3581,124,2033.3611550322928,0.49642606324030586,0.7519826756776231,0.9736402296016461,5.9359320427644064,0.5229909500806023
mutation,11,105,10336,18,42,41,93,2722,0.66455078125,0.7254956716001117,3581,124,2049.455402555473,0.5003553228895198,0.7529226313576315,0.9736402296016461,5.937136442251335,0.5188534961558987
mutation,11,106,10432,11,40,40,93,2733,0.667236328125,0.7285674392627758,3581,124,2060.8483760792024,0.5031368105662115,0.7540608767212595,0.9736402296016461,5.938640292300464,0.5234478278628655
mutation,11,107,10528,15,39,39,95,2748,0.6708984375,0.7316392069254398,3581,128,2074.1442226397085,0.5063828668553976,0.7547831960115388,0.9736402296016461,5.9399837589540905,0.5155058631810109
mutation,11,108,10624,16,35,35,96,2764,0.6748046875,0.7361072326165875,3581,128,2088.1757747142306,0.5098085387485914,0.7554905118358287,0.9736402296016461,5.941372257985821,0.5226397658426343
mutation,11,109,10720,13,34,34,92,2777,0.677978515625,0.7394582518849483,3581,129,2099.308700097581,0.512526538109761,0.7559628016195826,0.9736402296016461,5.942598672404266,0.5203814530086743
mutation,11,110,10816,1,29,29,95,2778,0.67822265625,0.739737503490645,3581,129,2102.36049010693,0.5132716040300122,0.7567892332998307,0.9736402296016461,5.942802524025299,0.5172379103742936
mutation,11,111,10912,10,34,33,94,2788,0.6806640625,0.7425300195476124,3581,129,2112.411250438886,0.5157254029391811,0.7576797885361858,0.9736402296016461,5.94383063517351,0.5211047209215545
mutation,11,112,11008,17,40,40,94,2805,0.684814453125,0.7469980452387601,3581,130,2127.271443093283,0.519353379661446,0.7583855412097266,0.9736402296016461,5.9449749853327365,0.5233814292706923
mutation,11,113,11104,8,34,34,95,2813,0.686767578125,0.749232058084334,3581,130,2135.4704431466052,0.5213550886588392,0.7591434209550676,0.9736402296016461,5.945612780677569,0.5195805285970407
mutation,11,114,11200,15,31,31,92,2828,0.6904296875,0.7531415805640882,3581,131,2147.4851837560655,0.5242883749404457,0.759365340790688,0.9736402296016461,5.947275328780698,0.5166956955984183
mutation,11,115,11296,10,31,31,94,2838,0.69287109375,0.7556548450153588,3581,132,2156.728304133175,0.5265449961262634,0.7599465483203576,0.9736402296016461,5.94770605137928,0.5195503868384739
mutation,11,116,11392,9,28,28,94,2847,0.695068359375,0.7581681094666294,3581,132,2166.0052174108064,0.5288098675319352,0.7608026755921343,0.9736402296016461,5.948331834912106,0.5173088651525058
mutation,11,117,11488,8,35,35,93,2855,0.697021484375,0.7604021223122033,3581,132,2173.677526593312,0.5306829898909453,0.761358152922351,0.9736402296016461,5.948862640095053,0.522027861298113
mutation,11,118,11584,16,39,39,95,2871,0.700927734375,0.7648701480033511,3581,132,2187.775272101585,0.534124822290426,0.7620255214564907,0.9736402296016461,5.94997775124397,0.5211113884964561
mutation,11,119,11680,11,34,34,96,2882,0.70361328125,0.7679419156660151,3581,132,2198.325076930036,0.5367004582348721,0.7627776117036905,0.9736402296016461,5.950514934468304,0.522018209695762
mutation,11,120,11776,14,35,34,95,2896,0.70703125,0.7712929349343759,3581,134,2210.2322480645016,0.5396074824376225,0.7632017431161953,0.9736402296016461,5.951833124595297,0.5232341593304196
mutation,11,121,11872,15,41,40,93,2911,0.710693359375,0.7754817090198268,3581,134,2223.276403238505,0.5427920906344006,0.7637500526411902,0.9736402296016461,5.953013691469856,0.5259570854309795
mutation,11,122,11968,5,27,27,95,2916,0.7119140625,0.7768779670483106,3581,134,2228.2854076003478,0.5440149920899287,0.7641582330591041,0.9736402296016461,5.952904787924935,0.5207861702124813
mutation,11,123,12064,10,33,33,93,2926,0.71435546875,0.7796704831052779,3581,134,2238.1272373635597,0.5464177825594628,0.7649101973217908,0.9816913170835544,5.953568284671734,0.5276925071692982
mutation,11,124,12160,7,29,29,93,2933,0.716064453125,0.781625244345155,3581,134,2245.212426779493,0.5481475651317121,0.7655003159834616,0.9816913170835544,5.953969681666,0.5245950604177569
mutation,11,125,12256,4,30,30,95,2937,0.717041015625,0.7827422507679419,3581,134,2250.761177547524,0.5495022406121884,0.7663470131247954,0.9816913170835544,5.954315546697815,0.5224610686424547
mutation,11,126,12352,5,26,26,95,2942,0.71826171875,0.7841385087964255,3581,134,2256.1436568666995,0.5508163224772216,0.766874118581475,0.9816913170835544,5.9545777657352765,0.5239334750523181
mutation,11,127,12448,11,31,31,94,2953,0.720947265625,0.7872102764590896,3581,134,2266.1356849689355,0.553255782463119,0.7674011801452542,0.9816913170835544,5.955108990471951,0.5219323165173504
mutation,11,128,12544,15,35,35,96,2968,0.724609375,0.7913990505445406,3581,134,2278.6337907177967,0.5563070778119621,0.7677337569803897,0.9816913170835544,5.956062494975465,0.5235570484695049
mutation,11,129,12640,16,43,43,96,2984,0.728515625,0.7958670762356883,3581,134,2292.8711772659744,0.5597830022622008,0.7683884642312246,0.9816913170835544,5.9570931512839085,0.5192461302435029
mutation,11,130,12736,9,34,34,94,2993,0.730712890625,0.7981010890812622,3581,135,2300.9877908367494,0.5617645973722533,0.7687897730827763,0.9816913170835544,5.957119005950979,0.5225263254210826
mutation,11,131,12832,9,33,33,93,3002,0.73291015625,0.8006143535325329,3581,135,2309.017874791147,0.5637250670876823,0.7691598516959184,0.9816913170835544,5.957907598919427,0.5247147263607429
mutation,11,132,12928,6,28,28,93,3008,0.734375,0.8020106115610165,3581,136,2315.8336820688332,0.5653890825363362,0.7698915166452238,0.9816913170835544,5.957986131848255,0.523825660253743
mutation,11,133,13024,13,41,41,96,3021,0.737548828125,0.805640882435074,3581,136,2329.154158678354,0.5686411520210826,0.7709878049249765,0.9816913170835544,5.958772314387843,0.5211878166024678
mutation,11,134,13120,10,33,33,94,3031,0.739990234375,0.8078748952806478,3581,138,2338.417152140295,0.5709026250342517,0.7715002151568113,0.9816913170835544,5.959183490757416,0.5209797062239263
mutation,11,135,13216,9,36,36,96,3040,0.7421875,0.8103881597319185,3581,138,2347.2017569817363,0.5730473039506192,0.7721058411124132,0.9816913170835544,5.9595544628528785,0.5184126899873969
mutation,11,136,13312,5,34,33,94,3045,0.743408203125,0.8115051661547054,3581,139,2353.9227357198533,0.5746881679003548,0.7730452334055348,0.9816913170835544,5.9598870453621196,0.5174338402004737
mutation,11,137,13408,5,26,26,96,3050,0.74462890625,0.812901424183189,3581,139,2359.0019062635856,0.5759281997713832,0.773443247955274,0.9816913170835544,5.960307477888316,0.5296932792691054
mutation,11,138,13504,7,28,27,96,3057,0.746337890625,0.8148561854230661,3581,139,2365.8605561851814,0.5776026748498978,0.7739157854711094,0.9816913170835544,5.960907249791535,0.5275789464934997
mutation,11,139,13600,10,35,35,93,3067,0.748779296875,0.8176487014800335,3581,139,2375.5771595951437,0.5799748924792831,0.7745605345924824,0.9816913170835544,5.961260278659765,0.5229657688357284
mutation,11,140,13696,6,35,35,96,3073,0.750244140625,0.8193242111142139,3581,139,2382.5102767050103,0.5816675480236841,0.7753043529791768,0.9816913170835544,5.962065521667945,0.5191193212081855
mutation,11,141,13792,13,37,37,94,3086,0.75341796875,0.8226752303825747,3581,140,2394.295937167688,0.5845449065350801,0.7758574002487647,0.9816913170835544,5.962542833818831,0.5231765018142505
mutation,11,142,13888,12,33,33,96,3098,0.75634765625,0.8260262496509355,3581,140,2404.9928074364157,0.5871564471280312,0.7763049733493917,0.9816913170835544,5.962999323067672,0.5159768898243478
mutation,11,143,13984,6,31,31,95,3104,0.7578125,0.8274225076794192,3581,141,2411.481633423041,0.5887406331599221,0.776894856128557,0.9816913170835544,5.963439586546202,0.5193546639549884
mutation,11,144,14080,7,29,29,96,3111,0.759521484375,0.8290980173135996,3581,142,2418.518477836852,0.5904586127531377,0.7774087039012704,0.9816913170835544,5.9636240383342765,0.5220434411625088
mutation,11,145,14176,8,30,30,96,3119,0.761474609375,0.83077352694778,3581,144,2425.952995476762,0.5922736805363189,0.7777983313487535,0.9816913170835544,5.964341761931628,0.5246116817428781
mutation,11,146,14272,5,22,22,94,3124,0.7626953125,0.8321697849762636,3581,144,2430.8254276362195,0.5934632391689989,0.778113133046165,0.9816913170835544,5.9645283724993385,0.522782238646234
mutation,11,147,14368,5,29,29,96,3129,0.763916015625,0.8335660430047472,3581,144,2436.1365570164867,0.5947599016153532,0.7785671323159113,0.9816913170835544,5.9646166776952345,0.5195643459031479
mutation,11,148,14464,5,25,25,95,3134,0.76513671875,0.834962301033231,3581,144,2440.987571938536,0.5959442314303066,0.7788728691571589,0.9816913170835544,5.964831421401656,0.5267026064173068
mutation,11,149,14560,3,25,25,95,3137,0.765869140625,0.8358000558503211,3581,144,2445.5274669027785,0.5970526042243112,0.7795752205619313,0.9816913170835544,5.965039462038009,0.518799544087502
mutation,11,150,14656,4,35,35,96,3141,0.766845703125,0.836917062273108,3581,144,2451.171166056439,0.5984304604629977,0.7803792314729191,0.9816913170835544,5.965474822960825,0.5197789066562953
mutation,11,151,14752,10,28,28,96,3151,0.769287109375,0.8397095783300754,3581,144,2459.412140574602,0.6004424171324712,0.780517975428309,0.9816913170835544,5.966074639022208,0.5283403987374772
mutation,11,152,14848,6,30,30,94,3157,0.770751953125,0.8413850879642558,3581,144,2465.73594065366,0.6019863136361474,0.7810376752149698,0.9816913170835544,5.9665237883095195,0.5306378480677999
mutation,11,153,14944,5,20,20,94,3162,0.77197265625,0.8427813459927395,3581,144,2470.4060711045904,0.6031264822032691,0.7812795923796934,0.9816913170835544,5.9669176075320625,0.5276567586648824
mutation,11,154,15040,3,32,32,93,3165,0.772705078125,0.8436191008098296,3581,144,2475.693834999381,0.6044174401853958,0.7822097424958551,0.9816913170835544,5.967116220679606,0.5286041769352297
mutation,11,155,15136,4,33,33,93,3169,0.773681640625,0.8447361072326166,3581,144,2481.2619739004012,0.6057768490967776,0.782979480561818,0.9816913170835544,5.967115247753084,0.5228017666247831
mutation,11,156,15232,4,28,28,95,3173,0.774658203125,0.8458531136554035,3581,144,2486.1768291741714,0.6069767649351004,0.7835413895916078,0.9816913170835544,5.967334127363612,0.5211656128291751
mutation,11,157,15328,7,31,31,94,3180,0.7763671875,0.8478078748952806,3581,144,2493.921825721391,0.6088676332327615,0.7842521464532677,0.9816913170835544,5.967840830225093,0.5209553840818217
mutation,11,158,15424,4,26,26,93,3184,0.77734375,0.8489248813180675,3581,144,2498.6346041925945,0.6100182139142076,0.7847470490554631,0.9816913170835544,5.967901512587895,0.5338547450378919
mutation,11,159,15520,9,31,31,96,3193,0.779541015625,0.8514381457693382,3581,144,2507.2857782734363,0.6121303169612882,0.785244528115702,0.9816913170835544,5.968619208739666,0.5229871899777772
mutation,11,160,15616,4,26,26,95,3197,0.780517578125,0.8525551521921251,3581,144,2512.032381729936,0.6132891556957851,0.7857467568751755,0.9816913170835544,5.968975157057411,0.5212446039353403
mutation,11,161,15712,8,31,31,95,3205,0.782470703125,0.854789165037699,3581,144,2520.62282562127,0.6153864320364428,0.7864657802250452,0.9816913170835544,5.969148683556473,0.5257887094594549
mutation,11,162,15808,4,23,23,93,3209,0.783447265625,0.8559061714604859,3581,144,2525.0624107168824,0.6164703151164264,0.7868689344708265,0.9816913170835544,5.969303698922992,0.5211008277947189
mutation,11,163,15904,5,30,30,95,3214,0.78466796875,0.8570231778832729,3581,145,2531.4925881941062,0.6180401826645767,0.7876454848145944,0.9816913170835544,5.969600545808341,0.5199722343679747
mutation,11,164,16000,8,27,27,94,3222,0.78662109375,0.8592571907288467,3581,145,2539.058919233911,0.6198874314535916,0.7880381499794883,0.9816913170835544,5.969873524388278,0.5297024773988677
mutation,11,165,16096,6,31,31,92,3228,0.7880859375,0.8606534487573304,3581,146,2545.791997333431,0.6215312493489822,0.7886592308963541,0.9885459221921817,5.969963121185038,0.517631112689839
mutation,11,166,16192,8,29,29,95,3236,0.7900390625,0.8628874616029042,3581,146,2554.08533272307,0.6235559894343433,0.7892723525102194,0.9885459221921817,5.970556462813635,0.5269366450210442
mutation,11,167,16288,4,24,24,94,3240,0.791015625,0.8640044680256912,3581,146,2559.9085995751743,0.6249776854431578,0.7900952467824612,0.9885459221921817,5.970754417685603,0.5147879295636478
mutation,11,168,16384,6,30,30,95,3246,0.79248046875,0.8656799776598716,3581,146,2566.4299983431365,0.6265698238142423,0.7906438688672632,0.9885459221921817,5.971363690803995,0.5211600052953832
mutation,11,169,16480,6,31,31,95,3252,0.7939453125,0.8670762356883552,3581,147,2573.368737472153,0.6282638519219124,0.7913187999606867,0.9885459221921817,5.971568260003665,0.520456967537587
mutation,11,170,16576,11,31,31,95,3263,0.796630859375,0.8698687517453225,3581,148,2581.8820769542376,0.6303423039439057,0.7912602135930854,0.9885459221921817,5.972131908690385,0.519461889531361
mutation,11,171,16672,5,31,30,94,3268,0.7978515625,0.8709857581681094,3581,149,2588.400552311413,0.6319337285916535,0.7920442326534312,0.9885459221921817,5.972498435389448,0.518128915835506
mutation,11,172,16768,4,33,33,93,3272,0.798828125,0.8721027645908964,3581,149,2594.0960605253913,0.6333242335267069,0.7928166444148507,0.9885459221921817,5.972657606023928,0.5239304044709132
mutation,11,173,16864,2,31,31,96,3274,0.79931640625,0.8726612678022898,3581,149,2597.3731893770314,0.6341243138127518,0.7933332893637848,0.9885459221921817,5.972703061231703,0.5238393559033352
mutation,11,174,16960,7,29,29,96,3281,0.801025390625,0.874616029042167,3581,149,2605.1691115112335,0.6360276151150472,0.7940167971689222,0.9885459221921817,5.972733242756155,0.5228790633026494
mutation,11,175,17056,3,23,23,94,3284,0.8017578125,0.8751745322535605,3581,150,2609.0369321579233,0.636971907265118,0.7944692241650193,0.9885459221921817,5.972838641349812,0.5299275172078177
mutation,11,176,17152,7,37,37,93,3291,0.803466796875,0.8771292934934376,3581,150,2616.318641050628,0.6387496682252509,0.7949919905957544,0.9885459221921817,5.973222092681217,0.5176176065420234
mutation,11,177,17248,4,18,17,93,3295,0.804443359375,0.8782462999162245,3581,150,2621.48582539367,0.6400111878402515,0.7955950911665159,0.9885459221921817,5.973377545722043,0.5203194401350036
mutation,11,178,17344,3,23,23,96,3298,0.80517578125,0.8790840547333147,3581,150,2624.92451376595,0.6408507113686401,0.7959140429854306,0.9885459221921817,5.973450921064111,0.5176916725605689
mutation,11,179,17440,8,27,27,93,3306,0.80712890625,0.8813180675788885,3581,150,2631.9588059372386,0.6425680678557711,0.7961157912695822,0.9885459221921817,5.973689237522234,0.526334841801164
mutation,11,180,17536,8,27,27,96,3314,0.80908203125,0.8835520804244624,3581,150,2639.58674064532,0.6444303566028613,0.7964956972375739,0.9885459221921817,5.97379517427451,0.5215560012095334
mutation,11,181,17632,2,28,28,94,3316,0.8095703125,0.8841105836358559,3581,150,2642.7865412095084,0.6452115579124776,0.7969802597133621,0.9885459221921817,5.973808593980586,0.5215639264912729
mutation,11,182,17728,3,32,30,95,3319,0.810302734375,0.8849483384529461,3581,150,2647.298326942685,0.6463130681012415,0.7976192609046957,0.9885459221921817,5.973852664444443,0.5199594371450369
mutation,11,183,17824,6,27,27,96,3325,0.811767578125,0.8866238480871265,3581,150,2653.9371480298896,0.6479338740307348,0.798176585873651,0.9885459221921817,5.974056845137069,0.5199270852459563
mutation,11,184,17920,2,22,22,96,3327,0.812255859375,0.88718235129852,3581,150,2657.504667902856,0.6488048505622207,0.7987690615878738,0.9885459221921817,5.97403252335823,0.5165116537177938
mutation,11,185,18016,7,26,26,94,3334,0.81396484375,0.8891371125383971,3581,150,2664.4685669629594,0.6505050212311912,0.7991807339420994,0.9885459221921817,5.97433565924066,0.527953835219201
mutation,11,186,18112,6,24,24,96,3340,0.8154296875,0.8908126221725775,3581,150,2670.3988097500965,0.6519528344116446,0.7995206017215858,0.9885459221921817,5.97420393212298,0.5225478967596114
mutation,11,187,18208,8,27,27,93,3348,0.8173828125,0.8930466350181514,3581,150,2678.4547049413277,0.6539196056985663,0.8000163395882102,0.9885459221921817,5.974639045868763,0.5245992451065457
mutation,11,188,18304,7,29,29,94,3355,0.819091796875,0.8950013962580284,3581,150,2685.2653356442343,0.6555823573350181,0.8003771492233187,0.9885459221921817,5.974777641514688,0.525429771284771
mutation,11,189,18400,4,24,24,96,3359,0.820068359375,0.8961184026808154,3581,150,2690.317501717916,0.6568157963178506,0.8009281041136993,0.9885459221921817,5.974857627552308,0.5203643638222265
mutation,11,190,18496,4,25,25,94,3363,0.821044921875,0.8972354091036023,3581,150,2694.841555535527,0.6579203016444157,0.8013207123210011,0.9885459221921817,5.975019518316589,0.524069369678297
mutation,11,191,18592,6,24,24,93,3369,0.822509765625,0.898631667132086,3581,151,2700.635247769139,0.6593347772873874,0.8016133118934814,0.9885459221921817,5.975466464393874,0.5280340340254852
mutation,11,192,18688,5,21,21,94,3374,0.82373046875,0.9000279251605696,3581,151,2705.8123581413083,0.6605987202493429,0.8019597979079159,0.9885459221921817,5.975566515436018,0.5236433956643589
mutation,11,193,18784,8,28,28,96,3382,0.82568359375,0.9022619380061435,3581,151,2713.4037344023272,0.6624520835943182,0.8023074318161819,0.9885459221921817,5.9758834614649405,0.5210527340381472
mutation,11,194,18880,5,34,33,96,3387,0.826904296875,0.9036581960346272,3581,151,2720.2193749372454,0.6641160583342884,0.8031353336100518,0.9885459221921817,5.9758744685464364,0.5245179454288924
mutation,11,195,18976,4,27,27,94,3391,0.827880859375,0.9047752024574142,3581,151,2724.8268244909796,0.6652409239479931,0.8035466896169211,0.9885459221921817,5.976076423362391,0.5267540941366691
mutation,11,196,19072,1,27,27,95,3392,0.828125,0.9050544540631109,3581,151,2727.7101896447693,0.6659448705187425,0.8041598436452739,0.9885459221921817,5.976167437401873,0.5171626749231071
mutation,11,197,19168,2,29,29,95,3394,0.82861328125,0.9056129572745043,3581,151,2731.668278291831,0.6669112007548416,0.8048521739221659,0.9885459221921817,5.976330357368001,0.5178818573728419
mutation,11,198,19264,4,30,30,95,3398,0.82958984375,0.9067299636972913,3581,151,2736.8299466080193,0.6681713736835985,0.8054237629805825,0.9885459221921817,5.976316023041928,0.5295399467401298
mutation,11,199,19360,4,24,24,96,3402,0.83056640625,0.9078469701200782,3581,151,2741.4589399917745,0.6693014990214293,0.8058374309205686,0.9885459221921817,5.976418844433308,0.5279994647590942
mutation,11,200,19456,3,22,22,96,3405,0.831298828125,0.9086847249371683,3581,151,2744.7976248219948,0.6701166076225573,0.8061079661738604,0.9885459221921817,5.976360734503486,0.5269914952321944
mutation,11,201,19552,10,23,23,94,3415,0.833740234375,0.911197989388439,3581,152,2753.127989494145,0.672150388060094,0.8061868197640248,0.9885459221921817,5.976503071620413,0.52012886353564
mutation,11,202,19648,5,23,23,95,3420,0.8349609375,0.9125942474169226,3581,152,2758.6576441675525,0.6735004014080939,0.8066250421542551,0.9885459221921817,5.976678229830353,0.5246194961613442
mutation,11,203,19744,2,26,25,92,3422,0.83544921875,0.9131527506283161,3581,152,2761.78320867577,0.6742634786806079,0.8070669809105113,0.9885459221921817,5.976818542999419,0.532260820992972
mutation,11,204,19840,4,25,25,94,3426,0.83642578125,0.914269757051103,3581,152,2765.9641261567353,0.6752842104874842,0.8073450455798994,0.9885459221921817,5.9769052745346345,0.5238217574328693
mutation,11,205,19936,3,17,17,93,3429,0.837158203125,0.9151075118681933,3581,152,2769.189997742837,0.6760717767926848,0.8075794685747556,0.9885459221921817,5.976895762247519,0.5259495005188549
mutation,11,206,20032,2,29,29,95,3431,0.837646484375,0.9156660150795867,3581,152,2772.64151003069,0.6769144311598364,0.8081146925184174,0.9885459221921817,5.976945301402689,0.5279360860479982
mutation,11,207,20128,4,31,31,94,3435,0.838623046875,0.9167830215023737,3581,152,2777.3876083596833,0.6780731465721883,0.8085553445006356,0.9885459221921817,5.976951205644383,0.5164700938766229
mutation,11,208,20224,4,18,17,94,3439,0.839599609375,0.9179000279251606,3581,152,2781.562399754857,0.6790923827526506,0.8088288455233663,0.9885459221921817,5.977038345848962,0.5211362796626064
mutation,11,209,20320,3,23,23,93,3442,0.84033203125,0.9187377827422508,3581,152,2785.433791496385,0.6800375467520471,0.8092486320442722,0.9885459221921817,5.977083514571999,0.5225081616251825
mutation,11,210,20416,2,25,25,95,3444,0.8408203125,0.9192962859536442,3581,152,2788.8195707543696,0.6808641530162035,0.8097617801261235,0.9885459221921817,5.977274835828534,0.523587108845521
mutation,11,211,20512,2,26,26,94,3446,0.84130859375,0.9198547891650377,3581,152,2792.242082624014,0.6816997272031284,0.8102849920557209,0.9885459221921817,5.977289733899802,0.5207292548890492
mutation,11,212,20608,1,30,30,95,3447,0.841552734375,0.9201340407707345,3581,152,2795.482696269588,0.6824908926439424,0.8109900482360278,0.9885459221921817,5.977348857078259,0.5224500328511096
mutation,11,213,20704,2,21,21,94,3449,0.842041015625,0.9206925439821279,3581,152,2797.9541631876054,0.683094278121974,0.8112363476913904,0.9885459221921817,5.977350598007708,0.5298806199764778
mutation,11,214,20800,5,19,19,96,3454,0.84326171875,0.9218095504049149,3581,153,2803.2089656320013,0.6843771888750003,0.8115833716363641,0.9885459221921817,5.977842652878931,0.5247372045139288
mutation,11,215,20896,2,14,14,92,3456,0.84375,0.9223680536163082,3581,153,2805.3571896592603,0.6849016576316553,0.8117352979338137,0.9885459221921817,5.977936761029599,0.5240012099267857
mutation,11,216,20992,2,13,13,93,3458,0.84423828125,0.9229265568277017,3581,153,2807.6994715765363,0.6854735038028653,0.8119431670261817,0.9885459221921817,5.9779899588734215,0.5247922405914254
mutation,11,217,21088,5,25,25,96,3463,0.845458984375,0.9243228148561854,3581,153,2812.97851186404,0.6867623319980566,0.8122952676477158,0.9885459221921817,5.978238154627002,0.5217531933907484
mutation,11,218,21184,5,23,23,94,3468,0.8466796875,0.925719072884669,3581,153,2818.201570622627,0.6880374928277898,0.812630210675498,0.9885459221921817,5.978463945568993,0.5226657801247521
mutation,11,219,21280,3,19,19,94,3471,0.847412109375,0.9265568277017593,3581,153,2821.7510773591925,0.6889040716208966,0.8129504688444807,0.9885459221921817,5.978457186549672,0.5226331781924278
mutation,11,220,21376,5,25,25,93,3476,0.8486328125,0.9279530857302429,3581,153,2826.9995774889976,0.6901854437228998,0.813291017689585,0.9885459221921817,5.978694146794789,0.5201282587131718
mutation,11,221,21472,0,17,17,95,3476,0.8486328125,0.9279530857302429,3581,153,2828.464414439528,0.6905430699315254,0.8137124322323153,0.9885459221921817,5.978694146794789,0.5269593380595667
mutation,11,222,21568,1,22,22,94,3477,0.848876953125,0.9282323373359397,3581,153,2830.634560811114,0.6910728908230259,0.8141025484069928,0.9885459221921817,5.978722403297672,0.5254025052472397
mutation,11,223,21664,3,24,24,95,3480,0.849609375,0.9290700921530298,3581,153,2834.5677234374552,0.6920331356048475,0.814530955010763,0.9885459221921817,5.978785634768636,0.5267926032234234
mutation,11,224,21760,4,24,24,95,3484,0.8505859375,0.9301870985758168,3581,153,2839.557223923356,0.6932512753719131,0.8150279058333398,0.9885459221921817,5.978823668837229,0.5164306340743473
mutation,11,225,21856,1,19,19,96,3485,0.850830078125,0.9304663501815136,3581,153,2841.58683746231,0.6937467864898218,0.8153764239490129,0.9885459221921817,5.978829335459784,0.5211520839814324
mutation,11,226,21952,4,23,23,95,3489,0.851806640625,0.9313041049986037,3581,154,2845.978978570842,0.694819086565147,0.8157004811037094,0.9885459221921817,5.979134239560327,0.5248550991281402
mutation,11,227,22048,3,22,22,95,3492,0.8525390625,0.932141859815694,3581,154,2849.4993552788255,0.6956785535348695,0.8160078336995491,0.9885459221921817,5.9791869583559505,0.5223223957500287
mutation,11,228,22144,3,25,25,94,3495,0.853271484375,0.9329796146327841,3581,154,2853.6901118985,0.6967016874752198,0.8165064697849785,0.9885459221921817,5.9792937458841555,0.521500890745862
mutation,11,229,22240,4,19,19,95,3499,0.854248046875,0.9340966210555711,3581,154,2857.7118215858695,0.6976835501918627,0.8167224411505771,0.9885459221921817,5.9793482555052995,0.5217774219680213
mutation,11,230,22336,0,19,19,95,3499,0.854248046875,0.9340966210555711,3581,154,2858.9855203193756,0.6979945117967226,0.8170864590795586,0.9885459221921817,5.9793482555052995,0.5272039719187291
mutation,11,231,22432,3,16,16,94,3502,0.85498046875,0.9349343758726613,3581,154,2861.9316814364042,0.6987137894131846,0.8172277788225026,0.9885459221921817,5.979472836620907,0.5274580939818196
mutation,11,232,22528,5,27,27,96,3507,0.856201171875,0.9363306339011449,3581,154,2867.2025660883833,0.7000006264864217,0.8175656019641812,0.9885459221921817,5.979472022301976,0.5210267461331276
mutation,11,233,22624,5,21,20,95,3512,0.857421875,0.9377268919296285,3581,154,2871.95129657247,0.7011599845147631,0.817753786039997,0.9885459221921817,5.979448123307552,0.5195516869302452
mutation,11,234,22720,3,26,26,94,3515,0.858154296875,0.9385646467467188,3581,154,2875.725634009714,0.7020814536156529,0.8181296256073156,0.9885459221921817,5.979407177809818,0.5254146257005834
mutation,11,235,22816,3,28,27,94,3518,0.85888671875,0.9391231499581123,3581,155,2879.6416139845346,0.703037503414193,0.8185450864083385,0.9885459221921817,5.979553666455214,0.5192027731668005
mutation,11,236,22912,3,31,31,95,3521,0.859619140625,0.9399609047752024,3581,155,2883.487641918172,0.7039764750776787,0.818939972143758,0.9885459221921817,5.979440443126103,0.5229787376416362
mutation,11,237,23008,1,20,20,95,3522,0.85986328125,0.9402401563808992,3581,155,2885.9721792635146,0.7045830515780065,0.8194128845154783,0.9885459221921817,5.979473394874404,0.5262691407120308
mutation,11,238,23104,1,15,15,95,3523,0.860107421875,0.940519407986596,3581,155,2888.163488464407,0.7051180391758806,0.8198022959024714,0.9885459221921817,5.979461313898632,0.5247153184860853
mutation,11,239,23200,7,20,20,95,3530,0.86181640625,0.9424741692264731,3581,155,2894.676270249315,0.7067080737913367,0.8200216063029221,0.9885459221921817,5.979415616844898,0.5244589534218682
mutation,11,240,23296,2,26,26,93,3532,0.8623046875,0.9430326724378665,3581,155,2897.3670440678857,0.7073650009931362,0.820319095149458,0.9885459221921817,5.979430136896962,0.5239611326644247
mutation,11,241,23392,3,17,17,93,3535,0.863037109375,0.9438704272549567,3581,155,2900.6924775763005,0.7081768744082765,0.8205636428787272,0.9885459221921817,5.9794587658248215,0.5239353462990634
mutation,11,242,23488,1,21,21,96,3536,0.86328125,0.9441496788606535,3581,155,2902.5878877876885,0.7086396210419161,0.8208676153245725,0.9885459221921817,5.979493200754526,0.5287932860896903
mutation,11,243,23584,2,24,24,96,3538,0.86376953125,0.9447081820720469,3581,155,2904.847946558103,0.7091913932026619,0.8210423817292547,0.9885459221921817,5.979444710251261,0.5256746531948062
mutation,11,244,23680,1,25,25,94,3539,0.864013671875,0.9449874336777436,3581,155,2907.226326120859,0.7097720522756004,0.821482431794535,0.9885459221921817,5.979529963680483,0.5222533683280892
mutation,11,245,23776,4,32,32,94,3543,0.864990234375,0.9461044401005306,3581,155,2912.192469077083,0.7109844895207722,0.8219566664061764,0.9885459221921817,5.979543152997891,0.52629123020314
mutation,11,246,23872,2,23,23,94,3545,0.865478515625,0.946662943311924,3581,155,2914.72785607446,0.7116034804869287,0.822208139936378,0.9885459221921817,5.979605928135635,0.5245541973493557
mutation,11,247,23968,3,20,20,95,3548,0.8662109375,0.9469421949176208,3581,157,2917.918199280565,0.7123823728712317,0.822412119301174,0.9885459221921817,5.979797782719229,0.5232839806183007
mutation,11,248,24064,3,23,23,94,3551,0.866943359375,0.947779949734711,3581,157,2922.0989680700864,0.7134030683764859,0.8228946685638092,0.9885459221921817,5.979751413622439,0.5270528258140831
mutation,11,249,24160,0,21,21,95,3551,0.866943359375,0.947779949734711,3581,157,2923.324299769979,0.71370222162353,0.8232397352210585,0.9885459221921817,5.979751413622439,0.5295304210687493
mutation,11,250,24256,3,25,25,95,3554,0.86767578125,0.9483384529461044,3581,158,2927.16831254987,0.7146407013061206,0.8236264244653545,0.9885459221921817,5.979798633174682,0.5255664775593047
mutation,11,251,24352,0,24,24,95,3554,0.86767578125,0.9483384529461044,3581,158,2928.388324690476,0.7149385558326358,0.8239697030642871,0.9885459221921817,5.979798633174682,0.5329644536742371
mutation,11,252,24448,3,26,26,94,3557,0.868408203125,0.9491762077631947,3581,158,2932.2604744515547,0.7158839048953991,0.824363360824165,0.9885459221921817,5.979832182234425,0.5259326313555942
mutation,11,253,24544,1,18,18,95,3558,0.86865234375,0.9494554593688914,3581,158,2934.4378464945057,0.7164154898668227,0.824743633078838,0.9885459221921817,5.979783881524986,0.5248454038779071
mutation,11,254,24640,1,26,26,96,3559,0.868896484375,0.9497347109745881,3581,158,2937.5400798600785,0.7171728710595895,0.825383557139668,0.9885459221921817,5.979805186287635,0.5189982991251014
mutation,11,255,24736,2,23,23,96,3561,0.869384765625,0.9502932141859816,3581,158,2941.185111373815,0.7180627713314978,0.825943586457123,0.9885459221921817,5.979755443764569,0.5262121196276014
mutation,11,256,24832,0,21,19,95,3561,0.869384765625,0.9502932141859816,3581,158,2942.6139054923624,0.7184115980205963,0.8263448204134688,0.9885459221921817,5.979755443764569,0.5319122001674742
mutation,11,257,24928,0,14,14,95,3561,0.869384765625,0.9502932141859816,3581,158,2943.5205205565644,0.718632939589005,0.8265994160507061,0.9885459221921817,5.979755443764569,0.5285919428725212
mutation,11,258,25024,2,17,17,93,3563,0.869873046875,0.9508517173973751,3581,158,2946.098324714151,0.7192622863071658,0.8268589179663629,0.9885459221921817,5.979737071379089,0.5181105800904279
mutation,11,259,25120,2,17,17,95,3565,0.870361328125,0.9514102206087685,3581,158,2948.7465207327323,0.7199088185382647,0.827137873978326,0.9885459221921817,5.979716270789471,0.5169294421523263
mutation,11,260,25216,0,20,20,95,3565,0.870361328125,0.9514102206087685,3581,158,2950.047529641446,0.7202264476663687,0.8275028133636595,0.9885459221921817,5.979716270789471,0.5241630469059684
mutation,11,261,25312,4,23,23,95,3569,0.871337890625,0.9522479754258587,3581,159,2954.924195761432,0.7214170399808184,0.8279417752203508,0.9885459221921817,5.979649881316456,0.5248431792841264
mutation,11,262,25408,1,28,28,96,3570,0.87158203125,0.9522479754258587,3581,160,2957.333352374854,0.722005212982142,0.8283846925419759,0.9885459221921817,5.97967240524265,0.5272745064478976
mutation,11,263,25504,3,18,18,94,3573,0.872314453125,0.9530857302429488,3581,160,2960.7689220740167,0.7228439751157267,0.8286506918762991,0.9885459221921817,5.979756317471031,0.5216847805917437
mutation,11,264,25600,1,19,19,95,3574,0.87255859375,0.9533649818486456,3581,160,2962.722053961208,0.7233208139553731,0.8289653200786816,0.9885459221921817,5.979710065644545,0.5293181845342589
mutation,11,265,25696,4,29,29,95,3578,0.87353515625,0.9544819882714326,3581,160,2968.101096972011,0.7246340568779324,0.8295419499642289,0.9885459221921817,5.97979340918576,0.5236585772849474
mutation,11,266,25792,2,26,26,95,3580,0.8740234375,0.955040491482826,3581,160,2971.121073622662,0.7253713558649078,0.8299220876040956,0.9885459221921817,5.9800692185717645,0.5227752194766364
mutation,11,267,25888,0,27,27,94,3580,0.8740234375,0.955040491482826,3581,160,2972.7546628658347,0.7257701813637292,0.8303783974485571,0.9885459221921817,5.9800692185717645,0.5270477253582719
mutation,11,268,25984,2,25,25,96,3582,0.87451171875,0.9555989946942195,3581,160,2975.6584603480533,0.7264791162959114,0.8307254216493728,0.9885459221921817,5.980004321704775,0.5206687576284685
mutation,11,269,26080,2,23,23,91,3584,0.875,0.956157497905613,3581,160,2979.3012668377773,0.7273684733490667,0.8312782552560762,0.9885459221921817,5.979989444778393,0.5262685865790528
mutation,11,270,26176,0,24,24,95,3584,0.875,0.956157497905613,3581,160,2980.7900443142107,0.7277319444126491,0.8316936507573133,0.9885459221921817,5.979989444778393,0.5297887985917221
mutation,11,271,26272,1,13,13,96,3585,0.875244140625,0.9564367495113096,3581,160,2982.5876999129,0.7281708251740479,0.831963096210014,0.9885459221921817,5.9799706905089725,0.5244198711885545
mutation,11,272,26368,0,19,19,95,3585,0.875244140625,0.9564367495113096,3581,160,2984.2862175897008,0.7285855023412355,0.8324368807781592,0.9885459221921817,5.9799706905089725,0.5226495722707336
mutation,11,273,26464,3,21,21,94,3588,0.8759765625,0.9569952527227031,3581,161,2987.8822863845735,0.7294634488243588,0.832743112147317,0.9885459221921817,5.980014867688169,0.5319938942794484
mutation,11,274,26560,2,16,16,94,3590,0.87646484375,0.9575537559340966,3581,161,2990.6959474613964,0.7301503777981925,0.833062938011531,0.9885459221921817,5.980066446558477,0.5280200817015606
mutation,11,275,26656,0,17,17,94,3590,0.87646484375,0.9575537559340966,3581,161,2991.9762609095696,0.7304629543236254,0.8334195712840027,0.9885459221921817,5.980066446558477,0.5260632865770754
mutation,11,276,26752,2,19,19,94,3592,0.876953125,0.9581122591454901,3581,161,2994.7733544681896,0.7311458384932104,0.8337342300857989,0.9885459221921817,5.980105832094345,0.5152586760877951
mutation,11,277,26848,2,24,24,96,3594,0.87744140625,0.9586707623568835,3581,161,2997.8100034372665,0.7318872078704264,0.8341151929430346,0.9885459221921817,5.9801408605873885,0.527378967300216
mutation,11,278,26944,2,18,18,95,3596,0.8779296875,0.959229265568277,3581,161,3000.1223271889003,0.7324517400363526,0.8342943067822304,0.9885459221921817,5.980154407269956,0.5285104991804177
mutation,11,279,27040,2,25,24,96,3598,0.87841796875,0.9595085171739738,3581,162,3002.828921607293,0.7331125296892805,0.8345828020031387,0.9885459221921817,5.980151544678529,0.5261610852628869
mutation,11,280,27136,1,18,18,94,3599,0.878662109375,0.9597877687796705,3581,162,3004.5504207516956,0.7335328175663319,0.8348292361077232,0.9885459221921817,5.980134380913711,0.5208459463724682
mutation,11,281,27232,1,20,20,94,3600,0.87890625,0.9600670203853672,3581,162,3006.6271999139726,0.7340398437289972,0.8351742221983257,0.9885459221921817,5.980152514894627,0.5314550463937235
mutation,11,282,27328,2,20,20,95,3602,0.87939453125,0.9606255235967607,3581,162,3009.172694444213,0.7346613023545442,0.835417183354862,0.9885459221921817,5.98015566214119,0.5279589031618883
mutation,11,283,27424,0,15,15,94,3602,0.87939453125,0.9606255235967607,3581,162,3010.0487331184677,0.7348751789840009,0.8356603923149549,0.9885459221921817,5.98015566214119,0.5242886963102598
mutation,11,284,27520,3,18,18,96,3605,0.880126953125,0.9614632784138509,3581,162,3013.1762382337997,0.7356387300375488,0.8358325210079889,0.9885459221921817,5.980190399053975,0.5190781621237738
mutation,11,285,27616,2,17,17,95,3607,0.880615234375,0.9620217816252443,3581,162,3016.012798378297,0.7363312496040764,0.8361554750147759,0.9885459221921817,5.980166876088358,0.5233481832697517
mutation,11,286,27712,1,20,20,95,3608,0.880859375,0.9623010332309411,3581,162,3017.5569478450407,0.7367082392199806,0.836351703948182,0.9885459221921817,5.980193253808586,0.5225742010679593
mutation,11,287,27808,1,18,18,93,3609,0.881103515625,0.9625802848366378,3581,162,3019.437574428511,0.7371673765694607,0.8366410569211724,0.9885459221921817,5.980190903687189,0.5245017393186464
mutation,11,288,27904,2,22,22,95,3611,0.881591796875,0.9631387880480313,3581,162,3022.1349030556603,0.7378259040663233,0.8369246477584216,0.9885459221921817,5.980189572143581,0.5219265245057321
mutation,11,289,28000,1,18,18,96,3612,0.8818359375,0.963418039653728,3581,162,3023.7281680828496,0.738214884785852,0.8371340443197258,0.9885459221921817,5.98020895995979,0.5220537150661719
mutation,11,290,28096,2,18,18,95,3614,0.88232421875,0.9639765428651215,3581,162,3026.076220913224,0.7387881398713926,0.8373204817136757,0.9885459221921817,5.980191486471684,0.5201091121841301
mutation,11,291,28192,0,19,19,95,3614,0.88232421875,0.9639765428651215,3581,162,3027.0496502702536,0.7390257935230111,0.8375898312867331,0.9885459221921817,5.980191486471684,0.5302584110961605
mutation,11,292,28288,0,23,23,95,3614,0.88232421875,0.9639765428651215,3581,162,3028.48203539171,0.7393754969218042,0.8379861747071693,0.9885459221921817,5.980191486471684,0.5286564519517433
mutation,11,293,28384,4,16,16,91,3618,0.88330078125,0.9650935492879084,3581,162,3032.491708903798,0.7403544211190913,0.8381679681878933,0.9885459221921817,5.980289172747611,0.5231180033369626
mutation,11,294,28480,3,19,19,95,3621,0.884033203125,0.9656520524993019,3581,163,3035.8871597793586,0.7411833886180075,0.8384112564980278,0.9885459221921817,5.9803518341366715,0.5198949275351079
mutation,11,295,28576,1,16,16,94,3622,0.88427734375,0.9659313041049986,3581,163,3037.9167255433686,0.7416788880721115,0.8387401230103171,0.9885459221921817,5.980372225007766,0.5197158279058467
mutation,11,296,28672,2,18,18,94,3624,0.884765625,0.9664898073163921,3581,163,3040.875319573065,0.7424012010676428,0.8390936312287707,0.9885459221921817,5.980391716512318,0.5263195807723922
mutation,11,297,28768,0,22,22,94,3624,0.884765625,0.9664898073163921,3581,163,3042.2454815755946,0.7427357132752916,0.8394717112515437,0.9885459221921817,5.980391716512318,0.5283864532557376
mutation,11,298,28864,0,21,21,96,3624,0.884765625,0.9664898073163921,3581,163,3043.331142734616,0.7430007672691934,0.8397712866265498,0.9885459221921817,5.980391716512318,0.5235869232758481
mutation,11,299,28960,2,12,12,95,3626,0.88525390625,0.9670483105277855,3581,163,3045.5783961486645,0.7435494131222325,0.8399278533228529,0.9885459221921817,5.980376954912087,0.5223051432613213
mutation,11,300,29056,0,17,17,95,3626,0.88525390625,0.9670483105277855,3581,163,3046.3453499452726,0.7437366577014826,0.8401393684349897,0.9885459221921817,5.980376954912087,0.5238399670818448
mutation,11,301,29152,2,24,24,95,3628,0.8857421875,0.967606813739179,3581,163,3049.3152773468,0.7444617376334961,0.8404948394009923,0.9885459221921817,5.9804188622828915,0.5203001510702665
mutation,11,302,29248,1,15,15,94,3629,0.885986328125,0.9678860653448758,3581,163,3050.8688812684914,0.7448410354659403,0.8406913423170271,0.9885459221921817,5.980418660248924,0.5295674110795874
mutation,11,303,29344,0,22,22,96,3629,0.885986328125,0.9678860653448758,3581,163,3051.709409057359,0.7450462424456443,0.840922956477641,0.9885459221921817,5.980418660248924,0.5280046381502714
mutation,11,304,29440,1,21,21,94,3630,0.88623046875,0.9681653169505725,3581,163,3053.5456501759277,0.7454945434999823,0.8411971488087955,0.9885459221921817,5.980385428166402,0.5294311518410411
mutation,11,305,29536,3,21,21,95,3633,0.886962890625,0.9690030717676626,3581,163,3057.0639872259835,0.7463535125063436,0.8414709571224838,0.9885459221921817,5.980377772973204,0.5279775653137477
mutation,11,306,29632,1,16,16,95,3634,0.88720703125,0.9692823233733594,3581,163,3059.118422487041,0.7468550836150002,0.8418047392644581,0.9885459221921817,5.980406754929554,0.5201092275119448
mutation,11,307,29728,0,20,20,96,3634,0.88720703125,0.9692823233733594,3581,163,3060.436093279798,0.7471767805858882,0.842167334419317,0.9885459221921817,5.980406754929554,0.5249653625662986
mutation,11,308,29824,0,21,21,94,3634,0.88720703125,0.9692823233733594,3581,163,3061.848541372016,0.7475216165459023,0.842556010283989,0.9885459221921817,5.980406754929554,0.5246350881165887
mutation,11,309,29920,2,23,23,96,3636,0.8876953125,0.9698408265847529,3581,163,3064.904287152912,0.7482676482306914,0.8429329722642772,0.9885459221921817,5.980440537947539,0.5241243411560291
mutation,11,310,30016,1,16,16,94,3637,0.887939453125,0.9701200781904495,3581,163,3066.9269627220756,0.7487614655083192,0.843257344713246,0.9885459221921817,5.980414526318919,0.5233720146856298
mutation,11,311,30112,1,23,23,95,3638,0.88818359375,0.9703993297961463,3581,163,3069.4444145713587,0.7493760777762106,0.8437175411136225,0.9885459221921817,5.980436558456269,0.5310772958236896
mutation,11,312,30208,1,24,24,95,3639,0.888427734375,0.970678581401843,3581,163,3071.3013735851187,0.7498294369104294,0.8439959806499364,0.9885459221921817,5.980423887598642,0.5222408564346841
mutation,11,313,30304,1,13,13,95,3640,0.888671875,0.9709578330075398,3581,163,3073.0939894800467,0.750267087275402,0.8442565905164964,0.9885459221921817,5.980398228819846,0.5310354762338318
mutation,11,314,30400,3,22,22,94,3643,0.889404296875,0.9715163362189333,3581,164,3076.58013281564,0.7511181964881933,0.8445182906438758,0.9885459221921817,5.980430565715578,0.5209360812069674
mutation,11,315,30496,0,15,15,94,3643,0.889404296875,0.9715163362189333,3581,164,3077.157284064414,0.7512591025547886,0.8446767181071683,0.9885459221921817,5.980430565715578,0.522642393556892
mutation,11,316,30592,2,19,19,95,3645,0.889892578125,0.9720748394303267,3581,164,3079.9003139110264,0.7519287875759342,0.8449657925681828,0.9885459221921817,5.980434610275216,0.5292141166971851
mutation,11,317,30688,3,23,23,96,3648,0.890625,0.9729125942474169,3581,164,3083.4559991833576,0.7527968748006244,0.8452456138112274,0.9885459221921817,5.980428153715842,0.5245990439649144
mutation,11,318,30784,0,15,15,96,3648,0.890625,0.9729125942474169,3581,164,3084.4914271869243,0.7530496648405577,0.8455294482420297,0.9885459221921817,5.980428153715842,0.5284168662037146
mutation,11,319,30880,2,15,15,94,3650,0.89111328125,0.9734710974588104,3581,164,3086.832584234959,0.7536212363854881,0.8457075573246463,0.9885459221921817,5.980398802691678,0.5260502499645522
mutation,11,320,30976,1,13,13,96,3651,0.891357421875,0.9737503490645071,3581,164,3088.0695566380778,0.7539232316010932,0.8458147238121275,0.9885459221921817,5.980374420589682,0.5237939693994784
mutation,11,321,31072,2,17,17,94,3653,0.891845703125,0.9743088522759006,3581,164,3090.8176685749813,0.7545941573669388,0.8461039333629842,0.9885459221921817,5.980400305415159,0.5219053886164041
mutation,11,322,31168,0,19,18,94,3653,0.891845703125,0.9743088522759006,3581,164,3091.9006817946383,0.7548585648912691,0.8464004056377329,0.9885459221921817,5.980400305415159,0.5315749569569607
mutation,11,323,31264,1,15,15,96,3654,0.89208984375,0.9745881038815973,3581,164,3094.0429114253184,0.7553815701721969,0.846755038704247,0.9885459221921817,5.980416798800929,0.5211255605708447
mutation,11,324,31360,1,17,17,95,3655,0.892333984375,0.9748673554872941,3581,164,3095.8894342061053,0.7558323813979749,0.8470285729702066,0.9885459221921817,5.980426342271151,0.5284469838932135
mutation,11,325,31456,1,18,18,95,3656,0.892578125,0.9748673554872941,3581,165,3097.550409407875,0.7562378929218445,0.8472512060743641,0.9885459221921817,5.980443035471151,0.5264289078618714
mutation,11,326,31552,1,18,18,94,3657,0.892822265625,0.9748673554872941,3581,166,3098.8654758076104,0.7565589540545924,0.8473791292883813,0.9885459221921817,5.980459827447152,0.5337197517552418
mutation,11,327,31648,1,15,15,96,3658,0.89306640625,0.9751466070929908,3581,166,3100.601502833268,0.7569827887776533,0.8476220620101881,0.9885459221921817,5.980455955157109,0.524999617579679
mutation,11,328,31744,1,20,20,95,3659,0.893310546875,0.9754258586986875,3581,166,3102.1362685724125,0.7573574874444367,0.8478098574945101,0.9885459221921817,5.9804659088200225,0.5276687813866877
mutation,11,329,31840,0,14,14,95,3659,0.893310546875,0.9754258586986875,3581,166,3103.0139901608018,0.757571774941602,0.8480497376771801,0.9885459221921817,5.9804659088200225,0.5245802753656275
mutation,11,330,31936,0,17,17,95,3659,0.893310546875,0.9754258586986875,3581,166,3103.741937649379,0.7577494964964304,0.8482486847907568,0.9885459221921817,5.9804659088200225,0.5363707813464684
mutation,11,331,32032,0,14,14,95,3659,0.893310546875,0.9754258586986875,3581,166,3104.517959127621,0.7579389548651418,0.8484607704639576,0.9885459221921817,5.9804659088200225,0.5239970064032112
mutation,11,332,32128,0,28,28,96,3659,0.893310546875,0.9754258586986875,3581,166,3106.1252274890385,0.758331354367441,0.8489000348425905,0.9885459221921817,5.9804659088200225,0.5258752111028531
mutation,11,333,32224,2,23,23,94,3661,0.893798828125,0.975984361910081,3581,166,3109.0683579055085,0.7590498920667745,0.8492401960954681,0.9885459221921817,5.980412933268374,0.5254254535274334
mutation,11,334,32320,2,19,19,95,3663,0.894287109375,0.9765428651214745,3581,166,3111.713147948649,0.7596955927609006,0.84949853888852,0.9885459221921817,5.980427413579536,0.5220368693047366
mutation,11,335,32416,0,13,13,95,3663,0.894287109375,0.9765428651214745,3581,166,3112.1736711852045,0.7598080251917003,0.8496242618578227,0.9885459221921817,5.980427413579536,0.5206251751950787
mutation,11,336,32512,0,20,20,94,3663,0.894287109375,0.9765428651214745,3581,166,3113.256850170113,0.7600724731860627,0.8499199700164108,0.9885459221921817,5.980427413579536,0.5227950543520554
mutation,11,337,32608,0,13,13,94,3663,0.894287109375,0.9765428651214745,3581,166,3113.740645372548,0.7601905872491572,0.8500520462387519,0.9885459221921817,5.980427413579536,0.5228715642409925
mutation,11,338,32704,2,24,23,95,3665,0.894775390625,0.9771013683328679,3581,166,3116.6274721919476,0.7608953789531122,0.850375845072837,0.9885459221921817,5.980388391215094,0.5279701900795981
mutation,11,339,32800,0,19,18,95,3665,0.894775390625,0.9771013683328679,3581,166,3117.5872419755133,0.761129697747928,0.8506377195021865,0.9885459221921817,5.980388391215094,0.5312366569990541
mutation,11,340,32896,1,26,25,93,3666,0.89501953125,0.9773806199385646,3581,166,3119.719856372818,0.76165035555977,0.8509874130858751,0.9885459221921817,5.980392192094907,0.5264092388452495
mutation,11,341,32992,2,16,16,94,3668,0.8955078125,0.9779391231499581,3581,166,3121.9616267914644,0.7621976627908849,0.8511345765516534,0.9885459221921817,5.980354287991525,0.5189670489370057
mutation,11,342,33088,1,22,22,95,3669,0.895751953125,0.9782183747556549,3581,166,3123.9411315793172,0.7626809403269817,0.8514421181737033,0.9885459221921817,5.980344971963749,0.5156033779070417
mutation,11,343,33184,0,15,15,94,3669,0.895751953125,0.9782183747556549,3581,166,3124.66687067797,0.7628581227241138,0.8516399211441729,0.9885459221921817,5.980344971963749,0.5229494722949168
mutation,11,344,33280,0,11,11,95,3669,0.895751953125,0.9782183747556549,3581,166,3125.690149860863,0.7631079467433748,0.8519188198039965,0.9885459221921817,5.980344971963749,0.5289546092678157
mutation,11,345,33376,0,16,16,93,3669,0.895751953125,0.9782183747556549,3581,166,3126.88647140449,0.7634000174327368,0.8522448818218833,0.9885459221921817,5.980344971963749,0.5228635203137941
mutation,11,346,33472,0,19,19,95,3669,0.895751953125,0.9782183747556549,3581,166,3127.7013317045066,0.7635989579356706,0.8524669751170637,0.9885459221921817,5.980344971963749,0.5241110890745695
mutation,11,347,33568,2,17,17,95,3671,0.896240234375,0.9787768779670483,3581,166,3129.939924789709,0.7641454894506126,0.8526123467147123,0.9885459221921817,5.980381377851754,0.5232945383887719
mutation,11,348,33664,3,23,23,95,3674,0.89697265625,0.9793353811784418,3581,167,3133.2051302904993,0.7649426587623289,0.8528048803185899,0.9885459221921817,5.980638283248714,0.5240247475951467
mutation,11,349,33760,0,17,17,94,3674,0.89697265625,0.9793353811784418,3581,167,3134.0517343687543,0.7651493492111217,0.8530353114776141,0.9885459221921817,5.980638283248714,0.5220842815619714
mutation,11,350,33856,0,19,19,91,3674,0.89697265625,0.9793353811784418,3581,167,3135.2295117085696,0.765436892506975,0.8533558823376618,0.9885459221921817,5.980638283248714,0.5277681079952431
mutation,11,351,33952,3,22,22,95,3677,0.897705078125,0.980173135995532,3581,167,3138.3273849585967,0.7661932092184074,0.8535021443999447,0.9885459221921817,5.980660480674364,0.5237833103454536
mutation,11,352,34048,1,16,16,96,3678,0.89794921875,0.9804523876012287,3581,167,3139.606727360072,0.7665055486718926,0.8536179247852289,0.9885459221921817,5.980639096913967,0.52099401919753
mutation,11,353,34144,0,21,20,94,3678,0.89794921875,0.9804523876012287,3581,167,3140.8182910794267,0.7668013405955632,0.8539473330830415,0.9885459221921817,5.980639096913967,0.5260635162851192
mutation,11,354,34240,1,10,10,96,3679,0.898193359375,0.9807316392069254,3581,167,3141.9024870217486,0.7670660368705441,0.8540099176465747,0.9885459221921817,5.980644204526238,0.5246054800626702
mutation,11,355,34336,0,11,11,96,3679,0.898193359375,0.9807316392069254,3581,167,3142.499676315743,0.7672118350380231,0.8541722414557604,0.9885459221921817,5.980644204526238,0.5222625074515252
mutation,11,356,34432,1,14,14,94,3680,0.8984375,0.9810108908126222,3581,167,3143.996010742435,0.7675771510601648,0.8543467420495747,0.9885459221921817,5.980616726513924,0.5295185098212789
mutation,11,357,34528,0,19,19,95,3680,0.8984375,0.9810108908126222,3581,167,3144.7776695273465,0.7677679857244498,0.8545591493280833,0.9885459221921817,5.980616726513924,0.5268105398821654
mutation,11,358,34624,0,17,17,96,3680,0.8984375,0.9810108908126222,3581,167,3145.93040499621,0.7680494152822779,0.8548723926620136,0.9885459221921817,5.980616726513924,0.5234076948337922
mutation,11,359,34720,2,17,17,95,3682,0.89892578125,0.9815693940240157,3581,167,3148.328542443436,0.7686348980574795,0.8550593542757838,0.9885459221921817,5.9806080007771545,0.5250810264968564
mutation,11,360,34816,1,19,19,96,3683,0.899169921875,0.9818486456297124,3581,167,3150.382082087752,0.7691362505097051,0.8553847629888005,0.9885459221921817,5.980580874225185,0.5234459895637325
mutation,11,361,34912,1,17,17,96,3684,0.8994140625,0.982127897235409,3581,167,3151.899677569674,0.7695067572191587,0.8555645161698355,0.9885459221921817,5.980547652420086,0.5228889532768334
mutation,11,362,35008,0,15,15,95,3684,0.8994140625,0.982127897235409,3581,167,3152.5507382188,0.7696657075729492,0.8557412427304016,0.9885459221921817,5.980547652420086,0.527674134756974
mutation,11,363,35104,0,22,22,95,3684,0.8994140625,0.982127897235409,3581,167,3153.8074345039636,0.7699725181894442,0.856082365500533,0.9885459221921817,5.980547652420086,0.5149485212774303
mutation,11,364,35200,0,11,11,96,3684,0.8994140625,0.982127897235409,3581,167,3154.629308795762,0.7701731710927153,0.8563054584136162,0.9885459221921817,5.980547652420086,0.5226175805064633
mutation,11,365,35296,1,15,15,96,3685,0.899658203125,0.9824071488411058,3581,167,3156.60843342458,0.7706563558165479,0.8566101583241738,0.9885459221921817,5.9805270844064395,0.5226039952238151
mutation,11,366,35392,0,9,9,96,3685,0.899658203125,0.9824071488411058,3581,167,3157.040633459666,0.7707618734032388,0.8567274446294887,0.9885459221921817,5.9805270844064395,0.5267515247846126
mutation,11,367,35488,0,10,10,94,3685,0.899658203125,0.9824071488411058,3581,167,3157.5343579811456,0.7708824116164906,0.8568614268605551,0.9885459221921817,5.9805270844064395,0.5263282383883141
mutation,11,368,35584,0,15,15,95,3685,0.899658203125,0.9824071488411058,3581,167,3158.049468125547,0.7710081709290886,0.857001212517109,0.9885459221921817,5.9805270844064395,0.5215771292129688
mutation,11,369,35680,0,20,20,94,3685,0.899658203125,0.9824071488411058,3581,167,3159.1041488816245,0.7712656613480529,0.85728742167751,0.9885459221921817,5.9805270844064395,0.5290537682830969
mutation,11,370,35776,0,15,15,96,3685,0.899658203125,0.9824071488411058,3581,167,3159.733559446299,0.771419326036694,0.857458225087191,0.9885459221921817,5.9805270844064395,0.5279755310275183
mutation,11,371,35872,0,12,12,96,3685,0.899658203125,0.9824071488411058,3581,167,3160.4504332172946,0.7715943440471911,0.8576527634239606,0.9885459221921817,5.9805270844064395,0.5305904657866766
mutation,11,372,35968,1,14,14,95,3686,0.89990234375,0.9826864004468026,3581,167,3162.1225199223295,0.7720025683404125,0.8578737167450704,0.9885459221921817,5.980494107677095,0.5230523068320876
mutation,11,373,36064,0,12,12,93,3686,0.89990234375,0.9826864004468026,3581,167,3162.5819391027776,0.7721147312262641,0.8579983556979863,0.9885459221921817,5.980494107677095,0.5220716093250091
mutation,11,374,36160,0,16,16,95,3686,0.89990234375,0.9826864004468026,3581,167,3163.1431160395423,0.7722517373143414,0.8581506012044336,0.9885459221921817,5.980494107677095,0.5237995592279978
mutation,11,375,36256,0,12,12,95,3686,0.89990234375,0.9826864004468026,3581,167,3163.7498381550236,0.7723998628308163,0.8583152029720629,0.9885459221921817,5.980494107677095,0.5237475745170628
mutation,11,376,36352,1,17,17,94,3687,0.900146484375,0.9829656520524993,3581,167,3165.063654763294,0.7727206188386948,0.8584387455284226,0.9885459221921817,5.980583180343271,0.530934267754386
mutation,11,377,36448,0,21,21,93,3687,0.900146484375,0.9829656520524993,3581,167,3165.985571043733,0.7729456960555989,0.8586887906275381,0.9885459221921817,5.980583180343271,0.5230418720412435
mutation,11,378,36544,1,22,22,94,3688,0.900390625,0.9829656520524993,3581,168,3167.906325701424,0.7734146302981992,0.8589767694418178,0.9885459221921817,5.980812446409248,0.5254925118557252
mutation,11,379,36640,0,14,14,96,3688,0.900390625,0.9829656520524993,3581,168,3168.285937089915,0.7735073088598425,0.8590797009462893,0.9885459221921817,5.980812446409248,0.5179937209435038
mutation,11,380,36736,0,15,15,96,3688,0.900390625,0.9829656520524993,3581,168,3169.078394954565,0.7737007800182043,0.8592945756384395,0.9885459221921817,5.980812446409248,0.5247654906554508
mutation,11,381,36832,1,14,14,95,3689,0.900634765625,0.9832449036581961,3581,168,3170.8490185473665,0.7741330611687907,0.8595416152202132,0.9885459221921817,5.980798664694841,0.5240509851857407
mutation,11,382,36928,1,14,14,94,3690,0.90087890625,0.9835241552638928,3581,168,3172.246390198036,0.7744742163569424,0.859687368617354,0.9885459221921817,5.980791512973481,0.5275858110963962
mutation,11,383,37024,0,22,22,96,3690,0.90087890625,0.9835241552638928,3581,168,3173.2934488879378,0.7747298459199067,0.8599711243598748,0.9885459221921817,5.980791512973481,0.5304379633436348
mutation,11,384,37120,0,13,13,95,3690,0.90087890625,0.9835241552638928,3581,168,3174.343666412775,0.7749862466828064,0.8602557361552235,0.9885459221921817,5.980791512973481,0.5234983962635908
mutation,11,385,37216,0,21,21,95,3690,0.90087890625,0.9835241552638928,3581,168,3175.526911650687,0.7752751249147185,0.8605763988213244,0.9885459221921817,5.980791512973481,0.5287593193969744
mutation,11,386,37312,0,17,17,95,3690,0.90087890625,0.9835241552638928,3581,168,3176.249479170142,0.7754515330005229,0.8607722165772742,0.9885459221921817,5.980791512973481,0.5226757584171895
mutation,11,387,37408,0,13,13,94,3690,0.90087890625,0.9835241552638928,3581,168,3176.8630288996023,0.775601325414942,0.8609384902166944,0.9885459221921817,5.980791512973481,0.5295377960439728
mutation,11,388,37504,0,16,16,96,3690,0.90087890625,0.9835241552638928,3581,168,3177.8217875083774,0.7758353973409124,0.8611983163979342,0.9885459221921817,5.980791512973481,0.5161726920567092
mutation,11,389,37600,2,18,18,94,3692,0.9013671875,0.9840826584752862,3581,168,3180.306139378743,0.7764419285592634,0.8614046964731157,0.9885459221921817,5.980822404678982,0.5224597147113037
mutation,11,390,37696,0,16,16,94,3692,0.9013671875,0.9840826584752862,3581,168,3181.0155002129695,0.776615112356682,0.8615968310435995,0.9885459221921817,5.980822404678982,0.5284882444267526
mutation,11,391,37792,2,15,15,94,3694,0.90185546875,0.9846411616866797,3581,168,3183.231486297858,0.777156124584438,0.8617302345148505,0.9885459221921817,5.980892419848827,0.5176664597356007
mutation,11,392,37888,0,27,27,96,3694,0.90185546875,0.9846411616866797,3581,168,3184.567162748922,0.7774822174679985,0.8620918144961889,0.9885459221921817,5.980892419848827,0.5256429047352615
mutation,11,393,37984,0,16,16,95,3694,0.90185546875,0.9846411616866797,3581,168,3185.0491527108775,0.7775998907985541,0.8622222936412771,0.9885459221921817,5.980892419848827,0.5254344593889071
mutation,11,394,38080,0,18,18,96,3694,0.90185546875,0.9846411616866797,3581,168,3185.7696156109396,0.7777757850612645,0.8624173296185543,0.9885459221921817,5.980892419848827,0.5276624472235001
mutation,11,395,38176,2,13,13,96,3696,0.90234375,0.9849204132923765,3581,169,3187.740749772407,0.7782570189874041,0.862483969094266,0.9885459221921817,5.980908907895338,0.5264542244264003
mutation,11,396,38272,1,17,17,95,3697,0.902587890625,0.9851996648980732,3581,169,3189.3471654482387,0.7786492103145114,0.862685194873746,0.9885459221921817,5.980990381068405,0.529210305589977
mutation,11,397,38368,0,14,14,92,3697,0.902587890625,0.9851996648980732,3581,169,3189.8915131646204,0.7787821077062062,0.8628324352622723,0.9885459221921817,5.980990381068405,0.5238955880485496
mutation,11,398,38464,0,16,16,95,3697,0.902587890625,0.9851996648980732,3581,169,3190.5583179093655,0.7789449018333412,0.8630127990017218,0.9885459221921817,5.980990381068405,0.5260414998194927
mutation,11,399,38560,0,15,15,95,3697,0.902587890625,0.9851996648980732,3581,169,3191.5383134487292,0.7791841585568187,0.8632778775895941,0.9885459221921817,5.980990381068405,0.5224804221526822
mutation,11,400,38656,1,14,14,95,3698,0.90283203125,0.9854789165037698,3581,169,3192.759442201591,0.7794822856937478,0.8633746463498082,0.9885459221921817,5.980997377330546,0.5214036739277192
mutation,11,401,38752,0,15,15,96,3698,0.90283203125,0.9854789165037698,3581,169,3193.602828294106,0.7796881905014907,0.8636027118156047,0.9885459221921817,5.980997377330546,0.5254824011959287
mutation,11,402,38848,0,21,21,96,3698,0.90283203125,0.9854789165037698,3581,169,3195.1539299058495,0.7800668774184203,0.8640221551935775,0.9885459221921817,5.980997377330546,0.5260545029321267
mutation,11,403,38944,1,16,16,93,3699,0.903076171875,0.9857581681094666,3581,169,3196.7509251159877,0.7804567688271454,0.8642203095744763,0.9885459221921817,5.980997750411017,0.5205518810268213
mutation,11,404,39040,1,18,18,96,3700,0.9033203125,0.9860374197151633,3581,169,3198.470686239843,0.7808766323827742,0.8644515368215792,0.9885459221921817,5.980966249613726,0.5268898112051152
mutation,11,405,39136,0,16,16,94,3700,0.9033203125,0.9860374197151633,3581,169,3199.2133904481116,0.781057956652371,0.8646522676886788,0.9885459221921817,5.980966249613726,0.5214729177738884
mutation,11,406,39232,0,18,18,95,3700,0.9033203125,0.9860374197151633,3581,169,3200.0081914053317,0.7812519998548173,0.8648670787581978,0.9885459221921817,5.980966249613726,0.5238615197417755
mutation,11,407,39328,0,11,11,95,3700,0.9033203125,0.9860374197151633,3581,169,3200.356054740595,0.7813369274269031,0.8649610958758365,0.9885459221921817,5.980966249613726,0.5213836346516776
mutation,11,408,39424,0,17,17,95,3700,0.9033203125,0.9860374197151633,3581,169,3201.286110541347,0.7815639918313836,0.8652124623084723,0.9885459221921817,5.980966249613726,0.5265097714219135
mutation,11,409,39520,0,10,10,96,3700,0.9033203125,0.9860374197151633,3581,169,3201.722650563028,0.7816705689851142,0.8653304460981156,0.9885459221921817,5.980966249613726,0.5261811008644439
mutation,11,410,39616,0,17,17,96,3700,0.9033203125,0.9860374197151633,3581,169,3202.3302300570494,0.7818189038225218,0.8654946567721755,0.9885459221921817,5.980966249613726,0.5274447844485797
mutation,11,411,39712,1,16,16,95,3701,0.903564453125,0.9863166713208601,3581,169,3203.776447045811,0.7821719841420437,0.8656515663458014,0.9885459221921817,5.980960234337785,0.5285340263368384
mutation,11,412,39808,0,12,12,94,3701,0.903564453125,0.9863166713208601,3581,169,3204.7579089324427,0.7824115988604596,0.8659167546426486,0.9885459221921817,5.980960234337785,0.5252790830640359
mutation,11,413,39904,0,16,16,96,3701,0.903564453125,0.9863166713208601,3581,169,3205.213266129007,0.7825227700510271,0.8660397909021905,0.9885459221921817,5.980960234337785,0.5302147133737836
mutation,11,414,40000,0,19,19,96,3701,0.903564453125,0.9863166713208601,3581,169,3205.947406641182,0.7827020035745074,0.8662381536452802,0.9885459221921817,5.980960234337785,0.5277747308603966
mutation,11,415,40096,0,17,17,93,3701,0.903564453125,0.9863166713208601,3581,169,3206.8992833368256,0.7829343953459047,0.8664953481050596,0.9885459221921817,5.980960234337785,0.5225562910520742
mutation,11,416,40192,1,12,12,96,3702,0.90380859375,0.9863166713208601,3581,170,3208.456860082126,0.7833146631059877,0.8666820259541128,0.9885459221921817,5.980995752460538,0.5254876118566261
mutation,11,417,40288,0,17,17,95,3702,0.90380859375,0.9863166713208601,3581,170,3209.404563722569,0.7835460360650803,0.8669380236959938,0.9885459221921817,5.980995752460538,0.5246547649395239
mutation,11,418,40384,2,14,14,95,3704,0.904296875,0.9868751745322536,3581,170,3211.658551754541,0.7840963261119485,0.8670784426983101,0.9885459221921817,5.980952204572033,0.5211229597203172
mutation,11,419,40480,0,13,13,96,3704,0.904296875,0.9868751745322536,3581,170,3212.062025124552,0.7841948303526738,0.8671873717938855,0.9885459221921817,5.980952204572033,0.5244702941879954
mutation,11,420,40576,0,19,19,96,3704,0.904296875,0.9868751745322536,3581,170,3213.245152040812,0.7844836796974639,0.8675067905077787,0.9885459221921817,5.980952204572033,0.5282181396815859
mutation,11,421,40672,1,13,13,95,3705,0.904541015625,0.9871544261379503,3581,170,3214.0973752299506,0.7846917419994996,0.867502665379204,0.9885459221921817,5.980953220430427,0.5235850886421397
mutation,11,422,40768,1,14,14,95,3706,0.90478515625,0.987433677743647,3581,170,3215.1836874907103,0.7849569549537867,0.8675617073639261,0.9885459221921817,5.9809285929046085,0.524222696323582
mutation,11,423,40864,1,14,14,95,3707,0.905029296875,0.9877129293493437,3581,170,3216.1399416274016,0.7851904154363774,0.8675856330260053,0.9885459221921817,5.980916741376374,0.5224491655204189
mutation,11,424,40960,1,14,14,94,3708,0.9052734375,0.9879921809550405,3581,170,3217.2597290121644,0.7854638010283604,0.8676536486009073,0.9885459221921817,5.980892346914662,0.5235385540483843
mutation,11,425,41056,0,17,17,95,3708,0.9052734375,0.9879921809550405,3581,170,3218.1280532971086,0.7856757942619894,0.8678878245137833,0.9885459221921817,5.980892346914662,0.520845969197999
mutation,11,426,41152,1,16,16,96,3709,0.905517578125,0.9882714325607372,3581,170,3219.533423090872,0.7860189021217949,0.8680327374200248,0.9885459221921817,5.980861896098748,0.527381525463464
mutation,11,427,41248,0,16,16,95,3709,0.905517578125,0.9882714325607372,3581,170,3220.019721267906,0.7861376272626723,0.8681638504362108,0.9885459221921817,5.980861896098748,0.5274921443415976
mutation,11,428,41344,1,16,16,95,3710,0.90576171875,0.988550684166434,3581,170,3221.6686357872936,0.7865401942840072,0.8683742953604565,0.9885459221921817,5.98083156654242,0.5214628414211072
mutation,11,429,41440,0,18,18,96,3710,0.90576171875,0.988550684166434,3581,170,3222.8090296348196,0.7868186107506884,0.8686816791468517,0.9885459221921817,5.98083156654242,0.5288095002544615
mutation,11,430,41536,0,16,16,96,3710,0.90576171875,0.988550684166434,3581,170,3223.2825229384925,0.7869342097017804,0.8688093053742567,0.9885459221921817,5.98083156654242,0.5356644026899512
mutation,11,431,41632,0,18,18,96,3710,0.90576171875,0.988550684166434,3581,170,3224.2353240503976,0.7871668271607416,0.8690661250809697,0.9885459221921817,5.98083156654242,0.5234330255456086
mutation,11,432,41728,0,14,14,92,3710,0.90576171875,0.988550684166434,3581,170,3224.708432462343,0.7872823321441267,0.8691936475639739,0.9885459221921817,5.98083156654242,0.52788783471177
mutation,11,433,41824,0,16,16,95,3710,0.90576171875,0.988550684166434,3581,170,3225.5219911388203,0.7874809548678761,0.8694129356169327,0.9885459221921817,5.98083156654242,0.5239847632018357
mutation,11,434,41920,1,14,14,95,3711,0.906005859375,0.9888299357721307,3581,170,3227.0490970418286,0.7878537834574777,0.8695901635790431,0.9885459221921817,5.98085370881413,0.5304082439551526
mutation,11,435,42016,0,17,17,94,3711,0.906005859375,0.9888299357721307,3581,170,3227.8356874137507,0.7880458221224977,0.8698021254146459,0.9885459221921817,5.98085370881413,0.5196788457365393
mutation,11,436,42112,0,12,12,94,3711,0.906005859375,0.9888299357721307,3581,170,3228.6406962108636,0.7882423574733554,0.8700190504475515,0.9885459221921817,5.98085370881413,0.5269538337684744
mutation,11,437,42208,2,20,20,94,3713,0.906494140625,0.9893884389835241,3581,170,3231.043897367492,0.7888290765057353,0.8701976561722304,0.9885459221921817,5.980837712837969,0.5302867627145821
mutation,11,438,42304,0,18,18,95,3713,0.906494140625,0.9893884389835241,3581,170,3231.73417019025,0.788997600144104,0.8703835632077161,0.9885459221921817,5.980837712837969,0.5261424935755916
mutation,11,439,42400,0,10,10,96,3713,0.906494140625,0.9893884389835241,3581,170,3231.997104085202,0.7890617929895513,0.8704543776151904,0.9885459221921817,5.980837712837969,0.5248956705391967
mutation,11,440,42496,0,11,11,96,3713,0.906494140625,0.9893884389835241,3581,170,3232.681366351305,0.7892288492068615,0.8706386658635349,0.9885459221921817,5.980837712837969,0.522715045572528
mutation,11,441,42592,0,14,14,96,3713,0.906494140625,0.9893884389835241,3581,170,3233.145640257623,0.7893421973285213,0.8707637059675797,0.9885459221921817,5.980837712837969,0.5228222496656851
mutation,11,442,42688,1,16,16,96,3714,0.90673828125,0.9896676905892209,3581,170,3234.9002052458036,0.7897705579213388,0.8710016707716218,0.9885459221921817,5.9808672125847755,0.5313781711349584
mutation,11,443,42784,0,17,17,95,3714,0.90673828125,0.9896676905892209,3581,170,3235.5989337899837,0.7899411459448202,0.8711898044668777,0.9885459221921817,5.9808672125847755,0.5233428729920493
mutation,11,444,42880,1,15,15,94,3715,0.906982421875,0.9899469421949176,3581,170,3237.1277930294154,0.7903144025950721,0.8713668352703675,0.9885459221921817,5.980837445509457,0.5206657652094249
mutation,11,445,42976,0,16,16,95,3715,0.906982421875,0.9899469421949176,3581,170,3237.8330169463025,0.7904865764029059,0.8715566667419388,0.9885459221921817,5.980837445509457,0.521426539809926
mutation,11,446,43072,0,13,13,96,3715,0.906982421875,0.9899469421949176,3581,170,3238.2690181239363,0.7905930220029141,0.8716740291046935,0.9885459221921817,5.980837445509457,0.5363287914088899
mutation,11,447,43168,0,21,21,94,3715,0.906982421875,0.9899469421949176,3581,170,3239.0706341380846,0.7907887290376183,0.8718898073050027,0.9885459221921817,5.980837445509457,0.5252130997377709
mutation,11,448,43264,0,15,15,96,3715,0.906982421875,0.9899469421949176,3581,170,3239.788477693014,0.790963983811771,0.8720830357181734,0.9885459221921817,5.980837445509457,0.5294795268720571
mutation,11,449,43360,0,11,11,94,3715,0.906982421875,0.9899469421949176,3581,170,3240.2856108282235,0.7910853542061093,0.8722168535203831,0.9885459221921817,5.980837445509457,0.5290828528549509
mutation,11,450,43456,0,17,17,92,3715,0.906982421875,0.9899469421949176,3581,170,3241.134068496157,0.7912924971914446,0.8724452405104056,0.9885459221921817,5.980837445509457,0.5279273328929595
mutation,11,451,43552,1,18,18,96,3716,0.9072265625,0.9902261938006144,3581,170,3242.728816836915,0.791681840048075,0.8726396170174691,0.9885459221921817,5.980820223925049,0.5220620874902548
mutation,11,452,43648,0,15,15,94,3716,0.9072265625,0.9902261938006144,3581,170,3243.384392558998,0.7918418927145991,0.872816036748923,0.9885459221921817,5.980820223925049,0.5299812747606207
mutation,11,453,43744,0,15,15,95,3716,0.9072265625,0.9902261938006144,3581,170,3244.27546936718,0.7920594407634717,0.8730558313689936,0.9885459221921817,5.980820223925049,0.5267195809199643
mutation,11,454,43840,1,18,18,95,3717,0.907470703125,0.9905054454063111,3581,170,3246.3105156350834,0.7925562782312215,0.8733684464985427,0.9885459221921817,5.9808225272638555,0.5262214277446482
mutation,11,455,43936,1,14,14,95,3718,0.90771484375,0.9907846970120078,3581,170,3247.668199282234,0.7928877439653892,0.8734987087902728,0.9885459221921817,5.9808183566646225,0.5336356776877408
mutation,11,456,44032,1,20,20,93,3719,0.907958984375,0.9910639486177045,3581,170,3249.2663649722217,0.7932779211357963,0.8736935641226732,0.9885459221921817,5.980807826920568,0.5312736495509005
mutation,11,457,44128,1,13,13,96,3720,0.908203125,0.9913432002234013,3581,170,3250.578706823923,0.7935983170956843,0.8738114803290116,0.9885459221921817,5.980823935796858,0.522962722504321
mutation,11,458,44224,1,14,14,94,3721,0.908447265625,0.991622451829098,3581,170,3251.9878532227585,0.7939423469782125,0.8739553488908246,0.9885459221921817,5.980794854121188,0.5309369942873665
mutation,11,459,44320,2,13,13,96,3723,0.908935546875,0.9921809550404915,3581,170,3254.1446939418292,0.7944689194193919,0.8740651877361884,0.9885459221921817,5.980768206125342,0.5260495942315134
mutation,11,460,44416,0,17,17,95,3723,0.908935546875,0.9921809550404915,3581,170,3255.007906512613,0.7946796646759309,0.8742970471427916,0.9885459221921817,5.980768206125342,0.5310875424407938
mutation,11,461,44512,0,11,11,93,3723,0.908935546875,0.9921809550404915,3581,170,3255.617653866189,0.794828528775925,0.8744608256422748,0.9885459221921817,5.980768206125342,0.5300770838121194
mutation,11,462,44608,0,10,10,96,3723,0.908935546875,0.9921809550404915,3581,170,3256.100889282017,0.7949465061723674,0.8745906229605203,0.9885459221921817,5.980768206125342,0.5228730193345259
mutation,11,463,44704,1,14,14,93,3724,0.9091796875,0.9924602066461882,3581,170,3257.7647546320227,0.7953527232988337,0.8748025656906613,0.9885459221921817,5.980745624636655,0.5236584595106286
mutation,11,464,44800,1,13,13,96,3725,0.909423828125,0.9927394582518849,3581,170,3259.2460123212086,0.7957143584768576,0.8749653724352238,0.9885459221921817,5.9807170113854635,0.51437718418233
mutation,11,465,44896,0,15,15,96,3725,0.909423828125,0.9927394582518849,3581,170,3259.801880226882,0.7958500684147661,0.8751145987186261,0.9885459221921817,5.9807170113854635,0.5228209642881003
mutation,11,466,44992,1,15,15,94,3726,0.90966796875,0.9930187098575817,3581,170,3261.2103965539945,0.7961939444711901,0.8752577553821779,0.9919524382987163,5.9806946636764575,0.5271258055254688
mutation,11,467,45088,0,19,19,96,3726,0.90966796875,0.9930187098575817,3581,170,3261.701081711223,0.7963137406521541,0.8753894475875532,0.9919524382987163,5.9806946636764575,0.5245826361943816
mutation,11,468,45184,0,16,16,94,3726,0.90966796875,0.9930187098575817,3581,170,3262.6537115641504,0.7965463162998414,0.875645118508897,0.9919524382987163,5.9806946636764575,0.5233751855469179
mutation,11,469,45280,0,15,15,96,3726,0.90966796875,0.9930187098575817,3581,170,3263.1754260965263,0.7966736880118472,0.8757851385122185,0.9919524382987163,5.9806946636764575,0.5188523433837573
mutation,11,470,45376,0,15,15,94,3726,0.90966796875,0.9930187098575817,3581,170,3263.997489459578,0.7968743870750923,0.8760057674341326,0.9919524382987163,5.9806946636764575,0.5248486775244036
mutation,11,471,45472,0,16,16,95,3726,0.90966796875,0.9930187098575817,3581,170,3265.1650121158614,0.797159426786099,0.8763191122157438,0.9919524382987163,5.9806946636764575,0.5251333731655043
mutation,11,472,45568,0,12,12,96,3726,0.90966796875,0.9930187098575817,3581,170,3265.7342957236147,0.7972984120418981,0.8764718990133158,0.9919524382987163,5.9806946636764575,0.5333744243974701
mutation,11,473,45664,0,11,11,92,3726,0.90966796875,0.9930187098575817,3581,170,3266.2739174822927,0.7974301556353254,0.8766167250355053,0.9919524382987163,5.9806946636764575,0.5272531476231235
mutation,11,474,45760,0,12,12,95,3726,0.90966796875,0.9930187098575817,3581,170,3266.7376551751595,0.7975433728454979,0.8767411849638109,0.9919524382987163,5.9806946636764575,0.5196133875939936
mutation,11,475,45856,0,14,14,95,3726,0.90966796875,0.9930187098575817,3581,170,3267.7919251372678,0.7978007629729658,0.877024134497388,0.9919524382987163,5.9806946636764575,0.5239951071937322
mutation,11,476,45952,0,14,14,96,3726,0.90966796875,0.9930187098575817,3581,170,3268.602051453691,0.7979985477181862,0.8772415597030839,0.9919524382987163,5.9806946636764575,0.5248953023718178
mutation,11,477,46048,0,15,15,94,3726,0.90966796875,0.9930187098575817,3581,170,3269.3409450467198,0.7981789416617968,0.8774398671622973,0.9919524382987163,5.9806946636764575,0.5218883085450391
mutation,11,478,46144,1,17,17,95,3727,0.909912109375,0.9932979614632784,3581,170,3270.929317170774,0.798566727824896,0.8776306190423327,0.9919524382987163,5.980678675553183,0.5290442776163029
mutation,11,479,46240,0,18,18,96,3727,0.909912109375,0.9932979614632784,3581,170,3271.8261196502813,0.7987856737427445,0.877871242192187,0.9919524382987163,5.980678675553183,0.5295072504501845
mutation,11,480,46336,1,14,14,93,3728,0.91015625,0.9935772130689752,3581,170,3273.3700675487826,0.799162614147652,0.8780499108231713,0.9919524382987163,5.980695615957158,0.5240767908725181
mutation,11,481,46432,1,19,19,96,3729,0.910400390625,0.9935772130689752,3581,171,3274.803520075933,0.7995125781435384,0.8781988522595691,0.9919524382987163,5.980788014186326,0.5319432052219151
mutation,11,482,46528,0,11,11,94,3729,0.910400390625,0.9935772130689752,3581,171,3275.401850550641,0.7996586549195901,0.8783593055914832,0.9919524382987163,5.980788014186326,0.5242808576815873
mutation,11,483,46624,1,14,14,94,3730,0.91064453125,0.9938564646746719,3581,171,3276.5641732752856,0.7999424251160365,0.8784354351944466,0.9919524382987163,5.980864178048732,0.5258880515168964
mutation,11,484,46720,2,11,11,95,3732,0.9111328125,0.9944149678860653,3581,171,3278.7196938023376,0.8004686752447113,0.8785422545022341,0.9919524382987163,5.980839424424213,0.5248561531544256
mutation,11,485,46816,0,8,8,96,3732,0.9111328125,0.9944149678860653,3581,171,3279.1391786142763,0.800571088528876,0.8786546566490558,0.9919524382987163,5.980839424424213,0.5232460334818706
mutation,11,486,46912,2,13,13,96,3734,0.91162109375,0.9946942194917621,3581,172,3281.2890329741786,0.8010959553159616,0.8787597838709638,0.9919524382987163,5.980834761923507,0.5308030110777695
mutation,11,487,47008,0,16,16,95,3734,0.91162109375,0.9946942194917621,3581,172,3281.8175072102267,0.8012249773462468,0.8789013141966328,0.9919524382987163,5.980834761923507,0.5259952377554284
mutation,11,488,47104,0,15,15,94,3734,0.91162109375,0.9946942194917621,3581,172,3282.3991125518696,0.8013669708378588,0.8790570735275495,0.9919524382987163,5.980834761923507,0.5250909074844708
mutation,11,489,47200,0,12,12,94,3734,0.91162109375,0.9946942194917621,3581,172,3282.8696680458206,0.8014818525502492,0.8791830926742958,0.9919524382987163,5.980834761923507,0.5290067452159255
mutation,11,490,47296,0,9,9,96,3734,0.91162109375,0.9946942194917621,3581,172,3283.1495572976974,0.8015501848871331,0.8792580496244503,0.9919524382987163,5.980834761923507,0.5301294830465684
mutation,11,491,47392,0,15,15,96,3734,0.91162109375,0.9946942194917621,3581,172,3284.0276515266373,0.8017645633609954,0.8794932114425916,0.9919524382987163,5.980834761923507,0.5231473100867337
mutation,11,492,47488,1,10,10,95,3735,0.911865234375,0.9949734710974588,3581,172,3285.202746614851,0.8020514518102664,0.8795723551846991,0.9919524382987163,5.9808133685422575,0.5257060413248429
mutation,11,493,47584,0,13,13,94,3735,0.911865234375,0.9949734710974588,3581,172,3285.75201541696,0.8021855506389063,0.8797194151049424,0.9919524382987163,5.9808133685422575,0.5289504443488897
mutation,11,494,47680,0,15,15,91,3735,0.911865234375,0.9949734710974588,3581,172,3286.4414255187316,0.8023538636520341,0.8799039961228197,0.9919524382987163,5.9808133685422575,0.5278163344748059
mutation,11,495,47776,0,13,13,95,3735,0.911865234375,0.9949734710974588,3581,172,3286.8004566795225,0.8024415177440241,0.8800001222702871,0.9919524382987163,5.9808133685422575,0.5266202745941235
mutation,11,496,47872,1,14,14,96,3736,0.912109375,0.9949734710974588,3581,173,3287.9142191176047,0.802713432401759,0.8800626924832989,0.9919524382987163,5.981044621587179,0.5209073470505995
mutation,11,497,47968,0,23,23,95,3736,0.912109375,0.9949734710974588,3581,173,3288.8226996256735,0.8029352294007992,0.8803058617841738,0.9919524382987163,5.981044621587179,0.5225336161362666
mutation,11,498,48064,1,20,20,94,3737,0.912353515625,0.9952527227031556,3581,173,3290.877140924844,0.8034368019836045,0.8806200537663483,0.9919524382987163,5.981017262048097,0.5252010566026315
mutation,11,499,48160,0,8,8,95,3737,0.912353515625,0.9952527227031556,3581,173,3291.2048413622115,0.8035168069731962,0.8807077445443434,0.9919524382987163,5.981017262048097,0.5255674516169625
mutation,11,500,48256,0,13,13,96,3737,0.912353515625,0.9952527227031556,3581,173,3292.1390286164747,0.803744880033319,0.8809577277539402,0.9919524382987163,5.981017262048097,0.5261897541745648
mutation,23,0,256,176,204,176,0,176,0.04296875,0.04607651493996091,3581,11,76.12591333754266,0.0185854280609235,0.4325335985087651,0.9129169364725676,4.228713134046978,0.3962144265197285
mutation,23,1,352,58,76,73,76,234,0.05712890625,0.06143535325328121,3581,14,107.50272374058413,0.026245782163228547,0.4594133493187356,0.9129169364725676,4.381933586638737,0.41119499856990116
mutation,23,2,448,58,70,69,74,292,0.0712890625,0.07651493996090478,3581,18,137.97582407539943,0.033685503924658064,0.4725199454636967,0.9129169364725676,4.482203560897832,0.42096503267387597
mutation,23,3,544,51,67,65,85,343,0.083740234375,0.09047752024574142,3581,19,169.378730714845,0.041352229178428956,0.4938155414426968,0.9200799774356381,4.547643679531207,0.41674320943002263
mutation,23,4,640,42,66,65,80,385,0.093994140625,0.10108908126221726,3581,23,196.36287314461555,0.047940154576322155,0.5100334367392612,0.9200799774356381,4.645313950630615,0.4283262449550331
mutation,23,5,736,42,70,69,84,427,0.104248046875,0.11197989388438984,3581,26,224.33276322829158,0.054768741022532125,0.5253694689187156,0.9200799774356381,4.747855486920926,0.433802082996841
mutation,23,6,832,41,63,61,84,468,0.1142578125,0.12259145490086568,3581,29,252.94365271791028,0.061753821464333565,0.5404778904228852,0.9381189936461447,4.84704433303265,0.4366063402858219
mutation,23,7,928,40,61,61,85,508,0.1240234375,0.1329237643116448,3581,32,278.168404396684,0.06791220810465919,0.5475755992060709,0.9381189936461447,4.883090152578923,0.4364042748125396
mutation,23,8,1024,43,65,65,85,551,0.134521484375,0.1440938285395141,3581,35,305.6711689350782,0.07462675022829057,0.5547571124048606,0.9381189936461447,4.950160837690275,0.44414195162182357
mutation,23,9,1120,43,63,62,86,594,0.14501953125,0.15582239597877687,3581,36,332.2141086476717,0.08110696011906048,0.5592830111913665,0.9381189936461447,5.024322475114737,0.4506398056904479
mutation,23,10,1216,40,59,59,94,634,0.15478515625,0.16643395699525274,3581,38,359.9367249986044,0.0878751770016124,0.5677235410072625,0.9381189936461447,5.053708434619019,0.45326578553890956
mutation,23,11,1312,35,58,58,89,669,0.163330078125,0.17537000837754818,3581,41,385.1403301304557,0.09402840091075579,0.5756955607331177,0.9381189936461447,5.104090444313568,0.4651636136750126
mutation,23,12,1408,45,67,67,88,714,0.17431640625,0.18709857581681094,3581,44,416.57658300423026,0.10170326733501715,0.5834405924428995,0.9381189936461447,5.174894362370466,0.4705013728095692
mutation,23,13,1504,47,70,70,88,761,0.185791015625,0.19882714325607373,3581,49,449.51138710874545,0.10974399099334606,0.5906851341770637,0.9381189936461447,5.2351390894853695,0.48134510608254444
mutation,23,14,1600,32,62,61,91,793,0.193603515625,0.2072046914269757,3581,51,475.51711460035426,0.11609304555672711,0.5996432718793875,0.9381189936461447,5.274005235243963,0.47458313245220834
mutation,23,15,1696,35,62,62,89,828,0.2021484375,0.21614074280927115,3581,54,499.2386312275846,0.12188443145204703,0.6029452067965998,0.9381189936461447,5.314800664331713,0.48225333428779515
mutation,23,16,1792,38,58,57,92,866,0.21142578125,0.22619380061435354,3581,56,524.9954676441382,0.12817272159280718,0.6062303321525846,0.9381189936461447,5.357094966683135,0.48694589068817346
mutation,23,17,1888,33,48,48,91,899,0.219482421875,0.2342920971795588,3581,60,545.6152315125494,0.1332068436309935,0.606913494452224,0.9381189936461447,5.37784759559119,0.48455724232424113
mutation,23,18,1984,40,67,67,89,939,0.229248046875,0.24434515498464116,3581,64,573.7219208211695,0.14006882832548084,0.6109924609384128,0.9381189936461447,5.39641590380937,0.484695582248024
mutation,23,19,2080,31,52,51,92,970,0.23681640625,0.2530019547612399,3581,64,593.8841400303692,0.14499124512460185,0.6122516907529579,0.9381189936461447,5.414941896590598,0.49373485224860825
mutation,23,20,2176,28,54,54,92,998,0.24365234375,0.26054174811505165,3581,65,617.6665141880386,0.1507974888154391,0.618904322833706,0.9381189936461447,5.437979860908617,0.4963450267372207
mutation,23,21,2272,35,61,61,95,1033,0.252197265625,0.27003630270874057,3581,66,645.5172309027735,0.15759698020087243,0.6248956736716104,0.9420841710363447,5.470368058703868,0.5004605110670952
mutation,23,22,2368,36,58,58,93,1069,0.260986328125,0.27925160569673274,3581,69,674.1684668905225,0.16459191086194397,0.6306533834336038,0.9420841710363447,5.496000718246064,0.5059527396484633
mutation,23,23,2464,34,59,57,96,1103,0.269287109375,0.2881876570790282,3581,71,703.0410780503978,0.1716408881958979,0.6373899166368067,0.9793839260742256,5.521125050882967,0.49997206475806255
mutation,23,24,2560,35,56,56,94,1138,0.27783203125,0.29712370846132363,3581,74,729.5088281104177,0.17810274123789493,0.6410446644204022,0.9793839260742256,5.521525864707443,0.5099466367586128
mutation,23,25,2656,32,53,53,91,1170,0.28564453125,0.30550125663222566,3581,76,755.3760361064141,0.1844179775650425,0.6456205436806958,0.9793839260742256,5.535517244029765,0.49642281963565427
mutation,23,26,2752,31,55,54,93,1201,0.293212890625,0.3135995531974309,3581,78,780.2183897164136,0.1904830053018588,0.6496406242434751,0.9793839260742256,5.550696496059837,0.49576100661151734
mutation,23,27,2848,29,49,48,93,1230,0.30029296875,0.3205808433398492,3581,82,802.1511846604722,0.19583769156749808,0.6521554346833107,0.9793839260742256,5.562040137382592,0.5039752239880544
mutation,23,28,2944,25,52,52,92,1255,0.306396484375,0.3272828818765708,3581,83,822.42454780207,0.20078724311573976,0.6553183647825259,0.9793839260742256,5.570346910346821,0.49722684357778785
mutation,23,29,3040,30,51,50,92,1285,0.313720703125,0.33538117844177606,3581,84,846.9919813402171,0.20678515169438894,0.6591377286694297,0.9793839260742256,5.585294121699681,0.5082843291976655
mutation,23,30,3136,26,52,52,93,1311,0.320068359375,0.34236246858419433,3581,85,867.7679945540046,0.2118574205454113,0.6619130393241835,0.9793839260742256,5.60130050004891,0.5012365613184797
mutation,23,31,3232,26,50,50,93,1337,0.326416015625,0.3496230103323094,3581,85,888.6120974708042,0.21694631285908306,0.6646313369265551,0.9793839260742256,5.6165774058380125,0.501962922465311
mutation,23,32,3328,37,53,52,89,1374,0.33544921875,0.35995531974308853,3581,85,915.6620363444807,0.22355030184191424,0.666420696029462,0.9793839260742256,5.628550348449688,0.5148298393999496
mutation,23,33,3424,25,52,52,94,1399,0.341552734375,0.3666573582798101,3581,86,936.8462196839223,0.2287222216025201,0.6696541956282503,0.9793839260742256,5.639860700997387,0.5156084763565505
mutation,23,34,3520,28,54,53,95,1427,0.348388671875,0.37447640323931863,3581,86,958.4321297283825,0.23399221917196839,0.6716412962357271,0.9793839260742256,5.645458376910367,0.5168066273379675
mutation,23,35,3616,36,58,58,93,1463,0.357177734375,0.38425020943870425,3581,87,986.1536345369155,0.24076016468186415,0.6740626346800517,0.9793839260742256,5.662401506296239,0.5092291521151753
mutation,23,36,3712,19,45,45,91,1482,0.36181640625,0.3892767383412455,3581,88,1001.7693153210741,0.24457258674830912,0.675957702645799,0.9793839260742256,5.669453553113225,0.5168523727373098
mutation,23,37,3808,27,48,47,90,1509,0.368408203125,0.39681653169505726,3581,88,1024.2238472131312,0.25005465019851836,0.6787434375169855,0.9793839260742256,5.67813994387674,0.5158983381824759
mutation,23,38,3904,23,45,45,96,1532,0.3740234375,0.4032393186260821,3581,88,1042.5651079110078,0.2545324970485859,0.6805255273570546,0.9793839260742256,5.690882225814446,0.5197182150358706
mutation,23,39,4000,25,47,47,95,1557,0.380126953125,0.40994135716280367,3581,89,1062.9343896345208,0.25950546621936543,0.6826810466503024,0.9793839260742256,5.694042011400649,0.5165711595322121
mutation,23,40,4096,31,42,42,89,1588,0.3876953125,0.41803965372800894,3581,91,1086.4128810722887,0.2652375197930392,0.6841390938742372,0.9793839260742256,5.704846800826804,0.5266916296973027
mutation,23,41,4192,33,58,58,91,1621,0.395751953125,0.4264172018989109,3581,94,1111.596520295811,0.27138586921284447,0.6857473906821783,0.9793839260742256,5.713440775071183,0.5162079511013784
mutation,23,42,4288,31,60,58,94,1652,0.4033203125,0.43507400167550964,3581,94,1135.7832142825723,0.27729082379945613,0.6875201054979251,0.9793839260742256,5.726714932641873,0.5192061664497413
mutation,23,43,4384,32,55,55,95,1684,0.4111328125,0.4434515498464116,3581,96,1159.3831417723807,0.2830525248467726,0.688469799152245,0.9793839260742256,5.736462211675734,0.5147165226942814
mutation,23,44,4480,26,50,50,94,1710,0.41748046875,0.4507120915945267,3581,96,1180.663550659095,0.28824793717263064,0.690446520853272,0.9793839260742256,5.7441665906435,0.5277973279939716
mutation,23,45,4576,27,50,50,95,1737,0.424072265625,0.4579726333426417,3581,97,1202.4183170926926,0.29355915944645816,0.6922385245208363,0.9793839260742256,5.75336428002989,0.5230819500524002
mutation,23,46,4672,21,45,45,92,1758,0.42919921875,0.4635576654565764,3581,98,1221.0435857741727,0.29810634418314763,0.6945640419648309,0.9793839260742256,5.758608148797265,0.5289328045361028
mutation,23,47,4768,27,50,50,92,1785,0.435791015625,0.470259703993298,3581,101,1242.4978563892546,0.30334420322003286,0.6960772304701707,0.9793839260742256,5.7630683331671175,0.5214061343683727
mutation,23,48,4864,29,47,47,94,1814,0.44287109375,0.4783580005585032,3581,101,1265.9020976566067,0.309058129310695,0.6978512114975781,0.9793839260742256,5.774397885856709,0.5239575555769381
mutation,23,49,4960,20,47,46,93,1834,0.44775390625,0.4839430326724379,3581,101,1284.2817549445094,0.3135453503282494,0.7002626799043127,0.9793839260742256,5.782069449563647,0.5186233458924425
mutation,23,50,5056,25,49,49,91,1859,0.453857421875,0.4909243228148562,3581,101,1305.8125841962324,0.3188019004385333,0.7024274256031373,0.9793839260742256,5.7873032686261325,0.5208339466340073
mutation,23,51,5152,25,45,45,95,1884,0.4599609375,0.49734710974588103,3581,103,1326.1517840234483,0.3237675253963497,0.70390222081924,0.9793839260742256,5.790707806895632,0.5208418400326135
mutation,23,52,5248,23,46,46,92,1907,0.465576171875,0.5034906450712091,3581,104,1347.274873468144,0.3289245296553086,0.7064891837798343,0.9793839260742256,5.793906381788415,0.5307378319175455
mutation,23,53,5344,20,37,37,93,1927,0.470458984375,0.5090756771851438,3581,104,1364.2274146366035,0.3330633336515145,0.707954029391076,0.9793839260742256,5.798328054078517,0.5187194752678763
mutation,23,54,5440,23,43,43,95,1950,0.47607421875,0.5154984641161686,3581,104,1383.168182693135,0.33768754460281614,0.7093170167657102,0.9793839260742256,5.805667329167631,0.5221550707647821
mutation,23,55,5536,21,47,47,93,1971,0.481201171875,0.5213627478358001,3581,104,1401.823780610132,0.3422421339380205,0.7112246476966677,0.9793839260742256,5.8137196662400825,0.5218709772973704
mutation,23,56,5632,22,44,44,93,1993,0.486572265625,0.5275062831611281,3581,104,1419.9431372803367,0.3466658050000822,0.7124651968290701,0.9793839260742256,5.820530903876948,0.5201823461209545
mutation,23,57,5728,30,53,52,95,2023,0.493896484375,0.5358838313320302,3581,104,1443.4557838963,0.35240619724030764,0.7135223845261,0.9793839260742256,5.829300757555802,0.5265395300605884
mutation,23,58,5824,23,43,42,96,2046,0.49951171875,0.542306618263055,3581,104,1462.6833459846641,0.35710042626578714,0.714898996082436,0.9793839260742256,5.831658472530922,0.5304647419912707
mutation,23,59,5920,22,49,49,94,2068,0.5048828125,0.5481709019826864,3581,105,1481.699043561981,0.36174293055712425,0.7164888992079211,0.9793839260742256,5.839170154547118,0.5249845087231153
mutation,23,60,6016,20,46,46,95,2088,0.509765625,0.5531974308852275,3581,107,1499.838037599398,0.3661713958982905,0.7183132363981791,0.9793839260742256,5.8438702289250415,0.5230335864943604
mutation,23,61,6112,22,47,47,92,2110,0.51513671875,0.5593409662105557,3581,107,1518.8679800613716,0.3708173779446708,0.7198426445788491,0.9793839260742256,5.84758117286107,0.5251797265606639
mutation,23,62,6208,21,47,46,90,2131,0.520263671875,0.5652052499301871,3581,107,1537.2692016792553,0.37530986369122443,0.7213839519846341,0.9793839260742256,5.852215545014216,0.531557997485236
mutation,23,63,6304,22,50,50,95,2153,0.525634765625,0.5713487852555152,3581,107,1556.1128901557074,0.37991037357317076,0.7227649280797527,0.9793839260742256,5.857393768498019,0.5233115748710834
mutation,23,64,6400,21,47,47,94,2174,0.53076171875,0.5772130689751466,3581,107,1574.2044610272278,0.38432726099297554,0.7241050878690101,0.9793839260742256,5.858552609267429,0.5215925467354874
mutation,23,65,6496,18,46,45,95,2192,0.53515625,0.5822395978776878,3581,107,1590.1834847815435,0.388228389839244,0.7254486700645728,0.9793839260742256,5.864090446075114,0.5272733247241159
mutation,23,66,6592,19,42,41,93,2211,0.539794921875,0.5872661267802289,3581,108,1607.239157389094,0.3923923724094468,0.7269286103071434,0.9793839260742256,5.86698999760429,0.5305346351477632
mutation,23,67,6688,12,37,36,94,2223,0.542724609375,0.5906171460485897,3581,108,1617.804777689879,0.39497186955319313,0.7277574348582452,0.9793839260742256,5.870463805673149,0.5300647181505005
mutation,23,68,6784,17,39,39,95,2240,0.546875,0.5953644233454343,3581,108,1631.7495161551667,0.39837634671757,0.7284596054264137,0.9793839260742256,5.873907087432043,0.5302694838754403
mutation,23,69,6880,21,50,50,95,2261,0.552001953125,0.6006702038536722,3581,110,1650.9889867384845,0.4030734830904503,0.7302030016534651,0.9793839260742256,5.876835401812233,0.5308467928930682
mutation,23,70,6976,23,47,47,96,2284,0.5576171875,0.607092990784697,3581,110,1670.0237650840904,0.407720645772483,0.7311837850630869,0.9793839260742256,5.879078116547589,0.5289168889181544
mutation,23,71,7072,23,53,53,96,2307,0.563232421875,0.6135157777157219,3581,110,1691.2899670544875,0.412912589612912,0.7331122527327645,0.9793839260742256,5.884748330961849,0.5205525253384043
mutation,23,72,7168,20,46,46,93,2327,0.568115234375,0.6191008098296565,3581,110,1708.6985256561888,0.4171627259902805,0.7342924476391014,0.9793839260742256,5.88947327036013,0.527869388234155
mutation,23,73,7264,16,49,49,93,2343,0.572021484375,0.6232895839151075,3581,111,1724.014963412937,0.4209020906769866,0.7358151785799988,0.9793839260742256,5.890804014373144,0.5305284229023797
mutation,23,74,7360,19,42,42,94,2362,0.57666015625,0.6285953644233454,3581,111,1740.1722201350653,0.42484673343141244,0.7367367570427881,0.9793839260742256,5.892486773425641,0.5283289892123886
mutation,23,75,7456,17,40,39,95,2379,0.580810546875,0.6333426417201898,3581,111,1756.2015092476352,0.4287601340936609,0.7382099660561728,0.9793839260742256,5.896387132992808,0.5289421712447867
mutation,23,76,7552,18,40,40,95,2397,0.585205078125,0.6383691706227311,3581,111,1770.3734326555605,0.43222007633192394,0.7385788204653986,0.9793839260742256,5.8984494570909,0.5317324288154588
mutation,23,77,7648,17,40,40,95,2414,0.58935546875,0.6428371963138788,3581,112,1785.7686521573573,0.4359786748431048,0.7397550340337022,0.9793839260742256,5.901329645819781,0.5305224751461255
mutation,23,78,7744,20,38,38,95,2434,0.59423828125,0.64786372521642,3581,114,1802.7852511830329,0.44013311796460763,0.7406677285057653,0.9793839260742256,5.903140904466444,0.525045581765317
mutation,23,79,7840,17,40,40,93,2451,0.598388671875,0.6526110025132644,3581,114,1818.5160436086849,0.4439736434591516,0.7419486102034618,0.9793839260742256,5.905869206945386,0.5332588888143088
mutation,23,80,7936,25,51,51,93,2476,0.6044921875,0.6595922926556828,3581,114,1839.5244781478207,0.4491026557978078,0.7429420347931425,0.9793839260742256,5.909248110021959,0.5311037393326916
mutation,23,81,8032,13,41,41,95,2489,0.607666015625,0.6629433119240435,3581,115,1851.7883557116165,0.4520967665311564,0.7439888934156755,0.9793839260742256,5.910055086506932,0.5292352892445292
mutation,23,82,8128,14,36,36,95,2503,0.611083984375,0.6665735827981011,3581,116,1865.9086794222453,0.4555441111870716,0.7454689090780046,0.9793839260742256,5.910756081129108,0.534482583899454
mutation,23,83,8224,16,35,35,92,2519,0.614990234375,0.6707623568835521,3581,117,1879.9241757966402,0.4589658632316016,0.7462978069855658,0.9793839260742256,5.91269997396471,0.5381352124429171
mutation,23,84,8320,14,35,35,92,2533,0.618408203125,0.6746718793633063,3581,117,1891.6386778944857,0.4618258490953334,0.7467977409768992,0.9793839260742256,5.915335147345645,0.528691734240592
mutation,23,85,8416,15,33,33,95,2548,0.6220703125,0.6785814018430606,3581,118,1904.2955764216345,0.4649159122123131,0.7473687505579413,0.9793839260742256,5.917644193340201,0.526433639218777
mutation,23,86,8512,11,34,34,93,2559,0.624755859375,0.6813739179000279,3581,119,1915.3669858451476,0.4676188930286005,0.7484826048632855,0.9793839260742256,5.919246502678097,0.532011143514603
mutation,23,87,8608,14,29,29,94,2573,0.628173828125,0.6847249371683887,3581,121,1926.9770547920848,0.47045338251759883,0.7489222910190769,0.9793839260742256,5.920572400688002,0.5360329645194808
mutation,23,88,8704,14,40,40,92,2587,0.631591796875,0.6883552080424462,3581,122,1940.1049065836496,0.47365842445889883,0.7499439144119249,0.9793839260742256,5.9226694899645995,0.5226863010581225
mutation,23,89,8800,16,43,43,91,2603,0.635498046875,0.6925439821278973,3581,123,1954.002242876471,0.4770513288272634,0.7506731628415179,0.9793839260742256,5.924553442977809,0.530581432700556
mutation,23,90,8896,10,28,28,96,2613,0.637939453125,0.6953364981848645,3581,123,1962.9522427864317,0.4792363873990312,0.7512255043193385,0.9793839260742256,5.9261108399584685,0.520256027284125
mutation,23,91,8992,15,38,38,92,2628,0.6416015625,0.6995252722703156,3581,123,1975.9666110826665,0.48241372340885413,0.7518898824515474,0.9793839260742256,5.927482512750406,0.5279727826845076
mutation,23,92,9088,16,43,43,94,2644,0.6455078125,0.7039932979614633,3581,123,1989.5038354219282,0.4857187098198067,0.752459846982575,0.9793839260742256,5.928269592087014,0.5276534333096914
mutation,23,93,9184,20,46,45,95,2664,0.650390625,0.7090198268640044,3581,125,2007.4486622398288,0.4900997710546457,0.7535467951350708,0.9793839260742256,5.930551695499464,0.5259299484161988
mutation,23,94,9280,16,30,29,94,2680,0.654296875,0.7134878525551522,3581,125,2020.5212933896205,0.4932913313939503,0.7539258557423957,0.9793839260742256,5.931584795192379,0.5350284440991063
mutation,23,95,9376,13,34,34,95,2693,0.657470703125,0.7171181234292097,3581,125,2032.7074551301512,0.49626646853763456,0.7548115317973083,0.9793839260742256,5.932330550370567,0.5276358376675833
mutation,23,96,9472,12,38,38,92,2705,0.660400390625,0.7201898910918738,3581,126,2043.7032559308964,0.498950990217504,0.7555280058894257,0.9793839260742256,5.933227779041507,0.5328837331306684
mutation,23,97,9568,15,35,35,95,2720,0.6640625,0.7243786651773247,3581,126,2056.507088451369,0.5020769258914475,0.7560687825188857,0.9793839260742256,5.935293227829688,0.5274114700476424
mutation,23,98,9664,14,47,47,95,2734,0.66748046875,0.728288187657079,3581,126,2069.3507453635248,0.5052125843172668,0.7568949324665416,0.9793839260742256,5.936378999610909,0.5364108833444914
mutation,23,99,9760,14,41,41,94,2748,0.6708984375,0.7321977101368333,3581,126,2081.741437152986,0.5082376555549282,0.7575478301138958,0.9793839260742256,5.938347953850867,0.5374780522296321
mutation,23,100,9856,11,33,33,96,2759,0.673583984375,0.7352694777994974,3581,126,2092.457571403912,0.5108538992685332,0.7584115880405625,0.9793839260742256,5.939374871132156,0.5259625963962565
mutation,23,101,9952,9,32,32,96,2768,0.67578125,0.7377827422507679,3581,126,2101.187625380977,0.5129852601027776,0.7590995756434165,0.9793839260742256,5.940237745082663,0.5276191000828615
mutation,23,102,10048,11,37,37,94,2779,0.678466796875,0.7402960067020385,3581,128,2111.1832406264807,0.5154255958560744,0.7596917022765314,0.9793839260742256,5.94229553811045,0.5285822996772447
mutation,23,103,10144,12,44,44,94,2791,0.681396484375,0.7436470259703993,3581,128,2123.6111253083263,0.5184597473897281,0.7608782247611345,0.9793839260742256,5.943354921341291,0.5333081718900338
mutation,23,104,10240,12,33,33,94,2803,0.684326171875,0.7469980452387601,3581,128,2134.467270518827,0.5211101734665105,0.7614938531997242,0.9793839260742256,5.944711493601083,0.5333067280547963
mutation,23,105,10336,10,33,33,95,2813,0.686767578125,0.7495113096900308,3581,129,2144.686877550997,0.5236051947145989,0.7624197929438311,0.9793839260742256,5.946402940793695,0.5249910611573994
mutation,23,106,10432,4,27,27,95,2817,0.687744140625,0.7506283161128177,3581,129,2150.1738149337407,0.5249447790365578,0.7632849893268515,0.9793839260742256,5.947239339072318,0.5292834910727432
mutation,23,107,10528,10,39,39,94,2827,0.690185546875,0.7528623289583916,3581,131,2161.009112123476,0.5275901152645205,0.7644177970015833,0.9793839260742256,5.94813622607737,0.531203879647712
mutation,23,108,10624,7,29,29,94,2834,0.69189453125,0.7548170901982686,3581,131,2168.9443844296384,0.5295274376048922,0.7653297051621871,0.9793839260742256,5.948366705160755,0.5308558206623871
mutation,23,109,10720,9,37,37,95,2843,0.694091796875,0.7573303546495392,3581,131,2178.5393348423,0.5318699547954834,0.7662818624137531,0.9793839260742256,5.949234930221849,0.5333568835313145
mutation,23,110,10816,5,35,35,92,2848,0.6953125,0.7587266126780229,3581,131,2185.048098852425,0.5334590085088928,0.7672219448217784,0.9903996323936398,5.94939587857871,0.5327488059986993
mutation,23,111,10912,7,29,29,94,2855,0.697021484375,0.7604021223122033,3581,132,2191.7912932940594,0.53510529621437,0.7677027297001959,0.9903996323936398,5.949925558052488,0.5329988478012582
mutation,23,112,11008,10,29,29,96,2865,0.699462890625,0.7631946383691707,3581,132,2200.962432655151,0.537344343909949,0.7682242347836479,0.9903996323936398,5.950827463201449,0.52777837557446
mutation,23,113,11104,8,32,32,96,2873,0.701416015625,0.7654286512147445,3581,132,2210.2372069203843,0.539608693095797,0.7693133334216444,0.9903996323936398,5.951725838640623,0.534025802109115
mutation,23,114,11200,11,36,36,93,2884,0.7041015625,0.7685004188774085,3581,132,2221.187855272552,0.5422821912286504,0.7701760940612178,0.9903996323936398,5.952606795775377,0.528602693322853
mutation,23,115,11296,14,41,41,94,2898,0.70751953125,0.7724099413571628,3581,132,2233.086229817507,0.5451870678265398,0.7705611559066622,0.9903996323936398,5.95352387542817,0.5234702647359974
mutation,23,116,11392,9,29,29,94,2907,0.709716796875,0.7749232058084334,3581,132,2241.558485706406,0.5472554896744155,0.7710899503634008,0.9903996323936398,5.953903753144312,0.5273619405562681
mutation,23,117,11488,9,36,35,96,2916,0.7119140625,0.777436470259704,3581,132,2250.8255102195753,0.549517946830951,0.771888035054724,0.9903996323936398,5.953846383413363,0.5360810695031648
mutation,23,118,11584,15,37,36,96,2931,0.715576171875,0.781625244345155,3581,132,2263.1002431640954,0.5525147078037342,0.7721256373811312,0.9903996323936398,5.955028650087833,0.5273315689593021
mutation,23,119,11680,11,31,31,95,2942,0.71826171875,0.7844177604021223,3581,133,2273.275368431833,0.554998869246053,0.7726972700312146,0.9903996323936398,5.9558866742582826,0.5229687794214123
mutation,23,120,11776,11,38,38,92,2953,0.720947265625,0.7872102764590896,3581,134,2283.0910762202666,0.5573952822803385,0.7731429313309403,0.9903996323936398,5.956502221890164,0.5376567098976465
mutation,23,121,11872,8,38,38,93,2961,0.722900390625,0.7894442893046635,3581,134,2291.6661096837856,0.559488796309518,0.7739500539290056,0.9903996323936398,5.956880001382578,0.5329409621378912
mutation,23,122,11968,10,37,37,95,2971,0.725341796875,0.7922368053616309,3581,134,2303.4108954873336,0.5623561756560873,0.7752981809112534,0.9903996323936398,5.9578975194331,0.5295325108054635
mutation,23,123,12064,12,28,28,96,2983,0.728271484375,0.7955878246299917,3581,134,2313.4335546292814,0.5648031139231644,0.7755392405730075,0.9903996323936398,5.958379985411412,0.5325608185777791
mutation,23,124,12160,5,29,29,96,2988,0.7294921875,0.7969840826584753,3581,134,2319.8098946536484,0.5663598375619259,0.7763754667515557,0.9903996323936398,5.958582213552764,0.5265843558552095
mutation,23,125,12256,13,42,42,95,3001,0.732666015625,0.8006143535325329,3581,134,2331.5336611278135,0.5692220852362826,0.7769189140712475,0.9903996323936398,5.9591033766007495,0.5345881303376299
mutation,23,126,12352,12,40,40,95,3013,0.735595703125,0.8039653728008936,3581,134,2343.4110591757694,0.5721218406190843,0.7777666973699865,0.9903996323936398,5.960037900552049,0.5307806163905786
mutation,23,127,12448,12,35,35,96,3025,0.738525390625,0.8070371404635577,3581,135,2354.46601009359,0.5748208032455053,0.778335871105319,0.9903996323936398,5.961086030185194,0.5277244924764255
mutation,23,128,12544,7,33,33,95,3032,0.740234375,0.8089919017034348,3581,135,2362.008744159926,0.5766622910546695,0.7790266306596063,0.9903996323936398,5.961582897533447,0.5280777319959717
mutation,23,129,12640,8,29,29,95,3040,0.7421875,0.810946662943312,3581,136,2369.333632491657,0.5784505938700335,0.7793860633196241,0.9903996323936398,5.961825033116751,0.5236390438273932
mutation,23,130,12736,6,22,22,94,3046,0.74365234375,0.8126221725774924,3581,136,2374.8676939316856,0.5798016830887904,0.7796676605159835,0.9903996323936398,5.962382402278388,0.5281203734819576
mutation,23,131,12832,9,40,39,95,3055,0.745849609375,0.8151354370287629,3581,136,2384.5103468216516,0.5821558463920048,0.7805271184358925,0.9903996323936398,5.962699773375303,0.53031388748551
mutation,23,132,12928,9,38,38,96,3064,0.748046875,0.8173694498743368,3581,137,2394.2732367054123,0.5845393644300323,0.7814207691597298,0.9903996323936398,5.962959549801574,0.5320125371324934
mutation,23,133,13024,8,29,29,95,3072,0.75,0.8193242111142139,3581,138,2402.179208931307,0.5864695334304949,0.7819593779073265,0.9903996323936398,5.963126074277564,0.5340012747206442
mutation,23,134,13120,10,41,41,94,3082,0.75244140625,0.8218374755654845,3581,139,2412.5601520868795,0.5890039433805858,0.7827904451936663,0.9903996323936398,5.963113496855328,0.5326501674122394
mutation,23,135,13216,6,34,34,95,3088,0.75390625,0.8235129851996649,3581,139,2419.7174314761405,0.5907513260439796,0.7835872511256932,0.9903996323936398,5.963231414345149,0.529300574453793
mutation,23,136,13312,10,42,42,94,3098,0.75634765625,0.8257469980452388,3581,141,2429.3832287212963,0.5931111398245352,0.7841779305104248,0.9903996323936398,5.963893736598882,0.5270800384884113
mutation,23,137,13408,6,34,34,95,3104,0.7578125,0.8274225076794192,3581,141,2436.82507529423,0.5949279968980054,0.7850596247726256,0.9903996323936398,5.964075164110104,0.5337024381964721
mutation,23,138,13504,4,19,19,95,3108,0.7587890625,0.828539514102206,3581,141,2441.0844819827953,0.5959678911090809,0.7854197174976819,0.9903996323936398,5.964307345535085,0.5365862843533903
mutation,23,139,13600,10,40,40,93,3118,0.76123046875,0.8310527785534767,3581,142,2451.550148361265,0.598522985439762,0.7862572637463968,0.9903996323936398,5.965074998625644,0.5278214712949589
mutation,23,140,13696,6,25,25,96,3124,0.7626953125,0.8327282881876571,3581,142,2456.8685712880642,0.5998214285371251,0.7864496066863201,0.9903996323936398,5.965571470676158,0.5309800111831835
mutation,23,141,13792,7,28,28,94,3131,0.764404296875,0.8346830494275342,3581,142,2464.079130577672,0.6015818189886895,0.7869942927427889,0.9903996323936398,5.966201367854307,0.5260334744057618
mutation,23,142,13888,8,29,29,94,3139,0.766357421875,0.836917062273108,3581,142,2472.080263154282,0.6035352204966509,0.7875375161370761,0.9903996323936398,5.966359542017647,0.5322607508840109
mutation,23,143,13984,9,25,25,93,3148,0.7685546875,0.8391510751186819,3581,143,2479.840165680407,0.6054297279493182,0.7877510056163937,0.9903996323936398,5.966573554325926,0.5190014201600219
mutation,23,144,14080,7,36,35,94,3155,0.770263671875,0.8411058363585591,3581,143,2487.9122065320253,0.6074004410478577,0.7885617136393107,0.9903996323936398,5.966586874690094,0.5282490383614792
mutation,23,145,14176,9,38,38,96,3164,0.7724609375,0.843339849204133,3581,144,2497.009194358083,0.6096213853413288,0.7891938035265749,0.9903996323936398,5.966676611998918,0.5348273724384423
mutation,23,146,14272,11,34,34,93,3175,0.775146484375,0.846411616866797,3581,144,2507.063598834835,0.6120760739342859,0.7896263303416803,0.9903996323936398,5.967334671215152,0.5312630507427396
mutation,23,147,14368,9,33,33,95,3184,0.77734375,0.8489248813180675,3581,144,2516.5368228900143,0.6143888727758824,0.7903696051790245,0.9903996323936398,5.967888338051727,0.5327367226617536
mutation,23,148,14464,7,34,34,94,3191,0.779052734375,0.8508796425579447,3581,144,2523.9044410068473,0.6161876076676873,0.7909446696981659,0.9903996323936398,5.968211034534781,0.5348502850822678
mutation,23,149,14560,10,34,34,96,3201,0.781494140625,0.8536721586149121,3581,144,2534.1220390381927,0.6186821384370588,0.791665741655168,0.9903996323936398,5.968726355040719,0.5235798680030499
mutation,23,150,14656,8,35,35,93,3209,0.783447265625,0.8559061714604859,3581,144,2542.4269238612687,0.6207096982083176,0.7922801258526858,0.9903996323936398,5.9692167409553125,0.5286789912708985
mutation,23,151,14752,8,24,24,94,3217,0.785400390625,0.8581401843060598,3581,144,2550.1010507300766,0.6225832643383976,0.792695384124985,0.9903996323936398,5.969643523854705,0.5337908151633073
mutation,23,152,14848,3,28,28,96,3220,0.7861328125,0.8589779391231499,3581,144,2554.472213058539,0.6236504426412449,0.7933143518815339,0.9903996323936398,5.969825731891575,0.539339178694648
mutation,23,153,14944,5,22,22,95,3225,0.787353515625,0.8603741971516337,3581,144,2558.8929751960386,0.6247297302724704,0.7934551861072988,0.9903996323936398,5.97001996544409,0.5345791655684028
mutation,23,154,15040,4,24,24,96,3229,0.788330078125,0.8614912035744205,3581,144,2564.768938154865,0.626164291541715,0.7942920217264988,0.9903996323936398,5.970118330608411,0.5358776376506086
mutation,23,155,15136,7,37,37,93,3236,0.7900390625,0.8634459648142977,3581,144,2572.6529324817056,0.6280890948441664,0.7950101769102922,0.9903996323936398,5.970450932833752,0.5292451620796805
mutation,23,156,15232,5,28,28,96,3241,0.791259765625,0.8648422228427813,3581,144,2578.700372637623,0.6295655206634821,0.7956496058739966,0.9903996323936398,5.970511420409759,0.5329229186319708
mutation,23,157,15328,4,29,29,92,3245,0.792236328125,0.8659592292655682,3581,144,2584.0802336674733,0.630878963297723,0.7963267284029194,0.9903996323936398,5.970720265714066,0.5341847678106892
mutation,23,158,15424,8,29,29,95,3253,0.794189453125,0.8681932421111421,3581,144,2591.286829898949,0.632638386205798,0.7965837165382567,0.9903996323936398,5.970840885034132,0.5386806782962423
mutation,23,159,15520,3,30,30,96,3256,0.794921875,0.8690309969282324,3581,144,2595.534224035335,0.6336753476648767,0.7971542457110979,0.9903996323936398,5.970767902106253,0.5353259911030532
mutation,23,160,15616,7,27,27,95,3263,0.796630859375,0.8709857581681094,3581,144,2602.9201414841364,0.6354785501670255,0.7977076743745438,0.9903996323936398,5.9713208472559245,0.5298455859296658
mutation,23,161,15712,14,35,35,95,3277,0.800048828125,0.874616029042167,3581,145,2615.8048184291765,0.6386242232493107,0.7982315588737188,0.9903996323936398,5.971870556217806,0.5339456909986966
mutation,23,162,15808,9,29,29,95,3286,0.80224609375,0.8768500418877408,3581,146,2625.054284032378,0.6408823935625922,0.798860098609975,0.9903996323936398,5.972123200676112,0.524460994568013
mutation,23,163,15904,6,34,34,96,3292,0.8037109375,0.8782462999162245,3581,147,2631.5278972587125,0.6424628655416779,0.7993705641733635,0.9903996323936398,5.972390098031832,0.5265615499437932
mutation,23,164,16000,7,27,27,96,3299,0.805419921875,0.8799218095504049,3581,148,2637.9790977623197,0.6440378656646288,0.7996299174787268,0.9903996323936398,5.972537877484811,0.5426470695477411
mutation,23,165,16096,11,34,34,94,3310,0.80810546875,0.8829935772130689,3581,148,2648.8849394919766,0.6467004246806584,0.8002673533208389,0.9903996323936398,5.972599875660663,0.5293264644335571
mutation,23,166,16192,8,30,29,95,3318,0.81005859375,0.8852275900586428,3581,148,2656.5682805749598,0.648576240374746,0.8006534902275346,0.9903996323936398,5.973314641195399,0.5359990503553715
mutation,23,167,16288,5,31,31,95,3323,0.811279296875,0.8866238480871265,3581,148,2662.951422149511,0.6501346245482205,0.8013696726300064,0.9903996323936398,5.973337045205312,0.5253674075625391
mutation,23,168,16384,4,28,28,95,3327,0.812255859375,0.8877408545099135,3581,148,2668.5257069424306,0.6514955339214918,0.8020816672505051,0.9903996323936398,5.973349175782424,0.5285663938949818
mutation,23,169,16480,5,29,29,95,3332,0.8134765625,0.8891371125383971,3581,148,2674.9356670820425,0.6530604655962018,0.8028018208529539,0.9903996323936398,5.973367999888676,0.5244139388551776
mutation,23,170,16576,2,24,24,94,3334,0.81396484375,0.8896956157497906,3581,148,2677.8960862238055,0.6537832241757338,0.8032081842302956,0.9903996323936398,5.973473225525185,0.5224287695956706
mutation,23,171,16672,3,25,25,96,3337,0.814697265625,0.8905333705668808,3581,148,2681.880918419758,0.6547560835985737,0.8036802272759239,0.9903996323936398,5.973568715856976,0.5304558177099536
mutation,23,172,16768,4,28,28,96,3341,0.815673828125,0.891371125383971,3581,149,2687.6991231955535,0.6561765437489144,0.8044594801543111,0.9903996323936398,5.973776801772196,0.5284755162833231
mutation,23,173,16864,2,19,19,96,3343,0.816162109375,0.8919296285953644,3581,149,2691.207280745699,0.6570330275258054,0.805027604171612,0.9903996323936398,5.973812514653306,0.5309865247597853
mutation,23,174,16960,7,29,29,94,3350,0.81787109375,0.8936051382295448,3581,150,2698.6657244025732,0.658853936621722,0.8055718580306189,0.9903996323936398,5.974340843091545,0.5338047241803335
mutation,23,175,17056,6,30,30,95,3356,0.8193359375,0.8952806478637252,3581,150,2706.0172937383177,0.6606487533540815,0.8063221971806668,0.9903996323936398,5.974685372541408,0.5307325706400147
mutation,23,176,17152,6,33,33,94,3362,0.82080078125,0.8969561574979056,3581,150,2712.2199693772036,0.6621630784612313,0.8067281289045817,0.9903996323936398,5.974793467813598,0.5284669488454992
mutation,23,177,17248,6,26,26,96,3368,0.822265625,0.898631667132086,3581,150,2718.3340713886028,0.6636557791476081,0.8071063157329581,0.9903996323936398,5.974911088327042,0.5316134206795708
mutation,23,178,17344,8,34,33,95,3376,0.82421875,0.9005864283719631,3581,151,2726.761176385904,0.6657131778285899,0.8076899219152559,0.9903996323936398,5.975195967701522,0.5245643737329375
mutation,23,179,17440,3,24,24,95,3379,0.824951171875,0.9011449315833566,3581,152,2731.4722290551636,0.6668633371716708,0.8083670402649197,0.9903996323936398,5.975207076384121,0.5295672096560358
mutation,23,180,17536,4,26,26,94,3383,0.825927734375,0.9022619380061435,3581,152,2736.799111752077,0.6681638456425969,0.8089858444434161,0.9903996323936398,5.975323338168159,0.5298713179904315
mutation,23,181,17632,2,28,27,95,3385,0.826416015625,0.902820441217537,3581,152,2740.8465139069285,0.6691519809343087,0.809703549160097,0.9903996323936398,5.9754204326251426,0.5285263162524528
mutation,23,182,17728,7,28,28,95,3392,0.828125,0.9047752024574142,3581,152,2747.439734976383,0.6707616540469685,0.8099763369623771,0.9903996323936398,5.975838270459831,0.5243715125684129
mutation,23,183,17824,8,37,37,96,3400,0.830078125,0.907009215302988,3581,152,2756.361842302556,0.6729399029058974,0.8106946595007517,0.9903996323936398,5.976082007980578,0.532329048747741
mutation,23,184,17920,2,11,11,94,3402,0.83056640625,0.9075677185143814,3581,152,2758.3348464808314,0.6734215933791092,0.8107980148385748,0.9903996323936398,5.976067227383432,0.5223992782062039
mutation,23,185,18016,3,22,22,95,3405,0.831298828125,0.9084054733314717,3581,152,2762.6491471060735,0.6744748894301937,0.81135070399591,0.9903996323936398,5.976167784017971,0.529374159691939
mutation,23,186,18112,5,29,29,96,3410,0.83251953125,0.9098017313599553,3581,152,2768.17674911688,0.6758244016398632,0.8117820378641877,0.9903996323936398,5.976302820896494,0.5324557548894094
mutation,23,187,18208,8,31,31,96,3418,0.83447265625,0.9120357442055291,3581,152,2775.6101260276237,0.6776391909247128,0.8120567952099542,0.9903996323936398,5.976573028021552,0.5275527749417848
mutation,23,188,18304,2,25,25,96,3420,0.8349609375,0.9123149958112259,3581,153,2778.550981246153,0.678357173155799,0.8124418073819161,0.9903996323936398,5.976744335237513,0.5303255707048615
mutation,23,189,18400,5,27,27,95,3425,0.836181640625,0.9137112538397095,3581,153,2784.4631447658376,0.6798005724525971,0.8129819400776168,0.9903996323936398,5.976956628189432,0.527341641159025
mutation,23,190,18496,1,30,30,96,3426,0.83642578125,0.9139905054454063,3581,153,2787.508900635359,0.6805441651941795,0.8136336545929245,0.9903996323936398,5.976987846614868,0.5321256244372963
mutation,23,191,18592,2,33,32,95,3428,0.8369140625,0.9145490086567998,3581,153,2791.5941626873973,0.6815415436248529,0.8143506892320296,0.9903996323936398,5.977071749199119,0.5326751009088209
mutation,23,192,18688,2,22,22,94,3430,0.83740234375,0.9148282602624965,3581,154,2794.2198211012465,0.6821825735110465,0.8146413472598386,0.9903996323936398,5.9772900111983915,0.52089209438103
mutation,23,193,18784,5,29,29,94,3435,0.838623046875,0.9162245182909802,3581,154,2800.209462018983,0.6836448881882282,0.8151992611408975,0.9903996323936398,5.977474218596509,0.5293534463810966
mutation,23,194,18880,3,27,27,93,3438,0.83935546875,0.9170622731080704,3581,154,2804.2070291282644,0.6846208567207677,0.8156506774660455,0.9903996323936398,5.977563809403933,0.5321920632959957
mutation,23,195,18976,5,29,29,93,3443,0.840576171875,0.9181792795308573,3581,155,2809.9036347066194,0.6860116295670458,0.8161207187646295,0.9903996323936398,5.97756091008843,0.5285114871488497
mutation,23,196,19072,3,17,17,94,3446,0.84130859375,0.9190170343479475,3581,155,2813.267114042461,0.6868327915142727,0.8163862780158041,0.9903996323936398,5.977699471704728,0.5233736341635133
mutation,23,197,19168,4,24,24,95,3450,0.84228515625,0.9201340407707345,3581,155,2817.3102257209084,0.6878198793263937,0.8166116596292489,0.9903996323936398,5.9777132981575765,0.530022752409318
mutation,23,198,19264,1,25,25,96,3451,0.842529296875,0.9204132923764312,3581,155,2819.9766726222015,0.6884708673394047,0.817147688386613,0.9903996323936398,5.977651347023359,0.5365439875749781
mutation,23,199,19360,3,27,27,92,3454,0.84326171875,0.9212510471935214,3581,155,2824.020878634973,0.6894582223229915,0.8176088241560432,0.9903996323936398,5.977722396986474,0.5284440238713491
mutation,23,200,19456,2,22,22,95,3456,0.84375,0.9218095504049149,3581,155,2827.469967508774,0.6903002850363218,0.8181336711541591,0.9903996323936398,5.977647353407328,0.532059888585179
mutation,23,201,19552,3,26,26,93,3459,0.844482421875,0.922647305222005,3581,155,2831.2316967809866,0.6912186759719205,0.8185116209254081,0.9903996323936398,5.977756988728926,0.5285910147232213
mutation,23,202,19648,4,21,21,95,3463,0.845458984375,0.9234850600390953,3581,156,2835.5084165192234,0.6922627970017635,0.8188011598380662,0.9903996323936398,5.977980524625881,0.5291729192489347
mutation,23,203,19744,3,22,22,94,3466,0.84619140625,0.9243228148561854,3581,156,2839.0043638983793,0.6931162997798778,0.8191010859487534,0.9903996323936398,5.978129912122303,0.5330563559221652
mutation,23,204,19840,4,25,24,93,3470,0.84716796875,0.9251605696732756,3581,157,2843.7182431073543,0.6942671491961314,0.8195153438349724,0.9903996323936398,5.9781572192566115,0.5360573723652456
mutation,23,205,19936,6,23,23,93,3476,0.8486328125,0.926836079307456,3581,157,2849.554529193922,0.6956920237289849,0.8197797840028545,0.9903996323936398,5.978071235105567,0.532811513029919
mutation,23,206,20032,1,26,26,95,3477,0.848876953125,0.9271153309131528,3581,157,2853.587892151775,0.696676731482367,0.8207040242024087,0.9903996323936398,5.978061223170807,0.5286851881470578
mutation,23,207,20128,1,29,29,94,3478,0.84912109375,0.9273945825188494,3581,157,2856.3072964426037,0.6973406485455576,0.821249941472859,0.9903996323936398,5.97808179529952,0.5174310093934562
mutation,23,208,20224,4,24,24,95,3482,0.85009765625,0.9285115889416364,3581,157,2860.8332200257037,0.6984456103578378,0.8216063239591337,0.9903996323936398,5.978137512377794,0.5246615906409376
mutation,23,209,20320,6,22,22,94,3488,0.8515625,0.9301870985758168,3581,157,2866.8373062832634,0.6999114517293124,0.8219143653335044,0.9903996323936398,5.978284379538383,0.5345372828862109
mutation,23,210,20416,3,21,21,95,3491,0.852294921875,0.9307456017872103,3581,158,2870.233216770986,0.700740531438229,0.8221808125955273,0.9903996323936398,5.978341486111447,0.5319403641574909
mutation,23,211,20512,1,21,21,96,3492,0.8525390625,0.931024853392907,3581,158,2872.4143032324237,0.7012730232501034,0.8225699608340274,0.9903996323936398,5.978325970045359,0.5277860137834207
mutation,23,212,20608,6,25,25,95,3498,0.85400390625,0.9327003630270874,3581,158,2878.078062213058,0.7026557769074848,0.8227781767332927,0.9903996323936398,5.9783763723786585,0.5233913159325684
mutation,23,213,20704,0,21,21,96,3498,0.85400390625,0.9327003630270874,3581,158,2879.73168127815,0.7030594924995484,0.8232509094563036,0.9903996323936398,5.9783763723786585,0.5345362584971991
mutation,23,214,20800,2,31,31,92,3500,0.8544921875,0.9332588662384809,3581,158,2882.9464707214347,0.7038443532034753,0.8236989916346956,0.9903996323936398,5.978488811366284,0.5292561203354574
mutation,23,215,20896,3,28,28,95,3503,0.855224609375,0.9340966210555711,3581,158,2887.532456281374,0.7049639785843198,0.8243027280277972,0.9903996323936398,5.978654084481616,0.5278670960849705
mutation,23,216,20992,3,26,26,93,3506,0.85595703125,0.9349343758726613,3581,158,2891.6311524536322,0.7059646368295001,0.8247664439399978,0.9903996323936398,5.97866745693867,0.526689544153687
mutation,23,217,21088,1,24,24,95,3507,0.856201171875,0.935213627478358,3581,158,2894.1229673288744,0.706572990070526,0.8252417927940903,0.9903996323936398,5.978646584796321,0.5280303772883539
mutation,23,218,21184,6,27,27,94,3513,0.857666015625,0.9368891371125384,3581,158,2900.032163042988,0.708015664805417,0.8255144215892366,0.9903996323936398,5.978616449110524,0.5293667317888853
mutation,23,219,21280,2,20,20,94,3515,0.858154296875,0.9371683887182352,3581,159,2903.076794351568,0.7087589829959883,0.8259108945523664,0.9903996323936398,5.978916171530731,0.5243336183454819
mutation,23,220,21376,4,18,18,96,3519,0.859130859375,0.9377268919296285,3581,161,2907.230874584073,0.7097731627402522,0.8261525645308533,0.9903996323936398,5.979068543775799,0.5255545353090201
mutation,23,221,21472,1,20,20,96,3520,0.859375,0.9380061435353253,3581,161,2909.611833921633,0.7103544516410237,0.826594271000464,0.9903996323936398,5.979049151465573,0.5270305395591779
mutation,23,222,21568,4,22,22,92,3524,0.8603515625,0.9391231499581123,3581,161,2913.9474545874255,0.7114129527801332,0.8268863378511423,0.9903996323936398,5.9790548141231685,0.531371540530317
mutation,23,223,21664,2,25,25,95,3526,0.86083984375,0.9396816531695057,3581,161,2917.3743117796766,0.7122495878368351,0.8273891978955408,0.9903996323936398,5.9789768886709584,0.5250861961666096
mutation,23,224,21760,0,21,21,93,3526,0.86083984375,0.9396816531695057,3581,161,2918.83705000897,0.7126067016623462,0.8278040414092371,0.9903996323936398,5.9789768886709584,0.5224711330209689
mutation,23,225,21856,0,21,21,96,3526,0.86083984375,0.9396816531695057,3581,161,2920.4698363394928,0.7130053311375715,0.8282671118376327,0.9903996323936398,5.9789768886709584,0.5217649428794058
mutation,23,226,21952,2,23,23,91,3528,0.861328125,0.9402401563808992,3581,161,2923.2290151801512,0.7136789587842166,0.828579652828841,0.9903996323936398,5.978968563751812,0.5293778992563523
mutation,23,227,22048,2,22,22,96,3530,0.86181640625,0.9407986595922927,3581,161,2926.2517628106057,0.714416934279933,0.8289665050454974,0.9903996323936398,5.979102595470782,0.5275172216578002
mutation,23,228,22144,2,24,24,96,3532,0.8623046875,0.9413571628036861,3581,161,2929.2296249621054,0.715143951406764,0.8293402109179234,0.9903996323936398,5.979186723772075,0.5223552195779886
mutation,23,229,22240,4,32,32,94,3536,0.86328125,0.9424741692264731,3581,161,2933.7912310240945,0.7162576247617418,0.8296920902217462,0.9903996323936398,5.979249593903462,0.5272169115713792
mutation,23,230,22336,3,18,18,94,3539,0.864013671875,0.9433119240435632,3581,161,2937.074728747887,0.7170592599482146,0.8299165664729831,0.9903996323936398,5.979339803188303,0.5254563426166537
mutation,23,231,22432,2,20,20,95,3541,0.864501953125,0.9433119240435632,3581,163,2939.841095487252,0.7177346424529424,0.8302290583132595,0.9903996323936398,5.979621183502461,0.5293226121683139
mutation,23,232,22528,3,26,26,94,3544,0.865234375,0.9438704272549567,3581,164,2943.928199598762,0.7187324706051665,0.8306795145594701,0.9903996323936398,5.979839017661045,0.5254502781157597
mutation,23,233,22624,3,21,21,95,3547,0.865966796875,0.9447081820720469,3581,164,2947.951013423689,0.7197146028866428,0.8311110835702534,0.9903996323936398,5.979748922509738,0.5247495701008225
mutation,23,234,22720,1,23,23,96,3548,0.8662109375,0.9449874336777436,3581,164,2950.0788916637816,0.7202341044101029,0.831476576004448,0.9903996323936398,5.979732713628002,0.5290942310253584
mutation,23,235,22816,1,24,24,95,3549,0.866455078125,0.9452666852834404,3581,164,2952.3425439145076,0.7207867538853778,0.8318801194461841,0.9903996323936398,5.979730769627248,0.5191570959433833
mutation,23,236,22912,1,27,27,96,3550,0.86669921875,0.9455459368891371,3581,164,2954.978724298071,0.7214303526118337,0.8323883730417101,0.9903996323936398,5.9797289412308565,0.5227646402986961
mutation,23,237,23008,0,20,20,96,3550,0.86669921875,0.9455459368891371,3581,164,2955.891897235625,0.7216532952235413,0.8326456048551056,0.9903996323936398,5.9797289412308565,0.5303566248559676
mutation,23,238,23104,3,23,23,95,3553,0.867431640625,0.9463836917062273,3581,164,2959.4624860705035,0.7225250210133065,0.8329475052267108,0.9903996323936398,5.979696500004863,0.524457711722904
mutation,23,239,23200,4,25,25,96,3557,0.868408203125,0.9475006981290143,3581,164,2963.3272641405747,0.72346857034682,0.8330973472422195,0.9903996323936398,5.97972163227892,0.5292301862358725
mutation,23,240,23296,4,20,20,96,3561,0.869384765625,0.9486177045518012,3581,164,2966.909593320038,0.7243431624316499,0.8331675353327823,0.9903996323936398,5.979709847579913,0.5216973865077521
mutation,23,241,23392,1,19,19,96,3562,0.86962890625,0.9488969561574979,3581,164,2968.440825565007,0.7247169984289568,0.8333635108267846,0.9903996323936398,5.979754870463605,0.5266613442089715
mutation,23,242,23488,2,20,20,93,3564,0.8701171875,0.9494554593688914,3581,164,2971.2360691592658,0.7253994309470864,0.8336801540850914,0.9903996323936398,5.979754795412331,0.529716252358013
mutation,23,243,23584,2,24,23,96,3566,0.87060546875,0.9497347109745881,3581,165,2974.314945864803,0.7261511098302742,0.8340759803322499,0.9903996323936398,5.979823587674293,0.5303178493091305
mutation,23,244,23680,3,27,27,96,3569,0.871337890625,0.9505724657916783,3581,165,2978.5942375209106,0.7271958587697536,0.8345738967556489,0.9903996323936398,5.979884234582082,0.5252804234689687
mutation,23,245,23776,3,26,26,95,3572,0.8720703125,0.9514102206087685,3581,165,2982.607618016491,0.7281756879923074,0.8349965335992416,0.9903996323936398,5.979858680361335,0.5295836776434353
mutation,23,246,23872,2,18,18,94,3574,0.87255859375,0.951968723820162,3581,165,2985.286275819646,0.7288296571825308,0.8352787565248031,0.9903996323936398,5.979805189483816,0.5223074847662942
mutation,23,247,23968,2,17,17,93,3576,0.873046875,0.9525272270315555,3581,165,2987.282893825507,0.7293171127503679,0.8353699367520993,0.9903996323936398,5.979752099721131,0.5244654509804323
mutation,23,248,24064,2,21,20,95,3578,0.87353515625,0.9530857302429488,3581,165,2990.0891260602457,0.7300022280420522,0.8356872906820139,0.9903996323936398,5.97975785380031,0.5289596204512534
mutation,23,249,24160,3,24,24,95,3581,0.874267578125,0.9539234850600391,3581,165,2994.3456118146178,0.7310414091344282,0.8361758201101976,0.9903996323936398,5.979744418707497,0.5342424388309668
mutation,23,250,24256,2,25,25,93,3583,0.874755859375,0.9544819882714326,3581,165,2997.2662770225465,0.7317544621637077,0.8365242190964406,0.9903996323936398,5.9796934821513705,0.5290257772223408
mutation,23,251,24352,2,24,23,96,3585,0.875244140625,0.955040491482826,3581,165,3000.1292936077507,0.7324534408222048,0.8368561488445608,0.9903996323936398,5.97966423740835,0.5290694327034668
mutation,23,252,24448,1,32,32,95,3586,0.87548828125,0.955040491482826,3581,166,3002.9128795456695,0.7331330272328295,0.8373990182782124,0.9903996323936398,5.979711673674176,0.5263267144077319
mutation,23,253,24544,2,29,28,96,3588,0.8759765625,0.9555989946942195,3581,166,3006.539251510919,0.7340183719509079,0.837942935203712,0.9903996323936398,5.979706811086292,0.5307915598933213
mutation,23,254,24640,3,23,23,95,3591,0.876708984375,0.9564367495113096,3581,166,3010.075971172919,0.7348818288996384,0.8382277836738844,0.9903996323936398,5.979776075908434,0.5264624607580404
mutation,23,255,24736,1,25,25,96,3592,0.876953125,0.9567160011170064,3581,166,3012.7136535835243,0.7355257943319151,0.8387287454297117,0.9903996323936398,5.979824073349608,0.5281151224640148
mutation,23,256,24832,3,17,17,94,3595,0.877685546875,0.9575537559340966,3581,166,3015.6049327978776,0.7362316730463568,0.8388330828366836,0.9903996323936398,5.980105072580799,0.5347873572732982
mutation,23,257,24928,0,23,23,95,3595,0.877685546875,0.9575537559340966,3581,166,3017.274838815545,0.7366393649452014,0.8392975907692755,0.9903996323936398,5.980105072580799,0.5291183232160669
mutation,23,258,25024,1,26,26,95,3596,0.8779296875,0.9578330075397934,3581,166,3019.3774847572463,0.7371527062395621,0.839648911222816,0.9903996323936398,5.980122788801878,0.5180731502779056
mutation,23,259,25120,3,22,22,93,3599,0.878662109375,0.9586707623568835,3581,166,3022.6791819393047,0.7379587846531506,0.8398664023171172,0.9903996323936398,5.9801435155590115,0.5250899988679492
mutation,23,260,25216,1,18,18,96,3600,0.87890625,0.9589500139625803,3581,166,3024.252020182154,0.7383427783647837,0.8400700056061539,0.9903996323936398,5.980126470142212,0.5266919479500309
mutation,23,261,25312,2,24,24,96,3602,0.87939453125,0.9595085171739738,3581,166,3026.905025052041,0.7389904846318459,0.8403400957945699,0.9903996323936398,5.980080376067607,0.5225193842880229
mutation,23,262,25408,2,19,19,95,3604,0.8798828125,0.9600670203853672,3581,166,3029.6523842308125,0.7396612266188507,0.8406360666567182,0.9903996323936398,5.980132798617909,0.5291008798350032
mutation,23,263,25504,2,25,25,94,3606,0.88037109375,0.9603462719910639,3581,167,3032.152770542617,0.7402716724957561,0.8408632197844196,0.9903996323936398,5.9802078401832155,0.5275128346679019
mutation,23,264,25600,1,21,21,96,3607,0.880615234375,0.9606255235967607,3581,167,3033.6675879604572,0.7406415009669085,0.8410500659718484,0.9903996323936398,5.980212280364084,0.5253872962211982
mutation,23,265,25696,2,29,29,95,3609,0.881103515625,0.9611840268081542,3581,167,3037.5202789761006,0.7415820993593996,0.8416515042881964,0.9903996323936398,5.9801537951713115,0.5230147062947461
mutation,23,266,25792,3,22,22,94,3612,0.8818359375,0.9620217816252443,3581,167,3041.762574210913,0.7426178159694612,0.8421269585301531,0.9903996323936398,5.980150742889579,0.531597934080011
mutation,23,267,25888,0,28,27,96,3612,0.8818359375,0.9620217816252443,3581,167,3043.2604507267097,0.7429835084782006,0.8425416530251134,0.9903996323936398,5.980150742889579,0.5265834981719182
mutation,23,268,25984,4,19,19,93,3616,0.8828125,0.9631387880480313,3581,167,3047.439770376818,0.7440038501896529,0.8427654232236775,0.9903996323936398,5.980179942385014,0.5286121383390339
mutation,23,269,26080,0,28,27,94,3616,0.8828125,0.9631387880480313,3581,167,3049.2573712738795,0.744447600408662,0.8432680783390153,0.9903996323936398,5.980179942385014,0.5293228018112857
mutation,23,270,26176,2,15,15,93,3618,0.88330078125,0.9636972912594247,3581,167,3051.5583613844365,0.7450093655723722,0.8434379108304136,0.9903996323936398,5.980206538565804,0.5287521568380049
mutation,23,271,26272,0,22,22,93,3618,0.88330078125,0.9636972912594247,3581,167,3052.892830919599,0.7453351637987302,0.8438067526035375,0.9903996323936398,5.980206538565804,0.5241112424438803
mutation,23,272,26368,0,16,16,95,3618,0.88330078125,0.9636972912594247,3581,167,3054.283386225116,0.7456746548401162,0.8441910962479591,0.9903996323936398,5.980206538565804,0.5288021480950937
mutation,23,273,26464,2,16,16,91,3620,0.8837890625,0.9642557944708182,3581,167,3056.708643972201,0.7462667587822757,0.8443946530309948,0.9903996323936398,5.980206094663884,0.5328252388283023
mutation,23,274,26560,1,21,21,96,3621,0.884033203125,0.964535046076515,3581,167,3059.02755147467,0.7468328983092456,0.844801864533187,0.9903996323936398,5.98023380003592,0.5322291075149097
mutation,23,275,26656,3,21,21,95,3624,0.884765625,0.9653728008936051,3581,167,3062.439527110611,0.747665900173489,0.8450440196221333,0.9903996323936398,5.980349446022481,0.5278737358967895
mutation,23,276,26752,3,17,17,95,3627,0.885498046875,0.9662105557106954,3581,167,3065.5592436926254,0.7484275497296449,0.8452051953936105,0.9903996323936398,5.980343423845774,0.5173464983763836
mutation,23,277,26848,3,25,25,94,3630,0.88623046875,0.9670483105277855,3581,167,3069.5555967724276,0.7494032218682685,0.8456076024166468,0.9903996323936398,5.980482673511911,0.5240918263147527
mutation,23,278,26944,2,17,17,96,3632,0.88671875,0.967606813739179,3581,167,3072.096738649308,0.7500236178343037,0.8458416130642368,0.9903996323936398,5.980429458020873,0.5314536886366026
mutation,23,279,27040,2,17,16,93,3634,0.88720703125,0.9681653169505725,3581,167,3074.672649839631,0.7506525024022537,0.8460849339129419,0.9903996323936398,5.980411901191923,0.5245368965488518
mutation,23,280,27136,0,18,18,95,3634,0.88720703125,0.9681653169505725,3581,167,3075.8707754273573,0.7509450135320697,0.8464146327538132,0.9903996323936398,5.980411901191923,0.5225517393259799
mutation,23,281,27232,0,20,20,95,3634,0.88720703125,0.9681653169505725,3581,167,3077.361803617697,0.7513090340863519,0.8468249322007972,0.9903996323936398,5.980411901191923,0.5295404286464631
mutation,23,282,27328,0,23,23,90,3634,0.88720703125,0.9681653169505725,3581,167,3079.6657353886444,0.7518715174288683,0.847458925533474,0.9903996323936398,5.980411901191923,0.5305268865298678
mutation,23,283,27424,0,16,16,96,3634,0.88720703125,0.9681653169505725,3581,167,3080.464041226007,0.7520664163149431,0.8476786024287306,0.9903996323936398,5.980411901191923,0.5218475536871705
mutation,23,284,27520,0,11,11,95,3634,0.88720703125,0.9681653169505725,3581,167,3081.147889923329,0.7522333715633127,0.8478667831379552,0.9903996323936398,5.980411901191923,0.5259825690480935
mutation,23,285,27616,0,18,18,96,3634,0.88720703125,0.9681653169505725,3581,167,3082.399969754848,0.7525390551159297,0.8482113290464633,0.9903996323936398,5.980411901191923,0.5243765061328707
mutation,23,286,27712,0,19,19,95,3634,0.88720703125,0.9681653169505725,3581,167,3083.8068684037235,0.7528825362313778,0.848598477821608,0.9903996323936398,5.980411901191923,0.5202047961072334
mutation,23,287,27808,2,21,21,94,3636,0.8876953125,0.9687238201619659,3581,167,3085.869273284712,0.7533860530480254,0.8486989200453003,0.9903996323936398,5.980443082933855,0.5259080614496199
mutation,23,288,27904,1,21,21,94,3637,0.887939453125,0.9690030717676626,3581,167,3088.067394422462,0.7539227037164213,0.8490699462255875,0.9903996323936398,5.9804650042116485,0.5208229787472718
mutation,23,289,28000,4,26,26,93,3641,0.888916015625,0.9701200781904495,3581,167,3093.115524568637,0.7551551573653899,0.8495236266324188,0.9903996323936398,5.9804641166944,0.5271840300074855
mutation,23,290,28096,2,24,24,95,3643,0.889404296875,0.970678581401843,3581,167,3096.134463903161,0.7558922031013576,0.8498859357406425,0.9903996323936398,5.980439549188982,0.5252540511039434
mutation,23,291,28192,2,26,26,96,3645,0.889892578125,0.9712370846132365,3581,167,3099.153746973001,0.7566293327570803,0.8502479415563788,0.9903996323936398,5.980415890717688,0.5319594469045863
mutation,23,292,28288,1,22,22,95,3646,0.89013671875,0.9715163362189333,3581,167,3101.882216111137,0.7572954629177581,0.8507630872493519,0.9903996323936398,5.98042448231387,0.5313033621983904
mutation,23,293,28384,0,27,27,94,3646,0.89013671875,0.9715163362189333,3581,167,3103.4313419925566,0.7576736674786515,0.8511879709250018,0.9903996323936398,5.98042448231387,0.530153360745572
mutation,23,294,28480,1,19,19,94,3647,0.890380859375,0.9717955878246299,3581,167,3105.0996671344155,0.7580809734214882,0.8514120282792474,0.9903996323936398,5.980510235311559,0.5245654483648914
mutation,23,295,28576,1,18,18,93,3648,0.890625,0.9720748394303267,3581,167,3106.716364896577,0.7584756750235784,0.8516218105527897,0.9903996323936398,5.980505255834838,0.5280501262860772
mutation,23,296,28672,1,15,15,96,3649,0.890869140625,0.9723540910360234,3581,167,3108.2562126191315,0.7588516144089676,0.8518104172702471,0.9903996323936398,5.98046796142526,0.5283379061194499
mutation,23,297,28768,0,14,14,95,3649,0.890869140625,0.9723540910360234,3581,167,3109.034697006303,0.7590416740738044,0.8520237591138128,0.9903996323936398,5.98046796142526,0.5294721080815308
mutation,23,298,28864,4,21,21,95,3653,0.891845703125,0.9734710974588104,3581,167,3113.212869926491,0.7600617358218972,0.8522345660899235,0.9903996323936398,5.980437882417407,0.5233237819235047
mutation,23,299,28960,0,15,15,95,3653,0.891845703125,0.9734710974588104,3581,167,3114.438607942572,0.7603609882672295,0.852570108935826,0.9903996323936398,5.980437882417407,0.5227364910429856
mutation,23,300,29056,1,17,17,95,3654,0.89208984375,0.9737503490645071,3581,167,3116.083394181738,0.7607625474076509,0.8527869168532398,0.9903996323936398,5.980433579858848,0.522077936910744
mutation,23,301,29152,0,23,23,96,3654,0.89208984375,0.9737503490645071,3581,167,3117.1273289162664,0.7610174142861978,0.853072613277577,0.9903996323936398,5.980433579858848,0.5243828689411669
mutation,23,302,29248,1,18,18,94,3655,0.892333984375,0.9740296006702038,3581,167,3119.0305924205386,0.7614820782276706,0.8533599432067137,0.9903996323936398,5.98045734474195,0.5304617433912119
mutation,23,303,29344,0,14,14,95,3655,0.892333984375,0.9740296006702038,3581,167,3119.7390750973136,0.7616550476311801,0.8535537825163648,0.9903996323936398,5.98045734474195,0.5274976934356872
mutation,23,304,29440,0,23,23,95,3655,0.892333984375,0.9740296006702038,3581,167,3120.755276651539,0.7619031437137547,0.8538318130373568,0.9903996323936398,5.98045734474195,0.5379476481346275
mutation,23,305,29536,2,19,19,94,3657,0.892822265625,0.9745881038815973,3581,167,3123.6932169998636,0.7626204143066073,0.8541682299698834,0.9903996323936398,5.980449737150876,0.5248871630095531
mutation,23,306,29632,2,28,28,95,3659,0.893310546875,0.9751466070929908,3581,167,3127.019090634886,0.7634323951745328,0.8546103008021007,0.9903996323936398,5.980436786607875,0.5180621570604409
mutation,23,307,29728,3,21,21,95,3662,0.89404296875,0.9757051103043842,3581,168,3131.1917280222583,0.7644511054741842,0.8550496253474217,0.9903996323936398,5.980518556704958,0.5255333123568713
mutation,23,308,29824,2,23,23,94,3664,0.89453125,0.9762636135157777,3581,168,3133.625026530111,0.7650451724927029,0.8552470050573447,0.9903996323936398,5.980492065227053,0.5300894515390262
mutation,23,309,29920,1,20,20,96,3665,0.894775390625,0.9765428651214745,3581,168,3135.88118072418,0.7655959913877393,0.8556292443995034,0.9903996323936398,5.9805315426818035,0.522989938422699
mutation,23,310,30016,0,15,15,94,3665,0.894775390625,0.9765428651214745,3581,168,3136.9388846857346,0.7658542198939782,0.8559178402962441,0.9903996323936398,5.9805315426818035,0.5266753261203431
mutation,23,311,30112,0,18,18,96,3665,0.894775390625,0.9765428651214745,3581,168,3138.087185202839,0.7661345666999119,0.8562311555805836,0.9903996323936398,5.9805315426818035,0.5362337810726653
mutation,23,312,30208,0,15,15,95,3665,0.894775390625,0.9765428651214745,3581,168,3139.030355909643,0.7663648329857526,0.8564885009303255,0.9903996323936398,5.9805315426818035,0.5220685540057408
mutation,23,313,30304,0,17,17,95,3665,0.894775390625,0.9765428651214745,3581,168,3139.7870715068657,0.7665495780046059,0.8566949717617641,0.9903996323936398,5.9805315426818035,0.5274080470993607
mutation,23,314,30400,2,25,25,96,3667,0.895263671875,0.9771013683328679,3581,168,3142.8878904516087,0.7673066138797873,0.8570733270934302,0.9903996323936398,5.980492702647508,0.5275388205995304
mutation,23,315,30496,1,20,20,95,3668,0.8955078125,0.9773806199385646,3581,168,3144.8871807779187,0.7677947218696091,0.8573847275839473,0.9903996323936398,5.980510612187574,0.5208823171470932
mutation,23,316,30592,2,16,16,96,3670,0.89599609375,0.9779391231499581,3581,168,3147.660264870514,0.7684717443531528,0.8576730966949629,0.9903996323936398,5.980525786334169,0.5300920548093562
mutation,23,317,30688,1,27,27,93,3671,0.896240234375,0.9782183747556549,3581,168,3150.4068203147385,0.769142290115903,0.8581876383314461,0.9903996323936398,5.980503649718599,0.5295555215451655
mutation,23,318,30784,2,18,18,96,3673,0.896728515625,0.9787768779670483,3581,168,3153.1850648671516,0.7698205724773319,0.8584767396861289,0.9903996323936398,5.9805060271858395,0.5325683726758028
mutation,23,319,30880,1,18,18,95,3674,0.89697265625,0.979056129572745,3581,168,3155.0205415733544,0.7702686869075572,0.8587426623770698,0.9903996323936398,5.980471667836093,0.520004914712261
mutation,23,320,30976,0,17,17,94,3674,0.89697265625,0.979056129572745,3581,168,3156.561390624625,0.7706448707579651,0.8591620551509594,0.9903996323936398,5.980471667836093,0.5259725867520604
mutation,23,321,31072,0,18,18,96,3674,0.89697265625,0.979056129572745,3581,168,3157.427693549567,0.7708563704954997,0.8593978479993377,0.9903996323936398,5.980471667836093,0.5230934021006312
mutation,23,322,31168,1,20,20,93,3675,0.897216796875,0.9793353811784418,3581,168,3159.2609714961177,0.7713039481191694,0.8596628493866987,0.9903996323936398,5.980490297554037,0.5336938818112469
mutation,23,323,31264,0,13,13,96,3675,0.897216796875,0.9793353811784418,3581,168,3160.3462623442992,0.7715689117051512,0.8599581666242991,0.9903996323936398,5.980490297554037,0.5220816445937411
mutation,23,324,31360,0,17,17,96,3675,0.897216796875,0.9793353811784418,3581,168,3161.131898771712,0.7717607174735625,0.8601719452440032,0.9903996323936398,5.980490297554037,0.5288500750039791
mutation,23,325,31456,0,21,21,95,3675,0.897216796875,0.9793353811784418,3581,168,3162.510995858564,0.7720974110982822,0.8605472097574324,0.9903996323936398,5.980490297554037,0.5293377714249685
mutation,23,326,31552,2,18,18,95,3677,0.897705078125,0.9796146327841385,3581,169,3164.680159878528,0.7726269921578437,0.8606690671412912,0.9903996323936398,5.98048056209819,0.5337929546413109
mutation,23,327,31648,0,9,9,95,3677,0.897705078125,0.9796146327841385,3581,169,3165.0911882997107,0.772727340893484,0.8607808507750097,0.9903996323936398,5.98048056209819,0.5275831297151461
mutation,23,328,31744,1,25,25,96,3678,0.89794921875,0.9798938843898353,3581,169,3168.028683771571,0.7734445028739187,0.861345482265245,0.9903996323936398,5.98045290037007,0.526842428833856
mutation,23,329,31840,1,21,20,94,3679,0.898193359375,0.9798938843898353,3581,170,3169.889310999758,0.7738987575683003,0.8616171000271156,0.9903996323936398,5.980493733548539,0.5231593321965016
mutation,23,330,31936,1,17,17,95,3680,0.8984375,0.980173135995532,3581,170,3171.3527137144965,0.7742560336217033,0.8617806287267653,0.9903996323936398,5.980498985834453,0.5371572033830971
mutation,23,331,32032,0,20,20,94,3680,0.8984375,0.980173135995532,3581,170,3172.1552071510064,0.7744519548708512,0.8619986975953822,0.9903996323936398,5.980498985834453,0.5273833365594525
mutation,23,332,32128,2,20,20,96,3682,0.89892578125,0.9807316392069254,3581,170,3174.757011856733,0.7750871610978352,0.8622371026226868,0.9903996323936398,5.98053129787233,0.5253851840712742
mutation,23,333,32224,0,16,16,96,3682,0.89892578125,0.9807316392069254,3581,170,3175.4316654541267,0.7752518714487614,0.8624203328229567,0.9903996323936398,5.98053129787233,0.5246121488413935
mutation,23,334,32320,2,21,21,94,3684,0.8994140625,0.9812901424183189,3581,170,3178.5120930477497,0.7760039289667358,0.8627882988728962,0.9903996323936398,5.980522373006767,0.521754095368005
mutation,23,335,32416,1,17,17,96,3685,0.899658203125,0.9812901424183189,3581,171,3179.498781156946,0.776244819618395,0.8628219216165389,0.9903996323936398,5.980535010898113,0.5173611577891291
mutation,23,336,32512,0,24,24,95,3685,0.899658203125,0.9812901424183189,3581,171,3180.8390065928297,0.7765720230939526,0.8631856191568059,0.9903996323936398,5.980535010898113,0.5319008891206328
mutation,23,337,32608,0,15,15,94,3685,0.899658203125,0.9812901424183189,3581,171,3181.6416199409696,0.7767679736184008,0.8634034246786891,0.9903996323936398,5.980535010898113,0.5231375246621068
mutation,23,338,32704,0,18,18,96,3685,0.899658203125,0.9812901424183189,3581,171,3182.7752383916786,0.7770447359354684,0.8637110551944853,0.9903996323936398,5.980535010898113,0.5227727762701239
mutation,23,339,32800,0,20,20,95,3685,0.899658203125,0.9812901424183189,3581,171,3183.4923392392257,0.7772198093845766,0.8639056551531141,0.9903996323936398,5.980535010898113,0.5285875383039711
mutation,23,340,32896,0,21,21,96,3685,0.899658203125,0.9812901424183189,3581,171,3184.418951850596,0.7774460331666494,0.8641571104072173,0.9903996323936398,5.980535010898113,0.5295867690076208
mutation,23,341,32992,0,20,20,94,3685,0.899658203125,0.9812901424183189,3581,171,3185.290164067618,0.7776587314618209,0.8643935316330036,0.9903996323936398,5.980535010898113,0.5182737655044347
mutation,23,342,33088,1,23,23,95,3686,0.89990234375,0.9815693940240157,3581,171,3187.451405347056,0.7781863782585586,0.8647453622753815,0.9903996323936398,5.980569103042354,0.518859757610919
mutation,23,343,33184,1,27,27,96,3687,0.900146484375,0.9818486456297124,3581,171,3189.7423200889652,0.77874568361547,0.8651321725220953,0.9903996323936398,5.980561689467875,0.523106284477405
mutation,23,344,33280,1,12,11,95,3688,0.900390625,0.982127897235409,3581,171,3190.9667863761642,0.7790446255801182,0.8652296058503699,0.9903996323936398,5.980541452761903,0.5305896084762571
mutation,23,345,33376,2,15,15,95,3690,0.90087890625,0.9826864004468026,3581,171,3193.4375326948557,0.77964783513058,0.8654302256625626,0.9903996323936398,5.9805970070913075,0.5245579782849726
mutation,23,346,33472,1,20,20,94,3691,0.901123046875,0.9829656520524993,3581,171,3195.4752817727613,0.780145332464053,0.8657478411738719,0.9903996323936398,5.9805900178688916,0.5263064257989034
mutation,23,347,33568,3,22,22,93,3694,0.90185546875,0.9838034068695894,3581,171,3199.3596918564585,0.7810936747696432,0.8660962890786298,0.9903996323936398,5.98051857524738,0.5225305774468647
mutation,23,348,33664,1,20,20,93,3695,0.902099609375,0.9840826584752862,3581,171,3201.0663017513534,0.781510327576014,0.8663237623143041,0.9903996323936398,5.980486633448992,0.5233673733450874
mutation,23,349,33760,0,20,20,96,3695,0.902099609375,0.9840826584752862,3581,171,3201.829168496154,0.7816965743398814,0.8665302215145207,0.9903996323936398,5.980486633448992,0.5276455044399051
mutation,23,350,33856,0,12,12,96,3695,0.902099609375,0.9840826584752862,3581,171,3202.624277491149,0.7818906927468625,0.8667454066281864,0.9903996323936398,5.980486633448992,0.529719008872924
mutation,23,351,33952,0,7,7,95,3695,0.902099609375,0.9840826584752862,3581,171,3202.918502813299,0.781962525100903,0.8668250345908792,0.9903996323936398,5.980486633448992,0.5240399187173114
mutation,23,352,34048,1,20,20,95,3696,0.90234375,0.984361910080983,3581,171,3205.018900449085,0.7824753174924524,0.8671587934115489,0.9903996323936398,5.980473706069837,0.5173961748435199
mutation,23,353,34144,0,24,24,95,3696,0.90234375,0.984361910080983,3581,171,3207.060666497047,0.7829737955315056,0.8677112192903266,0.9903996323936398,5.980473706069837,0.5263176650995222
mutation,23,354,34240,0,8,8,95,3696,0.90234375,0.984361910080983,3581,171,3207.5523119923746,0.7830938261700133,0.8678442402576771,0.9903996323936398,5.980473706069837,0.5219103322599241
mutation,23,355,34336,2,20,20,95,3698,0.90283203125,0.9849204132923765,3581,171,3209.6443875924297,0.783604586814558,0.8679406131942752,0.9903996323936398,5.980544269459584,0.5238665996892746
mutation,23,356,34432,1,19,19,94,3699,0.903076171875,0.9851996648980732,3581,171,3211.331240676225,0.784016416180719,0.8681620007234997,0.9903996323936398,5.980531653474901,0.5293709034782208
mutation,23,357,34528,0,18,18,94,3699,0.903076171875,0.9851996648980732,3581,171,3212.197068427187,0.7842277999089812,0.8683960714861279,0.9903996323936398,5.980531653474901,0.5324026395524405
mutation,23,358,34624,3,24,23,96,3702,0.90380859375,0.9860374197151633,3581,171,3216.328323765422,0.7852364071692924,0.8688082992343117,0.9903996323936398,5.980517148896199,0.5273210496992449
mutation,23,359,34720,1,17,17,96,3703,0.904052734375,0.9863166713208601,3581,171,3217.670690804257,0.785564133497133,0.8689361843921839,0.9903996323936398,5.980504974997458,0.520633607233356
mutation,23,360,34816,1,16,16,94,3704,0.904296875,0.9865959229265568,3581,171,3218.8851442698106,0.7858606309252467,0.8690294665955212,0.9903996323936398,5.980579025039668,0.526503713684638
mutation,23,361,34912,0,19,19,96,3704,0.904296875,0.9865959229265568,3581,171,3219.936723245935,0.7861173640737146,0.8693133702067859,0.9903996323936398,5.980579025039668,0.5241802316796021
mutation,23,362,35008,0,14,14,95,3704,0.904296875,0.9865959229265568,3581,171,3220.80633126311,0.7863296707185328,0.8695481455893926,0.9903996323936398,5.980579025039668,0.5263708178181508
mutation,23,363,35104,0,19,19,95,3704,0.904296875,0.9865959229265568,3581,171,3221.695425426021,0.7865467347231496,0.8697881818104808,0.9903996323936398,5.980579025039668,0.5167621649617362
mutation,23,364,35200,0,16,16,93,3704,0.904296875,0.9865959229265568,3581,171,3222.5045428186977,0.7867442731490961,0.8700066260309659,0.9903996323936398,5.980579025039668,0.5254239339736901
mutation,23,365,35296,0,17,17,96,3704,0.904296875,0.9865959229265568,3581,171,3223.3013634387403,0.7869388094332862,0.8702217503884287,0.9903996323936398,5.980579025039668,0.522786949207998
mutation,23,366,35392,0,18,18,96,3704,0.904296875,0.9865959229265568,3581,171,3224.1715582886054,0.787151259347804,0.8704566842031872,0.9903996323936398,5.980579025039668,0.5261568320848622
mutation,23,367,35488,0,20,20,95,3704,0.904296875,0.9865959229265568,3581,171,3224.9131284194104,0.7873323067430201,0.870656892121871,0.9903996323936398,5.980579025039668,0.5301214838631877
mutation,23,368,35584,1,18,18,96,3705,0.904541015625,0.9865959229265568,3581,172,3226.5560382733715,0.7877334077815848,0.8708653274691961,0.9903996323936398,5.980607721396701,0.5241778711747191
mutation,23,369,35680,0,14,14,95,3705,0.904541015625,0.9865959229265568,3581,172,3227.33119887469,0.7879226559752661,0.8710745476045048,0.9903996323936398,5.980607721396701,0.5268639161502552
mutation,23,370,35776,0,11,11,95,3705,0.904541015625,0.9865959229265568,3581,172,3227.7400132901876,0.7880224641821747,0.8711848888772437,0.9903996323936398,5.980607721396701,0.5323531774408878
mutation,23,371,35872,0,17,17,95,3705,0.904541015625,0.9865959229265568,3581,172,3228.500021866013,0.7882080131508821,0.8713900193970345,0.9903996323936398,5.980607721396701,0.5303739788511803
mutation,23,372,35968,1,21,20,96,3706,0.90478515625,0.9868751745322536,3581,172,3230.7040154139136,0.7887460975131625,0.8717495994101224,0.9903996323936398,5.980595848209985,0.5230150348675898
mutation,23,373,36064,0,17,17,94,3706,0.90478515625,0.9868751745322536,3581,172,3231.705112320424,0.7889905059376036,0.8720197280950955,0.9903996323936398,5.980595848209985,0.5262907303371431
mutation,23,374,36160,0,13,13,95,3706,0.90478515625,0.9868751745322536,3581,172,3232.568936669464,0.7892014005540684,0.8722528161547394,0.9903996323936398,5.980595848209985,0.5254427847081735
mutation,23,375,36256,1,21,21,94,3707,0.905029296875,0.9868751745322536,3581,173,3234.1818386406503,0.7895951754493775,0.8724526136068654,0.9903996323936398,5.98061765818921,0.5258726482333554
mutation,23,376,36352,0,16,16,93,3707,0.905029296875,0.9868751745322536,3581,173,3234.9127119881396,0.7897736113252294,0.8726497739379929,0.9903996323936398,5.98061765818921,0.528948667149975
mutation,23,377,36448,0,20,20,95,3707,0.905029296875,0.9868751745322536,3581,173,3235.8418960141116,0.7900004628940702,0.8729004305406289,0.9903996323936398,5.98061765818921,0.5220648085440045
mutation,23,378,36544,0,19,19,96,3707,0.905029296875,0.9868751745322536,3581,173,3236.8743757318225,0.790252533137652,0.8731789521801517,0.9903996323936398,5.98061765818921,0.5232023565806971
mutation,23,379,36640,0,16,16,96,3707,0.905029296875,0.9868751745322536,3581,173,3237.6666764936335,0.7904459659408285,0.873392683165264,0.9903996323936398,5.98061765818921,0.5213872695793005
mutation,23,380,36736,0,19,19,96,3707,0.905029296875,0.9868751745322536,3581,173,3238.5350131119512,0.790657962185535,0.8736269255764638,0.9903996323936398,5.98061765818921,0.5227968334287464
mutation,23,381,36832,1,22,22,95,3708,0.9052734375,0.9871544261379503,3581,173,3240.5243560248264,0.7911436416076236,0.8739278198556706,0.9903996323936398,5.980587168312232,0.5241527309105085
mutation,23,382,36928,0,12,12,95,3708,0.9052734375,0.9871544261379503,3581,173,3241.040829130936,0.7912697336745449,0.8740671060223667,0.9903996323936398,5.980587168312232,0.5268306900370967
mutation,23,383,37024,1,17,17,95,3709,0.905517578125,0.987433677743647,3581,173,3242.712830806706,0.7916779372086684,0.8742822407135902,0.9903996323936398,5.980569248190697,0.5349862038916735
mutation,23,384,37120,0,20,20,91,3709,0.905517578125,0.987433677743647,3581,173,3243.599967572657,0.7918945233331682,0.8745214256060009,0.9903996323936398,5.980569248190697,0.525672385870007
mutation,23,385,37216,0,18,18,95,3709,0.905517578125,0.987433677743647,3581,173,3244.6462786858783,0.7921499703822945,0.8748035262027173,0.9903996323936398,5.980569248190697,0.5266986906380826
mutation,23,386,37312,0,13,13,95,3709,0.905517578125,0.987433677743647,3581,173,3245.1602371689964,0.792275448527587,0.874942096837152,0.9903996323936398,5.980569248190697,0.5274363052500866
mutation,23,387,37408,1,13,13,95,3710,0.90576171875,0.9877129293493437,3581,173,3246.5713232379903,0.7926199519624,0.8750866100371941,0.9903996323936398,5.980545170259951,0.5258414735265571
mutation,23,388,37504,0,12,12,94,3710,0.90576171875,0.9877129293493437,3581,173,3247.0837153915627,0.7927450477030182,0.8752247211298013,0.9903996323936398,5.980545170259951,0.5223670639883136
mutation,23,389,37600,1,15,15,94,3711,0.906005859375,0.9879921809550405,3581,173,3248.940045220679,0.7931982532277049,0.8754890986851736,0.9903996323936398,5.980527480716787,0.5262524975167278
mutation,23,390,37696,0,17,17,96,3711,0.906005859375,0.9879921809550405,3581,173,3250.140097708736,0.7934912347921719,0.8758124758040248,0.9903996323936398,5.980527480716787,0.5219362215240376
mutation,23,391,37792,2,19,19,94,3713,0.906494140625,0.988550684166434,3581,173,3252.7422748624385,0.7941265319488375,0.8760415499225528,0.9903996323936398,5.980526961764231,0.5171313787994906
mutation,23,392,37888,0,15,15,94,3713,0.906494140625,0.988550684166434,3581,173,3253.585020890546,0.7943322804908559,0.8762685216511031,0.9903996323936398,5.980526961764231,0.5257745416096504
mutation,23,393,37984,0,21,21,95,3713,0.906494140625,0.988550684166434,3581,173,3254.346575996725,0.7945182070304504,0.8764736267160584,0.9903996323936398,5.980526961764231,0.5283115896332045
mutation,23,394,38080,0,17,17,95,3713,0.906494140625,0.988550684166434,3581,173,3254.9398846125096,0.794663057766726,0.8766334189637784,0.9903996323936398,5.980526961764231,0.5273821396497497
mutation,23,395,38176,1,17,17,95,3714,0.90673828125,0.988550684166434,3581,174,3256.4045318181043,0.7950206376509044,0.8767917425466086,0.9903996323936398,5.980757367256668,0.5277230304860128
mutation,23,396,38272,1,23,23,94,3715,0.906982421875,0.988550684166434,3581,175,3258.355940006279,0.7954970556655955,0.8770810067311653,0.9903996323936398,5.980794177204192,0.5299891941025259
mutation,23,397,38368,1,12,12,93,3716,0.9072265625,0.9888299357721307,3581,175,3260.0295855858103,0.7959056605434107,0.8772953674881082,0.9903996323936398,5.9807769672635684,0.5234193431206859
mutation,23,398,38464,0,17,17,93,3716,0.9072265625,0.9888299357721307,3581,175,3261.1084265970185,0.7961690494621627,0.8775856906881104,0.9903996323936398,5.9807769672635684,0.526299818499002
mutation,23,399,38560,0,15,15,95,3716,0.9072265625,0.9888299357721307,3581,175,3261.827877814089,0.7963446967319553,0.8777792997346848,0.9903996323936398,5.9807769672635684,0.523488082705964
mutation,23,400,38656,2,15,15,94,3718,0.90771484375,0.9893884389835241,3581,175,3264.3111447723586,0.7969509630791891,0.8779750254901448,0.9903996323936398,5.980859814967099,0.5257463298712632
mutation,23,401,38752,0,9,9,94,3718,0.90771484375,0.9893884389835241,3581,175,3264.7155668841883,0.797049698946335,0.8780837995923045,0.9903996323936398,5.980859814967099,0.5216516400781905
mutation,23,402,38848,0,14,14,95,3718,0.90771484375,0.9893884389835241,3581,175,3265.358631260221,0.7972066970850149,0.8782567593491719,0.9903996323936398,5.980859814967099,0.5269576910967932
mutation,23,403,38944,1,8,8,96,3719,0.907958984375,0.9896676905892209,3581,175,3266.3505446029885,0.797448863428464,0.8782873204095156,0.9903996323936398,5.9808429143555735,0.5253776804641735
mutation,23,404,39040,0,16,16,94,3719,0.907958984375,0.9896676905892209,3581,175,3267.090608857028,0.7976295431779854,0.8784863159067029,0.9903996323936398,5.9808429143555735,0.5211740095175932
mutation,23,405,39136,0,19,19,96,3719,0.907958984375,0.9896676905892209,3581,175,3267.683350377365,0.7977742554632239,0.8786456978696867,0.9903996323936398,5.9808429143555735,0.5226173931553876
mutation,23,406,39232,0,15,15,95,3719,0.907958984375,0.9896676905892209,3581,175,3268.4073893164327,0.7979510227823322,0.8788403843281616,0.9903996323936398,5.9808429143555735,0.5257544134892097
mutation,23,407,39328,1,15,15,95,3720,0.908203125,0.9899469421949176,3581,175,3270.030504205274,0.7983472910657408,0.8790404581196973,0.9903996323936398,5.980826127111454,0.5248443034333773
mutation,23,408,39424,0,16,16,95,3720,0.908203125,0.9899469421949176,3581,175,3270.891033087234,0.798557381124813,0.8792717830879662,0.9903996323936398,5.980826127111454,0.528706758354725
mutation,23,409,39520,0,23,23,94,3720,0.908203125,0.9899469421949176,3581,175,3271.8125111039667,0.7987823513437419,0.8795194922322491,0.9903996323936398,5.980826127111454,0.5276588402087252
mutation,23,410,39616,0,16,16,95,3720,0.908203125,0.9899469421949176,3581,175,3272.583805437756,0.7989706556244521,0.8797268294187516,0.9903996323936398,5.980826127111454,0.524339680764381
mutation,23,411,39712,0,19,19,93,3720,0.908203125,0.9899469421949176,3581,175,3273.522664523559,0.799199869268447,0.8799792108934298,0.9903996323936398,5.980826127111454,0.5300035548252968
mutation,23,412,39808,0,17,17,94,3720,0.908203125,0.9899469421949176,3581,175,3274.2999656467528,0.7993896400504767,0.8801881628082668,0.9903996323936398,5.980826127111454,0.5251901506734087
mutation,23,413,39904,0,15,15,95,3720,0.908203125,0.9899469421949176,3581,175,3274.835082127258,0.7995202837224751,0.8803320113245316,0.9903996323936398,5.980826127111454,0.5267642588601518
mutation,23,414,40000,0,15,15,96,3720,0.908203125,0.9899469421949176,3581,175,3275.410258886928,0.7996607077360665,0.8804866287330452,0.9903996323936398,5.980826127111454,0.527798540804021
mutation,23,415,40096,1,13,13,95,3721,0.908447265625,0.9902261938006144,3581,175,3276.4511653742193,0.7999148352964403,0.8805297407616821,0.9903996323936398,5.980849254851754,0.5273210394409366
mutation,23,416,40192,0,12,12,95,3721,0.908447265625,0.9902261938006144,3581,175,3277.0282444016066,0.800055723730861,0.8806848278424098,0.9903996323936398,5.980849254851754,0.5236115793681542
mutation,23,417,40288,0,12,12,95,3721,0.908447265625,0.9902261938006144,3581,175,3277.5360280700183,0.8001796943530318,0.8808212921445897,0.9903996323936398,5.980849254851754,0.5247142454814596
mutation,23,418,40384,0,12,12,96,3721,0.908447265625,0.9902261938006144,3581,175,3277.952308677908,0.8002813253608174,0.8809331654603354,0.9903996323936398,5.980849254851754,0.5233784638311565
mutation,23,419,40480,0,8,8,95,3721,0.908447265625,0.9902261938006144,3581,175,3278.2078352118483,0.8003437097685177,0.8810018369287418,0.9903996323936398,5.980849254851754,0.5246791262561683
mutation,23,420,40576,0,15,15,95,3721,0.908447265625,0.9902261938006144,3581,175,3279.0919420452074,0.8005595561633807,0.881239436185221,0.9903996323936398,5.980849254851754,0.5276780018623448
mutation,23,421,40672,1,8,8,96,3722,0.90869140625,0.9905054454063111,3581,175,3280.1098167911978,0.8008080607400385,0.8812761463705528,0.9903996323936398,5.980826431199363,0.5212667626058995
mutation,23,422,40768,0,16,16,94,3722,0.90869140625,0.9905054454063111,3581,175,3280.6427125108794,0.8009381622341014,0.8814193209325307,0.9903996323936398,5.980826431199363,0.528797352626441
mutation,23,423,40864,0,20,20,96,3722,0.90869140625,0.9905054454063111,3581,175,3281.658214682303,0.8011860875689216,0.8816921587002426,0.9903996323936398,5.980826431199363,0.520003818784915
mutation,23,424,40960,0,20,20,94,3722,0.90869140625,0.9905054454063111,3581,175,3282.4980282694405,0.8013911201829689,0.8819177937317143,0.9903996323936398,5.980826431199363,0.5253414668770002
mutation,23,425,41056,0,15,15,94,3722,0.90869140625,0.9905054454063111,3581,175,3283.005533144387,0.8015150227403288,0.8820541464654451,0.9903996323936398,5.980826431199363,0.5217331525943804
mutation,23,426,41152,0,16,16,96,3722,0.90869140625,0.9905054454063111,3581,175,3283.8649406320255,0.8017248390214906,0.8822850458441767,0.9903996323936398,5.980826431199363,0.525923784430359
mutation,23,427,41248,0,12,12,95,3722,0.90869140625,0.9905054454063111,3581,175,3284.1782006544363,0.8018013185191495,0.8823692102779248,0.9903996323936398,5.980826431199363,0.5279226139646869
mutation,23,428,41344,0,17,17,96,3722,0.90869140625,0.9905054454063111,3581,175,3284.8447133407626,0.8019640413429596,0.8825482840786574,0.9903996323936398,5.980826431199363,0.5257887781861414
mutation,23,429,41440,0,28,28,95,3722,0.90869140625,0.9905054454063111,3581,175,3286.430996274683,0.8023513174498738,0.8829744750872335,0.9903996323936398,5.980826431199363,0.5303209471098992
mutation,23,430,41536,2,13,13,96,3724,0.9091796875,0.9910639486177045,3581,175,3288.670686970592,0.8028981169361797,0.8831016882305565,0.9903996323936398,5.980827151301003,0.5353057522372227
mutation,23,431,41632,0,14,14,95,3724,0.9091796875,0.9910639486177045,3581,175,3289.310678560566,0.8030543648829507,0.883273544189196,0.9903996323936398,5.980827151301003,0.5227519914037942
mutation,23,432,41728,1,18,18,94,3725,0.909423828125,0.9913432002234013,3581,175,3290.828801148049,0.8034250002802854,0.8834439734625635,0.9903996323936398,5.9808046640515125,0.5265753364075769
mutation,23,433,41824,0,16,16,95,3725,0.909423828125,0.9913432002234013,3581,175,3291.475200803104,0.8035828126960703,0.8836175035713031,0.9903996323936398,5.9808046640515125,0.5226553834260274
mutation,23,434,41920,0,11,11,93,3725,0.909423828125,0.9913432002234013,3581,175,3291.842529137515,0.8036724924652137,0.8837161152047021,0.9903996323936398,5.9808046640515125,0.5288765382950047
mutation,23,435,42016,0,23,23,95,3725,0.909423828125,0.9913432002234013,3581,175,3292.8903942179004,0.8039283189008546,0.8839974212665505,0.9903996323936398,5.9808046640515125,0.5247432623415604
mutation,23,436,42112,0,14,14,96,3725,0.909423828125,0.9913432002234013,3581,175,3293.6061885064582,0.8041030733658345,0.8841895808071029,0.9903996323936398,5.9808046640515125,0.5285358731598355
mutation,23,437,42208,0,9,9,95,3725,0.909423828125,0.9913432002234013,3581,175,3293.9436577305514,0.8041854633131229,0.8842801765719601,0.9903996323936398,5.9808046640515125,0.5285299920409603
mutation,23,438,42304,0,16,16,96,3725,0.909423828125,0.9913432002234013,3581,175,3294.938292800015,0.8044282941406287,0.8845471926979906,0.9903996323936398,5.9808046640515125,0.5252692641079739
mutation,23,439,42400,0,17,17,93,3725,0.909423828125,0.9913432002234013,3581,175,3295.6889477539735,0.8046115595102474,0.8847487108064358,0.9903996323936398,5.9808046640515125,0.526575623047109
mutation,23,440,42496,0,11,11,95,3725,0.909423828125,0.9913432002234013,3581,175,3296.3992390531557,0.8047849704719618,0.8849393930344043,0.9903996323936398,5.9808046640515125,0.5227674231042805
mutation,23,441,42592,0,11,11,95,3725,0.909423828125,0.9913432002234013,3581,175,3297.018464208755,0.8049361484884656,0.8851056279755047,0.9903996323936398,5.9808046640515125,0.5269366284650985
mutation,23,442,42688,1,17,17,94,3726,0.90966796875,0.991622451829098,3581,175,3298.4093088366326,0.8052757101651935,0.8852413603963051,0.9903996323936398,5.980835326851581,0.5249477826113631
mutation,23,443,42784,0,16,16,94,3726,0.90966796875,0.991622451829098,3581,175,3299.375684489757,0.8055116417211321,0.8855007204749751,0.9903996323936398,5.980835326851581,0.5285325553326959
mutation,23,444,42880,2,13,13,95,3728,0.91015625,0.9919017034347948,3581,176,3301.5795560821134,0.8060496963091097,0.8856168337130133,0.9903996323936398,5.980893735815904,0.5188258452669561
mutation,23,445,42976,0,11,11,94,3728,0.91015625,0.9919017034347948,3581,176,3301.942881702838,0.8061383988532319,0.8857142923022634,0.9903996323936398,5.980893735815904,0.525631482058128
mutation,23,446,43072,0,13,13,93,3728,0.91015625,0.9919017034347948,3581,176,3302.713442085759,0.8063265239467186,0.8859209876839483,0.9903996323936398,5.980893735815904,0.5311409631639432
mutation,23,447,43168,0,16,16,96,3728,0.91015625,0.9919017034347948,3581,176,3303.5771782936226,0.8065373970443415,0.8861526765809074,0.9903996323936398,5.980893735815904,0.5274427865207176
mutation,23,448,43264,0,10,10,96,3728,0.91015625,0.9919017034347948,3581,176,3304.3484406481207,0.8067256935176076,0.886359560259689,0.9903996323936398,5.980893735815904,0.5286193483116687
mutation,23,449,43360,0,9,9,96,3728,0.91015625,0.9919017034347948,3581,176,3304.7345130196218,0.8068199494676811,0.8864631204451775,0.9903996323936398,5.980893735815904,0.5244154535334768
mutation,23,450,43456,1,20,20,95,3729,0.910400390625,0.9921809550404915,3581,176,3306.8332993695576,0.8073323484788959,0.8867882272377468,0.9903996323936398,5.9808716701120765,0.5268313755177816
mutation,23,451,43552,0,15,15,96,3729,0.910400390625,0.9921809550404915,3581,176,3307.662067306749,0.8075346844010618,0.8870104766175245,0.9903996323936398,5.9808716701120765,0.5197128383582648
mutation,23,452,43648,1,19,19,96,3730,0.91064453125,0.9924602066461882,3581,176,3309.1254096221955,0.8078919457085438,0.8871649891748513,0.9903996323936398,5.980888757164547,0.5313672387672135
mutation,23,453,43744,1,12,12,96,3731,0.910888671875,0.9927394582518849,3581,176,3310.8269018199135,0.8083073490771273,0.8873832489466399,0.9903996323936398,5.980866911985195,0.5266753551464473
mutation,23,454,43840,1,21,21,96,3732,0.9111328125,0.9930187098575817,3581,176,3312.6128594599427,0.8087433738915876,0.8876240245069514,0.9903996323936398,5.980839045767581,0.5264552650028016
mutation,23,455,43936,1,16,16,94,3733,0.911376953125,0.9932979614632784,3581,176,3313.7797065189134,0.8090282486618441,0.8876988230696259,0.9903996323936398,5.980817432748379,0.5285396582120231
mutation,23,456,44032,0,11,11,94,3733,0.911376953125,0.9932979614632784,3581,176,3314.5370177975888,0.8092131391107394,0.8879016924183201,0.9903996323936398,5.980817432748379,0.5289237840414509
mutation,23,457,44128,0,16,16,94,3733,0.911376953125,0.9932979614632784,3581,176,3315.302490630071,0.8094000221264822,0.888106748092706,0.9903996323936398,5.980817432748379,0.5218226877484768
mutation,23,458,44224,0,17,17,96,3733,0.911376953125,0.9932979614632784,3581,176,3316.2765367966167,0.8096378263663615,0.888367676613077,0.9903996323936398,5.980817432748379,0.5327738924874501
mutation,23,459,44320,0,19,19,95,3733,0.911376953125,0.9932979614632784,3581,176,3317.3003395006635,0.8098877781984042,0.8886419339674962,0.9903996323936398,5.980817432748379,0.5275929289030821
mutation,23,460,44416,0,13,13,96,3733,0.911376953125,0.9932979614632784,3581,176,3318.102561207098,0.8100836331072017,0.8888568339692199,0.9903996323936398,5.980817432748379,0.5312485529376789
mutation,23,461,44512,0,10,10,94,3733,0.911376953125,0.9932979614632784,3581,176,3318.4253630159283,0.8101624421425606,0.8889433064602005,0.9903996323936398,5.980817432748379,0.533797884080438
mutation,23,462,44608,0,16,16,96,3733,0.911376953125,0.9932979614632784,3581,176,3319.2870481388914,0.810372814487034,0.8891741355850231,0.9903996323936398,5.980817432748379,0.5223579303178696
mutation,23,463,44704,2,12,12,94,3735,0.911865234375,0.9938564646746719,3581,176,3321.2088218897893,0.8108419975316868,0.889212535981202,0.9903996323936398,5.980888778831247,0.5283381160231695
mutation,23,464,44800,0,16,16,94,3735,0.911865234375,0.9938564646746719,3581,176,3321.8155404901127,0.8109901221899689,0.8893749773735241,0.9903996323936398,5.980888778831247,0.5133373056786976
mutation,23,465,44896,2,13,13,95,3737,0.912353515625,0.9944149678860653,3581,176,3323.6637728555606,0.8114413507948146,0.889393570472454,0.9903996323936398,5.980840167970414,0.5218829804964714
mutation,23,466,44992,1,19,19,94,3738,0.91259765625,0.9946942194917621,3581,176,3325.202390483415,0.811816989864115,0.8895672526707905,0.9903996323936398,5.98092502316753,0.5219138716628028
mutation,23,467,45088,0,15,15,95,3738,0.91259765625,0.9946942194917621,3581,176,3325.9704583973576,0.8120045064446674,0.8897727283031989,0.9903996323936398,5.98092502316753,0.525311805161272
mutation,23,468,45184,0,13,13,96,3738,0.91259765625,0.9946942194917621,3581,176,3326.6603873365248,0.8121729461270812,0.889957299983019,0.9903996323936398,5.98092502316753,0.5217933426397734
mutation,23,469,45280,0,13,13,95,3738,0.91259765625,0.9946942194917621,3581,176,3327.311985242559,0.8123320276471091,0.8901316172398499,0.9903996323936398,5.98092502316753,0.5186821339360146
mutation,23,470,45376,0,15,15,95,3738,0.91259765625,0.9946942194917621,3581,176,3328.2403646820267,0.8125586827836979,0.8903799798507295,0.9903996323936398,5.98092502316753,0.5256120778513556
mutation,23,471,45472,0,18,18,95,3738,0.91259765625,0.9946942194917621,3581,176,3328.7447961256303,0.812681834991609,0.8905149267323783,0.9903996323936398,5.98092502316753,0.5250201488258401
mutation,23,472,45568,0,16,16,96,3738,0.91259765625,0.9946942194917621,3581,176,3329.1934009340503,0.8127913576499146,0.8906349387196496,0.9903996323936398,5.98092502316753,0.530483748482686
mutation,23,473,45664,1,18,18,96,3739,0.912841796875,0.9949734710974588,3581,176,3330.774085310106,0.8131772669214126,0.8908194932629329,0.9903996323936398,5.980949875384635,0.5287060387796937
mutation,23,474,45760,0,10,10,93,3739,0.912841796875,0.9949734710974588,3581,176,3331.3317313483626,0.8133134109737213,0.8909686363595514,0.9903996323936398,5.980949875384635,0.524090718923414
mutation,23,475,45856,0,14,14,95,3739,0.912841796875,0.9949734710974588,3581,176,3331.9131151177417,0.8134553503705424,0.8911241281406103,0.9903996323936398,5.980949875384635,0.5251065535333166
mutation,23,476,45952,0,9,9,96,3739,0.912841796875,0.9949734710974588,3581,176,3332.2499477384863,0.8135375848970914,0.8912142144259123,0.9903996323936398,5.980949875384635,0.5281187102384771
mutation,23,477,46048,0,9,9,95,3739,0.912841796875,0.9949734710974588,3581,176,3332.9089243431335,0.8136984678572103,0.8913904585031114,0.9903996323936398,5.980949875384635,0.5242458245393553
mutation,23,478,46144,0,13,13,95,3739,0.912841796875,0.9949734710974588,3581,176,3333.4898593121657,0.8138402976836342,0.8915458302519833,0.9903996323936398,5.980949875384635,0.5325092861499308
mutation,23,479,46240,0,14,14,96,3739,0.912841796875,0.9949734710974588,3581,176,3333.8657332450566,0.8139320637805314,0.8916463581826843,0.9903996323936398,5.980949875384635,0.5275896635683932
mutation,23,480,46336,0,13,13,92,3739,0.912841796875,0.9949734710974588,3581,176,3334.468279488008,0.814079169796877,0.8918075098924868,0.9903996323936398,5.980949875384635,0.5239460952247671
mutation,23,481,46432,1,18,17,96,3740,0.9130859375,0.9952527227031556,3581,176,3336.078208408676,0.8144722188497744,0.8919995209648865,0.9903996323936398,5.980922872713489,0.5324648464502733
mutation,23,482,46528,1,13,13,95,3741,0.913330078125,0.9955319743088523,3581,176,3337.2474045986573,0.8147576671383441,0.892073617909291,0.9903996323936398,5.980934265568185,0.5269112339426436
mutation,23,483,46624,0,12,12,96,3741,0.913330078125,0.9955319743088523,3581,176,3337.6312680163965,0.8148513837930655,0.8921762277509747,0.9903996323936398,5.980934265568185,0.5228458992621028
mutation,23,484,46720,0,13,13,94,3741,0.913330078125,0.9955319743088523,3581,176,3338.181284579566,0.8149856651805581,0.8923232516919449,0.9903996323936398,5.980934265568185,0.5228666975234623
mutation,23,485,46816,0,9,9,96,3741,0.913330078125,0.9955319743088523,3581,176,3338.8273496700144,0.8151433959155309,0.8924959501924657,0.9903996323936398,5.980934265568185,0.5225432355604478
mutation,23,486,46912,0,14,14,91,3741,0.913330078125,0.9955319743088523,3581,176,3339.3307978946073,0.8152663080797381,0.8926305260343778,0.9903996323936398,5.980934265568185,0.5336937046371129
mutation,23,487,47008,1,18,18,94,3742,0.91357421875,0.995811225914549,3581,176,3340.8382544316755,0.8156343394608583,0.8927948301527727,0.9903996323936398,5.980913607603005,0.5234388581803742
mutation,23,488,47104,0,10,10,96,3742,0.91357421875,0.995811225914549,3581,176,3341.576796896225,0.8158146476797424,0.8929921958568212,0.9903996323936398,5.980913607603005,0.5263363144751568
mutation,23,489,47200,2,15,15,94,3744,0.9140625,0.9963697291259425,3581,176,3343.6675451831998,0.8163250842732421,0.8930735964698717,0.9903996323936398,5.980912289570734,0.5310914836403409
mutation,23,490,47296,0,16,16,96,3744,0.9140625,0.9963697291259425,3581,176,3344.2414218001695,0.816465190869182,0.8932268754808145,0.9903996323936398,5.980912289570734,0.5273372093967259
mutation,23,491,47392,2,16,16,92,3746,0.91455078125,0.9966489807316392,3581,177,3346.345477521149,0.8169788763479368,0.8933116597760675,0.9903996323936398,5.980897749727041,0.5175548053698767
mutation,23,492,47488,0,15,15,96,3746,0.91455078125,0.9966489807316392,3581,177,3346.9279157749706,0.8171210731872487,0.8934671424919837,0.9903996323936398,5.980897749727041,0.5225222666611842
mutation,23,493,47584,0,14,14,94,3746,0.91455078125,0.9966489807316392,3581,177,3347.173556326047,0.8171810440249139,0.8935327165846362,0.9903996323936398,5.980897749727041,0.5280079037122012
mutation,23,494,47680,0,16,16,94,3746,0.91455078125,0.9966489807316392,3581,177,3347.595777878709,0.8172841254586692,0.8936454292254963,0.9903996323936398,5.980897749727041,0.5316005778657742
mutation,23,495,47776,0,12,12,95,3746,0.91455078125,0.9966489807316392,3581,177,3347.944702738094,0.8173693121919174,0.8937385752103828,0.9903996323936398,5.980897749727041,0.5280258817179058
mutation,23,496,47872,0,11,11,95,3746,0.91455078125,0.9966489807316392,3581,177,3348.3150009243486,0.817459717022546,0.8938374268351171,0.9903996323936398,5.980897749727041,0.5260360168446673
mutation,23,497,47968,0,11,11,94,3746,0.91455078125,0.9966489807316392,3581,177,3348.652724264582,0.8175421690099077,0.8939275825586177,0.9903996323936398,5.980897749727041,0.5178088411511041
mutation,23,498,48064,0,7,7,94,3746,0.91455078125,0.9966489807316392,3581,177,3348.930112977776,0.8176098908637148,0.8940016318680661,0.9903996323936398,5.980897749727041,0.5267106894756162
mutation,23,499,48160,0,20,20,95,3746,0.91455078125,0.9966489807316392,3581,177,3349.711125863412,0.817800567837747,0.8942101243628969,0.9903996323936398,5.980897749727041,0.5305689340454522
mutation,23,500,48256,0,10,10,96,3746,0.91455078125,0.9966489807316392,3581,177,3350.2324631387055,0.817927847445973,0.8943492960861467,0.9903996323936398,5.980897749727041,0.5265350511181746
mutation,7,0,256,178,206,178,0,178,0.04345703125,0.04803127617983803,3581,6,78.12671043228886,0.019073903914133022,0.43891410355218463,0.9386492905255521,4.319412133764658,0.4101749784786113
mutation,7,1,352,59,74,72,70,237,0.057861328125,0.06366936609885507,3581,9,109.01803425650755,0.026615731019655163,0.45999170572366055,0.9386492905255521,4.4795857803880414,0.43516771701732093
mutation,7,2,448,58,70,69,76,295,0.072021484375,0.07846970120078191,3581,14,141.78068695452717,0.03461442552600761,0.48061249815093954,0.9386492905255521,4.59093025757439,0.44296793135026746
mutation,7,3,544,57,74,71,85,352,0.0859375,0.09327003630270873,3581,18,173.92422569452185,0.042461969163701624,0.49410291390489164,0.9386492905255521,4.66694379411387,0.44107778484061755
mutation,7,4,640,58,73,73,85,410,0.10009765625,0.10807037140463557,3581,23,210.53568886190766,0.051400314663551674,0.5135016801509943,0.9386492905255521,4.74744625472269,0.44705662450692996
mutation,7,5,736,46,70,69,80,456,0.111328125,0.11951968723820162,3581,28,239.38722492588568,0.05844414671042131,0.5249719844865914,0.9386492905255521,4.863960055874809,0.4503887074741949
mutation,7,6,832,51,74,72,91,507,0.123779296875,0.1329237643116448,3581,31,273.39130348466955,0.0667459237023119,0.5392333402064489,0.9386492905255521,4.961978886225673,0.45663207394188754
mutation,7,7,928,39,62,62,89,546,0.13330078125,0.14353532532812063,3581,32,300.638821075176,0.07339814967655664,0.5506205514197362,0.9386492905255521,5.005306949735089,0.45753064928661386
mutation,7,8,1024,32,63,62,90,578,0.14111328125,0.15163362189332588,3581,35,323.12327535391336,0.0788875183969515,0.5590368085707843,0.9386492905255521,5.034378753260714,0.4663972504132641
mutation,7,9,1120,43,64,63,90,621,0.151611328125,0.16252443451549847,3581,39,351.3873842682294,0.0857879356123607,0.5658411984995643,0.9386492905255521,5.108479190877692,0.4628431093874017
mutation,7,10,1216,42,67,67,87,663,0.161865234375,0.17341524713767104,3581,42,381.7465487447786,0.09319984100214321,0.5757866496904654,0.9386492905255521,5.1767029523428025,0.466704446314266
mutation,7,11,1312,43,65,65,93,706,0.17236328125,0.18514381457693382,3581,43,411.0207480838503,0.10034686232515877,0.5821823627250005,0.9386492905255521,5.228531226642236,0.47547587493541565
mutation,7,12,1408,30,60,59,90,736,0.1796875,0.19296285953644232,3581,45,432.95729502951104,0.10570246460681422,0.5882571943335748,0.9386492905255521,5.263358156779297,0.4792582330534761
mutation,7,13,1504,38,57,57,84,774,0.18896484375,0.20329516894722144,3581,46,459.2501932734999,0.11212162921716307,0.5933465029373384,0.9386492905255521,5.297461877242773,0.49032866598486075
mutation,7,14,1600,36,60,60,91,810,0.19775390625,0.21306897514660708,3581,47,484.35536898601015,0.11825082250635013,0.5979695913407532,0.9386492905255521,5.320039595727257,0.4861560971433546
mutation,7,15,1696,36,60,60,89,846,0.20654296875,0.22312203295168948,3581,47,509.83913474831,0.12447244500691163,0.6026467313809811,0.9386492905255521,5.339749270387771,0.4859700983453878
mutation,7,16,1792,39,59,55,91,885,0.216064453125,0.23373359396816532,3581,48,536.5078037392494,0.1309833505222777,0.6062235070499994,0.9386492905255521,5.3789781327647255,0.4918593343025749
mutation,7,17,1888,39,66,65,88,924,0.2255859375,0.24350740016755096,3581,52,564.7592276046691,0.13788067080192118,0.6112112852864384,0.9386492905255521,5.40652833265916,0.4858898541071366
mutation,7,18,1984,36,64,62,92,960,0.234375,0.25328120636693663,3581,53,592.364507019391,0.144620240971531,0.6170463614785323,0.9386492905255521,5.441270671567954,0.4891831750289436
mutation,7,19,2080,24,51,51,92,984,0.240234375,0.2599832449036582,3581,53,614.2916098153214,0.1499735375525687,0.6242800912757331,0.9619693040379519,5.461823635524521,0.49929271482053394
mutation,7,20,2176,30,56,55,93,1014,0.24755859375,0.2683607930745602,3581,53,637.9310457624426,0.15574488421934635,0.6291233192923498,0.9619693040379519,5.4743913654902405,0.4965989291322342
mutation,7,21,2272,32,64,64,93,1046,0.25537109375,0.2761798380340687,3581,57,662.7418669138723,0.1618022136020196,0.6335964310840079,0.9619693040379519,5.502744446041776,0.5007973464693287
mutation,7,22,2368,32,50,50,94,1078,0.26318359375,0.2848366378106674,3581,58,686.6701909174449,0.16764408957945431,0.6369853348028246,0.9619693040379519,5.5283804110876655,0.5084163271783791
mutation,7,23,2464,41,63,62,92,1119,0.273193359375,0.29572745043284,3581,60,715.0571400040209,0.17457449707129416,0.6390144235960866,0.9619693040379519,5.543685032342532,0.5049904726668724
mutation,7,24,2560,35,61,60,90,1154,0.28173828125,0.3052220050265289,3581,61,741.2425096970724,0.1809674095940118,0.6423245317998894,0.9619693040379519,5.557333967799112,0.5090769894449686
mutation,7,25,2656,32,48,47,91,1186,0.28955078125,0.31387880480312763,3581,62,765.118914907878,0.18679661008493115,0.6451255606305886,0.9619693040379519,5.579246800721323,0.5031316214924175
mutation,7,26,2752,36,57,57,89,1222,0.29833984375,0.3230941077911198,3581,65,789.488433198942,0.19274619951146044,0.6460625476259754,0.9619693040379519,5.600305236261162,0.49979566516589147
mutation,7,27,2848,29,57,57,93,1251,0.305419921875,0.3311924043563251,3581,65,811.1605337971416,0.19803723969656778,0.6484096992782906,0.9619693040379519,5.61685044602445,0.514044264251436
mutation,7,28,2944,31,56,55,94,1282,0.31298828125,0.33956995252722705,3581,66,835.1328552605564,0.20388985724134678,0.6514296842906057,0.9619693040379519,5.631982297280134,0.5041451556787651
mutation,7,29,3040,35,57,57,93,1317,0.321533203125,0.34934375872661266,3581,66,861.479984029858,0.21032226172603954,0.6541229947075611,0.9619693040379519,5.648837393931943,0.5088393640595994
mutation,7,30,3136,27,55,54,90,1344,0.328125,0.356325048869031,3581,68,883.8616750502595,0.21578654176031725,0.6576351748885859,0.9619693040379519,5.65652768827046,0.5075363143179036
mutation,7,31,3232,27,47,46,91,1371,0.334716796875,0.3633063390114493,3581,70,904.1652716177764,0.2207434745160587,0.6594932688678165,0.9619693040379519,5.669291517296144,0.5014490877447255
mutation,7,32,3328,31,59,57,95,1402,0.34228515625,0.3708461323652611,3581,74,927.5349426829141,0.22644896061594583,0.6615798449949458,0.9619693040379519,5.683348446325554,0.5103384262639902
mutation,7,33,3424,19,40,40,93,1421,0.346923828125,0.3758726612678023,3581,75,942.0038028929074,0.22998139719065122,0.662916117447507,0.9625512525279858,5.692200241066748,0.5065899944297418
mutation,7,34,3520,31,56,54,92,1452,0.3544921875,0.384529461044401,3581,75,964.0428215806803,0.23536201698747078,0.6639413371767771,0.9625512525279858,5.708336269900737,0.5126375568973084
mutation,7,35,3616,29,46,46,94,1481,0.361572265625,0.3926277576096063,3581,75,985.6744830166303,0.24064318433023202,0.6655465786742947,0.9635571623393308,5.71901540311739,0.5085085500454681
mutation,7,36,3712,25,49,48,92,1506,0.36767578125,0.39932979614632785,3581,76,1005.9978943632509,0.24560495467852805,0.6679932897498346,0.9635571623393308,5.726682657964363,0.5171817593593748
mutation,7,37,3808,23,49,49,92,1529,0.373291015625,0.40519407986595923,3581,78,1022.9841744901249,0.24975199572512816,0.6690543979660726,0.9635571623393308,5.730695727329364,0.5156293292883171
mutation,7,38,3904,29,49,49,95,1558,0.38037109375,0.41329237643116445,3581,78,1044.27120898427,0.2549490256309253,0.6702639338795058,0.9635571623393308,5.739628817547377,0.5245591124461602
mutation,7,39,4000,14,38,38,91,1572,0.3837890625,0.41720189891091874,3581,78,1055.9387449000553,0.25779754514161507,0.6717167588422743,0.9635571623393308,5.739652315827527,0.5121724974847959
mutation,7,40,4096,35,62,62,96,1607,0.392333984375,0.4264172018989109,3581,80,1084.0941212853722,0.2646714163294366,0.6746074183480848,0.9635571623393308,5.753521705716711,0.5239225682346389
mutation,7,41,4192,16,47,46,91,1623,0.396240234375,0.4306059759843619,3581,81,1099.8573100533777,0.2685198510872504,0.6776693222756486,0.9635571623393308,5.758830876015921,0.5147605714310872
mutation,7,42,4288,35,51,50,95,1658,0.40478515625,0.4395420273666574,3581,84,1124.5824142879478,0.2745562534882685,0.6782764863015367,0.9635571623393308,5.766631505242266,0.5116500285466224
mutation,7,43,4384,31,45,45,94,1689,0.412353515625,0.44791957553755934,3581,85,1148.2676265032403,0.28033877600176765,0.6798505781546715,0.9635571623393308,5.773771706803108,0.5161278602207025
mutation,7,44,4480,16,44,44,91,1705,0.416259765625,0.4518290980173136,3581,87,1162.9889945838518,0.2839328600058232,0.6821049821606169,0.9635571623393308,5.780635343058844,0.5200500104265828
mutation,7,45,4576,24,46,46,93,1729,0.422119140625,0.45825188494833846,3581,88,1181.8254786476136,0.28853161099795255,0.6835312195764104,0.9635571623393308,5.78839365621408,0.5170809182866098
mutation,7,46,4672,22,43,43,93,1751,0.427490234375,0.4638369170622731,3581,90,1200.5797582421364,0.2931102925395841,0.6856537739818026,0.9635571623393308,5.795746276578656,0.5217884129296373
mutation,7,47,4768,29,48,48,95,1780,0.4345703125,0.4716559620217816,3581,91,1222.0014544213304,0.2983401988333326,0.6865176710232194,0.9635571623393308,5.802772924822657,0.5203009946742102
mutation,7,48,4864,28,52,52,91,1808,0.44140625,0.4789165037698967,3581,93,1244.5611530608576,0.30384793775899843,0.6883634696133062,0.9635571623393308,5.80951645667041,0.5150256960768026
mutation,7,49,4960,25,40,40,95,1833,0.447509765625,0.48589779391231497,3581,93,1263.393481223743,0.3084456741268904,0.689249035037503,0.9635571623393308,5.813785900175919,0.5175031025998467
mutation,7,50,5056,24,55,54,91,1857,0.453369140625,0.4925998324490366,3581,93,1282.4317468247293,0.3130936881896312,0.6905932939282333,0.9635571623393308,5.816486247560297,0.5234998915321751
mutation,7,51,5152,27,52,52,91,1884,0.4599609375,0.4995811225914549,3581,95,1302.9901459143284,0.31811282859236534,0.691608357703996,0.9635571623393308,5.822065478389811,0.5177491464355121
mutation,7,52,5248,27,50,49,90,1911,0.466552734375,0.5065624127338733,3581,97,1323.6145193780508,0.3231480760200319,0.6926292618409475,0.9635571623393308,5.828383796073631,0.5246399983571801
mutation,7,53,5344,18,45,45,92,1929,0.470947265625,0.5110304384250209,3581,99,1338.3349575363582,0.32674193299227494,0.6937972822894547,0.9900871424363702,5.8320233983997944,0.5207175205815401
mutation,7,54,5440,21,47,47,91,1950,0.47607421875,0.5168947221446524,3581,99,1355.3290394013252,0.33089087876008916,0.6950405330263206,0.9900871424363702,5.8338861157550586,0.5192926425022596
mutation,7,55,5536,23,43,43,93,1973,0.481689453125,0.5233175090756772,3581,99,1374.0094696754636,0.33545153068248623,0.696406218791416,0.9900871424363702,5.838812841982298,0.5255183032775548
mutation,7,56,5632,21,43,43,94,1994,0.48681640625,0.5289025411896119,3581,100,1389.487203538588,0.33923027430141306,0.6968341040815386,0.9900871424363702,5.843622319731506,0.5157307133615476
mutation,7,57,5728,21,45,45,93,2015,0.491943359375,0.5342083216978497,3581,102,1407.369415375722,0.34359604867571336,0.6984463599879513,0.9900871424363702,5.8468485520542774,0.5307792789257436
mutation,7,58,5824,23,43,43,93,2038,0.49755859375,0.5406311086288746,3581,102,1427.0460518549562,0.3483999150036514,0.700218867446004,0.9900871424363702,5.850951676447182,0.5253884825433611
mutation,7,59,5920,17,34,34,94,2055,0.501708984375,0.5450991343200223,3581,103,1440.348706050585,0.3516476333131311,0.7008996136499197,0.9900871424363702,5.852728967659269,0.5210076727542283
mutation,7,60,6016,22,43,43,90,2077,0.507080078125,0.5512426696453505,3581,103,1457.7880618790448,0.35590528854468867,0.7018719604617452,0.9900871424363702,5.856960602441201,0.5130118660613696
mutation,7,61,6112,21,45,45,96,2098,0.51220703125,0.5568277017592851,3581,104,1475.265391738572,0.3601722147799248,0.7031770218010353,0.9900871424363702,5.862489162642156,0.5203387410792238
mutation,7,62,6208,22,49,49,94,2120,0.517578125,0.5629712370846133,3581,104,1494.2213293255415,0.36480012922986854,0.7048213817573309,0.9900871424363702,5.8668839935698776,0.5274621379540212
mutation,7,63,6304,26,49,49,92,2146,0.52392578125,0.5693940240156381,3581,107,1514.9022499122755,0.3698491821074891,0.7059190353738469,0.9900871424363702,5.8715131253735695,0.5190228510161884
mutation,7,64,6400,18,47,47,94,2164,0.5283203125,0.5744205529181793,3581,107,1532.528816969138,0.37415254320535596,0.708192614126219,0.9900871424363702,5.877079109699025,0.5222956061945283
mutation,7,65,6496,22,46,46,95,2186,0.53369140625,0.5805640882435074,3581,107,1551.6625511601708,0.37882386502933857,0.7098181844282574,0.9900871424363702,5.879464138018561,0.5258834771476201
mutation,7,66,6592,20,45,45,95,2206,0.53857421875,0.5858698687517453,3581,108,1568.4367839360752,0.38291913670314337,0.710986756090696,0.9900871424363702,5.881591829215358,0.526831494986056
mutation,7,67,6688,15,40,40,95,2221,0.542236328125,0.5892208880201061,3581,111,1581.8903799045986,0.38620370603139614,0.7122424042794231,0.9900871424363702,5.883681448392186,0.531429995382055
mutation,7,68,6784,22,41,41,93,2243,0.547607421875,0.5953644233454343,3581,111,1599.4657891034656,0.3904945774178383,0.7130921930911572,0.9900871424363702,5.888352537864474,0.5286022209520871
mutation,7,69,6880,23,43,43,96,2266,0.55322265625,0.6017872102764591,3581,111,1619.0067283680148,0.39526531454297237,0.7144778148137753,0.9900871424363702,5.8917123592127965,0.5227467422332006
mutation,7,70,6976,18,41,41,95,2284,0.5576171875,0.6065344875733035,3581,112,1634.097123993682,0.39894949316252004,0.7154540823089677,0.9900871424363702,5.894222498828938,0.5272546728386127
mutation,7,71,7072,19,49,48,95,2303,0.562255859375,0.6118402680815415,3581,112,1650.7578050079228,0.4030170422382624,0.7167858467251076,0.9900871424363702,5.897004696978227,0.5200302644914105
mutation,7,72,7168,18,38,38,95,2321,0.566650390625,0.6163082937726891,3581,114,1665.6005567437728,0.40664076092377266,0.7176219546504837,0.9900871424363702,5.899895827692275,0.5227386922956092
mutation,7,73,7264,20,49,49,95,2341,0.571533203125,0.6216140742809271,3581,115,1683.406545034588,0.41098792603383494,0.7190971999293413,0.9900871424363702,5.9020245138002325,0.5287166773884137
mutation,7,74,7360,17,46,44,94,2358,0.57568359375,0.6260820999720749,3581,116,1698.748935486632,0.414733626827791,0.7204193958806752,0.9900871424363702,5.9046160271928105,0.5331784771490261
mutation,7,75,7456,22,56,56,95,2380,0.5810546875,0.6319463836917062,3581,117,1718.8674780928382,0.4196453803937593,0.7222132260894278,0.9900871424363702,5.907564826826576,0.5292959592921194
mutation,7,76,7552,16,34,34,94,2396,0.5849609375,0.636414409382854,3581,117,1732.2424625817466,0.42291075746624673,0.7229726471543183,0.9900871424363702,5.91201415536216,0.5302178238753184
mutation,7,77,7648,18,47,47,93,2414,0.58935546875,0.6411616866796984,3581,118,1747.8650845285542,0.42672487415247906,0.7240534732926902,0.9900871424363702,5.9150601334109325,0.5235411331113332
mutation,7,78,7744,25,52,51,93,2439,0.595458984375,0.64786372521642,3581,119,1768.1662164346951,0.43168120518425174,0.7249553982922079,0.9900871424363702,5.915645210406336,0.5237730406730419
mutation,7,79,7840,15,36,36,95,2454,0.59912109375,0.652052499301871,3581,119,1780.7013904367932,0.4347415503996077,0.725632188442051,0.9900871424363702,5.916146148032593,0.5292606732268144
mutation,7,80,7936,17,44,43,91,2471,0.603271484375,0.6567997765987155,3581,119,1795.2752217700886,0.43829961468996304,0.726537928680732,0.9900871424363702,5.918117787740895,0.5322542931089143
mutation,7,81,8032,12,41,41,93,2483,0.606201171875,0.6601507958670763,3581,119,1806.8140990351199,0.44111672339724606,0.7276738216009343,0.9900871424363702,5.918876917750637,0.5228934799641318
mutation,7,82,8128,19,45,45,95,2502,0.61083984375,0.6648980731639207,3581,121,1822.4504787348637,0.44493419890987884,0.7283974735151334,0.9900871424363702,5.920912545927376,0.5240877274384783
mutation,7,83,8224,13,36,35,93,2515,0.614013671875,0.6682490924322815,3581,122,1834.8451146893422,0.4479602330784527,0.7295606817850268,0.9900871424363702,5.9219260419648965,0.5316175911244403
mutation,7,84,8320,19,48,48,94,2534,0.61865234375,0.6735548729405194,3581,122,1852.046412357288,0.45215976864191604,0.7308786157684641,0.9900871424363702,5.923597857387601,0.5220690714667473
mutation,7,85,8416,14,46,45,95,2548,0.6220703125,0.6774643954202737,3581,122,1865.098681076588,0.4553463576847139,0.7319853536407331,0.9900871424363702,5.925051925065327,0.5240518903904166
mutation,7,86,8512,18,38,38,96,2566,0.62646484375,0.6822116727171181,3581,123,1879.310924895924,0.45881614377341895,0.732389292632862,0.9900871424363702,5.9266276248090595,0.5302213274244216
mutation,7,87,8608,18,41,41,94,2584,0.630859375,0.6872382016196593,3581,123,1894.7739152081685,0.4625912878926193,0.7332716390124491,0.9900871424363702,5.927439998519475,0.5278919130563011
mutation,7,88,8704,16,38,38,95,2600,0.634765625,0.691706227310807,3581,123,1909.0315679593796,0.4660721601463329,0.7342429107536075,0.9900871424363702,5.929252160404312,0.523455844151844
mutation,7,89,8800,13,33,33,96,2613,0.637939453125,0.6950572465791678,3581,124,1920.7325705882442,0.46892885024127057,0.7350679565971084,0.9900871424363702,5.930359642101317,0.5294656448024238
mutation,7,90,8896,11,36,36,95,2624,0.640625,0.6978497626361352,3581,125,1931.9123370167172,0.47165828540447197,0.7362470796557611,0.9900871424363702,5.932113412904055,0.5213352883109341
mutation,7,91,8992,16,42,42,93,2640,0.64453125,0.7023177883272829,3581,125,1946.3619972014435,0.47518603447300867,0.7372583322732741,0.9900871424363702,5.934216173156595,0.5328334853502301
mutation,7,92,9088,10,35,35,93,2650,0.64697265625,0.7051103043842503,3581,125,1956.691470761808,0.477707878603957,0.7383741399101162,0.9900871424363702,5.935784896913832,0.5268838024145208
mutation,7,93,9184,11,38,38,96,2661,0.649658203125,0.7079028204412176,3581,126,1968.5987379008368,0.4806149262453215,0.7397965944760755,0.9900871424363702,5.937514378931185,0.5250622527569708
mutation,7,94,9280,11,30,30,94,2672,0.65234375,0.7106953364981848,3581,127,1978.7145472623438,0.48308460626522065,0.740536881460458,0.9900871424363702,5.93809782525782,0.5307341605956934
mutation,7,95,9376,12,38,38,93,2684,0.6552734375,0.7140463557665456,3581,127,1990.488215145437,0.48595903690074144,0.7416125987874206,0.9900871424363702,5.938751875408292,0.5263739956522149
mutation,7,96,9472,12,41,41,91,2696,0.658203125,0.7171181234292097,3581,128,2001.7911384550853,0.48871853966188605,0.7425041314744382,0.9900871424363702,5.940028795852673,0.5327244650804945
mutation,7,97,9568,14,41,40,95,2710,0.66162109375,0.721027645908964,3581,128,2015.491015830134,0.4920632362866538,0.7437236220775403,0.9900871424363702,5.939899369075343,0.5278564436825526
mutation,7,98,9664,15,36,35,96,2725,0.665283203125,0.7249371683887182,3581,129,2028.3112549722664,0.4951931774834635,0.7443344054944097,0.9900871424363702,5.940807459504457,0.5313155546895829
mutation,7,99,9760,14,36,35,94,2739,0.668701171875,0.7285674392627758,3581,130,2041.3772419041534,0.4983831156992562,0.7453001978474456,0.9900871424363702,5.9417660490345465,0.527216010553367
mutation,7,100,9856,12,36,36,93,2751,0.671630859375,0.7319184585311366,3581,130,2053.403247803933,0.5013191522958821,0.7464206644143704,0.9900871424363702,5.943067745706238,0.5207147716604243
mutation,7,101,9952,13,31,31,94,2764,0.6748046875,0.7352694777994974,3581,131,2065.2099757882575,0.50420165424518,0.7471816120796879,0.9900871424363702,5.943289939930681,0.5266699231140592
mutation,7,102,10048,11,45,44,96,2775,0.677490234375,0.7377827422507679,3581,133,2076.836446111423,0.5070401479764216,0.7484095301302425,0.9900871424363702,5.944400468029204,0.5240814743366156
mutation,7,103,10144,10,34,34,96,2785,0.679931640625,0.7405752583077353,3581,133,2087.365325530329,0.5096106751783029,0.7495028098852168,0.9900871424363702,5.945008928761942,0.5286960455967842
mutation,7,104,10240,11,37,37,94,2796,0.6826171875,0.7433677743647026,3581,134,2097.8172833389226,0.5121624226901667,0.7502923044845932,0.9900871424363702,5.946362618110723,0.5345894244303271
mutation,7,105,10336,6,39,39,95,2802,0.68408203125,0.745043283998883,3581,134,2105.0222164007955,0.5139214395509755,0.7512570365456087,0.9900871424363702,5.946549727223503,0.5304192034623769
mutation,7,106,10432,10,30,30,95,2812,0.6865234375,0.7478358000558504,3581,134,2114.6664035495223,0.5162759774290826,0.7520150794984076,0.9900871424363702,5.947090742282951,0.5300721127382736
mutation,7,107,10528,14,42,41,93,2826,0.68994140625,0.7517453225356046,3581,134,2127.21064703086,0.5193385368727685,0.7527284667483581,0.9900871424363702,5.949001961537965,0.5214530449293169
mutation,7,108,10624,10,44,44,94,2836,0.6923828125,0.7542585869868752,3581,135,2138.3266246453813,0.5220523985950638,0.7539938732882163,0.9900871424363702,5.949520363252162,0.5330462527507163
mutation,7,109,10720,13,34,34,92,2849,0.695556640625,0.7578888578609327,3581,135,2149.5823120009227,0.5248003691408503,0.7545041460164699,0.9900871424363702,5.949842945471756,0.5273681823773358
mutation,7,110,10816,14,42,42,94,2863,0.698974609375,0.7617983803406869,3581,135,2163.0907867563537,0.5280983366104379,0.7555329328523764,0.9900871424363702,5.950291090724768,0.5304813129614798
mutation,7,111,10912,11,35,35,94,2874,0.70166015625,0.7643116447919576,3581,137,2173.1700635356297,0.5305590975428783,0.7561482475767675,0.9900871424363702,5.951688293748534,0.5306712162588546
mutation,7,112,11008,11,29,29,96,2885,0.704345703125,0.7671041608489249,3581,138,2183.493024891566,0.5330793517801675,0.7568433361842517,0.9900871424363702,5.952698657402694,0.5319881407550838
mutation,7,113,11104,13,38,38,96,2898,0.70751953125,0.7707344317229824,3581,138,2196.450680832285,0.5362428420000696,0.7579194895901604,0.9900871424363702,5.952951282470259,0.5296973144983388
mutation,7,114,11200,13,40,40,96,2911,0.710693359375,0.7740854509913432,3581,139,2208.3849458704735,0.5391564809254086,0.7586344712712035,0.9900871424363702,5.952776250821005,0.5284477923761406
mutation,7,115,11296,10,30,30,94,2921,0.713134765625,0.7765987154426138,3581,140,2217.390386328554,0.5413550747872447,0.7591202965862903,0.9900871424363702,5.9538411697085944,0.5279413161958656
mutation,7,116,11392,12,37,37,94,2933,0.716064453125,0.7799497347109746,3581,140,2228.505618566391,0.5440687545328103,0.7598041658937577,0.9900871424363702,5.954574274493246,0.523388549800168
mutation,7,117,11488,11,28,27,94,2944,0.71875,0.7830215023736387,3581,140,2237.4201702938203,0.5462451587631397,0.7599932643661075,0.9900871424363702,5.955056058420686,0.5312989413654605
mutation,7,118,11584,9,37,37,94,2953,0.720947265625,0.7855347668249092,3581,140,2247.673221746341,0.5487483451529153,0.7611490761078026,0.9900871424363702,5.955481582484756,0.5248191606379105
mutation,7,119,11680,7,33,33,93,2960,0.72265625,0.7874895280647863,3581,140,2254.991419109351,0.550535014430994,0.7618214253747808,0.9900871424363702,5.955903675367276,0.5240186856202445
mutation,7,120,11776,14,35,35,96,2974,0.72607421875,0.7908405473331471,3581,142,2267.349119681337,0.5535520311722014,0.7623904235646728,0.9900871424363702,5.956590609339411,0.5300830329538528
mutation,7,121,11872,8,34,34,93,2982,0.72802734375,0.7927953085730243,3581,143,2276.4257644043864,0.5557680088877897,0.7633889216647842,0.9900871424363702,5.95723622936367,0.5222973513030739
mutation,7,122,11968,11,37,37,94,2993,0.730712890625,0.7958670762356883,3581,143,2286.918157020843,0.5583296281789167,0.7640889265021192,0.9900871424363702,5.957449628693589,0.5289638217189879
mutation,7,123,12064,6,41,41,95,2999,0.732177734375,0.7975425858698687,3581,143,2293.9326669923967,0.5600421550274406,0.7648991887270412,0.9900871424363702,5.957856987473992,0.5313048048075746
mutation,7,124,12160,8,39,39,95,3007,0.734130859375,0.7994973471097458,3581,144,2303.099049733767,0.562280041438908,0.7659125539520343,0.9900871424363702,5.958037225182371,0.5305481638108045
mutation,7,125,12256,6,25,25,93,3013,0.735595703125,0.8011728567439262,3581,144,2309.1276869350045,0.5637518766931163,0.7663882133869911,0.9900871424363702,5.958407783519605,0.5279284565537835
mutation,7,126,12352,15,36,36,93,3028,0.7392578125,0.8050823792236805,3581,145,2322.2695755751947,0.5669603455994128,0.7669318281291925,0.9900871424363702,5.959086810856246,0.5303940042221973
mutation,7,127,12448,8,28,28,94,3036,0.7412109375,0.8070371404635577,3581,146,2329.531764725256,0.5687333409973769,0.7673029528080553,0.9900871424363702,5.959326927689228,0.5259321350131849
mutation,7,128,12544,9,40,40,92,3045,0.743408203125,0.8095504049148282,3581,146,2339.7508011299965,0.571228222932128,0.7683910676945801,0.9900871424363702,5.959853127179864,0.531420309241813
mutation,7,129,12640,8,36,36,95,3053,0.745361328125,0.8115051661547054,3581,147,2348.273035676897,0.5733088466008049,0.7691690257703561,0.9900871424363702,5.96070464096592,0.5221599753588563
mutation,7,130,12736,12,38,38,95,3065,0.748291015625,0.8145769338173694,3581,148,2359.999646570982,0.5761717887136186,0.7699835714750348,0.9900871424363702,5.961255114248374,0.529725151013402
mutation,7,131,12832,9,32,31,96,3074,0.75048828125,0.8168109466629433,3581,149,2368.62703211201,0.5782780840117212,0.7705357944411223,0.9900871424363702,5.962087010346462,0.5256580372275714
mutation,7,132,12928,14,42,42,96,3088,0.75390625,0.8204412175370008,3581,150,2380.9683812115995,0.5812911086942382,0.7710389835529792,0.9900871424363702,5.962910913688349,0.5357426413464115
mutation,7,133,13024,9,26,26,95,3097,0.756103515625,0.8229544819882715,3581,150,2389.382256984109,0.583345277584011,0.7715150975085919,0.9900871424363702,5.9633792856136925,0.5287525751789002
mutation,7,134,13120,9,35,35,93,3106,0.75830078125,0.825467746439542,3581,150,2397.7981720871235,0.5853999443572079,0.7719891088496856,0.9900871424363702,5.964245814249049,0.5323363714243301
mutation,7,135,13216,4,30,30,95,3110,0.75927734375,0.8265847528623289,3581,150,2403.3523307041014,0.586755940113306,0.7727820999048558,0.9900871424363702,5.964274614166431,0.5226359282222113
mutation,7,136,13312,9,37,37,95,3119,0.761474609375,0.8290980173135996,3581,150,2412.694749381758,0.5890368040482807,0.7735475310618012,0.9900871424363702,5.965095847980276,0.5304927063062413
mutation,7,137,13408,9,35,35,94,3128,0.763671875,0.8313320301591735,3581,151,2421.4302034942552,0.5911694832749647,0.7741145151835854,0.9900871424363702,5.965177386828925,0.5338135590075208
mutation,7,138,13504,10,40,39,94,3138,0.76611328125,0.8341245462161407,3581,151,2430.4620554277217,0.5933745252509086,0.7745258302828941,0.9900871424363702,5.9656536849344555,0.5382693087160866
mutation,7,139,13600,11,34,34,96,3149,0.768798828125,0.836917062273108,3581,152,2441.0672496868847,0.5959636840055871,0.7751880754801158,0.9900871424363702,5.966260428163993,0.5271788418968211
mutation,7,140,13696,10,30,30,94,3159,0.771240234375,0.8397095783300754,3581,152,2450.2089445399606,0.5981955431005763,0.7756280292940679,0.9900871424363702,5.967081146429628,0.5195059454212609
mutation,7,141,13792,5,26,26,94,3164,0.7724609375,0.8411058363585591,3581,152,2455.6139800110814,0.5995151318386429,0.7761106131514164,0.9900871424363702,5.9672088165867265,0.5184580376533667
mutation,7,142,13888,5,25,25,93,3169,0.773681640625,0.8425020943870427,3581,152,2461.056751721616,0.6008439335257851,0.7766035821147416,0.9900871424363702,5.967254668624852,0.5241395967411102
mutation,7,143,13984,5,22,22,96,3174,0.77490234375,0.8438983524155264,3581,152,2466.4423819419953,0.6021587846538075,0.7770769949407673,0.9900871424363702,5.967639413825496,0.5243095882179181
mutation,7,144,14080,3,31,31,92,3177,0.775634765625,0.8444568556269199,3581,153,2471.379562887553,0.603364151095594,0.7778972498859154,0.9900871424363702,5.967696590256015,0.5248042949801182
mutation,7,145,14176,7,28,28,96,3184,0.77734375,0.846411616866797,3581,153,2477.7234837791752,0.6049129599070252,0.77817948611155,0.9900871424363702,5.968077011777328,0.5316236959403509
mutation,7,146,14272,3,32,32,94,3187,0.778076171875,0.8472493716838871,3581,153,2482.627814422221,0.6061103062554251,0.7789858219084471,0.9900871424363702,5.968234499792471,0.532776619122481
mutation,7,147,14368,7,24,24,96,3194,0.77978515625,0.8492041329237643,3581,153,2489.15630648587,0.6077041763881519,0.7793225756060959,0.9900871424363702,5.968528001368645,0.5283932544814676
mutation,7,148,14464,8,40,40,96,3202,0.78173828125,0.8514381457693382,3581,153,2497.9047535716995,0.6098400277274657,0.7801076681985321,0.9900871424363702,5.968898277965717,0.5298398263249311
mutation,7,149,14560,3,27,27,95,3205,0.782470703125,0.8522759005864283,3581,153,2502.447029254965,0.6109489817517004,0.7807947049157457,0.9900871424363702,5.969111880721064,0.5280311681528986
mutation,7,150,14656,7,30,30,95,3212,0.7841796875,0.8542306618263055,3581,153,2509.15934131716,0.6125877298137598,0.7811828584424533,0.9900871424363702,5.96931437277035,0.5326645412642319
mutation,7,151,14752,3,35,35,95,3215,0.784912109375,0.8550684166433957,3581,153,2514.6020796508865,0.6139165233522672,0.7821468365943659,0.9900871424363702,5.9694185467490914,0.5294938068504931
mutation,7,152,14848,8,36,36,96,3223,0.786865234375,0.8573024294889695,3581,153,2522.4826230234066,0.6158404841365739,0.7826505190888634,0.9900871424363702,5.969803071022296,0.5316589936933747
mutation,7,153,14944,6,30,30,93,3229,0.788330078125,0.8589779391231499,3581,153,2529.271839120419,0.6174980075977585,0.7832988043110619,0.9900871424363702,5.970002312753877,0.5307271927456156
mutation,7,154,15040,7,28,28,95,3236,0.7900390625,0.860932700363027,3581,153,2537.0974160779706,0.6194085488471608,0.7840226872923272,0.9900871424363702,5.9699902766568655,0.5355910313515765
mutation,7,155,15136,6,32,32,93,3242,0.79150390625,0.8626082099972074,3581,153,2544.463702688535,0.6212069586641931,0.7848438317978207,0.9900871424363702,5.970220720056908,0.530794674491985
mutation,7,156,15232,5,24,24,93,3247,0.792724609375,0.8640044680256912,3581,153,2549.8996049870348,0.6225340832487878,0.7853093948220002,0.9900871424363702,5.970492332906632,0.5304821725715436
mutation,7,157,15328,6,28,28,95,3253,0.794189453125,0.8656799776598716,3581,153,2555.966481040706,0.6240152541603287,0.7857259394530298,0.9905647704305285,5.97069192367659,0.5344684645268393
mutation,7,158,15424,3,24,24,96,3256,0.794921875,0.8665177324769617,3581,153,2560.3123590720297,0.6250762595390698,0.7863367196167167,0.9905647704305285,5.9708723264718335,0.5380501415663074
mutation,7,159,15520,9,33,33,95,3265,0.797119140625,0.8690309969282324,3581,153,2569.5231578461726,0.6273249897085382,0.7869902474260866,0.9905647704305285,5.971325849851799,0.538183756691337
mutation,7,160,15616,4,39,39,96,3269,0.798095703125,0.8698687517453225,3581,154,2575.7484065660346,0.6288448258217858,0.7879316018862144,0.9905647704305285,5.971435050855136,0.5276229651248838
mutation,7,161,15712,4,27,27,94,3273,0.799072265625,0.8709857581681094,3581,154,2580.482968607261,0.630000724757632,0.7884152058072902,0.9905647704305285,5.971677745013635,0.5335756998959935
mutation,7,162,15808,10,30,30,95,3283,0.801513671875,0.8737782742250768,3581,154,2590.350123734127,0.6324096981772771,0.7890192274548057,0.9905647704305285,5.972043198889797,0.5244979811709473
mutation,7,163,15904,5,30,30,96,3288,0.802734375,0.8751745322535605,3581,154,2596.1005738455738,0.633813616661517,0.7895683010479239,0.9905647704305285,5.971957998575742,0.526748313181871
mutation,7,164,16000,7,29,29,95,3295,0.804443359375,0.8768500418877408,3581,155,2602.7607545416568,0.6354396373392717,0.7899122168563449,0.9905647704305285,5.9721809425495405,0.5384538986918881
mutation,7,165,16096,4,26,26,93,3299,0.805419921875,0.8779670483105277,3581,155,2608.3795178233136,0.6368114057185824,0.7906576289249208,0.9905647704305285,5.972199381719196,0.5239701748830248
mutation,7,166,16192,3,20,20,96,3302,0.80615234375,0.8785255515219212,3581,156,2612.3167614608346,0.6377726468410241,0.7911316660995865,0.9905647704305285,5.9722254833021555,0.5305405182219075
mutation,7,167,16288,3,24,24,94,3305,0.806884765625,0.8793633063390115,3581,156,2616.47758705859,0.6387884734029761,0.7916724923021452,0.9905647704305285,5.972360350362829,0.526447337034532
mutation,7,168,16384,6,30,30,96,3311,0.808349609375,0.8810388159731919,3581,156,2623.176652864848,0.6404239875158321,0.7922611455345359,0.9905647704305285,5.972702936367385,0.5317817594496365
mutation,7,169,16480,3,21,20,95,3314,0.80908203125,0.881876570790282,3581,156,2626.9223755012317,0.6413384705813554,0.7926742231446082,0.9905647704305285,5.972727404959134,0.521379665610161
mutation,7,170,16576,6,25,25,94,3320,0.810546875,0.8832728288187657,3581,157,2633.44691853135,0.6429313765945679,0.7932069031720934,0.9905647704305285,5.9728552120472465,0.5209781953750736
mutation,7,171,16672,4,36,36,93,3324,0.8115234375,0.8843898352415527,3581,157,2639.2706898931806,0.6443531957747023,0.7940044193421121,0.9905647704305285,5.973072847033804,0.5285405764117219
mutation,7,172,16768,3,22,22,95,3327,0.812255859375,0.8849483384529461,3581,158,2643.0616670264044,0.6452787273013683,0.7944279131428928,0.9905647704305285,5.973237420711485,0.5277081304277924
mutation,7,173,16864,4,31,31,94,3331,0.813232421875,0.8860653448757331,3581,158,2648.1293003698074,0.6465159424730975,0.7949952868117104,0.9905647704305285,5.973506697516395,0.5326790540114
mutation,7,174,16960,4,24,24,92,3335,0.814208984375,0.88718235129852,3581,158,2652.755190795828,0.6476453102528877,0.7954288428173398,0.9905647704305285,5.973936199710764,0.526491010520121
mutation,7,175,17056,6,32,32,96,3341,0.815673828125,0.8888578609327004,3581,158,2659.0801498732303,0.6491894897151441,0.7958934899351183,0.9905647704305285,5.974107559900267,0.5353288338118909
mutation,7,176,17152,2,24,24,95,3343,0.816162109375,0.8894163641440939,3581,158,2663.0060554754036,0.6501479627625497,0.7965917007105605,0.9905647704305285,5.974196947683529,0.5246821684571097
mutation,7,177,17248,5,29,29,93,3348,0.8173828125,0.8908126221725775,3581,158,2669.4915996746563,0.6517313475768204,0.7973391874774959,0.9905647704305285,5.974392175370447,0.528407538329294
mutation,7,178,17344,5,32,32,93,3353,0.818603515625,0.8922088802010611,3581,158,2675.3057483053176,0.6531508174573529,0.7978842076663637,0.9905647704305285,5.974543038593346,0.5209016961741755
mutation,7,179,17440,4,24,24,94,3357,0.819580078125,0.893325886623848,3581,158,2680.4900192421296,0.6544165086040356,0.7984778132982215,0.9905647704305285,5.974647220769807,0.5325471777780253
mutation,7,180,17536,2,21,21,95,3359,0.820068359375,0.8938843898352415,3581,158,2683.641429102132,0.6551858957768877,0.7989405862167704,0.9905647704305285,5.974687752259969,0.5273289657128104
mutation,7,181,17632,5,36,36,95,3364,0.8212890625,0.8952806478637252,3581,158,2689.625810768539,0.6566469264571628,0.7995320483854158,0.9905647704305285,5.9748793260927755,0.5304716671672809
mutation,7,182,17728,4,34,34,96,3368,0.822265625,0.8961184026808154,3581,159,2695.6442280043166,0.6581162666026164,0.8003694263670774,0.9905647704305285,5.974901765510719,0.5258654631255848
mutation,7,183,17824,5,29,29,94,3373,0.823486328125,0.8969561574979056,3581,161,2700.9768142863054,0.6594181675503675,0.8007639532423082,0.9905647704305285,5.9750535494400365,0.5256102004423024
mutation,7,184,17920,7,35,35,94,3380,0.8251953125,0.898631667132086,3581,162,2708.567012816139,0.6612712433633152,0.8013511872237098,0.9905647704305285,5.974979589184652,0.5196403950190713
mutation,7,185,18016,2,21,21,95,3382,0.82568359375,0.8991901703434795,3581,162,2711.723989972173,0.6620419897393001,0.8018107598971534,0.9905647704305285,5.97491474304573,0.530916873855557
mutation,7,186,18112,3,27,27,96,3385,0.826416015625,0.9000279251605696,3581,162,2715.1814915793175,0.6628861063426068,0.8021215632435207,0.9905647704305285,5.974931164286172,0.5299843754494722
mutation,7,187,18208,4,33,33,96,3389,0.827392578125,0.9011449315833566,3581,162,2720.556902765943,0.6641984625893416,0.8027609627518274,0.9905647704305285,5.974972863363474,0.5307493892175926
mutation,7,188,18304,3,16,16,96,3392,0.828125,0.9019826864004468,3581,162,2723.8405601634477,0.6650001367586542,0.8030190330670541,0.9905647704305285,5.9752276103932385,0.5319314157507972
mutation,7,189,18400,3,32,32,96,3395,0.828857421875,0.902820441217537,3581,162,2728.6122776103175,0.6661651068384564,0.8037149565862496,0.9905647704305285,5.975349410327567,0.5316990755528543
mutation,7,190,18496,3,19,19,96,3398,0.82958984375,0.9036581960346272,3581,162,2732.1427786920967,0.6670270455791252,0.8040443727757789,0.9905647704305285,5.975347704698618,0.5310401728306893
mutation,7,191,18592,5,25,25,94,3403,0.830810546875,0.9050544540631109,3581,162,2737.4598705906965,0.6683251637184318,0.8044254688776658,0.9905647704305285,5.9753837416179625,0.5309219922328166
mutation,7,192,18688,3,28,28,95,3406,0.83154296875,0.905892208880201,3581,162,2741.890457497106,0.6694068499748794,0.8050177502927499,0.9905647704305285,5.975488635094383,0.525819125955232
mutation,7,193,18784,1,28,28,94,3407,0.831787109375,0.9061714604858978,3581,162,2744.818580241959,0.6701217236918845,0.8056409099624182,0.9905647704305285,5.975562254186914,0.5248530459137466
mutation,7,194,18880,7,25,25,96,3414,0.83349609375,0.908126221725775,3581,162,2751.1089575031406,0.6716574603279152,0.8058315634162685,0.9905647704305285,5.9757969832076485,0.524453887713967
mutation,7,195,18976,3,25,25,95,3417,0.834228515625,0.9089639765428651,3581,162,2755.322934087789,0.6726862632050266,0.8063573117026014,0.9905647704305285,5.976011902856651,0.530941706841775
mutation,7,196,19072,3,24,24,93,3420,0.8349609375,0.9098017313599553,3581,162,2759.4944733159687,0.6737047053994064,0.806869729039757,0.9905647704305285,5.975921760462789,0.5256677665302529
mutation,7,197,19168,2,24,24,95,3422,0.83544921875,0.9103602345713487,3581,162,2762.8333567212003,0.6745198624807618,0.8073738622797195,0.9905647704305285,5.976062914517943,0.5273554452948719
mutation,7,198,19264,0,22,22,95,3422,0.83544921875,0.9103602345713487,3581,162,2764.943433579505,0.6750350179637463,0.8079904832201943,0.9905647704305285,5.976062914517943,0.5347066775075981
mutation,7,199,19360,6,27,27,94,3428,0.8369140625,0.9120357442055291,3581,162,2771.1408719394303,0.6765480644383375,0.8083841516742796,0.9905647704305285,5.976223079655304,0.5325668797434524
mutation,7,200,19456,2,19,19,95,3430,0.83740234375,0.9125942474169226,3581,162,2773.496178618704,0.6771230904830821,0.808599468985045,0.9905647704305285,5.97631319315572,0.5319327995754155
mutation,7,201,19552,3,29,29,95,3433,0.838134765625,0.9134320022340129,3581,162,2777.5934218071943,0.678123393995897,0.8090863448316907,0.9905647704305285,5.976347192484927,0.5223025661908591
mutation,7,202,19648,3,25,25,95,3436,0.8388671875,0.914269757051103,3581,162,2782.4132987970233,0.679300121776617,0.8097826830026261,0.9905647704305285,5.976354625332158,0.5260348098550642
mutation,7,203,19744,1,23,23,96,3437,0.839111328125,0.914269757051103,3581,163,2785.035057597987,0.6799401996088835,0.8103098800110523,0.9905647704305285,5.976395660399776,0.5366280547545085
mutation,7,204,19840,5,25,25,95,3442,0.84033203125,0.9156660150795867,3581,163,2790.527090010405,0.6812810278345716,0.8107283817578167,0.9905647704305285,5.976630533394665,0.532540332529848
mutation,7,205,19936,4,33,33,95,3446,0.84130859375,0.9167830215023737,3581,163,2796.0293367682116,0.6826243497969267,0.8113840211167184,0.9905647704305285,5.97681571244518,0.5295191933135375
mutation,7,206,20032,5,25,25,96,3451,0.842529296875,0.9181792795308573,3581,163,2801.4717301424034,0.6839530591167977,0.8117854912032464,0.9905647704305285,5.9768645288727384,0.5345228910994131
mutation,7,207,20128,2,20,19,93,3453,0.843017578125,0.9187377827422508,3581,163,2804.3913947804813,0.6846658678663284,0.8121608441298817,0.9905647704305285,5.976910408039735,0.5201002954101126
mutation,7,208,20224,4,25,25,95,3457,0.843994140625,0.9198547891650377,3581,163,2809.195467251774,0.6858387371220152,0.812610780229035,0.9905647704305285,5.976965864755244,0.5228418147673932
mutation,7,209,20320,3,18,18,96,3460,0.8447265625,0.9206925439821279,3581,163,2812.5721170686043,0.6866631145187022,0.8128821147597122,0.9905647704305285,5.976880662081193,0.5293436313463324
mutation,7,210,20416,6,31,31,95,3466,0.84619140625,0.9223680536163082,3581,163,2819.320083674016,0.6883105673032266,0.8134218360282793,0.9905647704305285,5.977042227267081,0.526598103424891
mutation,7,211,20512,1,18,18,95,3467,0.846435546875,0.922647305222005,3581,163,2821.639256956932,0.688876771718001,0.813856145646649,0.9905647704305285,5.9771034885442775,0.522429423617971
mutation,7,212,20608,2,20,20,95,3469,0.846923828125,0.9232058084333985,3581,163,2824.693795172663,0.689622508587076,0.8142674532063024,0.9905647704305285,5.977118836417651,0.5254686909617912
mutation,7,213,20704,5,31,31,93,3474,0.84814453125,0.9246020664618821,3581,163,2830.247719561212,0.690978447158499,0.814694219793095,0.9905647704305285,5.977147694644026,0.5361759960278891
mutation,7,214,20800,2,14,14,96,3476,0.8486328125,0.9251605696732756,3581,163,2833.232647840282,0.6917071894141313,0.8150841909782169,0.9905647704305285,5.977196773334002,0.5297558290503935
mutation,7,215,20896,4,27,27,95,3480,0.849609375,0.9259983244903658,3581,164,2837.444544721457,0.692735484551137,0.8153576277935222,0.9905647704305285,5.977150555890259,0.526574447612233
mutation,7,216,20992,5,26,25,95,3485,0.850830078125,0.9271153309131528,3581,165,2842.790588554244,0.694040671033751,0.8157218331576023,0.9905647704305285,5.977267112202771,0.5266359408529895
mutation,7,217,21088,2,28,28,95,3487,0.851318359375,0.9276738341245462,3581,165,2846.054165323412,0.6948374427059111,0.8161898954182426,0.9905647704305285,5.977288202380888,0.5334763951717444
mutation,7,218,21184,0,27,27,96,3487,0.851318359375,0.9276738341245462,3581,165,2847.9279569104397,0.6952949113550878,0.8167272603700716,0.9905647704305285,5.977288202380888,0.5271460989739967
mutation,7,219,21280,4,26,26,96,3491,0.852294921875,0.9287908405473332,3581,165,2852.373838385026,0.6963803316369692,0.8170649780535737,0.9905647704305285,5.9773112880978285,0.5275118197733253
mutation,7,220,21376,1,28,28,95,3492,0.8525390625,0.9290700921530298,3581,165,2854.764656546251,0.6969640274771121,0.8175156519319161,0.9905647704305285,5.97726161772805,0.5288449409245342
mutation,7,221,21472,2,21,21,95,3494,0.85302734375,0.9293493437587266,3581,166,2858.313069523303,0.6978303392390877,0.8180632711858338,0.9905647704305285,5.977236097103953,0.5258237487033263
mutation,7,222,21568,2,15,15,95,3496,0.853515625,0.9299078469701201,3581,166,2860.9016398346557,0.6984623144127577,0.8183357093348558,0.9905647704305285,5.977255818827887,0.5270003296119188
mutation,7,223,21664,5,18,18,95,3501,0.854736328125,0.9313041049986037,3581,166,2865.438910264914,0.699570046451395,0.8184629849371362,0.9905647704305285,5.977389273529912,0.525088701575756
mutation,7,224,21760,4,24,24,94,3505,0.855712890625,0.9324211114213907,3581,166,2869.708498992087,0.7006124265117399,0.8187470753187124,0.9905647704305285,5.97764027173748,0.5160515413848414
mutation,7,225,21856,1,17,17,93,3506,0.85595703125,0.9327003630270874,3581,166,2871.2736109958214,0.7009945339345267,0.8189599575002343,0.9905647704305285,5.977680082442543,0.524780844296469
mutation,7,226,21952,5,25,25,96,3511,0.857177734375,0.9340966210555711,3581,166,2876.3714911822854,0.7022391335894251,0.8192456539966635,0.9905647704305285,5.977703427566704,0.5294239128672164
mutation,7,227,22048,0,16,16,96,3511,0.857177734375,0.9340966210555711,3581,166,2877.9508464767237,0.7026247183781064,0.8196954846131369,0.9905647704305285,5.977703427566704,0.5274442542196722
mutation,7,228,22144,2,23,23,94,3513,0.857666015625,0.9346551242669645,3581,166,2881.2991658484752,0.7034421791622254,0.8201819430254698,0.9905647704305285,5.977725236418246,0.5280115371232149
mutation,7,229,22240,1,25,25,93,3514,0.85791015625,0.9349343758726613,3581,166,2883.9275861551127,0.7040838833386506,0.8206965242330998,0.9905647704305285,5.977765868185752,0.5249972735040059
mutation,7,230,22336,1,25,25,93,3515,0.858154296875,0.935213627478358,3581,166,2886.3720229745277,0.7046806696715155,0.8211584702630236,0.9905647704305285,5.977775305961112,0.5306900696306125
mutation,7,231,22432,2,23,23,96,3517,0.858642578125,0.9357721306897515,3581,166,2889.875907810044,0.7055361103051865,0.8216877758913972,0.9905647704305285,5.9777308711625246,0.5284868098963891
mutation,7,232,22528,2,25,25,92,3519,0.859130859375,0.9363306339011449,3581,166,2892.9458882262243,0.7062856172427305,0.8220931765348748,0.9905647704305285,5.977773482149183,0.5247656486222041
mutation,7,233,22624,4,15,15,95,3523,0.860107421875,0.9374476403239319,3581,166,2896.9286693984523,0.7072579759273565,0.8222902836782436,0.9905647704305285,5.9780583642492005,0.5223133155217574
mutation,7,234,22720,3,31,31,96,3526,0.86083984375,0.938285395141022,3581,166,2900.726754275817,0.7081852427431193,0.8226678259432265,0.9905647704305285,5.978121762128941,0.5288117962731677
mutation,7,235,22816,2,19,19,95,3528,0.861328125,0.9388438983524156,3581,166,2903.6875197607606,0.7089080858790919,0.8230406802042972,0.9905647704305285,5.978143270061383,0.5261449775152032
mutation,7,236,22912,2,21,21,94,3530,0.86181640625,0.9394024015638089,3581,166,2906.0971273879877,0.7094963689912079,0.8232569765971637,0.9905647704305285,5.978402466676634,0.5248769036863086
mutation,7,237,23008,3,28,28,95,3533,0.862548828125,0.9402401563808992,3581,166,2910.0991700737222,0.7104734301937798,0.8236906793302355,0.9905647704305285,5.978416477390288,0.5304134191187844
mutation,7,238,23104,2,20,20,95,3535,0.863037109375,0.9407986595922927,3581,166,2912.767337065784,0.7111248381508262,0.8239794447145075,0.9905647704305285,5.978427879068072,0.5249829537201776
mutation,7,239,23200,4,32,32,96,3539,0.864013671875,0.9419156660150796,3581,166,2918.5826478216018,0.7125445917533207,0.8246913387458609,0.9905647704305285,5.9784210481796105,0.5272007863841773
mutation,7,240,23296,4,26,26,95,3543,0.864990234375,0.9430326724378665,3581,166,2923.199413536524,0.7136717318204404,0.8250633399764391,0.9905647704305285,5.978433108815034,0.5244893256162582
mutation,7,241,23392,3,18,18,96,3546,0.86572265625,0.9438704272549567,3581,166,2926.487563254031,0.7144745027475662,0.8252926010304656,0.9905647704305285,5.978529755732162,0.5255656852332745
mutation,7,242,23488,0,25,25,95,3546,0.86572265625,0.9438704272549567,3581,166,2928.3720770923373,0.7149345891338714,0.8258240488134059,0.9905647704305285,5.978529755732162,0.5315191582147747
mutation,7,243,23584,1,27,27,94,3547,0.865966796875,0.9441496788606535,3581,166,2931.3274503879843,0.715656115817379,0.8264244292043936,0.9905647704305285,5.978598495937087,0.531884298567107
mutation,7,244,23680,2,23,23,94,3549,0.866455078125,0.9447081820720469,3581,166,2934.271669827806,0.7163749193915542,0.8267882980636252,0.9905647704305285,5.97861785011623,0.5279933263380789
mutation,7,245,23776,1,16,16,95,3550,0.86669921875,0.9449874336777436,3581,166,2935.7549906829818,0.7167370582722123,0.8269732368121075,0.9905647704305285,5.978602198028776,0.5268813953059551
mutation,7,246,23872,1,22,22,94,3551,0.866943359375,0.9452666852834404,3581,166,2937.988628501034,0.7172823800051352,0.827369368769652,0.9905647704305285,5.978615445058491,0.5248286644794465
mutation,7,247,23968,5,22,22,96,3556,0.8681640625,0.946662943311924,3581,166,2943.460020195645,0.7186181689930774,0.8277446625972005,0.9905647704305285,5.978620850076187,0.5270993816565408
mutation,7,248,24064,1,16,16,96,3557,0.868408203125,0.9469421949176208,3581,166,2944.7744464556395,0.7189390738417089,0.8278814862118751,0.9905647704305285,5.978649918922335,0.5290843281108301
mutation,7,249,24160,1,18,18,94,3558,0.86865234375,0.9472214465233175,3581,166,2946.345123996882,0.7193225400383013,0.8280902540744469,0.9905647704305285,5.978694834663432,0.5326585700558446
mutation,7,250,24256,4,19,19,95,3562,0.86962890625,0.9480592013404077,3581,167,2950.3452889439177,0.7202991428085737,0.8282833489455131,0.9905647704305285,5.9789897007467285,0.5299144421297332
mutation,7,251,24352,3,18,18,94,3565,0.870361328125,0.9488969561574979,3581,167,2953.9204853717065,0.7211719934989518,0.8285891964577017,0.9905647704305285,5.9791618710841306,0.5342030625944395
mutation,7,252,24448,2,26,26,92,3567,0.870849609375,0.9494554593688914,3581,167,2957.2187743244585,0.7219772398253073,0.8290492779154636,0.9905647704305285,5.979221700290752,0.5277494434334262
mutation,7,253,24544,1,15,15,95,3568,0.87109375,0.9497347109745881,3581,167,2959.601567388211,0.7225589764131375,0.8294847442231533,0.9905647704305285,5.979251759792357,0.5274511778107089
mutation,7,254,24640,4,31,31,95,3572,0.8720703125,0.9508517173973751,3581,167,2964.6373058915133,0.7237884047586702,0.8299656511454404,0.9905647704305285,5.979343450276608,0.525965950982141
mutation,7,255,24736,2,21,21,94,3574,0.87255859375,0.9514102206087685,3581,167,2967.50144571301,0.7244876576447778,0.8303025869370482,0.9905647704305285,5.979325680483952,0.5259955128549558
mutation,7,256,24832,1,21,21,96,3575,0.872802734375,0.9516894722144652,3581,167,2969.1538511243207,0.7248910769346486,0.8305325457690408,0.9905647704305285,5.979348828474898,0.5319828703274034
mutation,7,257,24928,0,19,19,96,3575,0.872802734375,0.9516894722144652,3581,167,2970.227286679047,0.7251531461618768,0.8308328074626705,0.9905647704305285,5.979348828474898,0.5305204342399226
mutation,7,258,25024,1,24,24,96,3576,0.873046875,0.951968723820162,3581,167,2972.594096178029,0.7257309805122141,0.8312623311459812,0.9905647704305285,5.979342986356799,0.5177697356327521
mutation,7,259,25120,3,22,22,95,3579,0.873779296875,0.9528064786372522,3581,167,2976.5752799573065,0.7267029492083268,0.8316779211951122,0.9905647704305285,5.97931920546176,0.520571322801426
mutation,7,260,25216,1,27,27,96,3580,0.8740234375,0.9530857302429488,3581,167,2979.1754421394903,0.7273377544285865,0.8321719112121482,0.9905647704305285,5.979366142680554,0.527797212554884
mutation,7,261,25312,3,16,16,95,3583,0.874755859375,0.9536442334543423,3581,168,2982.2608450841203,0.7280910266318653,0.832336267118091,0.9905647704305285,5.97940255787748,0.5308213034117624
mutation,7,262,25408,0,23,23,94,3583,0.874755859375,0.9536442334543423,3581,168,2983.473594054868,0.7283871079235518,0.832674740177189,0.9905647704305285,5.97940255787748,0.5264695616515389
mutation,7,263,25504,1,26,26,94,3584,0.875,0.9539234850600391,3581,168,2985.3626856651877,0.7288483119299775,0.8329694993485457,0.9905647704305285,5.979383849812007,0.5283919146405127
mutation,7,264,25600,0,18,18,95,3584,0.875,0.9539234850600391,3581,168,2986.441482918631,0.7291116901656814,0.8332705030464931,0.9905647704305285,5.979383849812007,0.531538423034935
mutation,7,265,25696,1,19,19,95,3585,0.875244140625,0.9542027366657359,3581,168,2988.118188737394,0.7295210421722154,0.8335057709169859,0.9905647704305285,5.979379024275953,0.5231511718026576
mutation,7,266,25792,2,17,17,96,3587,0.875732421875,0.9547612398771292,3581,168,2990.952638312019,0.7302130464628953,0.8338312345447503,0.9905647704305285,5.979391013397233,0.527407509063468
mutation,7,267,25888,1,22,22,94,3588,0.8759765625,0.955040491482826,3581,168,2993.5061864135077,0.7308364712923603,0.8343105313304091,0.9905647704305285,5.979454972375004,0.5251844533427132
mutation,7,268,25984,4,21,21,96,3592,0.876953125,0.956157497905613,3581,168,2997.701012806263,0.731860598829654,0.834549279734483,0.9905647704305285,5.979549259991483,0.5228630384427742
mutation,7,269,26080,1,20,20,93,3593,0.877197265625,0.9564367495113096,3581,168,2999.5896247903434,0.7323216857398299,0.8348426453633018,0.9905647704305285,5.979505439618001,0.5287224665092994
mutation,7,270,26176,2,24,24,96,3595,0.877685546875,0.9569952527227031,3581,168,3002.8962683365207,0.7331289717618459,0.8352979884107151,0.9905647704305285,5.979526417157121,0.5264433040853891
mutation,7,271,26272,2,23,23,95,3597,0.878173828125,0.9575537559340966,3581,168,3006.2627229829886,0.7339508601032687,0.835769453150678,0.9905647704305285,5.979533865169167,0.5256036630703277
mutation,7,272,26368,2,18,18,96,3599,0.878662109375,0.9581122591454901,3581,168,3009.0204873354314,0.7346241424158768,0.8360712662782527,0.9905647704305285,5.97951335860259,0.5251294554141752
mutation,7,273,26464,1,23,23,94,3600,0.87890625,0.9583915107511868,3581,168,3011.4292402087212,0.7352122168478323,0.8365081222802003,0.9905647704305285,5.979570229534133,0.5343077713007073
mutation,7,274,26560,3,23,23,96,3603,0.879638671875,0.959229265568277,3581,168,3014.575528744962,0.7359803536975005,0.8366848539397619,0.9905647704305285,5.979501705313059,0.5304216033777709
mutation,7,275,26656,0,19,19,94,3603,0.879638671875,0.959229265568277,3581,168,3016.0457911047333,0.736339304468929,0.8370929200956795,0.9905647704305285,5.979501705313059,0.5290678154253806
mutation,7,276,26752,1,18,18,96,3604,0.8798828125,0.9595085171739738,3581,168,3018.2769769257484,0.7368840275697628,0.8374797383256793,0.9905647704305285,5.97951316065978,0.5173853682514276
mutation,7,277,26848,0,17,17,94,3604,0.8798828125,0.9595085171739738,3581,168,3019.137553518949,0.7370941292770872,0.8377185220640813,0.9905647704305285,5.97951316065978,0.5258217095417348
mutation,7,278,26944,1,16,16,96,3605,0.880126953125,0.9597877687796705,3581,168,3020.5160960879866,0.7374306875214811,0.8378685426041572,0.9906830006773005,5.979531997326193,0.534381701214951
mutation,7,279,27040,1,21,21,93,3606,0.88037109375,0.9600670203853672,3581,168,3023.2163107861325,0.7380899196255206,0.8383850002180068,0.9906830006773005,5.979558343871012,0.525212792702491
mutation,7,280,27136,1,17,17,95,3607,0.880615234375,0.9603462719910639,3581,168,3025.054650503824,0.7385387330331602,0.8386622263664608,0.9906830006773005,5.979600026016308,0.5229057259075187
mutation,7,281,27232,2,17,17,95,3609,0.881103515625,0.9609047752024574,3581,168,3027.82077252996,0.7392140557934472,0.8389639159129841,0.9906830006773005,5.979554990760697,0.5355517973273674
mutation,7,282,27328,4,16,16,95,3613,0.882080078125,0.9620217816252443,3581,168,3031.651555093273,0.7401493054426936,0.8390953653731728,0.9906830006773005,5.979580090549118,0.5315754120308598
mutation,7,283,27424,1,18,18,94,3614,0.88232421875,0.9623010332309411,3581,168,3033.405042813226,0.7405774030305727,0.8393483793063713,0.9906830006773005,5.979592598776381,0.5260485917312194
mutation,7,284,27520,1,22,22,94,3615,0.882568359375,0.9625802848366378,3581,168,3035.3557730183247,0.7410536555220519,0.8396558154960788,0.9906830006773005,5.9796052105111785,0.5238039716926963
mutation,7,285,27616,5,17,17,94,3620,0.8837890625,0.9639765428651215,3581,168,3040.2109988669354,0.7422390133952479,0.8398372925046783,0.9906830006773005,5.979596529043304,0.5237147285121062
mutation,7,286,27712,2,22,22,95,3622,0.88427734375,0.964535046076515,3581,168,3042.753542052815,0.7428597514777381,0.8400755223779169,0.9906830006773005,5.979702268931435,0.5274826221201094
mutation,7,287,27808,1,19,19,95,3623,0.884521484375,0.9648142976822117,3581,168,3045.1822697581547,0.7434527025776745,0.8405140131819362,0.9906830006773005,5.979786159820641,0.5219880387731324
mutation,7,288,27904,2,17,17,95,3625,0.885009765625,0.9653728008936051,3581,168,3048.294955317858,0.7442126355756489,0.8409089531911332,0.9906830006773005,5.979744742642378,0.5236220365705884
mutation,7,289,28000,0,24,24,94,3625,0.885009765625,0.9653728008936051,3581,168,3050.2943358294915,0.744700765583372,0.8414605064357218,0.9906830006773005,5.979744742642378,0.5254113524764943
mutation,7,290,28096,1,20,20,96,3626,0.88525390625,0.9653728008936051,3581,169,3051.825809924324,0.7450746606260557,0.8416508025163607,0.9906830006773005,5.979765717663099,0.5221754419862241
mutation,7,291,28192,0,26,26,96,3626,0.88525390625,0.9653728008936051,3581,169,3053.7437598010647,0.7455429101076818,0.8421797462220255,0.9906830006773005,5.979765717663099,0.5346994356222116
mutation,7,292,28288,0,16,16,92,3626,0.88525390625,0.9653728008936051,3581,169,3055.024962293659,0.7458557036849753,0.842533083919928,0.9906830006773005,5.979765717663099,0.5288436988578495
mutation,7,293,28384,1,18,18,95,3627,0.885498046875,0.9656520524993019,3581,169,3057.2615812545964,0.7464017532359855,0.8429174472717388,0.9906830006773005,5.979738725052009,0.5276145595518829
mutation,7,294,28480,0,18,18,96,3627,0.885498046875,0.9656520524993019,3581,169,3058.540085796978,0.7467138881340278,0.8432699436991944,0.9906830006773005,5.979738725052009,0.5230772049736072
mutation,7,295,28576,1,22,22,95,3628,0.8857421875,0.9659313041049986,3581,169,3060.7865403106407,0.7472623389430275,0.8436567090161634,0.9906830006773005,5.979705442878279,0.5205824163948383
mutation,7,296,28672,1,20,20,96,3629,0.885986328125,0.9662105557106954,3581,169,3062.4971479496276,0.7476799677611395,0.8438956042848244,0.9906830006773005,5.979719511700758,0.5309416050946184
mutation,7,297,28768,1,18,18,96,3630,0.88623046875,0.9664898073163921,3581,169,3064.3063681779167,0.7481216719184367,0.8441615339333104,0.9906830006773005,5.979699398414443,0.531709970551649
mutation,7,298,28864,3,22,22,96,3633,0.886962890625,0.9673275621334823,3581,169,3068.0892554468546,0.7490452283805797,0.84450571303244,0.9906830006773005,5.979714550531159,0.5226862729460968
mutation,7,299,28960,3,16,16,94,3636,0.8876953125,0.9681653169505725,3581,169,3070.8835142007993,0.7497274204591795,0.8445774241476346,0.9906830006773005,5.9800026965505335,0.5205679771364481
mutation,7,300,29056,1,16,16,95,3637,0.887939453125,0.9684445685562691,3581,169,3072.325480663163,0.75007946305253,0.8447416773888268,0.9906830006773005,5.980003482992862,0.5236230882574846
mutation,7,301,29152,2,17,17,95,3639,0.888427734375,0.9690030717676626,3581,169,3075.1109346543767,0.7507595055308537,0.8450428509630055,0.9906830006773005,5.979980066264057,0.521254836096499
mutation,7,302,29248,4,24,24,96,3643,0.889404296875,0.9701200781904495,3581,169,3079.8232386837435,0.7519099703817733,0.8454085200888672,0.9906830006773005,5.980037079339194,0.5312447350197667
mutation,7,303,29344,1,20,20,95,3644,0.8896484375,0.9703993297961463,3581,169,3081.552848650733,0.7523322384401203,0.8456511659304975,0.9906830006773005,5.980018480375845,0.5309164809209375
mutation,7,304,29440,1,21,21,94,3645,0.889892578125,0.970678581401843,3581,169,3083.6632831893294,0.7528474812473949,0.8459981572535883,0.9906830006773005,5.979987127235807,0.5337705634413838
mutation,7,305,29536,0,17,17,94,3645,0.889892578125,0.970678581401843,3581,169,3084.7751165025675,0.7531189249273846,0.8463031869691543,0.9906830006773005,5.979987127235807,0.5304840809703466
mutation,7,306,29632,1,15,15,95,3646,0.89013671875,0.9709578330075398,3581,169,3086.397324996161,0.7535149719228909,0.8465159969819421,0.9906830006773005,5.979962282266712,0.52122609642101
mutation,7,307,29728,1,20,20,96,3647,0.890380859375,0.9712370846132365,3581,169,3087.7346061887524,0.7538414565890509,0.8466505638027838,0.9906830006773005,5.979924899380324,0.5280778119992442
mutation,7,308,29824,3,22,22,94,3650,0.89111328125,0.9720748394303267,3581,169,3091.0228712337134,0.7546442556722933,0.8468555811599214,0.9906830006773005,5.979898382178748,0.5241060848453347
mutation,7,309,29920,3,24,24,96,3653,0.891845703125,0.9729125942474169,3581,169,3094.7496888421147,0.7555541232524694,0.8471803144927771,0.9906830006773005,5.979941829872133,0.5239718967999754
mutation,7,310,30016,1,17,17,95,3654,0.89208984375,0.9731918458531137,3581,169,3096.5263557193966,0.7559878798143058,0.847434689578379,0.9906830006773005,5.979944470755688,0.5258307697977358
mutation,7,311,30112,3,22,22,95,3657,0.892822265625,0.9740296006702038,3581,169,3100.6931335300674,0.7570051595532391,0.8478788989691188,0.9906830006773005,5.9799742914295,0.5329386517033514
mutation,7,312,30208,0,25,25,94,3657,0.892822265625,0.9740296006702038,3581,169,3102.1898528389966,0.7573705695407706,0.8482881741424656,0.9906830006773005,5.9799742914295,0.5245148725204881
mutation,7,313,30304,3,17,17,95,3660,0.8935546875,0.9748673554872941,3581,169,3105.146388186527,0.7580923799283513,0.8484006525099801,0.9906830006773005,5.979957181841117,0.526348267048321
mutation,7,314,30400,1,23,23,96,3661,0.893798828125,0.9751466070929908,3581,169,3107.284761119174,0.7586144436326109,0.8487530076807359,0.9906830006773005,5.979940525465517,0.5244383692881632
mutation,7,315,30496,1,23,23,95,3662,0.89404296875,0.9754258586986875,3581,169,3109.348272773047,0.7591182306574822,0.8490847276824268,0.9906830006773005,5.979917527087253,0.5231050838816023
mutation,7,316,30592,3,22,22,96,3665,0.894775390625,0.9762636135157777,3581,169,3113.062083762683,0.7600249227936238,0.849403024219013,0.9906830006773005,5.979862370608671,0.5292205166052233
mutation,7,317,30688,3,17,17,95,3668,0.8955078125,0.9771013683328679,3581,169,3116.494993109287,0.760863035427072,0.849644218404931,0.9906830006773005,5.979911083627886,0.5291537214508951
mutation,7,318,30784,0,13,13,96,3668,0.8955078125,0.9771013683328679,3581,169,3117.192051477111,0.761033215692654,0.8498342561278929,0.9906830006773005,5.979911083627886,0.5294454546727807
mutation,7,319,30880,2,21,21,95,3670,0.89599609375,0.9776598715442614,3581,169,3119.709231898295,0.7616477616939197,0.8500570114164292,0.9906830006773005,5.97987325658424,0.5224251454678552
mutation,7,320,30976,3,17,17,94,3673,0.896728515625,0.9784976263613516,3581,169,3122.9260172696204,0.7624331096849659,0.8502385018430766,0.9906830006773005,5.979887460984151,0.5222576052931057
mutation,7,321,31072,1,21,21,94,3674,0.89697265625,0.9787768779670483,3581,169,3125.37957564483,0.7630321229601635,0.8506748981069215,0.9906830006773005,5.979885475393456,0.5224484229214983
mutation,7,322,31168,0,20,20,94,3674,0.89697265625,0.9787768779670483,3581,169,3126.74623419813,0.7633657798335278,0.8510468792047169,0.9906830006773005,5.979885475393456,0.5330082884349745
mutation,7,323,31264,1,19,19,95,3675,0.897216796875,0.979056129572745,3581,169,3128.581988218826,0.7638139619674869,0.8513148267262112,0.9906830006773005,5.97987040054786,0.5218689948438193
mutation,7,324,31360,1,18,18,95,3676,0.8974609375,0.9793353811784418,3581,169,3130.5268444430826,0.764288780381612,0.8516123080639506,0.9906830006773005,5.9798686342930285,0.5271840099315152
mutation,7,325,31456,0,21,21,95,3676,0.8974609375,0.9793353811784418,3581,169,3131.653387355496,0.7645638152723379,0.8519187669628662,0.9906830006773005,5.9798686342930285,0.5300519248947385
mutation,7,326,31552,0,20,20,94,3676,0.8974609375,0.9793353811784418,3581,169,3132.831948850103,0.7648515500122322,0.8522393767274491,0.9906830006773005,5.9798686342930285,0.5341500852369757
mutation,7,327,31648,1,16,16,95,3677,0.897705078125,0.9796146327841385,3581,169,3134.5590986101247,0.7652732174341125,0.8524773180881492,0.9906830006773005,5.9798669757335485,0.525721687768132
mutation,7,328,31744,0,13,13,95,3677,0.897705078125,0.9796146327841385,3581,169,3135.4452885906753,0.7654895724098328,0.8527183270575674,0.9906830006773005,5.9798669757335485,0.527967362969006
mutation,7,329,31840,2,20,20,95,3679,0.898193359375,0.980173135995532,3581,169,3137.991633487601,0.7661112386444339,0.8529468968435991,0.9906830006773005,5.979818636768954,0.5257476899189046
mutation,7,330,31936,1,17,16,95,3680,0.8984375,0.9804523876012287,3581,169,3140.124285422631,0.7666319056207596,0.8532946427778889,0.9906830006773005,5.979810667908843,0.534556129053761
mutation,7,331,32032,0,16,16,93,3680,0.8984375,0.9804523876012287,3581,169,3140.9202854878754,0.7668262415741883,0.8535109471434444,0.9906830006773005,5.979810667908843,0.5243794320564323
mutation,7,332,32128,1,16,16,96,3681,0.898681640625,0.9807316392069254,3581,169,3142.6515865260462,0.7672489224917105,0.8537494122591812,0.9906830006773005,5.979789852035948,0.5272445170861937
mutation,7,333,32224,1,16,16,96,3682,0.89892578125,0.9807316392069254,3581,170,3144.1331229388506,0.7676106257174928,0.8539199138888786,0.9906830006773005,5.979809377233996,0.5253669199444637
mutation,7,334,32320,2,19,19,94,3684,0.8994140625,0.9812901424183189,3581,170,3146.544510596605,0.7681993434073743,0.8541108877840947,0.9906830006773005,5.979774942623517,0.5230960426444279
mutation,7,335,32416,1,17,17,94,3685,0.899658203125,0.9815693940240157,3581,170,3148.0964146281185,0.768578226227568,0.8543002482030172,0.9906830006773005,5.980016532543232,0.5230350170120466
mutation,7,336,32512,0,15,15,95,3685,0.899658203125,0.9815693940240157,3581,170,3149.092647962686,0.7688214472565151,0.8545705964620586,0.9906830006773005,5.980016532543232,0.5275223112997244
mutation,7,337,32608,3,12,12,96,3688,0.900390625,0.982127897235409,3581,171,3152.0758588296585,0.7695497702220846,0.8546843435004498,0.9906830006773005,5.9802790356762685,0.5260515874168491
mutation,7,338,32704,0,17,17,96,3688,0.900390625,0.982127897235409,3581,171,3153.0177524800492,0.7697797247265745,0.8549397376572802,0.9906830006773005,5.9802790356762685,0.5228513481803211
mutation,7,339,32800,0,16,16,95,3688,0.900390625,0.982127897235409,3581,171,3153.6149295974833,0.7699255199212606,0.8551016620383631,0.9906830006773005,5.9802790356762685,0.5281550246564386
mutation,7,340,32896,0,9,9,96,3688,0.900390625,0.982127897235409,3581,171,3154.144899704414,0.770054907154398,0.8552453632604159,0.9906830006773005,5.9802790356762685,0.5276393465750661
mutation,7,341,32992,0,15,15,95,3688,0.900390625,0.982127897235409,3581,171,3154.712896753056,0.7701935783088516,0.8553993754753406,0.9906830006773005,5.9802790356762685,0.5167869740312162
mutation,7,342,33088,1,16,16,94,3689,0.900634765625,0.9824071488411058,3581,171,3156.30556846977,0.77058241417719,0.8555992324396232,0.9906830006773005,5.980265398556802,0.5221047874494898
mutation,7,343,33184,1,17,17,96,3690,0.90087890625,0.9826864004468026,3581,171,3157.933558646775,0.7709798727164978,0.8558085524788008,0.9906830006773005,5.9802786191709805,0.5220380512116956
mutation,7,344,33280,0,21,21,92,3690,0.90087890625,0.9826864004468026,3581,171,3159.183905953215,0.7712851332893591,0.8561473999873211,0.9906830006773005,5.9802786191709805,0.5284033588726139
mutation,7,345,33376,0,20,20,94,3690,0.90087890625,0.9826864004468026,3581,171,3160.3663869551933,0.7715738249402327,0.8564678555434129,0.9906830006773005,5.9802786191709805,0.524766970334607
mutation,7,346,33472,0,14,14,92,3690,0.90087890625,0.9826864004468026,3581,171,3161.121496994403,0.7717581779771492,0.8566724924104073,0.9906830006773005,5.9802786191709805,0.5274337140383134
mutation,7,347,33568,0,16,16,95,3690,0.90087890625,0.9826864004468026,3581,171,3161.9501404836765,0.7719604835165226,0.8568970570416468,0.9906830006773005,5.9802786191709805,0.5225705115027179
mutation,7,348,33664,0,15,15,96,3690,0.90087890625,0.9826864004468026,3581,171,3162.806533810016,0.7721695639184609,0.8571291419539339,0.9906830006773005,5.9802786191709805,0.5228231353691447
mutation,7,349,33760,2,20,20,95,3692,0.9013671875,0.9829656520524993,3581,172,3165.4888150300594,0.7728244177319481,0.8573913366820313,0.9906830006773005,5.980305479016932,0.5240556221366572
mutation,7,350,33856,0,19,19,95,3692,0.9013671875,0.9829656520524993,3581,172,3165.9227802735422,0.7729303662777203,0.8575088787306453,0.9906830006773005,5.980305479016932,0.5315913347168955
mutation,7,351,33952,1,15,15,95,3693,0.901611328125,0.9832449036581961,3581,172,3167.237846117488,0.7732514272747774,0.8576327771777655,0.9906830006773005,5.9802858684321665,0.5255741604930135
mutation,7,352,34048,0,21,21,95,3693,0.901611328125,0.9832449036581961,3581,172,3168.407369640141,0.7735369554785501,0.8579494637530845,0.9906830006773005,5.9802858684321665,0.5212002355037811
mutation,7,353,34144,2,17,17,95,3695,0.902099609375,0.9838034068695894,3581,172,3171.207724404568,0.774220635840959,0.8582429565370956,0.9906830006773005,5.98052135443557,0.5269206917421523
mutation,7,354,34240,1,18,18,96,3696,0.90234375,0.9840826584752862,3581,172,3172.813586782894,0.7746126920856675,0.8584452345191813,0.9906830006773005,5.980521539864556,0.5226448446394628
mutation,7,355,34336,0,13,13,96,3696,0.90234375,0.9840826584752862,3581,172,3173.821715497741,0.7748588172601907,0.8587179966173542,0.9906830006773005,5.980521539864556,0.5247746568275411
mutation,7,356,34432,1,14,14,95,3697,0.902587890625,0.984361910080983,3581,172,3175.399407727703,0.7752439960272712,0.8589124716601847,0.9906830006773005,5.980496020188634,0.5327575278021465
mutation,7,357,34528,0,19,19,95,3697,0.902587890625,0.984361910080983,3581,172,3176.6730889227024,0.7755549533502691,0.8592569891595083,0.9906830006773005,5.980496020188634,0.5281860534947964
mutation,7,358,34624,0,17,17,95,3697,0.902587890625,0.984361910080983,3581,172,3177.4899068307645,0.7757543717848546,0.8594779298974208,0.9906830006773005,5.980496020188634,0.5261092504215032
mutation,7,359,34720,0,24,24,95,3697,0.902587890625,0.984361910080983,3581,172,3178.7291505960184,0.776056921532231,0.8598131324306244,0.9906830006773005,5.980496020188634,0.5240628213554002
mutation,7,360,34816,0,18,18,96,3697,0.902587890625,0.984361910080983,3581,172,3179.3035496124376,0.776197155667099,0.8599685013828611,0.9906830006773005,5.980496020188634,0.524758009677422
mutation,7,361,34912,2,21,21,94,3699,0.903076171875,0.9849204132923765,3581,172,3182.4755364006164,0.7769715665040567,0.8603610533659412,0.9906830006773005,5.980477209522523,0.5270619897643174
mutation,7,362,35008,1,13,13,95,3700,0.9033203125,0.9851996648980732,3581,172,3183.82439843424,0.7773008785239843,0.8604930806579026,0.9906830006773005,5.980464720483494,0.5283134490359788
mutation,7,363,35104,0,18,18,96,3700,0.9033203125,0.9851996648980732,3581,172,3184.798534693342,0.7775387047591167,0.8607563607279303,0.9906830006773005,5.980464720483494,0.5198715769680391
mutation,7,364,35200,1,9,9,95,3701,0.903564453125,0.9854789165037698,3581,172,3186.2894835126967,0.777902705935717,0.8609266369934333,0.9906830006773005,5.98044595289754,0.52463807247827
mutation,7,365,35296,0,20,20,95,3701,0.903564453125,0.9854789165037698,3581,172,3187.4809567566126,0.7781935929581574,0.861248569780225,0.9906830006773005,5.98044595289754,0.523580967806632
mutation,7,366,35392,0,16,16,95,3701,0.903564453125,0.9854789165037698,3581,172,3188.0709589218814,0.7783376364555374,0.8614079867392276,0.9906830006773005,5.98044595289754,0.5252509488106257
mutation,7,367,35488,1,16,16,96,3702,0.90380859375,0.9854789165037698,3581,173,3189.5378873452883,0.7786957732776583,0.8615715524973766,0.9906830006773005,5.980527967860015,0.5303009496103448
mutation,7,368,35584,0,18,18,95,3702,0.90380859375,0.9854789165037698,3581,173,3190.341692249708,0.7788920147094014,0.8617886797000832,0.9906830006773005,5.980527967860015,0.524104025643733
mutation,7,369,35680,1,16,16,95,3703,0.904052734375,0.9857581681094666,3581,173,3191.730572320159,0.7792310967578513,0.8619310214205128,0.9906830006773005,5.980496935256536,0.5258708621763626
mutation,7,370,35776,0,15,15,94,3703,0.904052734375,0.9857581681094666,3581,173,3192.5713151465297,0.7794363562369457,0.8621580651219362,0.9906830006773005,5.980496935256536,0.5311081219782523
mutation,7,371,35872,1,21,20,96,3704,0.904296875,0.9860374197151633,3581,173,3194.397987399764,0.7798823211425205,0.8624184631208867,0.9906830006773005,5.980478489811198,0.5310586221549913
mutation,7,372,35968,0,15,15,96,3704,0.904296875,0.9860374197151633,3581,173,3195.28955078913,0.7800999879856274,0.8626591659797866,0.9906830006773005,5.980478489811198,0.5231359019593504
mutation,7,373,36064,0,21,21,96,3704,0.904296875,0.9860374197151633,3581,173,3196.8386469934558,0.7804781853011367,0.8630773884971533,0.9906830006773005,5.980478489811198,0.5269034559113409
mutation,7,374,36160,0,19,19,95,3704,0.904296875,0.9860374197151633,3581,173,3197.753489600146,0.7807015355469107,0.8633243762419401,0.9906830006773005,5.980478489811198,0.5247790050459846
mutation,7,375,36256,0,16,16,94,3704,0.904296875,0.9860374197151633,3581,173,3198.7317124918704,0.7809403594950856,0.8635884752947814,0.9906830006773005,5.980478489811198,0.5283694647652128
mutation,7,376,36352,0,8,8,95,3704,0.904296875,0.9860374197151633,3581,173,3199.340870143496,0.781089079624877,0.8637529347039676,0.9906830006773005,5.980478489811198,0.5320378330050515
mutation,7,377,36448,0,11,11,96,3704,0.904296875,0.9860374197151633,3581,173,3199.7175362614216,0.7811810391263236,0.8638546264204702,0.9906830006773005,5.980478489811198,0.5223739866078793
mutation,7,378,36544,0,10,10,94,3704,0.904296875,0.9860374197151633,3581,173,3200.508605842072,0.7813741713481621,0.8640681981215097,0.9906830006773005,5.980478489811198,0.5259839425960373
mutation,7,379,36640,0,16,16,95,3704,0.904296875,0.9860374197151633,3581,173,3201.4320944091373,0.7815996324241058,0.86431752008886,0.9906830006773005,5.980478489811198,0.519852254608138
mutation,7,380,36736,3,20,20,95,3707,0.905029296875,0.9868751745322536,3581,173,3204.868801004835,0.782438672120321,0.8645451311046223,0.9906830006773005,5.980463203602078,0.5238014906149205
mutation,7,381,36832,3,20,20,96,3710,0.90576171875,0.987433677743647,3581,174,3208.206950581343,0.7832536500442732,0.8647458087820331,0.9906830006773005,5.98043693306043,0.5265809944554143
mutation,7,382,36928,1,16,16,96,3711,0.906005859375,0.9877129293493437,3581,174,3209.655445997343,0.7836072866204451,0.8649031112900413,0.9906830006773005,5.980419272683852,0.5283392189125677
mutation,7,383,37024,0,17,17,95,3711,0.906005859375,0.9877129293493437,3581,174,3210.646783772175,0.7838493124443786,0.8651702462334073,0.9906830006773005,5.980419272683852,0.5314180898969442
mutation,7,384,37120,1,15,15,95,3712,0.90625,0.9879921809550405,3581,174,3212.270035982866,0.7842456142536294,0.8653744709005565,0.9906830006773005,5.980389288200511,0.5265091570516662
mutation,7,385,37216,0,16,16,95,3712,0.90625,0.9879921809550405,3581,174,3212.905726668772,0.7844008121749931,0.8655457237793027,0.9906830006773005,5.980389288200511,0.5280898688081778
mutation,7,386,37312,0,22,22,96,3712,0.90625,0.9879921809550405,3581,174,3213.798369351928,0.7846187425175606,0.8657861986400669,0.9906830006773005,5.980389288200511,0.5273461957955062
mutation,7,387,37408,0,16,16,96,3712,0.90625,0.9879921809550405,3581,174,3214.396342303316,0.7847647320076455,0.865947290491195,0.9906830006773005,5.980389288200511,0.5241157181248818
mutation,7,388,37504,0,17,17,95,3712,0.90625,0.9879921809550405,3581,174,3215.5727260634512,0.7850519350740848,0.8662642042196798,0.9906830006773005,5.980389288200511,0.5211367989653918
mutation,7,389,37600,0,18,18,94,3712,0.90625,0.9879921809550405,3581,174,3216.280998473386,0.7852248531429165,0.8664550103645975,0.9906830006773005,5.980389288200511,0.5249739364702517
mutation,7,390,37696,0,12,12,95,3712,0.90625,0.9879921809550405,3581,174,3216.8570070256737,0.7853654802308774,0.8666101850823474,0.9906830006773005,5.980389288200511,0.5236972741341124
mutation,7,391,37792,1,15,15,96,3713,0.906494140625,0.9882714325607372,3581,174,3218.5335812698813,0.7857748001147171,0.8668283278399895,0.9906830006773005,5.980359424542929,0.517329922949628
mutation,7,392,37888,2,17,17,94,3715,0.906982421875,0.9888299357721307,3581,174,3220.8818968245023,0.7863481193419195,0.8669937811102294,0.9906830006773005,5.98036478183867,0.525293213471721
mutation,7,393,37984,0,17,17,94,3715,0.906982421875,0.9888299357721307,3581,174,3222.0594980746164,0.7866356196471231,0.8673107666418887,0.9906830006773005,5.98036478183867,0.5245427228107368
mutation,7,394,38080,0,13,13,96,3715,0.906982421875,0.9888299357721307,3581,174,3222.9479343802986,0.7868525230420651,0.8675499150418031,0.9906830006773005,5.98036478183867,0.5276606141335537
mutation,7,395,38176,0,14,14,95,3715,0.906982421875,0.9888299357721307,3581,174,3223.697656164726,0.7870355605870913,0.8677517244050407,0.9906830006773005,5.98036478183867,0.5270209428989052
mutation,7,396,38272,0,12,12,95,3715,0.906982421875,0.9888299357721307,3581,174,3223.951093699201,0.7870974349851565,0.8678199444681564,0.9906830006773005,5.98036478183867,0.5308759818240957
mutation,7,397,38368,0,14,14,95,3715,0.906982421875,0.9888299357721307,3581,174,3224.349680053024,0.7871947461066953,0.8679272355459015,0.9906830006773005,5.98036478183867,0.5255153913626931
mutation,7,398,38464,0,19,19,94,3715,0.906982421875,0.9888299357721307,3581,174,3225.7709812447606,0.7875417434679591,0.8683098199851307,0.9906830006773005,5.98036478183867,0.5274514937311836
mutation,7,399,38560,0,16,16,95,3715,0.906982421875,0.9888299357721307,3581,174,3226.5641768682117,0.7877353947432157,0.8685233315930583,0.9906830006773005,5.98036478183867,0.5238570694910454
mutation,7,400,38656,0,16,16,93,3715,0.906982421875,0.9888299357721307,3581,174,3227.307632221029,0.7879169023977122,0.8687234541644762,0.9906830006773005,5.98036478183867,0.5227527140098647
mutation,7,401,38752,0,13,13,95,3715,0.906982421875,0.9888299357721307,3581,174,3227.680810448232,0.7880080103633379,0.8688239059080033,0.9906830006773005,5.98036478183867,0.5215543779775209
mutation,7,402,38848,0,17,17,95,3715,0.906982421875,0.9888299357721307,3581,174,3228.7914994859957,0.7882791746791982,0.869122880076984,0.9906830006773005,5.98036478183867,0.5292069063351112
mutation,7,403,38944,1,15,15,96,3716,0.9072265625,0.9891091873778274,3581,174,3230.234522207593,0.7886314751483381,0.8692773202926783,0.9906830006773005,5.98033526248699,0.5223947178044138
mutation,7,404,39040,3,21,21,94,3719,0.907958984375,0.9899469421949176,3581,174,3233.222172152755,0.7893608818732312,0.869379449355406,0.9906830006773005,5.98037345967419,0.5273250526809217
mutation,7,405,39136,0,18,18,95,3719,0.907958984375,0.9899469421949176,3581,174,3234.139292778779,0.789584788276069,0.8696260534495237,0.9906830006773005,5.98037345967419,0.5213421880624567
mutation,7,406,39232,0,10,10,96,3719,0.907958984375,0.9899469421949176,3581,174,3234.7140149163474,0.7897251012979364,0.8697805901899294,0.9906830006773005,5.98037345967419,0.5255345354742038
mutation,7,407,39328,0,23,23,93,3719,0.907958984375,0.9899469421949176,3581,174,3235.6253937902584,0.7899476059058248,0.8700256503872703,0.9906830006773005,5.98037345967419,0.5246154656768256
mutation,7,408,39424,0,10,10,96,3719,0.907958984375,0.9899469421949176,3581,174,3236.1143574795096,0.7900669818065209,0.8701571275825517,0.9906830006773005,5.98037345967419,0.5294481340444086
mutation,7,409,39520,0,12,12,96,3719,0.907958984375,0.9899469421949176,3581,174,3236.522473531548,0.790166619514538,0.8702668656981845,0.9906830006773005,5.98037345967419,0.5276075167143404
mutation,7,410,39616,0,14,14,95,3719,0.907958984375,0.9899469421949176,3581,174,3237.0111008475724,0.7902859132928644,0.8703982524462416,0.9906830006773005,5.98037345967419,0.5237087359997044
mutation,7,411,39712,0,14,14,95,3719,0.907958984375,0.9899469421949176,3581,174,3237.800709997988,0.7904786889643526,0.8706105700451703,0.9906830006773005,5.98037345967419,0.5320321707743187
mutation,7,412,39808,0,14,14,94,3719,0.907958984375,0.9899469421949176,3581,174,3238.5948565082417,0.7906725723897075,0.8708241076924554,0.9906830006773005,5.98037345967419,0.5272704869338141
mutation,7,413,39904,0,16,16,95,3719,0.907958984375,0.9899469421949176,3581,174,3239.368481117428,0.7908614455853096,0.8710321272163022,0.9906830006773005,5.98037345967419,0.5279878725638734
mutation,7,414,40000,0,14,14,96,3719,0.907958984375,0.9899469421949176,3581,174,3240.0337633500685,0.7910238680053878,0.8712110146141621,0.9906830006773005,5.98037345967419,0.5264497901787474
mutation,7,415,40096,0,22,22,95,3719,0.907958984375,0.9899469421949176,3581,174,3241.0753644730785,0.7912781651545602,0.8714910902051838,0.9906830006773005,5.98037345967419,0.52739181651047
mutation,7,416,40192,0,22,22,96,3719,0.907958984375,0.9899469421949176,3581,174,3241.7143623554557,0.7914341704969374,0.8716629100176003,0.9906830006773005,5.98037345967419,0.5246188471770281
mutation,7,417,40288,1,17,16,96,3720,0.908203125,0.9902261938006144,3581,174,3243.386035397914,0.7918422937983188,0.8718779665048155,0.9906830006773005,5.980344387023572,0.5260924599736532
mutation,7,418,40384,0,11,11,96,3720,0.908203125,0.9902261938006144,3581,174,3243.9858647885935,0.7919887365206527,0.8720392109646756,0.9906830006773005,5.980344387023572,0.5232630681781512
mutation,7,419,40480,1,15,15,94,3721,0.908447265625,0.9905054454063111,3581,174,3245.3295407712785,0.7923167824148629,0.8721659609705129,0.9906830006773005,5.980334198794142,0.5255800362087524
mutation,7,420,40576,1,14,14,93,3722,0.90869140625,0.9907846970120078,3581,174,3246.987613568341,0.7927215853438333,0.8723771127265828,0.9906830006773005,5.980311513523281,0.5266678017488398
mutation,7,421,40672,0,17,17,93,3722,0.90869140625,0.9907846970120078,3581,174,3247.800854990124,0.7929201306128233,0.8725956085411403,0.9906830006773005,5.980311513523281,0.5215475189134264
mutation,7,422,40768,0,14,14,94,3722,0.90869140625,0.9907846970120078,3581,174,3248.397732399957,0.7930658526367083,0.872755973240182,0.9906830006773005,5.980311513523281,0.5288441931030488
mutation,7,423,40864,0,19,19,95,3722,0.90869140625,0.9907846970120078,3581,174,3249.7536071051372,0.7933968767346526,0.8731202598348031,0.9906830006773005,5.980311513523281,0.5242823279798727
mutation,7,424,40960,0,12,12,95,3722,0.90869140625,0.9907846970120078,3581,174,3250.258273019466,0.793520086186393,0.873255849817159,0.9906830006773005,5.980311513523281,0.5262382602426019
mutation,7,425,41056,0,17,17,96,3722,0.90869140625,0.9907846970120078,3581,174,3250.932166832178,0.7936846110430122,0.8734369067254643,0.9906830006773005,5.980311513523281,0.5214721285500575
mutation,7,426,41152,0,16,16,95,3722,0.90869140625,0.9907846970120078,3581,174,3251.7173914215637,0.7938763162650302,0.8736478751804309,0.9906830006773005,5.980311513523281,0.5290159663956813
mutation,7,427,41248,0,18,18,96,3722,0.90869140625,0.9907846970120078,3581,174,3252.5837482717707,0.7940878291679128,0.87388064166356,0.9906830006773005,5.980311513523281,0.5259722638413862
mutation,7,428,41344,2,15,15,95,3724,0.9091796875,0.9913432002234013,3581,174,3255.10657965325,0.7947037547981567,0.8740887700465225,0.9906830006773005,5.980345785803786,0.5223690170868673
mutation,7,429,41440,0,15,15,94,3724,0.9091796875,0.9913432002234013,3581,174,3255.736188986791,0.7948574680143533,0.8742578380737892,0.9906830006773005,5.980345785803786,0.5302800472689251
mutation,7,430,41536,1,14,14,96,3725,0.909423828125,0.991622451829098,3581,174,3257.1684414395254,0.7952071390233216,0.8744076352857786,0.9906830006773005,5.980323427779931,0.5342117714740422
mutation,7,431,41632,1,22,22,95,3726,0.90966796875,0.9919017034347948,3581,174,3259.1962497496497,0.7957022094115356,0.874717189948913,0.9906830006773005,5.980320232431621,0.5228065714998417
mutation,7,432,41728,0,17,17,94,3726,0.90966796875,0.9919017034347948,3581,174,3259.947022766461,0.795885503605093,0.8749186856592757,0.9906830006773005,5.980320232431621,0.5257028905699199
mutation,7,433,41824,0,15,15,95,3726,0.90966796875,0.9919017034347948,3581,174,3260.5695122398965,0.7960374785741935,0.8750857520772669,0.9906830006773005,5.980320232431621,0.5241701224128841
mutation,7,434,41920,0,14,14,95,3726,0.90966796875,0.9919017034347948,3581,174,3261.4213452193026,0.7962454456101813,0.8753143706976121,0.9906830006773005,5.980320232431621,0.5294502586846824
mutation,7,435,42016,0,14,14,94,3726,0.90966796875,0.9919017034347948,3581,174,3261.858456601357,0.7963521622561907,0.875431684541427,0.9906830006773005,5.980320232431621,0.5251181833505931
mutation,7,436,42112,0,14,14,95,3726,0.90966796875,0.9919017034347948,3581,174,3262.6981335498594,0.7965571615111962,0.875657040673607,0.9906830006773005,5.980320232431621,0.527993057371021
mutation,7,437,42208,0,20,20,96,3726,0.90966796875,0.9919017034347948,3581,174,3263.6054264032605,0.7967786685554835,0.875900543854874,0.9906830006773005,5.980320232431621,0.5281081616590615
mutation,7,438,42304,0,12,12,93,3726,0.90966796875,0.9919017034347948,3581,174,3263.9953245142065,0.7968738585239762,0.8760051863967274,0.9906830006773005,5.980320232431621,0.5277359377106712
mutation,7,439,42400,0,20,20,94,3726,0.90966796875,0.9919017034347948,3581,174,3265.0061894535074,0.7971206517220477,0.8762764867024979,0.9906830006773005,5.980320232431621,0.5243253457564385
mutation,7,440,42496,0,12,12,96,3726,0.90966796875,0.9919017034347948,3581,174,3265.988578278055,0.7973604927436657,0.8765401444653931,0.9906830006773005,5.980320232431621,0.5228535500444351
mutation,7,441,42592,0,15,15,96,3726,0.90966796875,0.9919017034347948,3581,174,3267.2132908332023,0.7976594948323248,0.8768688381194853,0.9906830006773005,5.980320232431621,0.5276701293214603
mutation,7,442,42688,0,14,14,95,3726,0.90966796875,0.9919017034347948,3581,174,3267.686282536367,0.7977749713223552,0.8769957816791109,0.9906830006773005,5.980320232431621,0.5262827386951677
mutation,7,443,42784,0,14,14,95,3726,0.90966796875,0.9919017034347948,3581,174,3268.358220550234,0.797939018689022,0.877176119310315,0.9906830006773005,5.980320232431621,0.526822135772125
mutation,7,444,42880,0,9,9,92,3726,0.90966796875,0.9919017034347948,3581,174,3268.6658230724006,0.7980141169610353,0.877258675006012,0.9906830006773005,5.980320232431621,0.5168215286089934
mutation,7,445,42976,0,18,18,95,3726,0.90966796875,0.9919017034347948,3581,174,3269.417129165182,0.7981975413000932,0.8774603137856097,0.9906830006773005,5.980320232431621,0.5241498066759707
mutation,7,446,43072,0,14,14,96,3726,0.90966796875,0.9919017034347948,3581,174,3270.082676011596,0.7983600283231436,0.8776389361276425,0.9906830006773005,5.980320232431621,0.531888490915771
mutation,7,447,43168,0,15,15,93,3726,0.90966796875,0.9919017034347948,3581,174,3270.804163700517,0.7985361727784466,0.8778325721150073,0.9906830006773005,5.980320232431621,0.5265226942071459
mutation,7,448,43264,0,17,17,92,3726,0.90966796875,0.9919017034347948,3581,174,3271.2600163134803,0.7986474649202833,0.8779549158114547,0.9906830006773005,5.980320232431621,0.528375351838367
mutation,7,449,43360,0,14,14,94,3726,0.90966796875,0.9919017034347948,3581,174,3272.0517058959545,0.7988407485097545,0.8781673928867296,0.9906830006773005,5.980320232431621,0.5271578001416923
mutation,7,450,43456,1,14,14,95,3727,0.909912109375,0.9921809550404915,3581,174,3273.325803154759,0.7991518074108298,0.8782736257458436,0.9906830006773005,5.980298101069115,0.5284718692918071
mutation,7,451,43552,0,21,21,94,3727,0.909912109375,0.9921809550404915,3581,174,3274.5581317071073,0.7994526688738055,0.8786042746732244,0.9906830006773005,5.980298101069115,0.5182229587370155
mutation,7,452,43648,0,14,14,96,3727,0.909912109375,0.9921809550404915,3581,174,3275.103538458454,0.7995858248189585,0.8787506140215867,0.9906830006773005,5.980298101069115,0.5269129887915778
mutation,7,453,43744,0,17,17,95,3727,0.909912109375,0.9921809550404915,3581,174,3275.7519054929276,0.7997441175519843,0.8789245788819231,0.9906830006773005,5.980298101069115,0.5240889856611712
mutation,7,454,43840,0,10,10,94,3727,0.909912109375,0.9921809550404915,3581,174,3276.2239953850994,0.7998593738733153,0.8790512464140325,0.9906830006773005,5.980298101069115,0.528200067230957
mutation,7,455,43936,0,14,14,94,3727,0.909912109375,0.9921809550404915,3581,174,3276.8836948526396,0.8000204333136327,0.8792282519057256,0.9906830006773005,5.980298101069115,0.5283184828894524
mutation,7,456,44032,1,16,16,95,3728,0.91015625,0.9924602066461882,3581,174,3278.1174139204873,0.8003216342579315,0.8793233406439075,0.9906830006773005,5.98028232744251,0.5267361757224281
mutation,7,457,44128,0,17,17,96,3728,0.91015625,0.9924602066461882,3581,174,3278.723670731096,0.8004696461745839,0.879485963178942,0.9906830006773005,5.98028232744251,0.5197824744654471
mutation,7,458,44224,0,15,15,94,3728,0.91015625,0.9924602066461882,3581,174,3279.3296087992885,0.8006175802732638,0.8796485002144014,0.9906830006773005,5.98028232744251,0.5295519186479907
mutation,7,459,44320,0,11,11,94,3728,0.91015625,0.9924602066461882,3581,174,3279.819728686772,0.800737238448919,0.8797799701413015,0.9906830006773005,5.98028232744251,0.5268374569884332
mutation,7,460,44416,0,13,13,96,3728,0.91015625,0.9924602066461882,3581,174,3280.456715118207,0.800892752714406,0.8799508356003773,0.9906830006773005,5.98028232744251,0.5310523753287577
mutation,7,461,44512,0,11,11,95,3728,0.91015625,0.9924602066461882,3581,174,3281.02596656193,0.8010317301176587,0.8801035318030929,0.9906830006773005,5.98028232744251,0.533625277110406
mutation,7,462,44608,0,15,15,96,3728,0.91015625,0.9924602066461882,3581,174,3282.0128234399062,0.8012726619726334,0.8803682466308761,0.9906830006773005,5.98028232744251,0.5219477643557975
mutation,7,463,44704,1,14,14,96,3729,0.910400390625,0.9927394582518849,3581,174,3283.210980723774,0.8015651808407651,0.8804534676116315,0.9906830006773005,5.980538005796378,0.5252627260854075
mutation,7,464,44800,0,10,10,96,3729,0.910400390625,0.9927394582518849,3581,174,3283.5407200347045,0.8016456836022228,0.8805418932782796,0.9906830006773005,5.980538005796378,0.5127776719468091
mutation,7,465,44896,0,8,8,96,3729,0.910400390625,0.9927394582518849,3581,174,3284.0069111699813,0.8017594997973587,0.8806669110136716,0.9906830006773005,5.980538005796378,0.5188129707547462
mutation,7,466,44992,1,14,14,94,3730,0.91064453125,0.9930187098575817,3581,174,3285.2257382533535,0.8020570650032601,0.8807575705773065,0.9906830006773005,5.98056912226157,0.5225409157877015
mutation,7,467,45088,0,10,10,95,3730,0.91064453125,0.9930187098575817,3581,174,3285.9164159826105,0.8022256874957545,0.8809427388693326,0.9906830006773005,5.98056912226157,0.5261426190767629
mutation,7,468,45184,2,16,16,96,3732,0.9111328125,0.9935772130689752,3581,174,3288.044010819225,0.8027451198289124,0.8810407317307677,0.9906830006773005,5.980525817497417,0.5218616340683064
mutation,7,469,45280,1,10,10,95,3733,0.911376953125,0.9938564646746719,3581,174,3289.248160188673,0.8030391016085627,0.881127286415396,0.9906830006773005,5.980498153673308,0.5187635123502459
mutation,7,470,45376,1,20,20,96,3734,0.91162109375,0.9941357162803686,3581,174,3290.9977379448064,0.8034662446154313,0.8813598655449402,0.9906830006773005,5.980489307407581,0.525025161625219
mutation,7,471,45472,0,15,15,95,3734,0.91162109375,0.9941357162803686,3581,174,3291.734036748442,0.8036460050655376,0.8815570532266851,0.9906830006773005,5.980489307407581,0.525541242247554
mutation,7,472,45568,0,12,12,94,3734,0.91162109375,0.9941357162803686,3581,174,3292.108376050267,0.8037373964966472,0.8816573047804679,0.9906830006773005,5.980489307407581,0.5316507330927129
mutation,7,473,45664,0,15,15,95,3734,0.91162109375,0.9941357162803686,3581,174,3292.6642950480687,0.8038731189082199,0.8818061850691132,0.9906830006773005,5.980489307407581,0.5260420493937654
mutation,7,474,45760,0,10,10,94,3734,0.91162109375,0.9941357162803686,3581,174,3292.8849835974124,0.803926997948587,0.8818652875193927,0.9906830006773005,5.980489307407581,0.5204048143324778
mutation,7,475,45856,0,15,15,94,3734,0.91162109375,0.9941357162803686,3581,174,3293.3799216801517,0.8040478324414433,0.8819978365506566,0.9906830006773005,5.980489307407581,0.5244348774428238
mutation,7,476,45952,1,14,14,95,3735,0.911865234375,0.9941357162803686,3581,175,3294.7483990324276,0.8043819333575263,0.882128085416982,0.9906830006773005,5.980506991461099,0.5274061548892743
mutation,7,477,46048,0,20,20,95,3735,0.911865234375,0.9941357162803686,3581,175,3295.7493387324103,0.8046263034014673,0.8823960746271513,0.9906830006773005,5.980506991461099,0.5241712518813496
mutation,7,478,46144,1,15,15,94,3736,0.912109375,0.9944149678860653,3581,175,3297.2134770193143,0.8049837590379185,0.8825517872107372,0.9906830006773005,5.980531665524367,0.5303530109711719
mutation,7,479,46240,0,16,16,96,3736,0.912109375,0.9944149678860653,3581,175,3297.674421930919,0.8050962944167283,0.8826751664697321,0.9906830006773005,5.980531665524367,0.5292236983558098
mutation,7,480,46336,1,15,15,96,3737,0.912353515625,0.9946942194917621,3581,175,3298.970180888845,0.8054126418185656,0.8827857053489014,0.9906830006773005,5.980510571395791,0.5255317261649233
mutation,7,481,46432,1,11,11,94,3738,0.91259765625,0.9949734710974588,3581,175,3300.4464137733926,0.8057730502376447,0.8829444659639895,0.9906830006773005,5.980495817162648,0.5340894638385463
mutation,7,482,46528,0,12,12,94,3738,0.91259765625,0.9949734710974588,3581,175,3301.011855671438,0.8059110975760346,0.8830957345295446,0.9906830006773005,5.980495817162648,0.5249574399224131
mutation,7,483,46624,0,14,14,92,3738,0.91259765625,0.9949734710974588,3581,175,3301.4582331116476,0.8060200764432733,0.8832151506451705,0.9906830006773005,5.980495817162648,0.5233626522176689
mutation,7,484,46720,0,18,18,96,3738,0.91259765625,0.9949734710974588,3581,175,3302.2844870517356,0.8062217985966151,0.8834361923626901,0.9906830006773005,5.980495817162648,0.5254709717168325
mutation,7,485,46816,0,18,18,95,3738,0.91259765625,0.9949734710974588,3581,175,3303.142783128217,0.8064313435371624,0.8836658060803149,0.9906830006773005,5.980495817162648,0.5237313429422512
mutation,7,486,46912,0,10,10,93,3738,0.91259765625,0.9949734710974588,3581,175,3303.353851420194,0.8064828738818833,0.883722271647992,0.9906830006773005,5.980495817162648,0.5295875357533064
mutation,7,487,47008,0,7,7,95,3738,0.91259765625,0.9949734710974588,3581,175,3303.5823375004197,0.8065386566163134,0.8837833968700962,0.9906830006773005,5.980495817162648,0.5245933777268098
mutation,7,488,47104,0,18,18,95,3738,0.91259765625,0.9949734710974588,3581,175,3304.4650254972635,0.8067541566155428,0.8840195359810764,0.9906830006773005,5.980495817162648,0.5239714856584912
mutation,7,489,47200,0,15,15,95,3738,0.91259765625,0.9949734710974588,3581,175,3305.172756897099,0.8069269426018308,0.884208870223943,0.9906830006773005,5.980495817162648,0.5314150143105507
mutation,7,490,47296,0,16,16,96,3738,0.91259765625,0.9949734710974588,3581,175,3305.928407602907,0.8071114276374285,0.8844110239708152,0.9906830006773005,5.980495817162648,0.5284378898304464
mutation,7,491,47392,0,18,18,96,3738,0.91259765625,0.9949734710974588,3581,175,3306.9201628288047,0.8073535553781261,0.8846763410456941,0.9906830006773005,5.980495817162648,0.5189507277404636
mutation,7,492,47488,0,9,9,95,3738,0.91259765625,0.9949734710974588,3581,175,3307.077925931759,0.8073920717606834,0.8847185462631779,0.9906830006773005,5.980495817162648,0.5226302258328723
mutation,7,493,47584,0,19,19,94,3738,0.91259765625,0.9949734710974588,3581,175,3307.825226501276,0.8075745181887881,0.8849184661587148,0.9906830006773005,5.980495817162648,0.5291837286128754
mutation,7,494,47680,0,14,14,95,3738,0.91259765625,0.9949734710974588,3581,175,3308.3577848063887,0.8077045373062472,0.8850609376154063,0.9906830006773005,5.980495817162648,0.5309430837610765
mutation,7,495,47776,0,11,11,96,3738,0.91259765625,0.9949734710974588,3581,175,3308.995567191767,0.8078602458964275,0.8852315589063047,0.9906830006773005,5.980495817162648,0.5287446051002078
mutation,7,496,47872,0,16,16,95,3738,0.91259765625,0.9949734710974588,3581,175,3309.791811284468,0.8080546414268721,0.8854445723072414,0.9906830006773005,5.980495817162648,0.5233248738041038
mutation,7,497,47968,0,9,9,95,3738,0.91259765625,0.9949734710974588,3581,175,3310.3377118133567,0.8081879179231828,0.8855906131121875,0.9906830006773005,5.980495817162648,0.5207580620142798
mutation,7,498,48064,1,11,11,94,3739,0.912841796875,0.9952527227031556,3581,175,3311.5210712417784,0.8084768240336373,0.8856702517362338,0.9906830006773005,5.980474950380252,0.5254391598753684
mutation,7,499,48160,0,15,15,95,3739,0.912841796875,0.9952527227031556,3581,175,3312.304068749203,0.8086679855344734,0.8858796653514851,0.9906830006773005,5.980474950380252,0.5286391878119984
mutation,7,500,48256,0,8,8,95,3739,0.912841796875,0.9952527227031556,3581,175,3312.613344815755,0.808743492386659,0.8859623816035719,0.9906830006773005,5.980474950380252,0.5246056154088434
random,11,0,256,178,210,178,0,178,0.04345703125,0.046914269757051104,3581,10,75.02279881236197,0.01831611299129931,0.42147639782225826,0.9442114033899306,4.217950045151372,0.4173653001073394
random,11,1,352,45,58,56,0,223,0.054443359375,0.05864283719631388,3581,13,96.22195884652365,0.023491689171514563,0.43148860469293115,0.9442114033899306,4.23926119837259,0.41214957718005685
random,11,2,448,41,54,53,0,264,0.064453125,0.06981290142418319,3581,14,122.43456090423061,0.029891250220759426,0.46376727615238866,0.9442114033899306,4.383366083385062,0.4313631547734229
random,11,3,544,42,62,60,0,306,0.07470703125,0.0809829656520525,3581,16,143.2411294867884,0.03497097887861045,0.4681082662966941,0.9442114033899306,4.421701721062907,0.42692984411851687
random,11,4,640,40,54,54,0,346,0.08447265625,0.09159452666852834,3581,18,164.88393967410053,0.0402548680844972,0.47654317824884546,0.9442114033899306,4.532594252199805,0.4278834394269052
random,11,5,736,26,43,41,0,372,0.0908203125,0.09829656520524993,3581,20,180.76785207570487,0.04413277638567013,0.4859350862250131,0.9442114033899306,4.578857872122558,0.43457800719611694
random,11,6,832,37,45,45,0,409,0.099853515625,0.10695336498184864,3581,26,199.89406036153193,0.04880226083045213,0.4887385338912761,0.9442114033899306,4.601340508927677,0.43261292675567276
random,11,7,928,18,35,34,0,427,0.104248046875,0.1117006422786931,3581,27,210.65471870471168,0.0514293746837675,0.49333657776279083,0.9442114033899306,4.635696256817499,0.43855718016390827
random,11,8,1024,17,38,37,0,444,0.1083984375,0.11561016475844736,3581,30,224.1595502060821,0.05472645268703176,0.5048638518155002,0.9442114033899306,4.655265907636581,0.43939016289756294
random,11,9,1120,23,37,36,0,467,0.114013671875,0.12147444847807874,3581,32,235.78947866788462,0.05756579069040152,0.5049025239140998,0.9442114033899306,4.685340994156325,0.43885490628253504
random,11,10,1216,21,44,43,0,488,0.119140625,0.1270594805920134,3581,33,249.2773324059478,0.06085872373192085,0.510814205749893,0.9442114033899306,4.711163416134534,0.4318973233303278
random,11,11,1312,23,41,40,0,511,0.124755859375,0.13320301591734152,3581,34,262.60947285104345,0.06411364083277428,0.5139128627221985,0.9442114033899306,4.7451864692515615,0.4479231641178733
random,11,12,1408,23,41,38,0,534,0.13037109375,0.13906729963697292,3581,36,278.26280372336066,0.0679352548152736,0.5210913927403757,0.9442114033899306,4.763623018714368,0.4397695959896071
random,11,13,1504,16,27,26,0,550,0.13427734375,0.1432560737224239,3581,37,288.8507833281618,0.070520210773477,0.5251832424148396,0.9442114033899306,4.794350417192814,0.4556319810371319
random,11,14,1600,19,29,29,0,569,0.138916015625,0.14772409941357162,3581,40,299.6911830368459,0.07316679273360496,0.5266980369716097,0.9442114033899306,4.814380015148673,0.44330801176772866
random,11,15,1696,20,40,40,0,589,0.143798828125,0.15302987992180955,3581,41,313.4474358503684,0.07652525289315634,0.5321688214777053,0.9442114033899306,4.839593105885571,0.4488205841902392
random,11,16,1792,17,31,30,0,606,0.14794921875,0.157777157218654,3581,41,326.17233432240397,0.07963191755918066,0.5382381754495115,0.9442114033899306,4.867418920123241,0.4548863411271457
random,11,17,1888,9,19,19,0,615,0.150146484375,0.1602904216699246,3581,41,332.7293357145839,0.08123274797719333,0.5410233101050145,0.9442114033899306,4.8685926654569185,0.44373082969454347
random,11,18,1984,14,35,34,0,629,0.153564453125,0.16392069254398212,3581,42,344.2500593235074,0.08404542463952817,0.5472973916112995,0.9442114033899306,4.8801095175841605,0.44838588939293905
random,11,19,2080,16,38,37,0,645,0.157470703125,0.16810946662943313,3581,43,356.71338165083296,0.08708822794209789,0.553044002559431,0.9442114033899306,4.8913294769779965,0.45348698942021415
random,11,20,2176,20,35,35,0,665,0.162353515625,0.1731359955319743,3581,45,369.84282269744205,0.09029365788511769,0.5561546205976572,0.9442114033899306,4.9273654729529275,0.4582085817452245
random,11,21,2272,9,30,30,0,674,0.16455078125,0.1756492599832449,3581,45,379.87410081350214,0.09274270039392142,0.5636114255393206,0.9442114033899306,4.934521550943374,0.45204315646701776
random,11,22,2368,13,34,34,0,687,0.167724609375,0.17927953085730242,3581,45,390.2799967313311,0.09528320232698513,0.5680931539029564,0.9528951249779232,4.949667240595739,0.45386824553471283
random,11,23,2464,12,15,15,0,699,0.170654296875,0.18235129851996648,3581,46,397.3211919636427,0.09700224413174871,0.5684137224086449,0.9528951249779232,4.962834549730717,0.45679550111435263
random,11,24,2560,12,26,25,0,711,0.173583984375,0.18514381457693382,3581,48,406.02605039897276,0.09912745371068671,0.5710633620238716,0.9795910027634741,4.969788869638135,0.4597361596562727
random,11,25,2656,10,22,22,0,721,0.176025390625,0.1873778274225077,3581,50,414.22703359886486,0.10112964687472287,0.5745173836322675,0.9795910027634741,4.990639749861115,0.45041753430407694
random,11,26,2752,9,31,31,0,730,0.17822265625,0.18989109187377828,3581,50,422.53126546642454,0.1031570472330138,0.5788099526937323,0.9795910027634741,4.998991799360613,0.4492537095197796
random,11,27,2848,17,32,32,0,747,0.182373046875,0.1935213627478358,3581,54,433.45527889827616,0.10582404269977445,0.5802614175345062,0.9795910027634741,5.023033997740611,0.4604254886721564
random,11,28,2944,12,21,21,0,759,0.185302734375,0.19659313041049986,3581,55,441.2347308376451,0.10772332295840945,0.5813369312748947,0.9795910027634741,5.030086768623037,0.45318905084897987
random,11,29,3040,8,26,26,0,767,0.187255859375,0.19882714325607373,3581,55,448.9754950539551,0.10961315797215701,0.5853657041120667,0.9795910027634741,5.0442840282111145,0.45288164739165127
random,11,30,3136,12,27,27,0,779,0.190185546875,0.2018989109187378,3581,56,458.3330506066337,0.11189771743326019,0.5883607838339329,0.9795910027634741,5.059701868016013,0.45567569321240853
random,11,31,3232,6,24,23,0,785,0.191650390625,0.20329516894722144,3581,57,464.7718020677015,0.11346967823918494,0.5920659898951611,0.9795910027634741,5.0646255320675415,0.4507305179647917
random,11,32,3328,10,24,24,0,795,0.194091796875,0.20608768500418878,3581,57,471.9749020382335,0.1152282475679281,0.5936791220606711,0.9795910027634741,5.078936637691494,0.4705316681314905
random,11,33,3424,14,26,26,0,809,0.197509765625,0.2097179558782463,3581,58,482.35838663183523,0.1177632779862879,0.5962402801382388,0.9795910027634741,5.09183033218521,0.4646627385033405
random,11,34,3520,9,17,17,0,818,0.19970703125,0.21223122032951688,3581,58,489.3286962743607,0.1194650137388576,0.5982013401887051,0.9795910027634741,5.09867585795611,0.4618084578624958
random,11,35,3616,6,20,20,0,824,0.201171875,0.21390672996369728,3581,58,494.3026673410544,0.12067936214381211,0.5998818778410855,0.9795910027634741,5.103567694241164,0.466179894680091
random,11,36,3712,15,23,23,0,839,0.204833984375,0.2180955040491483,3581,58,504.38243229970954,0.12314024226067127,0.6011709562571032,0.9795910027634741,5.112027143073625,0.46606453128678804
random,11,37,3808,8,20,20,0,847,0.206787109375,0.22032951689472213,3581,58,510.49374966817965,0.12463226310258292,0.6027080869754187,0.9795910027634741,5.118755345874669,0.4652139438010836
random,11,38,3904,11,23,23,0,858,0.20947265625,0.22312203295168948,3581,59,519.2126329475659,0.12676089671571433,0.6051429288433169,0.9795910027634741,5.127013980490651,0.46599872107153706
random,11,39,4000,9,19,19,0,867,0.211669921875,0.22535604579726334,3581,60,525.4882959025463,0.12829304099183259,0.6060995339129714,0.9795910027634741,5.138434235006734,0.4717781785052361
random,11,40,4096,11,24,24,0,878,0.21435546875,0.22842781345992738,3581,60,533.4348700143448,0.1302331225620959,0.6075567995607573,0.9795910027634741,5.1499167843631914,0.4792478634822932
random,11,41,4192,10,24,24,0,888,0.216796875,0.23038257469980453,3581,63,540.6402866187483,0.13199225747528034,0.6088291515976895,0.9795910027634741,5.161360714789089,0.46441287292121436
random,11,42,4288,10,28,28,0,898,0.21923828125,0.23317509075677184,3581,63,549.4306473392819,0.13413834163556687,0.6118381373488663,0.9795910027634741,5.167561912845757,0.4677350387250409
random,11,43,4384,6,18,18,0,904,0.220703125,0.23485060039095224,3581,63,554.3968113123675,0.13535078401180847,0.6132708089738579,0.9795910027634741,5.170857313756719,0.46099784449445025
random,11,44,4480,5,19,19,0,909,0.221923828125,0.2362468584194359,3581,63,559.7058683611224,0.13664694051785214,0.6157380290001346,0.9795910027634741,5.170390267461861,0.46466021938540225
random,11,45,4576,5,18,18,0,914,0.22314453125,0.23736386484222285,3581,64,565.3532002457421,0.13802568365374562,0.6185483591310088,0.9795910027634741,5.187183935716711,0.4688382597449789
random,11,46,4672,9,20,20,0,923,0.225341796875,0.23987712929349345,3581,64,572.5306560118238,0.13977799219038667,0.6202932351157354,0.9795910027634741,5.195491766694047,0.47599794845736965
random,11,47,4768,5,19,19,0,928,0.2265625,0.2412733873219771,3581,64,577.315668726842,0.14094620818526415,0.6221074016453039,0.9795910027634741,5.198612707288572,0.4670214585402065
random,11,48,4864,6,14,14,0,934,0.22802734375,0.24294889695615748,3581,64,583.3875828700111,0.1424286090991238,0.6246119730942303,0.9795910027634741,5.202759047247869,0.47055740602441043
random,11,49,4960,11,19,19,0,945,0.230712890625,0.24602066461882155,3581,64,591.6534012668488,0.14444663116866427,0.6260882553088347,0.9795910027634741,5.217356461204533,0.47241098047802976
random,11,50,5056,7,15,15,0,952,0.232421875,0.2479754258586987,3581,64,597.4027293362302,0.14585027571685308,0.627523875353183,0.9795910027634741,5.219718158930887,0.467655181667918
random,11,51,5152,11,22,22,0,963,0.235107421875,0.25104719352136273,3581,64,606.4810710137158,0.14806666772795796,0.6297830436279499,0.9795910027634741,5.225960381786892,0.4706614811605345
random,11,52,5248,8,20,20,0,971,0.237060546875,0.25328120636693663,3581,64,612.7729964633337,0.14960278233968108,0.6310741467181603,0.9795910027634741,5.234335148172161,0.47844304227256296
random,11,53,5344,9,19,19,0,980,0.2392578125,0.25551521921251047,3581,65,619.8702197251473,0.1513355028625848,0.6325206323725993,0.9795910027634741,5.240923641268496,0.4639772137808128
random,11,54,5440,8,17,17,0,988,0.2412109375,0.2574699804523876,3581,66,626.3070060442839,0.15290698389753024,0.6339139737290322,0.9795910027634741,5.245676303482213,0.46689219563076256
random,11,55,5536,6,21,21,0,994,0.24267578125,0.25886623848087126,3581,67,631.586526933948,0.1541959294272334,0.6353989204566881,0.9795910027634741,5.250362676040748,0.47478019934927035
random,11,56,5632,5,18,18,0,999,0.243896484375,0.2599832449036582,3581,68,637.1065584332098,0.15554359336748286,0.6377443027359457,0.9795910027634741,5.254787720007503,0.4649779101017558
random,11,57,5728,6,15,15,0,1005,0.245361328125,0.26137950293214185,3581,69,642.0621193743555,0.15675344711287975,0.6388677804719954,0.9795910027634741,5.261002692665173,0.47669578044961936
random,11,58,5824,5,11,11,0,1010,0.24658203125,0.26277576096062555,3581,69,645.2449435273038,0.15753050379084566,0.6388563797300038,0.9795910027634741,5.2660521565600655,0.48203110488032486
random,11,59,5920,12,23,23,0,1022,0.24951171875,0.26612678022898634,3581,69,653.7895621826917,0.15961659232975872,0.6397158142687785,0.9795910027634741,5.286729555557941,0.47797682667984953
random,11,60,6016,4,13,13,0,1026,0.25048828125,0.26724378665177323,3581,69,657.4027142186599,0.16049870952604,0.6407433861780311,0.9795910027634741,5.289575805303293,0.4701996698418003
random,11,61,6112,11,25,25,0,1037,0.253173828125,0.2703155543144373,3581,69,666.178778608592,0.16264130337123828,0.6424096225733771,0.9795910027634741,5.298241445626311,0.4752690454433831
random,11,62,6208,4,14,14,0,1041,0.254150390625,0.2714325607372242,3581,69,670.6253334136043,0.16372688804043073,0.644212616151397,0.9795910027634741,5.300084415770709,0.48333222994000274
random,11,63,6304,7,15,15,0,1048,0.255859375,0.2728288187657079,3581,71,676.1418940059664,0.16507370459130039,0.6451735629827924,0.9795910027634741,5.305745143159218,0.47157796200915164
random,11,64,6400,8,17,17,0,1056,0.2578125,0.27478358000558506,3581,72,681.468484871247,0.1663741418142693,0.6453300046129233,0.9795910027634741,5.3163755897756255,0.4721164668066331
random,11,65,6496,7,18,18,0,1063,0.259521484375,0.27645908963976545,3581,73,688.59008546771,0.16811281383489013,0.6477799486996331,0.9795910027634741,5.326185586750021,0.47370222151199515
random,11,66,6592,7,21,21,0,1070,0.26123046875,0.27841385087964254,3581,73,695.2082705461323,0.16972858167630184,0.6497273556505909,0.9795910027634741,5.335801008060066,0.47796769899223046
random,11,67,6688,9,20,20,0,1079,0.263427734375,0.28064786372521644,3581,74,702.179860669988,0.1714306300463838,0.6507691016403967,0.9795910027634741,5.344012015936017,0.48323622873119887
random,11,68,6784,5,15,15,0,1084,0.2646484375,0.2820441217537001,3581,74,706.6863944026329,0.1725308580084553,0.6519247180836097,0.9795910027634741,5.352649217105761,0.48271605964564873
random,11,69,6880,5,15,15,0,1089,0.265869140625,0.2834403797821837,3581,74,711.5532059523557,0.17371904442196184,0.6534005564300787,0.9795910027634741,5.356155628150486,0.4830416427712402
random,11,70,6976,16,24,24,0,1105,0.269775390625,0.287349902261938,3581,76,721.9078640999878,0.1762470371337861,0.6533102842533827,0.9795910027634741,5.366266301936209,0.4820047828368327
random,11,71,7072,6,15,15,0,1111,0.271240234375,0.28874616029042166,3581,77,727.0160304066058,0.17749414804848773,0.6543798653524804,0.9795910027634741,5.369868835336002,0.4739325627237671
random,11,72,7168,5,17,17,0,1116,0.2724609375,0.29014241831890536,3581,77,731.0397476561033,0.17847650089260333,0.6550535373262574,0.9795910027634741,5.374220254961148,0.46986163360432875
random,11,73,7264,5,11,11,0,1121,0.273681640625,0.291538676347389,3581,77,735.2238007995093,0.1794979982420677,0.6558642290807397,0.9795910027634741,5.377579731601739,0.47834101921104916
random,11,74,7360,5,15,15,0,1126,0.27490234375,0.29293493437587265,3581,77,738.9054647498006,0.18039684197993178,0.6562215495113681,0.9795910027634741,5.384231820688635,0.47707102674554447
random,11,75,7456,10,27,27,0,1136,0.27734375,0.29572745043284,3581,77,748.6277587317658,0.1827704489091225,0.6590033087427516,0.9795910027634741,5.385646597840138,0.48370661601836895
random,11,76,7552,7,22,21,0,1143,0.279052734375,0.29768221167271713,3581,77,755.179557048216,0.1843700090449746,0.6606995249765669,0.9795910027634741,5.389740564404549,0.484080746926467
random,11,77,7648,10,23,23,0,1153,0.281494140625,0.3001954761239877,3581,78,762.8401170127038,0.18624026294255464,0.6616132844862999,0.9795910027634741,5.399468715663875,0.48109324307140633
random,11,78,7744,6,12,12,0,1159,0.282958984375,0.30159173415247137,3581,79,766.829196365127,0.18721415926882984,0.6616300227481683,0.9795910027634741,5.403538883020482,0.4739598392113218
random,11,79,7840,9,13,13,0,1168,0.28515625,0.30410499860374196,3581,79,772.2622398991205,0.1885405859128712,0.6611834245711647,0.9795910027634741,5.4139315104737396,0.48342798022297223
random,11,80,7936,3,10,10,0,1171,0.285888671875,0.30466350181513546,3581,80,774.9789999668869,0.18920385741379075,0.6618095644465303,0.9795910027634741,5.41315191919182,0.4863909510454332
random,11,81,8032,3,12,12,0,1174,0.28662109375,0.30550125663222566,3581,80,777.9812617105306,0.1899368314722975,0.6626756914059034,0.9795910027634741,5.419579934141397,0.4836099836851512
random,11,82,8128,7,16,16,0,1181,0.288330078125,0.30717676626640605,3581,81,783.0724606968454,0.19117979997481577,0.6630588151539758,0.9795910027634741,5.422042560518121,0.4810937851545535
random,11,83,8224,6,13,13,0,1187,0.289794921875,0.3085730242948897,3581,82,787.7047684589927,0.19231073448705877,0.6636097459637681,0.9795910027634741,5.423774847853081,0.4895274302345287
random,11,84,8320,5,14,14,0,1192,0.291015625,0.30996928232337334,3581,82,791.6198724221056,0.19326657041555312,0.6641106312265986,0.9795910027634741,5.427886057823074,0.47361778390842413
random,11,85,8416,9,18,18,0,1201,0.293212890625,0.31248254677464393,3581,82,798.8079023950402,0.1950214605456641,0.6651189861740551,0.9795910027634741,5.431291989803849,0.48428541760807686
random,11,86,8512,9,19,19,0,1210,0.29541015625,0.31471655962021783,3581,83,805.2550712870557,0.19659547638844133,0.665500058914922,0.9795910027634741,5.435778707797331,0.4813475837387481
random,11,87,8608,3,11,11,0,1213,0.296142578125,0.315554314437308,3581,83,807.7282401126864,0.19719927737126133,0.6658930256493705,0.9795910027634741,5.436603228339869,0.48912067013296623
random,11,88,8704,4,11,11,0,1217,0.297119140625,0.3166713208600949,3581,83,811.616673766688,0.1981486019938203,0.6668994854286672,0.9795910027634741,5.442897900665061,0.48178960545971633
random,11,89,8800,7,12,12,0,1224,0.298828125,0.31862608209997206,3581,83,817.4378557917879,0.19956978901166697,0.6678413854508071,0.9795910027634741,5.453612471679069,0.4811485538280071
random,11,90,8896,9,22,21,0,1233,0.301025390625,0.32113934655124265,3581,83,824.2984453797492,0.20124473764154033,0.6685307748416457,0.9795910027634741,5.455189959835963,0.4753625686513905
random,11,91,8992,6,12,12,0,1239,0.302490234375,0.32281485618542305,3581,83,827.8153723313055,0.20210336238557264,0.6681318582173572,0.9795910027634741,5.454572688833381,0.4846674419292605
random,11,92,9088,9,15,15,0,1248,0.3046875,0.32532812063669364,3581,83,834.512882420618,0.2037384966847212,0.6686801942472901,0.9795910027634741,5.457356256906666,0.47578828608324036
random,11,93,9184,7,17,17,0,1255,0.306396484375,0.32672437866517734,3581,85,840.5030090760984,0.20520092995021932,0.6697235132080465,0.9795910027634741,5.462514921425102,0.4756574765193712
random,11,94,9280,4,9,9,0,1259,0.307373046875,0.32784138508796423,3581,85,843.1025013616877,0.2058355716215058,0.6696604458790212,0.9795910027634741,5.4634050787547555,0.4867813417303184
random,11,95,9376,8,13,13,0,1267,0.309326171875,0.33007539793353813,3581,85,848.6473207366392,0.20718928728921857,0.6698084615127382,0.9795910027634741,5.466782281544482,0.47810977528785953
random,11,96,9472,5,10,10,0,1272,0.310546875,0.33147165596202177,3581,85,852.1782444531128,0.20805132921218575,0.6699514500417554,0.9795910027634741,5.468886928405723,0.48151636342490506
random,11,97,9568,8,16,16,0,1280,0.3125,0.33370566880759567,3581,85,858.7526274821879,0.20965640319389353,0.6709004902204593,0.9795910027634741,5.470934828486017,0.4758347438289165
random,11,98,9664,3,10,10,0,1283,0.313232421875,0.33454342362468587,3581,85,861.6580406571618,0.2103657325823149,0.6715962904576476,0.9795910027634741,5.475592656673937,0.4879710754642135
random,11,99,9760,5,7,7,0,1288,0.314453125,0.33566043004747276,3581,86,864.7977506180996,0.21113226333449697,0.6714268250140525,0.9795910027634741,5.477075766097828,0.486307747260864
random,11,100,9856,6,16,16,0,1294,0.31591796875,0.33733593968165315,3581,86,870.0511847962168,0.21241484003813887,0.6723734040156235,0.9795910027634741,5.478211203455002,0.4737686824255134
random,11,101,9952,4,14,14,0,1298,0.31689453125,0.3384529461044401,3581,86,874.6119042154255,0.21352829692759412,0.6738150263601121,0.9795910027634741,5.479499658946267,0.4794885702592814
random,11,102,10048,8,20,20,0,1306,0.31884765625,0.3401284557386205,3581,88,881.318889055808,0.21516574439839062,0.674823039093268,0.9795910027634741,5.478397522926382,0.4802462819478207
random,11,103,10144,3,9,9,0,1309,0.319580078125,0.3409662105557107,3581,88,884.1492875464133,0.21585675965488607,0.6754387223425617,0.9795910027634741,5.479745215142961,0.48023500632864935
random,11,104,10240,7,11,11,0,1316,0.3212890625,0.34292097179558784,3581,88,889.0480914378008,0.21705275669868185,0.6755684585393623,0.9795910027634741,5.483071358759214,0.48183615021687437
random,11,105,10336,3,15,15,0,1319,0.322021484375,0.34375872661267803,3581,88,893.0032200792052,0.2180183642771497,0.6770304928576234,0.9795910027634741,5.484254580597209,0.4778389763275571
random,11,106,10432,3,15,15,0,1322,0.32275390625,0.34459648142976823,3581,88,897.2838558124124,0.21906344136045225,0.6787321148354103,0.9795910027634741,5.486352213142482,0.4803229328622154
random,11,107,10528,4,14,14,0,1326,0.32373046875,0.3457134878525552,3581,88,901.3966453002092,0.2200675403564964,0.6797863086728576,0.9795910027634741,5.487723894713124,0.47512066481455195
random,11,108,10624,7,10,10,0,1333,0.325439453125,0.34766824909243227,3581,88,906.6636292451133,0.22135342510867023,0.6801677638748036,0.9795910027634741,5.489347444097981,0.48089283489094037
random,11,109,10720,3,10,10,0,1336,0.326171875,0.34850600390952247,3581,88,909.5268034970817,0.2220524422600297,0.6807835355517079,0.9795910027634741,5.489060580300309,0.47721622087665827
random,11,110,10816,8,15,15,0,1344,0.328125,0.35074001675509636,3581,88,916.5057361372966,0.22375628323664468,0.6819239108164409,0.9795910027634741,5.491866419648773,0.47993145723477754
random,11,111,10912,4,11,11,0,1348,0.3291015625,0.35185702317788325,3581,88,919.4433205500368,0.22447346693116133,0.6820796146513626,0.9795910027634741,5.491534434919538,0.48441796106705
random,11,112,11008,7,14,14,0,1355,0.330810546875,0.35353253281206365,3581,89,924.7679228611094,0.22577341866726303,0.682485551927018,0.9795910027634741,5.49976311677557,0.4795858557319628
random,11,113,11104,7,11,11,0,1362,0.33251953125,0.3554872940519408,3581,89,929.3383353155325,0.22688924202039368,0.6823335795268227,0.9795910027634741,5.505058630855245,0.478257193537153
random,11,114,11200,9,15,15,0,1371,0.334716796875,0.3580005585032114,3581,89,936.3761197814154,0.2286074511185096,0.6829876876596757,0.9795910027634741,5.511162629209556,0.4856102764674931
random,11,115,11296,5,16,16,0,1376,0.3359375,0.3593968165316951,3581,89,940.4198045831565,0.2295946788533097,0.6834446254238056,0.9795910027634741,5.514970397684405,0.47405059382786957
random,11,116,11392,2,6,6,0,1378,0.33642578125,0.35995531974308853,3581,89,942.5750816213653,0.23012086953646613,0.6840167500880735,0.9795910027634741,5.515150291555401,0.4826877484899032
random,11,117,11488,6,10,10,0,1384,0.337890625,0.3613515777715722,3581,90,946.7188195795234,0.23113252431140707,0.6840453898695978,0.9795910027634741,5.5155548281708,0.4838008341280793
random,11,118,11584,6,16,16,0,1390,0.33935546875,0.36302708740575257,3581,90,951.071126586362,0.23219509926424853,0.6842238320765194,0.9795910027634741,5.516885445598568,0.480577165114378
random,11,119,11680,7,19,19,0,1397,0.341064453125,0.3649818486456297,3581,90,957.3962964330356,0.23373933018384657,0.6853230468382502,0.9795910027634741,5.518503290999324,0.47615521011792755
random,11,120,11776,7,14,14,0,1404,0.3427734375,0.36693660988550686,3581,90,962.3244336147369,0.23494248867547288,0.6854162632583596,0.9795910027634741,5.524461681778222,0.488891464385086
random,11,121,11872,2,9,9,0,1406,0.34326171875,0.3674951130969003,3581,90,964.5273040701181,0.23548029884524369,0.6860080398791737,0.9795910027634741,5.52801632287375,0.4832880690885749
random,11,122,11968,4,7,7,0,1410,0.34423828125,0.36861211951968725,3581,90,967.4358762451388,0.23619039947391085,0.6861247349256304,0.9795910027634741,5.528727104556211,0.4787729600644311
random,11,123,12064,2,7,7,0,1412,0.3447265625,0.3691706227310807,3581,90,969.4449524348054,0.23668089659052866,0.6865757453504288,0.9795910027634741,5.5317890596790456,0.48692714655622926
random,11,124,12160,5,11,11,0,1417,0.345947265625,0.37056688075956434,3581,90,972.4926858987341,0.23742497214324562,0.6863039420597982,0.9795910027634741,5.537346237624854,0.4823431241370487
random,11,125,12256,6,15,15,0,1423,0.347412109375,0.37224239039374474,3581,90,977.406815482265,0.23862471081109984,0.6868635386382748,0.9795910027634741,5.539198259990899,0.4846858708625398
random,11,126,12352,3,8,8,0,1426,0.34814453125,0.37308014521083493,3581,90,979.7630825814282,0.2391999713333565,0.687070885400721,0.9795910027634741,5.54141514032151,0.47774321419870475
random,11,127,12448,4,11,11,0,1430,0.34912109375,0.3741971516336219,3581,90,983.4863835975522,0.24010898037049613,0.687752715802484,0.9795910027634741,5.545437282546223,0.4835215364915741
random,11,128,12544,1,10,10,0,1431,0.349365234375,0.37447640323931863,3581,90,985.1865216819808,0.24052405314501485,0.6884601828665134,0.9795910027634741,5.54626349424316,0.4851963897316048
random,11,129,12640,5,10,10,0,1436,0.3505859375,0.3758726612678023,3581,90,989.1129703276729,0.2414826587714045,0.6887973330972652,0.9795910027634741,5.548455272709266,0.47917517163510126
random,11,130,12736,3,7,7,0,1439,0.351318359375,0.3764311644791958,3581,91,991.2124477192907,0.24199522649396746,0.6888203250307788,0.9795910027634741,5.55054084735381,0.4810823800991551
random,11,131,12832,6,11,11,0,1445,0.352783203125,0.3781066741133762,3581,91,996.0478330099668,0.24317574048094892,0.6893064588304268,0.9795910027634741,5.552834068380127,0.4866478824710275
random,11,132,12928,6,11,11,0,1451,0.354248046875,0.37978218374755657,3581,91,1000.5646698880034,0.24427848385937584,0.6895690350709879,0.9795910027634741,5.553182105196518,0.48840457745435806
random,11,133,13024,5,14,14,0,1456,0.35546875,0.3811784417760402,3581,91,1004.4849128931273,0.24523557443679866,0.6898934841298952,0.9795910027634741,5.553875882904642,0.48891534053179797
random,11,134,13120,5,12,12,0,1461,0.356689453125,0.38257469980452385,3581,91,1008.8344169403067,0.24629746507331707,0.6905095256264933,0.9795910027634741,5.555342027503972,0.4847087922351884
random,11,135,13216,5,14,14,0,1466,0.35791015625,0.38397095783300755,3581,91,1014.489618314259,0.24767812947125464,0.6920120179496992,0.9795910027634741,5.556964840490039,0.48272237981832955
random,11,136,13312,7,11,11,0,1473,0.359619140625,0.38592571907288464,3581,91,1019.9903968142002,0.24902109297221683,0.6924578389777326,0.9795910027634741,5.557954701542055,0.48957453979219573
random,11,137,13408,5,14,14,0,1478,0.36083984375,0.38732197710136834,3581,91,1024.7977289317719,0.25019475803998337,0.6933678815505899,0.9795910027634741,5.5576055914567135,0.4897335799053101
random,11,138,13504,1,8,8,0,1479,0.361083984375,0.38732197710136834,3581,92,1026.071064129063,0.2505056308908845,0.6937600163144442,0.9795910027634741,5.559502391643067,0.4924103816442542
random,11,139,13600,7,17,17,0,1486,0.36279296875,0.3892767383412455,3581,92,1031.9489111995342,0.2519406521483238,0.6944474503361603,0.9795910027634741,5.564599226231428,0.48505438381899324
random,11,140,13696,6,11,11,0,1492,0.3642578125,0.39067299636972913,3581,93,1036.180342225907,0.2529737163637468,0.6944908459959163,0.9795910027634741,5.567894475955317,0.4823940391693844
random,11,141,13792,6,10,10,0,1498,0.36572265625,0.3923485060039095,3581,93,1040.4190988973114,0.2540085690667264,0.6945387843106218,0.9795910027634741,5.569524499115334,0.4871962708882233
random,11,142,13888,5,12,12,0,1503,0.366943359375,0.39374476403239317,3581,93,1044.6669145655403,0.2550456334388526,0.6950545007089424,0.9795910027634741,5.571693518899938,0.4881377436572324
random,11,143,13984,4,9,9,0,1507,0.367919921875,0.39458251884948337,3581,94,1048.1048897387209,0.2558849828463674,0.6954909686388328,0.9795910027634741,5.57118906246415,0.48393839191260724
random,11,144,14080,3,7,6,0,1510,0.36865234375,0.39542027366657356,3581,94,1050.4772176283423,0.2564641644600445,0.6956802765750612,0.9795910027634741,5.572139260482946,0.4850284902324554
random,11,145,14176,3,8,8,0,1513,0.369384765625,0.39597877687796706,3581,95,1052.622850078075,0.25698800050734255,0.6957190020344184,0.9795910027634741,5.571594397501536,0.4896535497288872
random,11,146,14272,4,7,7,0,1517,0.370361328125,0.39681653169505726,3581,96,1055.4083373734697,0.25766805111656976,0.6957207233839616,0.9795910027634741,5.577699525047491,0.4905442618318962
random,11,147,14368,8,11,11,0,1525,0.372314453125,0.3990505445406311,3581,96,1060.8365144364961,0.2589932896573477,0.6956305012698335,0.9795910027634741,5.583248743524749,0.49146792937035255
random,11,148,14464,5,19,18,0,1530,0.37353515625,0.40044680256911475,3581,96,1065.6896607712122,0.2601781398367217,0.6965291900465439,0.9795910027634741,5.587182470471162,0.49403815631090675
random,11,149,14560,8,17,17,0,1538,0.37548828125,0.4024015638089919,3581,97,1071.75328118189,0.2616585159135474,0.696848687374441,0.9795910027634741,5.590931514865537,0.486135177391954
random,11,150,14656,7,13,13,0,1545,0.377197265625,0.40435632504886904,3581,97,1076.5656116147084,0.26283340127312216,0.6968062211098436,0.9795910027634741,5.5946999389191205,0.489854984320905
random,11,151,14752,6,11,11,0,1551,0.378662109375,0.4057525830773527,3581,98,1080.7943547742857,0.26386580927106584,0.6968371081716864,0.9795910027634741,5.596955676902709,0.4935782395777541
random,11,152,14848,2,5,5,0,1553,0.379150390625,0.4063110862887462,3581,98,1082.7342291154957,0.2643394114051503,0.6971888146268486,0.9795910027634741,5.597227172019171,0.49468363331668597
random,11,153,14944,4,10,9,0,1557,0.380126953125,0.4071488411058364,3581,99,1085.4310142731692,0.26499780621903546,0.6971297458401857,0.9795910027634741,5.598746636657509,0.4931550440140878
random,11,154,15040,4,14,14,0,1561,0.381103515625,0.4079865959229266,3581,100,1089.0833430234234,0.26588948804282797,0.6976831153257036,0.9795910027634741,5.602661957246845,0.4947391364750137
random,11,155,15136,5,10,10,0,1566,0.38232421875,0.40910360234571347,3581,101,1092.6272881859736,0.2667547090297787,0.6977185748314008,0.9795910027634741,5.604327455483175,0.48731457985458926
random,11,156,15232,4,13,13,0,1570,0.38330078125,0.4102206087685004,3581,101,1096.4315759584929,0.2676834902242414,0.6983640611200591,0.9795910027634741,5.607081182378089,0.4913096246302286
random,11,157,15328,7,14,14,0,1577,0.385009765625,0.41217537000837756,3581,101,1101.4211159138972,0.2689016396274163,0.6984281014038664,0.9795910027634741,5.608574203569088,0.49114439853668956
random,11,158,15424,5,13,13,0,1582,0.38623046875,0.4135716280368612,3581,101,1106.2290955649066,0.27007546278440103,0.6992598581320523,0.9795910027634741,5.611042822185132,0.4989522777999885
random,11,159,15520,4,9,9,0,1586,0.38720703125,0.41468863445964815,3581,101,1109.7964168970907,0.2709463908440163,0.6997455339830332,0.9795910027634741,5.61311822618413,0.4902279821051556
random,11,160,15616,2,3,3,0,1588,0.3876953125,0.4152471376710416,3581,101,1111.0286522920233,0.27124722956348224,0.6996402092519038,0.9795910027634741,5.614054582020642,0.4865101540370532
random,11,161,15712,1,6,6,0,1589,0.387939453125,0.41552638927673835,3581,101,1112.1896540543203,0.27153067725935554,0.6999305563589178,0.9795910027634741,5.613830787333663,0.4934097189324422
random,11,162,15808,5,13,13,0,1594,0.38916015625,0.416922647305222,3581,101,1116.88962681007,0.27267813154542725,0.7006835801819762,0.9795910027634741,5.614112200097311,0.48587600559472144
random,11,163,15904,4,12,12,0,1598,0.39013671875,0.4177604021223122,3581,102,1120.0646438611402,0.2734532821926612,0.7009165480983356,0.9795910027634741,5.617050812364422,0.4900363679772458
random,11,164,16000,9,17,17,0,1607,0.392333984375,0.4202736665735828,3581,102,1126.7373221126236,0.27508235403140224,0.7011433242766792,0.9795910027634741,5.617147638164206,0.4968113073538517
random,11,165,16096,5,9,9,0,1612,0.3935546875,0.4216699246020665,3581,102,1130.955112903978,0.27611208811132276,0.7015850576327407,0.9795910027634741,5.616446569652329,0.48760492974631675
random,11,166,16192,6,15,15,0,1618,0.39501953125,0.4233454342362469,3581,102,1136.2411485094594,0.27740262414781724,0.7022504008093075,0.9795910027634741,5.6204385665678,0.49657406579735663
random,11,167,16288,3,7,7,0,1621,0.395751953125,0.4239039374476403,3581,103,1139.0032497650154,0.27807696527466197,0.7026546883189484,0.9795910027634741,5.624973360887614,0.48845380163769725
random,11,168,16384,2,7,7,0,1623,0.396240234375,0.42446244065903377,3581,103,1141.1021010807651,0.2785893801466712,0.703082009291907,0.9795910027634741,5.625692370150519,0.48920120863563793
random,11,169,16480,8,16,16,0,1631,0.398193359375,0.4264172018989109,3581,104,1147.3586321355738,0.28011685354872407,0.703469424975827,0.9795910027634741,5.631084408568392,0.48468023735268184
random,11,170,16576,7,16,16,0,1638,0.39990234375,0.42837196313878806,3581,104,1152.8780143148051,0.28146435896357547,0.7038327315719201,0.9795910027634741,5.630678820889239,0.4877203261562836
random,11,171,16672,3,8,8,0,1641,0.400634765625,0.42920971795587826,3581,104,1155.6168621194736,0.2821330229783871,0.7042150287138779,0.9795910027634741,5.631523894534544,0.4922293338410171
random,11,172,16768,3,10,10,0,1644,0.4013671875,0.43004747277296845,3581,104,1158.6123234648167,0.2828643367834025,0.7047520215722729,0.9795910027634741,5.632019011049938,0.4943459051602051
random,11,173,16864,3,14,14,0,1647,0.402099609375,0.43088522759005865,3581,104,1161.511421718364,0.28357212444296,0.7052285499200753,0.9795910027634741,5.631081480009732,0.4922131657973176
random,11,174,16960,8,13,13,0,1655,0.404052734375,0.4331192404356325,3581,104,1166.9671786015829,0.28490409633827707,0.7051161200009565,0.9795910027634741,5.636140505639393,0.4896831082337566
random,11,175,17056,1,10,10,0,1656,0.404296875,0.4331192404356325,3581,105,1169.1403346236602,0.28543465200772955,0.7060026175263648,0.9795910027634741,5.63621673634892,0.49098368873605014
random,11,176,17152,5,9,9,0,1661,0.405517578125,0.4345154984641162,3581,105,1171.8855446073746,0.2861048692889098,0.7055301292037174,0.9795910027634741,5.635361127880852,0.4910666332392424
random,11,177,17248,2,10,10,0,1663,0.406005859375,0.43507400167550964,3581,105,1174.1020126094847,0.2866459991722375,0.7060144393322217,0.9795910027634741,5.637396006601991,0.48687105754386795
random,11,178,17344,4,9,9,0,1667,0.406982421875,0.4361910080982966,3581,105,1176.4960683420186,0.28723048543506313,0.7057564897072697,0.9795910027634741,5.636739352181033,0.48868499355548856
random,11,179,17440,3,10,10,0,1670,0.40771484375,0.4370287629153868,3581,105,1179.0389454186695,0.28785130503385487,0.7060113445620776,0.9795910027634741,5.637341059396081,0.4947961805638862
random,11,180,17536,4,10,10,0,1674,0.40869140625,0.4381457693381737,3581,105,1181.8906013379867,0.2885475100922819,0.7060278383142095,0.9795910027634741,5.639625723912387,0.49050077399124903
random,11,181,17632,3,10,10,0,1677,0.409423828125,0.43898352415526387,3581,105,1184.33756390855,0.28914491306361084,0.7062239498560227,0.9795910027634741,5.640268555928305,0.49429649919155616
random,11,182,17728,6,15,15,0,1683,0.410888671875,0.44065903378944427,3581,105,1188.9796853387893,0.29027824349091536,0.7064644595001719,0.9795910027634741,5.640113799506352,0.4881769218375912
random,11,183,17824,2,4,4,0,1685,0.411376953125,0.44121753700083777,3581,105,1190.5046742001236,0.29065055522463956,0.7065309639169873,0.9795910027634741,5.640840340902767,0.4900263869249779
random,11,184,17920,3,9,9,0,1688,0.412109375,0.44205529181792796,3581,105,1192.850256628505,0.2912232071846936,0.7066648439742328,0.9795910027634741,5.64165107131128,0.48404305693664057
random,11,185,18016,1,4,4,0,1689,0.412353515625,0.44233454342362466,3581,105,1194.0835197139545,0.2915242968051647,0.706976625052667,0.9795910027634741,5.642078819346741,0.49370931293361453
random,11,186,18112,4,12,12,0,1693,0.413330078125,0.4434515498464116,3581,105,1197.6614803253988,0.29239782234506806,0.707419657605079,0.9795910027634741,5.644305677133771,0.49331742075020263
random,11,187,18208,5,8,8,0,1698,0.41455078125,0.44456855626919856,3581,106,1201.8135399368011,0.2934115087736331,0.7077818256400478,0.9795910027634741,5.644146423752919,0.4915054947184925
random,11,188,18304,0,6,6,0,1698,0.41455078125,0.44456855626919856,3581,106,1202.5384261818517,0.29358848295455364,0.7082087315558608,0.9795910027634741,5.644146423752919,0.49459734328617555
random,11,189,18400,1,8,8,0,1699,0.414794921875,0.4448478078748953,3581,106,1203.6298175476388,0.2938549359247165,0.7084342657725949,0.9795910027634741,5.644869321971786,0.4957618991962154
random,11,190,18496,4,13,13,0,1703,0.415771484375,0.4459648142976822,3581,106,1207.6785259991057,0.2948433901365004,0.7091476958303615,0.9795910027634741,5.647582345806245,0.4917675238993233
random,11,191,18592,2,5,5,0,1705,0.416259765625,0.4465233175090757,3581,106,1209.6846799123118,0.29533317380671675,0.7094924808869864,0.9795910027634741,5.648378336729023,0.4993866799860977
random,11,192,18688,6,8,8,0,1711,0.417724609375,0.4481988271432561,3581,106,1213.5585816140726,0.2962789505893732,0.7092686040993995,0.9795910027634741,5.650455043505161,0.4887128073935414
random,11,193,18784,4,5,5,0,1715,0.418701171875,0.449315833566043,3581,106,1216.4077942851798,0.2969745591516552,0.7092756817989386,0.9795910027634741,5.651509128044014,0.49284441365491094
random,11,194,18880,3,6,6,0,1718,0.41943359375,0.4501535883831332,3581,106,1218.7805188444706,0.29755383760851334,0.7094182298279805,0.9795910027634741,5.653452352468724,0.49590277051187764
random,11,195,18976,3,7,7,0,1721,0.420166015625,0.4509913432002234,3581,106,1221.235781045556,0.2981532668568252,0.7096082400032283,0.9795910027634741,5.6550269577600165,0.4917980677736946
random,11,196,19072,5,9,9,0,1726,0.42138671875,0.4523876012287071,3581,106,1225.328461659314,0.29915245645979344,0.7099237900691274,0.9795910027634741,5.656082084969469,0.48762117526107446
random,11,197,19168,2,5,5,0,1728,0.421875,0.4529461044401005,3581,106,1227.0731878853187,0.29957841501106414,0.7101117985447446,0.9795910027634741,5.658157434083495,0.48622556234512715
random,11,198,19264,3,8,8,0,1731,0.422607421875,0.4537838592571907,3581,106,1229.534725706152,0.3001793763931035,0.7103031344345188,0.9795910027634741,5.658542763423277,0.4989577048654683
random,11,199,19360,2,9,9,0,1733,0.423095703125,0.45434236246858417,3581,106,1231.6198420757491,0.3006884380067747,0.710686579385891,0.9795910027634741,5.658832514404018,0.49089172053709496
random,11,200,19456,2,8,8,0,1735,0.423583984375,0.4549008656799777,3581,106,1233.2473781555,0.3010857856824951,0.7108054052769452,0.9795910027634741,5.660068701379553,0.49278433190615967
random,11,201,19552,5,9,9,0,1740,0.4248046875,0.4562971237084613,3581,106,1236.6335278362262,0.30191248238189117,0.7107089240438081,0.9795910027634741,5.661901804064222,0.48539942116297924
random,11,202,19648,4,11,11,0,1744,0.42578125,0.45741413013124826,3581,106,1240.415382899273,0.30283578684064283,0.7112473525798584,0.9795910027634741,5.664296056737632,0.49407740412483214
random,11,203,19744,5,10,10,0,1749,0.427001953125,0.45825188494833846,3581,108,1244.9623959659036,0.3039458974526132,0.7118138341714715,0.9858184486835595,5.666087418508147,0.5009133331258769
random,11,204,19840,4,7,7,0,1753,0.427978515625,0.45908963976542866,3581,109,1247.3688401814898,0.304533408247434,0.71156237317826,0.9858184486835595,5.667532381494973,0.49963339743575874
random,11,205,19936,4,12,12,0,1757,0.428955078125,0.4602066461882156,3581,109,1250.1496660909365,0.30521232082298255,0.71152513721738,0.9858184486835595,5.666454196364315,0.4990746328322886
random,11,206,20032,3,10,10,0,1760,0.4296875,0.46076514939960905,3581,110,1252.4884640140037,0.3057833164096689,0.7116411727352294,0.9858184486835595,5.667751130897399,0.4939538938673207
random,11,207,20128,9,13,13,0,1769,0.431884765625,0.4629991622451829,3581,111,1258.5745939093495,0.30726918796614977,0.7114610479985016,0.9858184486835595,5.670995518390075,0.49007460594225777
random,11,208,20224,4,8,8,0,1773,0.432861328125,0.46411616866796984,3581,111,1261.4262162465736,0.30796538482582364,0.7114643069636625,0.9858184486835595,5.671586304182833,0.48835550814664064
random,11,209,20320,2,7,7,0,1775,0.433349609375,0.4646746718793633,3581,111,1263.0286729252907,0.30835660960090105,0.711565449535375,0.9858184486835595,5.672339520532976,0.49342330457575095
random,11,210,20416,0,6,6,0,1775,0.433349609375,0.4646746718793633,3581,111,1264.276037405961,0.3086611419448147,0.7122681900878653,0.9858184486835595,5.672339520532976,0.49243506507628476
random,11,211,20512,3,9,9,0,1778,0.43408203125,0.4655124266964535,3581,111,1267.2483656051832,0.3093868080090779,0.7127381133887419,0.9858184486835595,5.674350076150761,0.48856580749420087
random,11,212,20608,7,17,16,0,1785,0.435791015625,0.46746718793633063,3581,111,1272.4398779905498,0.3106542670875366,0.7128514722636133,0.9858184486835595,5.676245773693829,0.48695016361083376
random,11,213,20704,5,7,7,0,1790,0.43701171875,0.4688634459648143,3581,111,1276.24332043299,0.31158284190258545,0.7129850952139609,0.9858184486835595,5.67640539362122,0.5026113700490595
random,11,214,20800,2,7,7,0,1792,0.4375,0.469142697570511,3581,112,1278.1351916296244,0.31204472451895127,0.7132450846147458,0.9858184486835595,5.677119497208789,0.4894730687107049
random,11,215,20896,3,8,8,0,1795,0.438232421875,0.4699804523876012,3581,112,1280.7999835659516,0.31269530848778115,0.7135375953013658,0.9858184486835595,5.67773450730155,0.49578843651599697
random,11,216,20992,3,8,8,0,1798,0.43896484375,0.4708182072046914,3581,112,1283.074568570717,0.3132506270924602,0.7136121071027347,0.9858184486835595,5.678706723872976,0.49336540394292294
random,11,217,21088,0,6,6,0,1798,0.43896484375,0.4708182072046914,3581,112,1284.070068515095,0.3134936690710681,0.7141657778170718,0.9858184486835595,5.678706723872976,0.4979038047458949
random,11,218,21184,3,7,7,0,1801,0.439697265625,0.4716559620217816,3581,112,1286.2011585098132,0.3140139547143099,0.7141594439254932,0.9858184486835595,5.679140573169022,0.48704192966686444
random,11,219,21280,4,12,12,0,1805,0.440673828125,0.47277296844456856,3581,112,1289.0243989014366,0.31470322238804604,0.7141409412196325,0.9858184486835595,5.679397600742821,0.49096765921108876
random,11,220,21376,2,4,4,0,1807,0.441162109375,0.473331471655962,3581,112,1290.165419619449,0.31498179189927955,0.7139819699056165,0.9858184486835595,5.679453383772727,0.4880920511490796
random,11,221,21472,0,4,4,0,1807,0.441162109375,0.473331471655962,3581,112,1290.4195713500817,0.31504384066164104,0.7141226183453689,0.9858184486835595,5.679453383772727,0.4926900958854306
random,11,222,21568,4,4,4,0,1811,0.442138671875,0.47444847807874896,3581,112,1293.1269334698661,0.31570481774166653,0.7140402724847411,0.9858184486835595,5.680766292887101,0.4968899567674015
random,11,223,21664,4,9,9,0,1815,0.443115234375,0.4755654845015359,3581,112,1295.8198941957232,0.31636227885637774,0.7139503549287731,0.9858184486835595,5.681832740745813,0.4925669602976204
random,11,224,21760,2,7,7,0,1817,0.443603515625,0.47612398771292935,3581,112,1297.4497242645746,0.3167601865880309,0.7140614883129194,0.9858184486835595,5.684276450180607,0.48728844895789125
random,11,225,21856,5,12,12,0,1822,0.44482421875,0.477520245741413,3581,112,1301.0509650369536,0.317639395760975,0.7140784659917419,0.9858184486835595,5.6849365260741775,0.48993907882644805
random,11,226,21952,9,12,12,0,1831,0.447021484375,0.4800335101926836,3581,112,1305.583928480738,0.3187460762892427,0.7130441990610257,0.9858184486835595,5.686458954758685,0.4974501281115097
random,11,227,22048,0,4,4,0,1831,0.447021484375,0.4800335101926836,3581,112,1305.9107241362517,0.3188258603848271,0.7132226783922729,0.9858184486835595,5.686458954758685,0.4934735367143193
random,11,228,22144,5,10,10,0,1836,0.4482421875,0.4814297682211673,3581,112,1309.3576049290632,0.31966738401588457,0.7131577368894679,0.9858184486835595,5.687576209834815,0.48915864668584375
random,11,229,22240,3,7,7,0,1839,0.448974609375,0.4822675230382575,3581,112,1311.6050872394521,0.32021608575181937,0.7132164694069887,0.9858184486835595,5.687622615411991,0.4911582035236084
random,11,230,22336,2,4,4,0,1841,0.449462890625,0.48282602624965093,3581,112,1312.8788780344803,0.3205270698326368,0.7131335567813581,0.9858184486835595,5.687081854836246,0.4963644844933689
random,11,231,22432,4,8,8,0,1845,0.450439453125,0.4839430326724379,3581,112,1315.8992080477947,0.3212644550897936,0.7132245030069347,0.9858184486835595,5.6865939415636415,0.4925850673782713
random,11,232,22528,3,8,8,0,1848,0.451171875,0.4847807874895281,3581,112,1318.4803412619126,0.32189461456589663,0.7134633881287405,0.9858184486835595,5.6885552668104316,0.49053530273412077
random,11,233,22624,4,9,9,0,1852,0.4521484375,0.48589779391231497,3581,112,1321.7528432169904,0.32269356523852305,0.7136894401819602,0.9858184486835595,5.6886217575229345,0.4928542104635498
random,11,234,22720,1,4,4,0,1853,0.452392578125,0.4861770455180117,3581,112,1322.620501987381,0.32290539599301293,0.7137725321032817,0.9858184486835595,5.689328147737571,0.5003061125707342
random,11,235,22816,2,7,7,0,1855,0.452880859375,0.4867355487294052,3581,112,1324.3620367280535,0.3233305753730599,0.713941798775231,0.9858184486835595,5.688783419354308,0.48515226649592796
random,11,236,22912,3,10,10,0,1858,0.45361328125,0.4875733035464954,3581,112,1326.7488405721665,0.3239132911553141,0.7140736493929852,0.9858184486835595,5.689508143648417,0.49140114306304933
random,11,237,23008,1,9,9,0,1859,0.453857421875,0.4878525551521921,3581,112,1328.6112316514718,0.3243679764774101,0.7146913564558751,0.9858184486835595,5.6891866001979965,0.4916430750319455
random,11,238,23104,6,11,11,0,1865,0.455322265625,0.4895280647863725,3581,112,1332.7145999459517,0.3253697753774296,0.714592278791395,0.9858184486835595,5.692471649473269,0.49786086969898286
random,11,239,23200,5,9,9,0,1870,0.45654296875,0.4909243228148562,3581,112,1336.546947296507,0.32630540705481126,0.7147309878590946,0.9858184486835595,5.694101304241778,0.4937791749048932
random,11,240,23296,0,4,4,0,1870,0.45654296875,0.4909243228148562,3581,112,1336.8828852195397,0.3263874231493017,0.7149106338072405,0.9858184486835595,5.694101304241778,0.49662486936930955
random,11,241,23392,3,10,10,0,1873,0.457275390625,0.4917620776319464,3581,112,1339.3447121969598,0.3269884551262109,0.7150799317655951,0.9858184486835595,5.694770152145435,0.49596409270171005
random,11,242,23488,5,7,7,0,1878,0.45849609375,0.4928790840547333,3581,113,1342.5818879003891,0.32777878122568094,0.7148998338127738,0.9858184486835595,5.696539426098225,0.4999698671881619
random,11,243,23584,3,13,13,0,1881,0.459228515625,0.4937168388718235,3581,113,1345.6146643838533,0.3285192051718392,0.7153719640530852,0.9858184486835595,5.698471941265904,0.49789949726355803
random,11,244,23680,3,7,7,0,1884,0.4599609375,0.4945545936889137,3581,113,1347.4813467588551,0.3289749381735486,0.7152236447764624,0.9858184486835595,5.700387577465991,0.49363318578798493
random,11,245,23776,3,5,5,0,1887,0.460693359375,0.4953923485060039,3581,113,1349.8598096934427,0.32955561760093816,0.7153470109663184,0.9858184486835595,5.702455922686319,0.49840621430405446
random,11,246,23872,2,5,5,0,1889,0.461181640625,0.4959508517173974,3581,113,1350.7998440368112,0.3297851181730496,0.7150872652391801,0.9858184486835595,5.703391907732285,0.4982818940210557
random,11,247,23968,1,7,7,0,1890,0.46142578125,0.4962301033230941,3581,113,1352.2448518021224,0.33013790327200254,0.7154734665619695,0.9858184486835595,5.70426878059786,0.49421438487144365
random,11,248,24064,1,7,7,0,1891,0.461669921875,0.49650935492879084,3581,113,1353.1594453658304,0.3303611927162672,0.7155787653970547,0.9858184486835595,5.704426215483053,0.4947162803044813
random,11,249,24160,3,6,6,0,1894,0.46240234375,0.49734710974588103,3581,113,1355.5009595689585,0.33093285145726525,0.7156816048410551,0.9858184486835595,5.706035078374757,0.5062741789516785
random,11,250,24256,4,9,9,0,1898,0.46337890625,0.498464116168668,3581,113,1358.223632226958,0.33159756646165967,0.7156078146612002,0.9858184486835595,5.708344060272278,0.4985295186569934
random,11,251,24352,6,9,9,0,1904,0.46484375,0.5001396258028483,3581,113,1361.8975687984819,0.33249452363244186,0.7152823365538246,0.9858184486835595,5.709813036447148,0.4954912933198615
random,11,252,24448,3,10,10,0,1907,0.465576171875,0.5009773806199386,3581,113,1364.3687100988482,0.3330978296139766,0.7154529156260347,0.9858184486835595,5.71146521065874,0.4959090806485479
random,11,253,24544,3,6,6,0,1910,0.46630859375,0.5018151354370287,3581,113,1366.5464699573108,0.3336295092669216,0.7154693559985921,0.9858184486835595,5.710652218018603,0.5015590775536922
random,11,254,24640,5,7,7,0,1915,0.467529296875,0.5032113934655125,3581,113,1370.4792728419668,0.3345896662211833,0.7156549727634292,0.9858184486835595,5.71113400698293,0.4969985291569626
random,11,255,24736,6,12,12,0,1921,0.468994140625,0.5048869030996929,3581,113,1374.8137257752196,0.3356478822693407,0.7156760675560747,0.9858184486835595,5.7123626616491645,0.4941104312992144
random,11,256,24832,2,8,8,0,1923,0.469482421875,0.5054454063110863,3581,113,1376.7864524843612,0.33612950500106475,0.7159575935956116,0.9858184486835595,5.712753002799298,0.5027590021961119
random,11,257,24928,4,7,7,0,1927,0.470458984375,0.5065624127338733,3581,113,1380.0844921259045,0.3369346904604259,0.7161829227430745,0.9858184486835595,5.713792118172854,0.4972000493562217
random,11,258,25024,5,10,10,0,1932,0.4716796875,0.5079586707623569,3581,113,1383.6397462847585,0.3378026724328024,0.71616964093414,0.9858184486835595,5.71557407461044,0.4872431599067877
random,11,259,25120,3,8,8,0,1935,0.472412109375,0.508796425579447,3581,113,1385.8442004823396,0.3383408692583837,0.7161985532208474,0.9858184486835595,5.716252762142988,0.491807815942916
random,11,260,25216,3,8,8,0,1938,0.47314453125,0.5096341803965373,3581,113,1388.550952824327,0.3390016974668767,0.7164865597648746,0.9858184486835595,5.718686204120737,0.4976954010573382
random,11,261,25312,2,5,5,0,1940,0.4736328125,0.5101926836079308,3581,113,1390.5159751761748,0.3394814392519958,0.7167608119464819,0.9858184486835595,5.718742335908813,0.4950405205474299
random,11,262,25408,3,8,8,0,1943,0.474365234375,0.5110304384250209,3581,113,1392.969731965015,0.3400805009680212,0.7169170004966624,0.9858184486835595,5.719123783348511,0.49952895649098183
random,11,263,25504,3,10,10,0,1946,0.47509765625,0.5118681932421112,3581,113,1395.714413475383,0.34075058922738843,0.7172222063080077,0.9858184486835595,5.721371295161918,0.49562524722084356
random,11,264,25600,6,11,11,0,1952,0.4765625,0.5135437028762916,3581,113,1399.9187786180223,0.3417770455610406,0.7171715054395607,0.9858184486835595,5.721887716959391,0.5007615681026472
random,11,265,25696,3,8,8,0,1955,0.477294921875,0.5143814576933817,3581,113,1402.392246254993,0.3423809194958479,0.7173361873427074,0.9858184486835595,5.722745258228704,0.4978181054137456
random,11,266,25792,8,15,15,0,1963,0.479248046875,0.5166154705389556,3581,113,1408.485686359027,0.34386857577124685,0.7175169059393923,0.9858184486835595,5.723473852039358,0.4970698182068857
random,11,267,25888,2,6,6,0,1965,0.479736328125,0.517173973750349,3581,113,1410.1659838525145,0.3442788046514928,0.7176417220623483,0.9858184486835595,5.723993228745438,0.49946192730669225
random,11,268,25984,6,10,10,0,1971,0.481201171875,0.5188494833845294,3581,113,1415.1523359174216,0.34549617576108926,0.7179869791564798,0.9858184486835595,5.724897210521952,0.49678773118745045
random,11,269,26080,2,5,5,0,1973,0.481689453125,0.5194079865959229,3581,113,1416.2603906744425,0.34576669694200257,0.7178207758106653,0.9858184486835595,5.725611969955502,0.49348127701651734
random,11,270,26176,4,9,9,0,1977,0.482666015625,0.5202457414130132,3581,114,1418.762475165314,0.34637755741340676,0.7176340289151816,0.9858184486835595,5.727972160761423,0.4998961442373532
random,11,271,26272,4,7,7,0,1981,0.483642578125,0.5213627478358001,3581,114,1421.5772907340329,0.3470647682456135,0.7176059014306072,0.9858184486835595,5.728375772386354,0.4977543120943472
random,11,272,26368,4,9,9,0,1985,0.484619140625,0.5222005026528903,3581,115,1424.8219465657644,0.3478569205482823,0.7177944315192768,0.9858184486835595,5.72900336132112,0.4948713758752869
random,11,273,26464,4,14,14,0,1989,0.485595703125,0.5233175090756772,3581,115,1428.628684784334,0.3487862999961753,0.7182647987854871,0.9858184486835595,5.731934203514836,0.5012696857837076
random,11,274,26560,3,8,8,0,1992,0.486328125,0.5241552638927673,3581,115,1431.1902424620214,0.34941168028857944,0.7184689972198902,0.9858184486835595,5.73238173104796,0.49684317889345475
random,11,275,26656,2,5,5,0,1994,0.48681640625,0.5247137671041608,3581,115,1432.7410600933622,0.349790297874356,0.7185261083717965,0.9858184486835595,5.73380822848527,0.5006542885933285
random,11,276,26752,7,13,13,0,2001,0.488525390625,0.526668528344038,3581,115,1438.0348147050688,0.3510827184338547,0.7186580783133777,0.9858184486835595,5.7356402863143865,0.48961375100395554
random,11,277,26848,3,7,7,0,2004,0.4892578125,0.5275062831611281,3581,115,1440.7924448615772,0.3517559679837835,0.7189583058191503,0.9858184486835595,5.735695124360517,0.49863170578634325
random,11,278,26944,2,6,6,0,2006,0.48974609375,0.5280647863725216,3581,115,1441.7981796832532,0.35200150871173175,0.718742861257853,0.9858184486835595,5.736416001308858,0.5001806626768819
random,11,279,27040,2,5,5,0,2008,0.490234375,0.5286232895839151,3581,115,1443.398609522044,0.35239223865284275,0.7188240087261175,0.9858184486835595,5.73651390843444,0.49602524695964034
random,11,280,27136,3,7,7,0,2011,0.490966796875,0.5294610444010053,3581,115,1446.3579399068783,0.3531147314225777,0.7192232421217695,0.9858184486835595,5.737971706233204,0.4900798706562317
random,11,281,27232,4,8,8,0,2015,0.491943359375,0.5305780508237923,3581,115,1449.5808390547018,0.3539015720348393,0.7193949573472466,0.9858184486835595,5.739563344735855,0.49954307260258257
random,11,282,27328,1,6,6,0,2016,0.4921875,0.5308573024294889,3581,115,1451.0886709866772,0.35426969506510675,0.7197860471164074,0.9858184486835595,5.740199958170049,0.5006308245875126
random,11,283,27424,3,7,7,0,2019,0.492919921875,0.5316950572465792,3581,115,1453.7146851132184,0.3549108117952193,0.720017179352758,0.9858184486835595,5.741408362143926,0.49467483479093083
random,11,284,27520,2,6,6,0,2021,0.493408203125,0.5322535604579727,3581,115,1455.3025912536486,0.3552984841927853,0.7200903469834976,0.9858184486835595,5.741243074905558,0.4977979136119516
random,11,285,27616,4,11,11,0,2025,0.494384765625,0.5333705668807596,3581,115,1458.5977201838928,0.3561029590292707,0.7202951704611816,0.9858184486835595,5.741466331376629,0.49695708273672
random,11,286,27712,2,5,5,0,2027,0.494873046875,0.5339290700921531,3581,115,1460.5887288436927,0.35658904512785466,0.7205667137857389,0.9858184486835595,5.742517136001561,0.49444791820336775
random,11,287,27808,6,9,9,0,2033,0.496337890625,0.5353253281206367,3581,116,1465.4213737778778,0.3577688900824897,0.7208172030387987,0.9858184486835595,5.744165109102908,0.4922496619934248
random,11,288,27904,0,6,6,0,2033,0.496337890625,0.5353253281206367,3581,116,1465.8146712837693,0.357864909981389,0.721010659755912,0.9858184486835595,5.744165109102908,0.5019766074050894
random,11,289,28000,3,6,6,0,2036,0.4970703125,0.5361630829377269,3581,116,1468.2451247506956,0.3584582824098378,0.7211420062626206,0.9858184486835595,5.745083752405061,0.5015561137871066
random,11,290,28096,3,5,5,0,2039,0.497802734375,0.5367215861491204,3581,117,1470.5574484083327,0.3590228145528156,0.72121503109776,0.9858184486835595,5.747273735115698,0.5006804674691443
random,11,291,28192,0,5,5,0,2039,0.497802734375,0.5367215861491204,3581,117,1471.0741332426737,0.35914895831119964,0.7214684321935624,0.9858184486835595,5.747273735115698,0.501916243545361
random,11,292,28288,3,5,5,0,2042,0.49853515625,0.5375593409662106,3581,117,1473.027516402506,0.3596258584967056,0.721365091284283,0.9858184486835595,5.7464608078412285,0.499726039445052
random,11,293,28384,4,5,5,0,2046,0.49951171875,0.5383970957833007,3581,118,1475.5498297603053,0.36024165765632454,0.7211876000783506,0.9858184486835595,5.747220288390036,0.5040007123443118
random,11,294,28480,4,8,8,0,2050,0.50048828125,0.5395141022060876,3581,118,1478.0287032292542,0.36084685137432965,0.7209896113313435,0.9858184486835595,5.748360442320066,0.4961759410420759
random,11,295,28576,2,10,10,0,2052,0.5009765625,0.5400726054174811,3581,118,1480.2201777360738,0.36138187933009613,0.7213548624444804,0.9858184486835595,5.749485954640046,0.4980984730164843
random,11,296,28672,2,6,6,0,2054,0.50146484375,0.5406311086288746,3581,118,1481.9158484264449,0.3617958614322375,0.7214780177343938,0.9858184486835595,5.749664973823318,0.5045450121117421
random,11,297,28768,5,9,9,0,2059,0.502685546875,0.5420273666573583,3581,118,1485.6870342518816,0.3627165610966508,0.721557568845013,0.9858184486835595,5.750954661398907,0.4957762871880302
random,11,298,28864,2,7,7,0,2061,0.503173828125,0.5425858698687518,3581,118,1487.7188598571474,0.3632126122698114,0.7218432119636814,0.9858184486835595,5.752477514494103,0.5006206495389189
random,11,299,28960,3,9,9,0,2064,0.50390625,0.5434236246858419,3581,118,1489.5960041523908,0.3636708994512673,0.7217034903839102,0.9858184486835595,5.753128147376804,0.4989981438594183
random,11,300,29056,5,14,14,0,2069,0.505126953125,0.5448198827143256,3581,118,1493.6457251130255,0.36465960085767224,0.7219167351923758,0.9858184486835595,5.755105009853795,0.4952647592593034
random,11,301,29152,3,7,7,0,2072,0.505859375,0.5456576375314158,3581,118,1496.0409006869427,0.3652443605192731,0.7220274617214975,0.9858184486835595,5.7566532419271965,0.4880461709455137
random,11,302,29248,3,7,7,0,2075,0.506591796875,0.546495392348506,3581,118,1498.6402028472548,0.3658789557732556,0.7222362423360265,0.9858184486835595,5.758777454339153,0.5027079255667013
random,11,303,29344,2,5,5,0,2077,0.507080078125,0.5470538955598995,3581,118,1500.1291240082908,0.3662424619160866,0.7222576427579638,0.9858184486835595,5.758678277474918,0.49932217086570685
random,11,304,29440,1,4,4,0,2078,0.50732421875,0.5473331471655962,3581,118,1501.010474517282,0.3664576353801958,0.7223342033288171,0.9858184486835595,5.758935312905331,0.49772661804604834
random,11,305,29536,2,8,8,0,2080,0.5078125,0.547612398771293,3581,119,1503.1557078123424,0.36698137397762265,0.7226710133713184,0.9858184486835595,5.759791938375839,0.4974592664346458
random,11,306,29632,2,8,8,0,2082,0.50830078125,0.5478916503769896,3581,120,1504.9689734144563,0.36742406577501374,0.7228477297860021,0.9858184486835595,5.7611988169543205,0.4945623611862806
random,11,307,29728,2,5,5,0,2084,0.5087890625,0.5484501535883831,3581,120,1506.7021064263593,0.36784719395174786,0.7229856556748365,0.9858184486835595,5.762328341913413,0.4902610647714009
random,11,308,29824,2,8,8,0,2086,0.50927734375,0.5490086567997766,3581,120,1508.3065646299794,0.3682389073803661,0.7230616321332596,0.9858184486835595,5.76204936136116,0.4987980847700263
random,11,309,29920,5,7,7,0,2091,0.510498046875,0.5501256632225635,3581,121,1511.851388864894,0.36910434298459327,0.7230279238952148,0.9858184486835595,5.76323390918913,0.49605140266109005
random,11,310,30016,1,4,4,0,2092,0.5107421875,0.5504049148282603,3581,121,1512.599319101501,0.36928694314001487,0.7230398274863771,0.9858184486835595,5.763046959116851,0.4963866065028172
random,11,311,30112,1,10,10,0,2093,0.510986328125,0.550684166433957,3581,121,1514.1658679349252,0.3696694013513001,0.7234428418227068,0.9858184486835595,5.763279488842738,0.5006838762279249
random,11,312,30208,1,3,3,0,2094,0.51123046875,0.5509634180396538,3581,121,1514.9883712377036,0.369870207821705,0.7234901486330962,0.9858184486835595,5.763823583883982,0.5010370819313172
random,11,313,30304,0,5,5,0,2094,0.51123046875,0.5509634180396538,3581,121,1515.4395648353268,0.3699803625086247,0.7237056183549794,0.9858184486835595,5.763823583883982,0.49994435147923877
random,11,314,30400,8,16,16,0,2102,0.51318359375,0.5531974308852275,3581,121,1521.881598220429,0.3715531245655344,0.7240159839297949,0.9858184486835595,5.767585388990361,0.4970629537411241
random,11,315,30496,6,8,8,0,2108,0.5146484375,0.5548729405194079,3581,121,1526.709153443888,0.3727317269150117,0.7242453289582012,0.9858184486835595,5.769517570751658,0.49243190758658173
random,11,316,30592,0,9,9,0,2108,0.5146484375,0.5548729405194079,3581,121,1527.8602110887036,0.37301274684782804,0.7247913714842048,0.9858184486835595,5.769517570751658,0.5006512139643629
random,11,317,30688,1,5,5,0,2109,0.514892578125,0.5551521921251047,3581,121,1528.780423542354,0.373237408091395,0.7248840320257723,0.9858184486835595,5.769887769605904,0.49426618808126765
random,11,318,30784,4,10,10,0,2113,0.515869140625,0.5562691985478917,3581,121,1532.1142644437582,0.3740513340927144,0.7250895714357587,0.9858184486835595,5.770313398033185,0.5026290887552001
random,11,319,30880,2,7,7,0,2115,0.516357421875,0.5568277017592851,3581,121,1533.7587887941168,0.37445282929543866,0.7251814604227502,0.9858184486835595,5.77137337670926,0.4967225750270049
random,11,320,30976,1,10,10,0,2116,0.5166015625,0.5571069533649818,3581,121,1535.8662344604504,0.3749673423975709,0.7258347043763943,0.9858184486835595,5.771841318806985,0.49907397459808145
random,11,321,31072,4,5,5,0,2120,0.517578125,0.5582239597877687,3581,121,1538.879310471351,0.37570295665804465,0.7258864672034674,0.9858184486835595,5.773156675744994,0.4937230656427384
random,11,322,31168,2,5,5,0,2122,0.51806640625,0.5587824629991622,3581,121,1540.3928673566793,0.3760724773820018,0.7259155831087084,0.9858184486835595,5.7738938041360335,0.5016563249120198
random,11,323,31264,1,6,6,0,2123,0.518310546875,0.559061714604859,3581,121,1541.321707487755,0.3762992449921277,0.72601116697492,0.9858184486835595,5.773728153139687,0.4953889960967023
random,11,324,31360,2,6,6,0,2125,0.518798828125,0.5596202178162525,3581,121,1543.058111074839,0.3767231716491306,0.726144993446983,0.9858184486835595,5.773661726264272,0.5043518550404608
random,11,325,31456,1,5,5,0,2126,0.51904296875,0.5598994694219491,3581,121,1544.0856843716501,0.3769740440360474,0.7262867753394403,0.9858184486835595,5.774285422773721,0.5050815865113727
random,11,326,31552,1,2,2,0,2127,0.519287109375,0.5601787210276459,3581,121,1544.8607940699217,0.37716327980222697,0.7263097292289241,0.9858184486835595,5.774472261389089,0.50414585045345
random,11,327,31648,0,4,4,0,2127,0.519287109375,0.5601787210276459,3581,121,1545.3596807261795,0.3772850783022899,0.7265442786676913,0.9858184486835595,5.774472261389089,0.4969889979339073
random,11,328,31744,5,15,15,0,2132,0.5205078125,0.5615749790561295,3581,121,1549.2511036345218,0.3782351327232719,0.7266656208417082,0.9858184486835595,5.774431271837949,0.503432862439742
random,11,329,31840,3,8,8,0,2135,0.521240234375,0.5624127338732198,3581,121,1552.490018606164,0.37902588344877053,0.7271616012206857,0.9858184486835595,5.774335527222668,0.49765414623414367
random,11,330,31936,4,7,7,0,2139,0.522216796875,0.5635297402960067,3581,121,1556.0600883074285,0.3798974824969308,0.7274708220231082,0.9858184486835595,5.776395521259246,0.5052584949229924
random,11,331,32032,3,7,7,0,2142,0.52294921875,0.5643674951130969,3581,121,1558.405190059928,0.3804700171044746,0.727546774070928,0.9858184486835595,5.777810588559445,0.4979865749664969
random,11,332,32128,0,3,3,0,2142,0.52294921875,0.5643674951130969,3581,121,1558.73120172306,0.38054960979566893,0.7276989737269187,0.9858184486835595,5.777810588559445,0.5015288790390213
random,11,333,32224,2,6,6,0,2144,0.5234375,0.5649259983244904,3581,121,1560.582535745763,0.3810015956410554,0.7278836454038073,0.9858184486835595,5.7789450437374565,0.49793922325968504
random,11,334,32320,0,5,5,0,2144,0.5234375,0.5649259983244904,3581,121,1561.0385422223312,0.38111292534724883,0.728096334991759,0.9858184486835595,5.7789450437374565,0.4937789196876829
random,11,335,32416,2,7,7,0,2146,0.52392578125,0.5654845015358838,3581,121,1562.6419592912198,0.38150438459258296,0.7281649390919012,0.9858184486835595,5.778345923628921,0.49237887092512234
random,11,336,32512,0,8,8,0,2146,0.52392578125,0.5654845015358838,3581,121,1563.8801982776645,0.38180668903263293,0.7287419376876348,0.9858184486835595,5.778345923628921,0.5064713304616322
random,11,337,32608,2,8,8,0,2148,0.5244140625,0.5660430047472773,3581,121,1565.5616541968373,0.3822172007316497,0.7288462077266468,0.9858184486835595,5.778316112375755,0.4975359815485739
random,11,338,32704,1,3,3,0,2149,0.524658203125,0.5663222563529741,3581,121,1566.4907158235642,0.38244402241786235,0.7289393745107325,0.9858184486835595,5.778938193302414,0.5005992034002811
random,11,339,32800,0,4,4,0,2149,0.524658203125,0.5663222563529741,3581,121,1567.027939886084,0.38257518063625096,0.7291893624411745,0.9858184486835595,5.778938193302414,0.5001427110370131
random,11,340,32896,2,8,8,0,2151,0.525146484375,0.5668807595643675,3581,121,1568.8774315687558,0.3830267166915908,0.7293711908734337,0.9858184486835595,5.778693836240219,0.49420760793104407
random,11,341,32992,2,4,4,0,2153,0.525634765625,0.567439262775761,3581,121,1570.3837112362376,0.38339446075103456,0.7293932704302079,0.9858184486835595,5.7800957203673295,0.5007309886376103
random,11,342,33088,1,4,4,0,2154,0.52587890625,0.5677185143814577,3581,121,1571.3434741219362,0.38362877786180083,0.7295002201123195,0.9858184486835595,5.780057357947848,0.4980843003682395
random,11,343,33184,1,4,4,0,2155,0.526123046875,0.5679977659871545,3581,121,1572.301877485711,0.3838627630580349,0.7296064396685433,0.9858184486835595,5.780372193365964,0.5026089124060825
random,11,344,33280,3,4,4,0,2158,0.52685546875,0.5688355208042446,3581,121,1573.9233710057172,0.38425863549944267,0.7293435454150682,0.9858184486835595,5.781621881121851,0.5038127855345662
random,11,345,33376,5,13,13,0,2163,0.528076171875,0.5702317788327282,3581,121,1577.79747607263,0.3852044619317944,0.7294486713234535,0.9858184486835595,5.782419539395042,0.494299642412452
random,11,346,33472,1,7,7,0,2164,0.5283203125,0.570511030438425,3581,121,1578.788811361478,0.38544648714879837,0.7295696910173189,0.9858184486835595,5.782886955176814,0.5032894924617881
random,11,347,33568,4,9,9,0,2168,0.529296875,0.571628036861212,3581,121,1581.9769336607553,0.38622483731952034,0.7296941575925994,0.9858184486835595,5.783636609549417,0.500542331907915
random,11,348,33664,3,6,6,0,2171,0.530029296875,0.5724657916783021,3581,121,1584.4436440930608,0.3868270615461574,0.729822037813478,0.9858184486835595,5.783809843980552,0.5012464026257689
random,11,349,33760,2,5,5,0,2173,0.530517578125,0.5730242948896956,3581,121,1585.9825034905616,0.3872027596412504,0.7298584921723708,0.9858184486835595,5.785227763210486,0.4988051491287556
random,11,350,33856,2,7,7,0,2175,0.531005859375,0.573582798101089,3581,121,1588.1498631994414,0.3877319001951761,0.7301838451491685,0.9858184486835595,5.785527116382539,0.5041470353558749
random,11,351,33952,1,8,8,0,2176,0.53125,0.5738620497067858,3581,121,1590.0809358019355,0.3882033534672694,0.7307357241736836,0.9858184486835595,5.786104979853169,0.49530932472771655
random,11,352,34048,2,6,6,0,2178,0.53173828125,0.5741413013124825,3581,122,1591.7431553704414,0.38860916879161167,0.7308278950277509,0.9858184486835595,5.786144574236856,0.4975498969012241
random,11,353,34144,1,3,3,0,2179,0.531982421875,0.5744205529181793,3581,122,1592.5148459746688,0.38879756981803437,0.7308466479920462,0.9858184486835595,5.785919048059954,0.5034456723552416
random,11,354,34240,3,8,8,0,2182,0.53271484375,0.5752583077352694,3581,122,1595.4975769889038,0.3895257756320566,0.7312087887208542,0.9858184486835595,5.7864090898407605,0.4987241611523794
random,11,355,34336,2,9,9,0,2184,0.533203125,0.5758168109466629,3581,122,1597.3654783806894,0.3899818062452855,0.7313944498080079,0.9858184486835595,5.786773471710572,0.500951271132309
random,11,356,34432,3,7,7,0,2187,0.533935546875,0.5766545657637532,3581,122,1599.9522003325842,0.3906133301593223,0.7315739370519361,0.9858184486835595,5.787881444215526,0.5080068517448181
random,11,357,34528,3,5,5,0,2190,0.53466796875,0.5774923205808433,3581,122,1602.8711119687243,0.39132595507048934,0.731904617337317,0.9858184486835595,5.787942165220389,0.5025064677588722
random,11,358,34624,3,8,8,0,2193,0.535400390625,0.5783300753979336,3581,122,1604.804934127916,0.39179807962107327,0.7317851956807643,0.9858184486835595,5.787330961256966,0.4989769013578532
random,11,359,34720,0,6,6,0,2193,0.535400390625,0.5783300753979336,3581,122,1605.0693506904295,0.39186263444590563,0.7319057686686865,0.9858184486835595,5.787330961256966,0.5036340061669615
random,11,360,34816,2,7,7,0,2195,0.535888671875,0.578888578609327,3581,122,1606.6112125861086,0.39223906557278043,0.7319413269185006,0.9858184486835595,5.787939595400849,0.5023154800344096
random,11,361,34912,2,7,7,0,2197,0.536376953125,0.5794470818207205,3581,122,1608.5843444912216,0.39272078722930215,0.7321731199322811,0.9858184486835595,5.7891947320403965,0.5012971376654561
random,11,362,35008,1,4,4,0,2198,0.53662109375,0.5797263334264172,3581,122,1609.47150628966,0.39293737946524904,0.7322436334347862,0.9858184486835595,5.789150644256479,0.49949554115211253
random,11,363,35104,2,5,5,0,2200,0.537109375,0.580005585032114,3581,123,1610.9574833920726,0.39330016684376773,0.7322534015418511,0.9858184486835595,5.790345572940296,0.4976191978785495
random,11,364,35200,0,2,2,0,2200,0.537109375,0.580005585032114,3581,123,1611.092759646393,0.39333319327304517,0.7323148907483604,0.9858184486835595,5.790345572940296,0.5036942617320204
random,11,365,35296,1,4,4,0,2201,0.537353515625,0.5802848366378107,3581,123,1611.5357993090533,0.39344135725318685,0.7321834617487748,0.9858184486835595,5.790081360894756,0.5022983849160743
random,11,366,35392,4,8,8,0,2205,0.538330078125,0.5814018430605976,3581,123,1615.0456607696096,0.3942982570238305,0.7324470116868977,0.9858184486835595,5.792639499946418,0.5036963594835652
random,11,367,35488,4,5,5,0,2209,0.539306640625,0.5825188494833845,3581,123,1617.8989169225902,0.39499485276430424,0.73241236619402,0.9858184486835595,5.795665018447407,0.5079099357983297
random,11,368,35584,2,4,4,0,2211,0.539794921875,0.583077352694778,3581,123,1619.9746015801593,0.3955016117139061,0.732688648385418,0.9858184486835595,5.796429929636356,0.49843547631071655
random,11,369,35680,1,6,6,0,2212,0.5400390625,0.5833566043004748,3581,123,1621.4509933028562,0.39586205891183013,0.7330248613484883,0.9858184486835595,5.79658235289488,0.5026502402739222
random,11,370,35776,1,9,9,0,2213,0.540283203125,0.5836358559061715,3581,123,1622.7486774498282,0.39617887633052445,0.7332800169226517,0.9858184486835595,5.796377524737872,0.5053357194715021
random,11,371,35872,5,6,6,0,2218,0.54150390625,0.5850321139346552,3581,123,1625.7952672751471,0.39692267267459647,0.7330005713593991,0.9858184486835595,5.795375569002914,0.5061269928998963
random,11,372,35968,4,6,6,0,2222,0.54248046875,0.586149120357442,3581,123,1628.4262377858922,0.39756499945944634,0.7328650935130028,0.9858184486835595,5.797741697517143,0.5008586603824916
random,11,373,36064,3,7,7,0,2225,0.543212890625,0.5869868751745323,3581,123,1630.8068114781172,0.3981461942085247,0.7329468815631988,0.9858184486835595,5.798644713612954,0.5048312404039887
random,11,374,36160,1,4,4,0,2226,0.54345703125,0.5869868751745323,3581,124,1631.9690725237365,0.39842994934661535,0.733139745069064,0.9858184486835595,5.79888729620118,0.506504156197886
random,11,375,36256,2,5,5,0,2228,0.5439453125,0.5875453783859257,3581,124,1633.6310269831963,0.3988356999470694,0.7332275704592442,0.9858184486835595,5.799836333587695,0.5036492630370231
random,11,376,36352,2,4,4,0,2230,0.54443359375,0.5881038815973192,3581,124,1635.4051661848903,0.399268839400608,0.7333655453743902,0.9858184486835595,5.800023299033782,0.509767792365597
random,11,377,36448,0,5,5,0,2230,0.54443359375,0.5881038815973192,3581,124,1635.7216065305888,0.39934609534438203,0.7335074468747035,0.9858184486835595,5.800023299033782,0.4994899360923
random,11,378,36544,1,4,4,0,2231,0.544677734375,0.5883831332030159,3581,124,1636.5069606882266,0.3995378321992741,0.7335306860996085,0.9858184486835595,5.800243071387642,0.5048131651683441
random,11,379,36640,2,6,6,0,2233,0.545166015625,0.5889416364144093,3581,124,1638.3267478545163,0.399982116175419,0.7336886465985295,0.9858184486835595,5.801389246875155,0.5027437283000324
random,11,380,36736,0,3,3,0,2233,0.545166015625,0.5889416364144093,3581,124,1638.6313695170174,0.4000564866984906,0.7338250647187718,0.9858184486835595,5.801389246875155,0.5071990743918988
random,11,381,36832,1,8,8,0,2234,0.54541015625,0.5892208880201061,3581,124,1639.9335050816544,0.4003743908890758,0.7340794561690486,0.9858184486835595,5.801167018204207,0.5008056748006051
random,11,382,36928,1,5,5,0,2235,0.545654296875,0.5895001396258028,3581,124,1640.8227647183983,0.4005914952925777,0.7341488880171805,0.9858184486835595,5.802096462680336,0.5001839392303438
random,11,383,37024,3,8,8,0,2238,0.54638671875,0.5903378944428931,3581,124,1643.5776417362174,0.4012640726895062,0.7343957291046548,0.9858184486835595,5.8036426245234916,0.5072584620961031
random,11,384,37120,5,9,8,0,2243,0.547607421875,0.5917341524713767,3581,124,1647.4705679656697,0.4022144941322436,0.7344942344920506,0.9858184486835595,5.804837960517871,0.506812650068299
random,11,385,37216,4,8,8,0,2247,0.548583984375,0.5928511588941636,3581,124,1650.3586740509868,0.4029195981569792,0.7344720400760956,0.9858184486835595,5.805290783220315,0.4991681414842606
random,11,386,37312,5,11,11,0,2252,0.5498046875,0.5942474169226473,3581,124,1653.7121841222283,0.4037383262017159,0.7343304547612026,0.9858184486835595,5.8061368664522135,0.4993280512912825
random,11,387,37408,1,8,8,0,2253,0.550048828125,0.594526668528344,3581,124,1654.884826728173,0.40402461590043287,0.7345250007670542,0.9858184486835595,5.806358064193981,0.5049109414765481
random,11,388,37504,2,5,5,0,2255,0.550537109375,0.5950851717397375,3581,124,1656.3050594987205,0.4043713524166798,0.7345033523275922,0.9858184486835595,5.807320062237127,0.5046635982285759
random,11,389,37600,5,5,5,0,2260,0.5517578125,0.5964814297682212,3581,124,1659.8828191714324,0.4052448288992755,0.7344614244121382,0.9858184486835595,5.807731642195213,0.5031796032231982
random,11,390,37696,3,7,7,0,2263,0.552490234375,0.5973191845853114,3581,124,1663.0344662105674,0.4060142739771893,0.7348804534735163,0.9858184486835595,5.807729561791104,0.5038137517018267
random,11,391,37792,2,7,7,0,2265,0.552978515625,0.5978776877967048,3581,124,1665.3240017599833,0.4065732426171834,0.7352423848829949,0.9858184486835595,5.808664941876607,0.49547954711794684
random,11,392,37888,0,5,5,0,2265,0.552978515625,0.5978776877967048,3581,124,1665.5021932948268,0.40661674640986983,0.7353210566423076,0.9858184486835595,5.808664941876607,0.5081365828112134
random,11,393,37984,3,5,5,0,2268,0.5537109375,0.5987154426137951,3581,124,1667.871619341301,0.40719521956574734,0.7353931302210323,0.9858184486835595,5.809003176706718,0.5033066832359168
random,11,394,38080,3,6,6,0,2271,0.554443359375,0.5995531974308852,3581,124,1670.1570230551795,0.4077531794568309,0.7354280154360103,0.9858184486835595,5.8084431220182395,0.5053449455091805
random,11,395,38176,0,3,3,0,2271,0.554443359375,0.5995531974308852,3581,124,1670.486080225207,0.40783351567998216,0.7355729107112315,0.9858184486835595,5.8084431220182395,0.5112032946176954
random,11,396,38272,2,5,5,0,2273,0.554931640625,0.6001117006422787,3581,124,1672.1862117134262,0.4082485868440982,0.7356736523156296,0.9858184486835595,5.809046724865855,0.5082267570407542
random,11,397,38368,2,8,8,0,2275,0.555419921875,0.6006702038536722,3581,124,1673.9675957488525,0.4086834950558722,0.7358099321972978,0.9858184486835595,5.808774101172311,0.5044577919631468
random,11,398,38464,0,3,3,0,2275,0.555419921875,0.6006702038536722,3581,124,1674.1990076806687,0.40873999210953826,0.7359116517277665,0.9858184486835595,5.808774101172311,0.5048410258372484
random,11,399,38560,3,8,8,0,2278,0.55615234375,0.6015079586707623,3581,124,1676.6342237076838,0.40933452727238373,0.7360115117241808,0.9858184486835595,5.8106771369530055,0.49983170097803137
random,11,400,38656,5,8,8,0,2283,0.557373046875,0.602904216699246,3581,124,1679.9270965471428,0.4101384513054548,0.7358419170158312,0.9858184486835595,5.811798336020775,0.49993660478618945
random,11,401,38752,3,8,8,0,2286,0.55810546875,0.6037419715163362,3581,124,1682.277451403842,0.4107122684091411,0.7359043969395634,0.9858184486835595,5.813030468357395,0.5046476842204519
random,11,402,38848,2,3,3,0,2288,0.55859375,0.6043004747277296,3581,124,1683.9443623287639,0.41111922908417087,0.7359896688499842,0.9858184486835595,5.8133546364515825,0.5081764038199994
random,11,403,38944,1,4,4,0,2289,0.558837890625,0.6045797263334264,3581,124,1684.9332235083132,0.41136065027058427,0.7361001413317226,0.9858184486835595,5.813851602043584,0.5038702218197102
random,11,404,39040,5,9,9,0,2294,0.56005859375,0.6059759843619101,3581,124,1688.7267458818365,0.4122868031938077,0.7361494097130935,0.9858184486835595,5.815572838998127,0.5131388169325214
random,11,405,39136,1,5,5,0,2295,0.560302734375,0.6062552359676068,3581,124,1689.844928042836,0.412559796885458,0.7363158727855494,0.9858184486835595,5.816104126386877,0.5069075433750311
random,11,406,39232,3,9,9,0,2298,0.56103515625,0.607092990784697,3581,124,1693.0860502878213,0.4133510864960501,0.7367650349381294,0.9858184486835595,5.816778202543522,0.5100244164921756
random,11,407,39328,3,7,7,0,2301,0.561767578125,0.6079307456017872,3581,124,1695.3788107523746,0.41391084246884147,0.7368008738602236,0.9858184486835595,5.818049828072681,0.5027500430856235
random,11,408,39424,0,3,3,0,2301,0.561767578125,0.6079307456017872,3581,124,1695.6782020528315,0.41398393604805456,0.7369309874197443,0.9858184486835595,5.818049828072681,0.5080936637905306
random,11,409,39520,3,10,10,0,2304,0.5625,0.6087685004188774,3581,124,1698.3684850014383,0.4146407434085543,0.7371390993929854,0.9858184486835595,5.818837405685683,0.5062734122563579
random,11,410,39616,3,10,10,0,2307,0.563232421875,0.6096062552359676,3581,124,1700.7661787867205,0.4152261178678517,0.7372198434272738,0.9858184486835595,5.819647870893487,0.5031765529181379
random,11,411,39712,1,2,2,0,2308,0.5634765625,0.6098855068416643,3581,124,1701.4264077794508,0.41538730658677997,0.7371864851730723,0.9858184486835595,5.819594475735967,0.504687317742352
random,11,412,39808,3,5,5,0,2311,0.564208984375,0.6104440100530578,3581,125,1703.4725583047114,0.41588685505486117,0.7371149105602386,0.9858184486835595,5.821260111289234,0.5126319446900993
random,11,413,39904,0,8,8,0,2311,0.564208984375,0.6104440100530578,3581,125,1704.618938840108,0.41616673311526076,0.7376109644483375,0.9858184486835595,5.821260111289234,0.5092487033276696
random,11,414,40000,0,3,3,0,2311,0.564208984375,0.6104440100530578,3581,125,1704.7459030754605,0.41619773024303236,0.737665903537629,0.9858184486835595,5.821260111289234,0.5093987567859877
random,11,415,40096,2,7,7,0,2313,0.564697265625,0.6110025132644513,3581,125,1706.436926903093,0.41661057785720046,0.7377591556001267,0.9858184486835595,5.82186039876575,0.5145708346320634
random,11,416,40192,2,9,9,0,2315,0.565185546875,0.6115610164758447,3581,125,1708.185481162498,0.417037470986938,0.7378770976943836,0.9858184486835595,5.822415552479946,0.5122865685545273
random,11,417,40288,2,5,5,0,2317,0.565673828125,0.6121195196872382,3581,125,1709.7727138114517,0.41742497895787395,0.7379252109673939,0.9858184486835595,5.82340452637041,0.49992539787577284
random,11,418,40384,1,5,5,0,2318,0.56591796875,0.612398771292935,3581,125,1710.9232817087013,0.4177058793234134,0.7381032276569031,0.9858184486835595,5.823529165483075,0.5066044395003259
random,11,419,40480,1,3,3,0,2319,0.566162109375,0.6126780228986317,3581,125,1712.236221773484,0.418026421331417,0.7383511090010711,0.9858184486835595,5.823929903794387,0.5049748884551782
random,11,420,40576,2,4,4,0,2321,0.566650390625,0.6132365261100251,3581,125,1714.2611391233809,0.41852078591879416,0.7385873068174842,0.9858184486835595,5.8242023371555165,0.5096767493231602
random,11,421,40672,4,8,8,0,2325,0.567626953125,0.6143535325328121,3581,125,1716.7782555322235,0.41913531629204676,0.7383992496912789,0.9858184486835595,5.824259437505717,0.502655171638246
random,11,422,40768,5,8,8,0,2330,0.56884765625,0.6157497905612958,3581,125,1720.1588445772,0.41996065541435545,0.738265598530987,0.9858184486835595,5.825264352042901,0.5078762580076036
random,11,423,40864,2,6,6,0,2332,0.5693359375,0.6163082937726891,3581,125,1722.1419437276982,0.42044481048039506,0.7384828232108482,0.9858184486835595,5.825476694106317,0.5049983787193731
random,11,424,40960,2,5,5,0,2334,0.56982421875,0.6168667969840826,3581,125,1723.8964914683447,0.42087316686238885,0.7386017529855804,0.9858184486835595,5.826608637122,0.5086603735650821
random,11,425,41056,2,3,3,0,2336,0.5703125,0.6174253001954761,3581,125,1724.9523179766911,0.4211309370060281,0.7384213689968712,0.9858184486835595,5.826640511373688,0.5004271714728797
random,11,426,41152,1,7,7,0,2337,0.570556640625,0.6177045518011729,3581,125,1726.2230446756726,0.4214411730165216,0.7386491419236939,0.9858184486835595,5.827071013667124,0.5056690060374496
random,11,427,41248,2,8,8,0,2339,0.571044921875,0.6179838034068695,3581,126,1728.4386998755954,0.4219821044618153,0.7389648139698997,0.9858184486835595,5.827773336252921,0.5074080657431502
random,11,428,41344,1,4,4,0,2340,0.5712890625,0.6182630550125663,3581,126,1729.247862323627,0.42217965388760426,0.738994812958815,0.9858184486835595,5.827546588553285,0.5058811044112546
random,11,429,41440,0,0,0,0,2340,0.5712890625,0.6182630550125663,3581,126,1729.247862323627,0.42217965388760426,0.738994812958815,0.9858184486835595,5.827546588553285,0.5117556911652164
random,11,430,41536,3,10,10,0,2343,0.572021484375,0.6191008098296565,3581,126,1731.5523384038252,0.4227422701181214,0.7390321546751281,0.9858184486835595,5.828585135963501,0.5126180821949404
random,11,431,41632,3,5,5,0,2346,0.57275390625,0.6199385646467467,3581,126,1733.7109912834699,0.4232692849813159,0.7390072426613256,0.9858184486835595,5.829254029750956,0.5103467766237844
random,11,432,41728,0,4,4,0,2346,0.57275390625,0.6199385646467467,3581,126,1734.0837547119986,0.42336029167773404,0.7391661358533669,0.9858184486835595,5.829254029750956,0.505686992113943
random,11,433,41824,0,4,4,0,2346,0.57275390625,0.6199385646467467,3581,126,1734.925038994098,0.42356568334816846,0.7395247395541765,0.9858184486835595,5.829254029750956,0.5013701936676657
random,11,434,41920,2,8,8,0,2348,0.5732421875,0.6204970678581402,3581,126,1736.8541903944351,0.4240366675767664,0.7397164354320422,0.9858184486835595,5.8301070617939885,0.5128349741011637
random,11,435,42016,3,6,6,0,2351,0.573974609375,0.6213348226752304,3581,126,1738.9087101085006,0.42453825930383315,0.7396464100844324,0.9858184486835595,5.830447272566062,0.503462314078927
random,11,436,42112,1,4,4,0,2352,0.57421875,0.6216140742809271,3581,126,1739.5506598629072,0.4246949853180926,0.7396048723906918,0.9858184486835595,5.830675207231548,0.5059944907164341
random,11,437,42208,4,7,7,0,2356,0.5751953125,0.6227310807037141,3581,126,1742.0248853282053,0.42529904426958137,0.739399357100257,0.9858184486835595,5.830772438137805,0.5107183123226493
random,11,438,42304,4,5,5,0,2360,0.576171875,0.6235688355208042,3581,127,1744.9399798270606,0.42601073726246597,0.7393813473843477,0.9858184486835595,5.831509000845083,0.5050714461649333
random,11,439,42400,0,1,1,0,2360,0.576171875,0.6235688355208042,3581,127,1744.9543238916444,0.4260142392313585,0.7393874253778154,0.9858184486835595,5.831509000845083,0.5080084289603981
random,11,440,42496,3,7,7,0,2363,0.576904296875,0.6244065903378945,3581,127,1747.1082211129863,0.42654009304516266,0.7393602289940695,0.9858184486835595,5.831748598292747,0.5083011597723099
random,11,441,42592,3,8,8,0,2366,0.57763671875,0.6252443451549846,3581,127,1749.6299260361338,0.4271557436611655,0.7394885570735984,0.9858184486835595,5.832201035509774,0.5083725622317147
random,11,442,42688,3,13,13,0,2369,0.578369140625,0.6260820999720749,3581,127,1752.4483199758693,0.4278438281191087,0.739741798216914,0.9858184486835595,5.8328771370440045,0.5088549246636035
random,11,443,42784,2,6,6,0,2371,0.578857421875,0.6266406031834683,3581,127,1753.952215106265,0.42821099001617796,0.7397520940979607,0.9858184486835595,5.83327027261879,0.513984827908804
random,11,444,42880,2,3,3,0,2373,0.579345703125,0.6271991063948618,3581,127,1755.6450338165853,0.42862427583412727,0.7398419864376676,0.9858184486835595,5.834415419826909,0.5006132478735196
random,11,445,42976,3,5,5,0,2376,0.580078125,0.628036861211952,3581,127,1758.1752263789722,0.42924199862767876,0.7399727383749883,0.9858184486835595,5.835173328287281,0.503756378972378
random,11,446,43072,1,6,6,0,2377,0.580322265625,0.6283161128176487,3581,127,1759.3082356468617,0.4295186122184721,0.7401380881980908,0.9858184486835595,5.834936454385561,0.5091812590326421
random,11,447,43168,1,3,3,0,2378,0.58056640625,0.6285953644233454,3581,127,1760.3645410530341,0.4297764992805259,0.740271043336011,0.9858184486835595,5.834984203408625,0.5062388030244451
random,11,448,43264,1,4,4,0,2379,0.580810546875,0.6288746160290422,3581,127,1761.3602406347782,0.43001958999872514,0.7403784113639252,0.9858184486835595,5.834821398873016,0.5077189777179174
random,11,449,43360,2,11,11,0,2381,0.581298828125,0.6294331192404357,3581,127,1763.8324298169482,0.43062315181077837,0.7407948046270257,0.9858184486835595,5.835409616073424,0.5086749770873588
random,11,450,43456,1,3,3,0,2382,0.58154296875,0.6297123708461324,3581,127,1764.6767257298955,0.43082927874265026,0.7408382559739276,0.9858184486835595,5.835640274850289,0.5068250211679572
random,11,451,43552,3,8,8,0,2385,0.582275390625,0.6305501256632225,3581,127,1766.7123939115786,0.431326268044819,0.7407599135897605,0.9858184486835595,5.835627170090461,0.50305621084182
random,11,452,43648,3,10,10,0,2388,0.5830078125,0.6313878804803128,3581,127,1769.1435338832873,0.43191980807697444,0.7408473759980265,0.9858184486835595,5.836553220512478,0.5106133071933033
random,11,453,43744,2,7,7,0,2390,0.58349609375,0.6319463836917062,3581,127,1770.755428122732,0.43231333694402635,0.7409018527710175,0.9858184486835595,5.8372894611397355,0.5085160621804721
random,11,454,43840,2,4,4,0,2392,0.583984375,0.6325048869030997,3581,127,1772.1219732137324,0.4326469661166339,0.7408536677314935,0.9858184486835595,5.837249509240055,0.5079689408062856
random,11,455,43936,0,2,2,0,2392,0.583984375,0.6325048869030997,3581,127,1772.1953455391663,0.432664879282023,0.7408843417805879,0.9858184486835595,5.837249509240055,0.5110067525941819
random,11,456,44032,1,6,6,0,2393,0.584228515625,0.6327841385087964,3581,127,1773.5408376939445,0.43299336857762316,0.7411369986184473,0.9858184486835595,5.837348696148401,0.509081779069231
random,11,457,44128,0,2,2,0,2393,0.584228515625,0.6327841385087964,3581,127,1773.5927846618993,0.4330060509428465,0.741158706503092,0.9858184486835595,5.837348696148401,0.5072169017452501
random,11,458,44224,1,5,5,0,2394,0.58447265625,0.6330633901144932,3581,127,1774.2322944155044,0.43316218125378525,0.7411162466230177,0.9858184486835595,5.8378091444703095,0.5076962787585566
random,11,459,44320,2,6,6,0,2396,0.5849609375,0.6336218933258866,3581,127,1776.1118912961297,0.43362106721096916,0.7412820915259306,0.9858184486835595,5.837711507551166,0.5019049008711598
random,11,460,44416,0,5,5,0,2396,0.5849609375,0.6336218933258866,3581,127,1777.0367834797858,0.43384687096674457,0.7416681066276234,0.9858184486835595,5.837711507551166,0.5151357267994512
random,11,461,44512,3,5,5,0,2399,0.585693359375,0.6344596481429768,3581,127,1779.2311023124148,0.4343825933379919,0.7416553156783722,0.9858184486835595,5.837654913299593,0.511730004349821
random,11,462,44608,4,9,9,0,2403,0.586669921875,0.6355766545657637,3581,127,1782.3955777379128,0.43515517034617013,0.7417376519924731,0.9858184486835595,5.839144360588998,0.5018436856568927
random,11,463,44704,3,7,7,0,2406,0.58740234375,0.636414409382854,3581,127,1784.5702397861642,0.435686093697794,0.7417166416401347,0.9858184486835595,5.839840138100041,0.5117818960400915
random,11,464,44800,1,4,4,0,2407,0.587646484375,0.6366936609885507,3581,127,1785.289539757766,0.43586170404242336,0.741707328524207,0.9858184486835595,5.839779377630638,0.5012168251899565
random,11,465,44896,1,5,5,0,2408,0.587890625,0.6369729125942474,3581,127,1786.0938444919893,0.4360580675029271,0.7417333241245803,0.9858184486835595,5.840127824768355,0.5071769272638177
random,11,466,44992,2,4,4,0,2410,0.58837890625,0.6375314158056409,3581,127,1787.7264938114267,0.43645666352818036,0.7417952256478949,0.9858184486835595,5.840432153426602,0.5121956031822876
random,11,467,45088,2,3,3,0,2412,0.5888671875,0.6380899190170344,3581,127,1789.1660666693906,0.4368081217454567,0.7417769762310906,0.9858184486835595,5.840569991008527,0.511848339884996
random,11,468,45184,2,8,8,0,2414,0.58935546875,0.6386484222284278,3581,127,1791.3603678065097,0.43734383979651115,0.7420714033995484,0.9858184486835595,5.840167930359307,0.5035288113740759
random,11,469,45280,3,5,5,0,2417,0.590087890625,0.639486177045518,3581,127,1793.7211202308165,0.4379201953688517,0.742127066706999,0.9858184486835595,5.8412030057116,0.506096191972623
random,11,470,45376,1,3,3,0,2418,0.59033203125,0.6397654286512148,3581,127,1794.4948305259772,0.43810908948388116,0.742140128422654,0.9858184486835595,5.840987641916907,0.5104143145132376
random,11,471,45472,1,4,4,0,2419,0.590576171875,0.6400446802569115,3581,127,1795.4589769537101,0.4383444767953394,0.7422319044868583,0.9858184486835595,5.841181208042332,0.5050292357434283
random,11,472,45568,3,8,8,0,2422,0.59130859375,0.6406031834683049,3581,128,1797.557583737254,0.438856831967103,0.742179018884085,0.9858184486835595,5.841993943307068,0.5110294525353287
random,11,473,45664,1,3,3,0,2423,0.591552734375,0.6408824350740017,3581,128,1798.0801857684996,0.4389844203536376,0.7420883969329343,0.9858184486835595,5.841799944067567,0.51494845102679
random,11,474,45760,0,4,4,0,2423,0.591552734375,0.6408824350740017,3581,128,1798.2301313403045,0.43902102815925403,0.7421502811969891,0.9858184486835595,5.841799944067567,0.504708957820023
random,11,475,45856,1,5,5,0,2424,0.591796875,0.6408824350740017,3581,129,1799.3278297123984,0.4392890209258785,0.7422969594523096,0.9858184486835595,5.8422021477482975,0.5073027980907953
random,11,476,45952,5,12,12,0,2429,0.593017578125,0.6422786931024853,3581,129,1803.3758098468843,0.4402772973258995,0.7424354919089684,0.9858184486835595,5.843374788412035,0.5101258587031743
random,11,477,46048,2,6,6,0,2431,0.593505859375,0.6425579447081821,3581,130,1805.2811525351376,0.44074246888064883,0.7426084543542318,0.9858184486835595,5.84384602674195,0.5082841130489975
random,11,478,46144,3,6,6,0,2434,0.59423828125,0.6433956995252723,3581,130,1807.6658170681046,0.44132466237014273,0.7426728911536995,0.9858184486835595,5.845126350454466,0.5119590212525886
random,11,479,46240,1,3,3,0,2435,0.594482421875,0.643674951130969,3581,130,1808.5417270526123,0.44153850758120416,0.7427276086458366,0.9858184486835595,5.845721971563167,0.5104975426458342
random,11,480,46336,2,5,5,0,2437,0.594970703125,0.6442334543423625,3581,130,1810.0980391146204,0.4419184665807179,0.7427566840847848,0.9858184486835595,5.846192303477352,0.5072535915775027
random,11,481,46432,1,3,3,0,2438,0.59521484375,0.6445127059480592,3581,130,1810.6115785216398,0.4420438424125097,0.7426626655133879,0.9858184486835595,5.846593804502434,0.5193410790955044
random,11,482,46528,2,4,4,0,2440,0.595703125,0.6450712091594527,3581,130,1812.3706209374764,0.44247329612731356,0.7427748446465067,0.9858184486835595,5.847485422541939,0.513928660530929
random,11,483,46624,1,7,7,0,2441,0.595947265625,0.6453504607651493,3581,130,1813.5689720598184,0.4427658623192916,0.7429614797459313,0.9858184486835595,5.847246506452279,0.5123161630360863
random,11,484,46720,2,5,5,0,2443,0.596435546875,0.6456297123708461,3581,131,1815.0681796232193,0.443131879790825,0.742966917569881,0.9858184486835595,5.847995476243367,0.5042080133983278
random,11,485,46816,0,1,1,0,2443,0.596435546875,0.6456297123708461,3581,131,1815.125582458327,0.443145894154865,0.7429904144323893,0.9858184486835595,5.847995476243367,0.5121449429071067
random,11,486,46912,0,1,1,0,2443,0.596435546875,0.6456297123708461,3581,131,1815.214524205911,0.4431676084487087,0.743026821205858,0.9858184486835595,5.847995476243367,0.5160178323744872
random,11,487,47008,0,1,1,0,2443,0.596435546875,0.6456297123708461,3581,131,1815.3188464471832,0.44319307774589434,0.743069523719682,0.9858184486835595,5.847995476243367,0.50827532765675
random,11,488,47104,2,4,4,0,2445,0.596923828125,0.6461882155822396,3581,131,1817.0081122639194,0.44360549615818345,0.7431526021529323,0.9858184486835595,5.8483435523302125,0.5141037670233596
random,11,489,47200,1,6,6,0,2446,0.59716796875,0.6464674671879364,3581,131,1818.2812090927353,0.44391631081365607,0.7433692596454355,0.9858184486835595,5.8483712534070715,0.5111378562412199
random,11,490,47296,0,1,1,0,2446,0.59716796875,0.6464674671879364,3581,131,1818.288748517215,0.4439181514934607,0.7433723419939554,0.9858184486835595,5.8483712534070715,0.5111630543704312
random,11,491,47392,2,8,7,0,2448,0.59765625,0.6470259703993297,3581,131,1820.2149382209536,0.4443884126516,0.7435518538484288,0.9858184486835595,5.848776677865512,0.5070313645813143
random,11,492,47488,5,8,8,0,2453,0.598876953125,0.6484222284278135,3581,131,1823.8778300841468,0.4452826733603874,0.7435294863775568,0.9858184486835595,5.849826072541234,0.5149149429341213
random,11,493,47584,0,3,3,0,2453,0.598876953125,0.6484222284278135,3581,131,1824.1719949973212,0.4453544909661429,0.7436494068476646,0.9858184486835595,5.849826072541234,0.514996705032601
random,11,494,47680,2,9,9,0,2455,0.599365234375,0.6489807316392069,3581,131,1826.0740638005732,0.4458188632325618,0.7438183559269137,0.9858184486835595,5.850549482935074,0.5082286050049205
random,11,495,47776,2,6,6,0,2457,0.599853515625,0.6495392348506004,3581,131,1827.9347504139796,0.446273132425288,0.743970187388677,0.9858184486835595,5.8503387858341585,0.5133715985069609
random,11,496,47872,2,6,6,0,2459,0.600341796875,0.6500977380619939,3581,131,1829.4221822715515,0.4466362749686405,0.7439699805903015,0.9858184486835595,5.850433641305715,0.5064738729902718
random,11,497,47968,1,4,4,0,2460,0.6005859375,0.6503769896676906,3581,131,1830.6289450977301,0.4469308947992505,0.7441581077633049,0.9858184486835595,5.8505927489441465,0.5168749420364723
random,11,498,48064,0,3,3,0,2460,0.6005859375,0.6503769896676906,3581,131,1830.9222323340434,0.44700249812842857,0.7442773302170909,0.9858184486835595,5.8505927489441465,0.5100178538582684
random,11,499,48160,1,3,3,0,2461,0.600830078125,0.6506562412733873,3581,131,1831.956598648013,0.44725502896680003,0.7443952046517728,0.9858184486835595,5.851051464482881,0.5083608255614327
random,11,500,48256,0,1,1,0,2461,0.600830078125,0.6506562412733873,3581,131,1832.1347159985862,0.44729851464809234,0.7444675806576945,0.9858184486835595,5.851051464482881,0.5055104687191472
random,23,0,256,176,204,176,0,176,0.04296875,0.04607651493996091,3581,11,76.12591333754266,0.0185854280609235,0.4325335985087651,0.9129169364725676,4.228713134046978,0.3962144265197285
random,23,1,352,43,67,65,0,219,0.053466796875,0.05668807595643675,3581,16,99.64036781002922,0.024326261672370415,0.454978848447622,0.9129169364725676,4.3590502075051925,0.3989391607433844
random,23,2,448,44,62,60,0,263,0.064208984375,0.06897514660709299,3581,16,121.38634509245861,0.02963533815733853,0.46154503837436733,0.9129169364725676,4.387924866179259,0.4066623888575345
random,23,3,544,34,56,54,0,297,0.072509765625,0.07846970120078191,3581,16,143.2014446599124,0.034961290200173925,0.48215974632967135,0.9620102409119868,4.433053933948344,0.4169235037985188
random,23,4,640,35,52,51,0,332,0.0810546875,0.08824350740016755,3581,16,164.59720472927194,0.040184864435857406,0.4957747130399757,0.9620102409119868,4.483425025196653,0.4177919450386314
random,23,5,736,28,44,43,0,360,0.087890625,0.09578330075397934,3581,17,182.26977413460273,0.044499456575830744,0.5063049281516743,0.9620102409119868,4.560293672509357,0.4262398338846015
random,23,6,832,28,49,49,0,388,0.0947265625,0.10332309410779111,3581,18,199.36264977777432,0.048672521918401934,0.5138212623138514,0.9620102409119868,4.617276689244509,0.4294242658013475
random,23,7,928,30,44,44,0,418,0.10205078125,0.11142139067299638,3581,19,215.5600137376175,0.052626956478910525,0.5156938127694198,0.9620102409119868,4.636109298128174,0.42029436972610695
random,23,8,1024,25,44,43,0,443,0.108154296875,0.1175649259983245,3581,22,231.94467252275336,0.05662711731512533,0.5235771388775471,0.9620102409119868,4.670185099515665,0.42423351500728135
random,23,9,1120,16,39,37,0,459,0.112060546875,0.12203295168947222,3581,22,244.04462315555088,0.059581206825085664,0.5316876321471696,0.9620102409119868,4.694498146967498,0.42028773303089617
random,23,10,1216,26,45,44,0,485,0.118408203125,0.12845573862049706,3581,25,259.731591423654,0.06341103306241552,0.5355290544817608,0.9620102409119868,4.727824296110844,0.4180521643180243
random,23,11,1312,18,38,36,0,503,0.122802734375,0.13320301591734152,3581,26,272.5507499565553,0.06654071043861214,0.541850397527943,0.9620102409119868,4.762069868406807,0.4250268945000374
random,23,12,1408,18,35,35,0,521,0.127197265625,0.13795029321418598,3581,27,284.4639611702468,0.06944920927007979,0.5459960866991301,0.9620102409119868,4.770864254212184,0.42237614101392756
random,23,13,1504,25,41,41,0,546,0.13330078125,0.1440938285395141,3581,30,300.6407950583489,0.07339863160604221,0.5506241667735328,0.9620102409119868,4.78267914861885,0.4299543433819657
random,23,14,1600,15,33,33,0,561,0.136962890625,0.14772409941357162,3581,32,310.8820752135653,0.07589894414393684,0.5541569968156245,0.9620102409119868,4.831926016348509,0.4292950683304338
random,23,15,1696,19,30,30,0,580,0.1416015625,0.15219212510471936,3581,35,322.79837339588994,0.07880819662985594,0.5565489196480861,0.9620102409119868,4.857682374302442,0.43110115516602876
random,23,16,1792,16,35,35,0,596,0.1455078125,0.15610164758447362,3581,37,334.4572094186424,0.08165459214322324,0.5611698144608094,0.9620102409119868,4.879320596853578,0.4410004617814946
random,23,17,1888,19,39,39,0,615,0.150146484375,0.1611281764870148,3581,38,348.92883265542366,0.08518770328501554,0.5673639555372743,0.9620102409119868,4.901213880164557,0.4363865993185884
random,23,18,1984,17,36,36,0,632,0.154296875,0.16559620217816254,3581,39,361.7057822027396,0.08830707573309073,0.5723192756372463,0.9620102409119868,4.94830487075728,0.4399869454658671
random,23,19,2080,21,33,33,0,653,0.159423828125,0.17062273108070372,3581,42,375.26971936361014,0.09161858382900638,0.5746856345537674,0.9620102409119868,4.970765531863609,0.4466466270096393
random,23,20,2176,19,28,28,0,672,0.1640625,0.17592851158894163,3581,42,387.45028253190355,0.09459235413376552,0.5765629204343803,0.9620102409119868,4.981306366273415,0.4471940381632213
random,23,21,2272,16,26,26,0,688,0.16796875,0.18039653728008936,3581,42,396.4473534809579,0.09678890465843698,0.5762316184316248,0.9620102409119868,4.998943889180628,0.44460969857295624
random,23,22,2368,12,28,28,0,700,0.1708984375,0.18346830494275343,3581,43,406.37077354278864,0.09921161463446988,0.5805296764896981,0.9620102409119868,5.028389747838859,0.45225633258871367
random,23,23,2464,14,31,29,0,714,0.17431640625,0.18709857581681094,3581,44,415.8841513131711,0.10153421662919217,0.5824708001585029,0.9620102409119868,5.053518397881987,0.45249050964450427
random,23,24,2560,10,29,28,0,724,0.1767578125,0.18961184026808153,3581,45,425.45441026709483,0.10387070563161495,0.5876442130760978,0.9620102409119868,5.066880504025465,0.4565829031055333
random,23,25,2656,14,32,30,0,738,0.18017578125,0.19324211114213907,3581,46,435.89181073833544,0.10641889910603892,0.590639309943544,0.9620102409119868,5.072975166240272,0.445916138965606
random,23,26,2752,12,31,30,0,750,0.18310546875,0.19659313041049986,3581,46,444.7335404715362,0.10857752452918364,0.5929780539620483,0.9620102409119868,5.079533042063889,0.4463160809064812
random,23,27,2848,14,26,26,0,764,0.1865234375,0.20022340128455737,3581,47,454.3170615245613,0.11091725134876985,0.5946558396918342,0.9620102409119868,5.089152281919342,0.4529473618232599
random,23,28,2944,9,25,25,0,773,0.188720703125,0.202736665735828,3581,47,462.17401944894186,0.11283545396702682,0.5978965322754746,0.9620102409119868,5.097160310580462,0.44961150276418543
random,23,29,3040,10,23,23,0,783,0.191162109375,0.2055291817927953,3581,47,470.14366498263445,0.11478116820865099,0.6004389080237987,0.9620102409119868,5.110310562880283,0.4518352228973361
random,23,30,3136,11,24,24,0,794,0.19384765625,0.2080424462440659,3581,49,478.5962338234601,0.1168447836483057,0.6027660375610329,0.9620102409119868,5.115397942187054,0.45424897870128783
random,23,31,3232,12,23,23,0,806,0.19677734375,0.2113934655124267,3581,49,487.4211274469001,0.11899929869309084,0.6047408529117867,0.9620102409119868,5.126687449841256,0.45048442972407154
random,23,32,3328,10,23,23,0,816,0.19921875,0.21418598156939403,3581,49,495.3183856214207,0.12092734023960466,0.6070078255164469,0.9620102409119868,5.146419230627568,0.4596606933613505
random,23,33,3424,10,17,16,0,826,0.20166015625,0.2164199944149679,3581,51,501.7410238450833,0.12249536714967854,0.6074346535654761,0.9620102409119868,5.150063672121155,0.4557581435398713
random,23,34,3520,12,26,26,0,838,0.20458984375,0.21949176207763194,3581,52,510.7637592723278,0.12469818341609565,0.609503292687742,0.9620102409119868,5.1628761409905115,0.4576699866406854
random,23,35,3616,9,22,22,0,847,0.206787109375,0.22200502652890255,3581,52,518.7146184863436,0.1266393111538925,0.6124139533486938,0.9620102409119868,5.168819002238636,0.45557026653232163
random,23,36,3712,19,30,30,0,866,0.21142578125,0.226752303825747,3581,54,532.0886581898916,0.1299044575658915,0.614421083360152,0.9620102409119868,5.204277222240486,0.4612818456787614
random,23,37,3808,12,23,23,0,878,0.21435546875,0.2301033230941078,3581,54,541.3791609045024,0.1321726467052008,0.6166049668616201,0.9620102409119868,5.214979864060183,0.46703617502947836
random,23,38,3904,5,13,13,0,883,0.215576171875,0.23149958112259145,3581,54,545.41247402608,0.13315734229152343,0.6176811710374631,0.9620102409119868,5.222647880988411,0.46518768920516373
random,23,39,4000,13,19,19,0,896,0.21875,0.235129851996649,3581,54,555.1489074885001,0.1355344012423096,0.6195858342505581,0.9620102409119868,5.2244085882438185,0.4652105485891917
random,23,40,4096,7,18,18,0,903,0.220458984375,0.2370846132365261,3581,54,560.5844392674087,0.1368614353680197,0.6208022583249265,0.9620102409119868,5.230029994385428,0.47222000171706585
random,23,41,4192,9,20,20,0,912,0.22265625,0.2395978776877967,3581,54,568.299042737347,0.1387448834807976,0.6231349152821788,0.9620102409119868,5.235021457496651,0.46223441165030915
random,23,42,4288,9,19,19,0,921,0.224853515625,0.2421111421390673,3581,54,575.9085568808686,0.1406026750197433,0.6253078793494773,0.9620102409119868,5.243561953750879,0.4609374760955356
random,23,43,4384,16,23,23,0,937,0.228759765625,0.24657916783021502,3581,54,586.6096865688678,0.1432152555099775,0.6260508928162943,0.9620102409119868,5.26082409804769,0.46019167535899985
random,23,44,4480,10,24,24,0,947,0.231201171875,0.24909243228148562,3581,55,594.1908272148657,0.14506611992550433,0.6274454352849691,0.9620102409119868,5.2753959405758035,0.46540445076001247
random,23,45,4576,9,24,24,0,956,0.2333984375,0.25160569673275623,3581,55,602.0118507358286,0.1469755494960519,0.629719509137896,0.9620102409119868,5.278348810083506,0.46032280448426033
random,23,46,4672,9,15,15,0,965,0.235595703125,0.2538397095783301,3581,56,608.1814045991134,0.14848178823220542,0.6302397975120346,0.9620102409119868,5.295128281123713,0.47483835669016694
random,23,47,4768,2,14,14,0,967,0.236083984375,0.2541189611840268,3581,57,611.7336338846005,0.14934903171010755,0.6326097558268878,0.9620102409119868,5.295462958115335,0.46919039125902257
random,23,48,4864,10,19,19,0,977,0.238525390625,0.2566322256352974,3581,58,618.8631702507525,0.15108964117450013,0.6334321087520497,0.9620102409119868,5.305947965525198,0.4649727450596937
random,23,49,4960,11,19,19,0,988,0.2412109375,0.259145490086568,3581,60,626.7488805087446,0.15301486340545523,0.6343612150898225,0.9620102409119868,5.313325360603165,0.4623142058805349
random,23,50,5056,7,16,16,0,995,0.242919921875,0.2608209997207484,3581,61,632.1694002001664,0.15433823247074374,0.6353461308544386,0.9620102409119868,5.318564234809668,0.4673198216691079
random,23,51,5152,3,8,8,0,998,0.24365234375,0.2616587545378386,3581,61,634.6323517164922,0.15493953899328422,0.6359041600365652,0.9620102409119868,5.319236571113824,0.47034316124865294
random,23,52,5248,7,13,13,0,1005,0.245361328125,0.263334264172019,3581,62,639.6058191248478,0.1561537644347773,0.6364237006217391,0.9620102409119868,5.319868090098035,0.4663111392591605
random,23,53,5344,6,16,16,0,1011,0.246826171875,0.26473052220050264,3581,63,644.8429786510228,0.15743236783472236,0.6378268829386972,0.9620102409119868,5.323025530908936,0.46168662844583197
random,23,54,5440,10,17,17,0,1021,0.249267578125,0.26752303825747,3581,63,652.164047683417,0.15921973820395924,0.6387502915606436,0.9620102409119868,5.332192158834276,0.4648332124962883
random,23,55,5536,8,17,17,0,1029,0.251220703125,0.2697570511030438,3581,63,658.685463743633,0.1608118807967854,0.6401219278363781,0.9620102409119868,5.332230362537019,0.4711046445209229
random,23,56,5632,8,19,19,0,1037,0.253173828125,0.27171181234292097,3581,64,664.3077354927748,0.16218450573554072,0.6406053379872466,0.9620102409119868,5.34172705338364,0.4668815569650468
random,23,57,5728,6,18,18,0,1043,0.254638671875,0.2728288187657079,3581,66,670.2445212541313,0.1636339163218094,0.6426121967920722,0.9620102409119868,5.350704882948406,0.46811560947535036
random,23,58,5824,9,18,18,0,1052,0.2568359375,0.2753420832169785,3581,66,677.4906006213405,0.16540297866731946,0.6440024720735176,0.9620102409119868,5.355894088275846,0.47073141706644733
random,23,59,5920,14,21,21,0,1066,0.26025390625,0.27897235409103605,3581,67,687.5937628261249,0.1678695710024719,0.6450222915817307,0.9620102409119868,5.362115745040714,0.46792867462949794
random,23,60,6016,11,20,20,0,1077,0.262939453125,0.28176487014800333,3581,68,696.8451329100458,0.17012820627686664,0.6470242645404325,0.9620102409119868,5.370933202272548,0.46308055164235495
random,23,61,6112,9,20,20,0,1086,0.26513671875,0.2842781345992739,3581,68,703.3039518019862,0.17170506635790678,0.6476095320460278,0.9620102409119868,5.376606053943937,0.4665150642575573
random,23,62,6208,12,22,22,0,1098,0.26806640625,0.2876291538676347,3581,68,712.4990067814101,0.1739499528274927,0.6489061992544719,0.9620102409119868,5.385916816554526,0.474269181418887
random,23,63,6304,5,23,23,0,1103,0.269287109375,0.2890254118961184,3581,68,718.4650064637822,0.17540649571869682,0.6513735326054235,0.9620102409119868,5.389035980815153,0.4704461415486979
random,23,64,6400,7,19,19,0,1110,0.27099609375,0.2907009215302988,3581,69,723.5740171234297,0.17665381277427483,0.6518684838949818,0.9620102409119868,5.395085073517266,0.4707974442251167
random,23,65,6496,8,20,20,0,1118,0.27294921875,0.29293493437587265,3581,69,730.5534228707247,0.17835776925554803,0.6534467109756035,0.9620102409119868,5.399105912567676,0.47198850036520273
random,23,66,6592,10,20,20,0,1128,0.275390625,0.29572745043284,3581,69,738.3173436648456,0.1802532577306752,0.6545366521851468,0.9620102409119868,5.40242655910702,0.4705705417604453
random,23,67,6688,5,22,22,0,1133,0.276611328125,0.29712370846132363,3581,69,742.9816008474279,0.18139199239439158,0.6557648727691332,0.9620102409119868,5.4025006868846095,0.4767155654905284
random,23,68,6784,2,11,11,0,1135,0.277099609375,0.29768221167271713,3581,69,745.6370148818536,0.18204028683639004,0.6569489117901793,0.9620102409119868,5.402301583918345,0.47522895487308875
random,23,69,6880,6,15,15,0,1141,0.278564453125,0.29935772130689753,3581,69,750.8041605235695,0.1833017970028246,0.6580229277156613,0.9620102409119868,5.407407599838224,0.4720888103465616
random,23,70,6976,9,16,16,0,1150,0.28076171875,0.3018709857581681,3581,69,758.0428026030786,0.18506904360426724,0.6591676544374596,0.9620102409119868,5.4148461896289355,0.4776140483622743
random,23,71,7072,10,19,19,0,1160,0.283203125,0.30466350181513546,3581,69,765.8939777648095,0.1869858344152367,0.6602534291075944,0.9670191230856372,5.421855853389226,0.4676041673200585
random,23,72,7168,12,22,22,0,1172,0.2861328125,0.30801452108349625,3581,69,775.200531438486,0.18925794224572412,0.6614339005447832,0.9670191230856372,5.432493232724805,0.47219677383739983
random,23,73,7264,5,10,10,0,1177,0.287353515625,0.3094107791119799,3581,69,778.1581177458719,0.18998000921530075,0.6611368884841732,0.9670191230856372,5.434148773851541,0.4797501856223645
random,23,74,7360,6,18,18,0,1183,0.288818359375,0.3110862887461603,3581,69,783.8647154330258,0.19137322154126607,0.6626075362916533,0.9670191230856372,5.43519180720468,0.4747452164085153
random,23,75,7456,5,17,17,0,1188,0.2900390625,0.31248254677464393,3581,69,788.1690937773463,0.19242409516048495,0.6634419981290794,0.973763625827763,5.437568746071447,0.47928623866557263
random,23,76,7552,9,19,19,0,1197,0.292236328125,0.3149958112259145,3581,69,794.2617690323034,0.1939115647051522,0.6635436666936536,0.973763625827763,5.4436785769522285,0.4805356301390377
random,23,77,7648,9,16,16,0,1206,0.29443359375,0.31750907567718517,3581,69,800.4412758285771,0.1954202333565862,0.6637158174366311,0.973763625827763,5.446461765783881,0.4755063483667933
random,23,78,7744,3,20,20,0,1209,0.295166015625,0.31834683049427537,3581,69,805.9296873888288,0.1967601775851633,0.6666085090064755,0.973763625827763,5.450950974868296,0.4650085518330017
random,23,79,7840,8,19,19,0,1217,0.297119140625,0.3205808433398492,3581,69,812.6850242459045,0.19840942974753528,0.667777341204523,0.973763625827763,5.4532105248214835,0.47812495926384324
random,23,80,7936,7,13,13,0,1224,0.298828125,0.32253560457972635,3581,69,818.296799908899,0.19977949216525853,0.668543137180473,0.973763625827763,5.460517133231377,0.48436422343040475
random,23,81,8032,8,14,14,0,1232,0.30078125,0.32449036581960344,3581,70,823.9488352275534,0.20115938360047692,0.6687896389834038,0.973763625827763,5.4609140444887645,0.4735454138616466
random,23,82,8128,11,18,18,0,1243,0.303466796875,0.32756213348226754,3581,70,832.2969491959816,0.2031974973623002,0.6695872479452788,0.973763625827763,5.469947201831851,0.4755046629387053
random,23,83,8224,8,13,13,0,1251,0.305419921875,0.3297961463278414,3581,70,837.5017999165996,0.20446821287026357,0.6694658672394881,0.973763625827763,5.473935334219318,0.4860441379600785
random,23,84,8320,8,14,14,0,1259,0.307373046875,0.3320301591734153,3581,70,842.943669965792,0.20579679442524218,0.6695342890911771,0.973763625827763,5.47565476280285,0.4721034367963585
random,23,85,8416,5,10,10,0,1264,0.30859375,0.3334264172018989,3581,70,846.9176428953028,0.20676700265998604,0.6700297807716004,0.973763625827763,5.481554558263173,0.4816651176425371
random,23,86,8512,7,12,12,0,1271,0.310302734375,0.33538117844177606,3581,70,852.0504750803769,0.20802013551767015,0.6703780291741754,0.973763625827763,5.483330760256695,0.48033141207320224
random,23,87,8608,8,13,13,0,1279,0.312255859375,0.3376151912873499,3581,70,858.0975719477566,0.20949647752630776,0.6709128787707245,0.973763625827763,5.487406170850641,0.4800692077093513
random,23,88,8704,12,17,17,0,1291,0.315185546875,0.3409662105557107,3581,70,866.4071230231053,0.21152517651931282,0.6711131859202984,0.973763625827763,5.494084925658635,0.480548864719959
random,23,89,8800,7,19,19,0,1298,0.31689453125,0.3426417201898911,3581,71,872.2256330566925,0.21294571119548156,0.6719766048202561,0.973763625827763,5.497733410773863,0.4809388582368929
random,23,90,8896,5,14,14,0,1303,0.318115234375,0.34375872661267803,3581,72,876.7167022257124,0.21404216362932432,0.6728447446091423,0.973763625827763,5.499746471544186,0.47528230138575056
random,23,91,8992,4,15,15,0,1307,0.319091796875,0.34459648142976823,3581,73,880.4511124178882,0.2149538848676485,0.6736427792026689,0.973763625827763,5.503603003150019,0.48361482619322504
random,23,92,9088,6,11,11,0,1313,0.320556640625,0.3459927394582519,3581,74,884.599763428768,0.21596673911835157,0.673724115330364,0.973763625827763,5.507718983480693,0.4772244416226957
random,23,93,9184,4,12,12,0,1317,0.321533203125,0.3471097458810388,3581,74,888.3962419133751,0.2168936137483826,0.6745605481498672,0.973763625827763,5.510766730348582,0.47526594150508167
random,23,94,9280,5,11,11,0,1322,0.32275390625,0.34850600390952247,3581,74,892.8117140457919,0.2179716098744609,0.6753492541950014,0.973763625827763,5.51210019376032,0.4862466229458774
random,23,95,9376,4,10,10,0,1326,0.32373046875,0.3496230103323094,3581,74,896.2936157522033,0.21882168353325276,0.6759378700997009,0.973763625827763,5.515227404798621,0.4812208196321394
random,23,96,9472,11,15,15,0,1337,0.326416015625,0.35269477799497345,3581,74,904.1929330938451,0.22075022780611453,0.6762849163005573,0.973763625827763,5.517980412186437,0.4823384617910026
random,23,97,9568,3,10,10,0,1340,0.3271484375,0.35353253281206365,3581,74,907.2060694000372,0.22148585678711846,0.6770194547761472,0.973763625827763,5.520795077315428,0.47797125125323175
random,23,98,9664,6,10,10,0,1346,0.32861328125,0.35520804244624404,3581,74,912.3539914664101,0.22274267369785403,0.6778261452202156,0.973763625827763,5.5208224185731485,0.48537674876295567
random,23,99,9760,7,13,13,0,1353,0.330322265625,0.35660430047472774,3581,76,917.2152340839779,0.22392950050878366,0.6779122203133613,0.973763625827763,5.524659672818312,0.4883449873392531
random,23,100,9856,5,13,13,0,1358,0.33154296875,0.3580005585032114,3581,76,921.851135130968,0.225061312287834,0.6788299964145568,0.973763625827763,5.526895307758411,0.4747545125966609
random,23,101,9952,8,18,18,0,1366,0.33349609375,0.3602345713487853,3581,76,927.8090527508807,0.22651588201925799,0.6792159976214354,0.973763625827763,5.5318329349189055,0.48214573758886875
random,23,102,10048,4,12,12,0,1370,0.33447265625,0.3613515777715722,3581,76,931.5915008458328,0.22743933126118965,0.6799937962378342,0.973763625827763,5.534484667233225,0.4730586311151346
random,23,103,10144,3,12,12,0,1373,0.335205078125,0.36218933258866237,3581,76,934.2372813032371,0.2280852737556731,0.6804350191574924,0.973763625827763,5.5343160814556,0.4857421039330523
random,23,104,10240,4,10,10,0,1377,0.336181640625,0.3633063390114493,3581,76,937.5384338184787,0.22889121919396452,0.6808557979800136,0.973763625827763,5.534996974067778,0.4849236632253851
random,23,105,10336,5,13,13,0,1382,0.33740234375,0.36442334543423627,3581,77,941.9170576962878,0.22996021916413276,0.6815608232245208,0.973763625827763,5.537433236498523,0.47943046466127687
random,23,106,10432,13,23,22,0,1395,0.340576171875,0.36777436470259706,3581,78,951.5348788945932,0.2323083200426253,0.6821038558384181,0.973763625827763,5.545522363798352,0.48210293710081165
random,23,107,10528,3,7,7,0,1398,0.34130859375,0.36861211951968725,3581,78,954.4767160515262,0.23302654200476713,0.6827444320826368,0.973763625827763,5.547356652311118,0.47685477839788804
random,23,108,10624,4,9,9,0,1402,0.34228515625,0.36972912594247415,3581,78,957.1701188764821,0.23368411105382864,0.6827176311529829,0.973763625827763,5.547582232410867,0.4813664450374453
random,23,109,10720,4,15,15,0,1406,0.34326171875,0.3708461323652611,3581,78,960.9321935754806,0.23460258632213882,0.6834510622869705,0.973763625827763,5.54941016535953,0.4822274003641546
random,23,110,10816,3,12,12,0,1409,0.343994140625,0.3716838871823513,3581,78,963.1342720424526,0.2351402031353644,0.683558745239498,0.973763625827763,5.551308690561064,0.48092261891396615
random,23,111,10912,3,8,8,0,1412,0.3447265625,0.3725216419994415,3581,78,965.7275363721197,0.23577332430959955,0.6839430144278469,0.973763625827763,5.552238318312842,0.4904347280800184
random,23,112,11008,5,15,15,0,1417,0.345947265625,0.3733593968165317,3581,80,970.2798892942017,0.2368847385972172,0.6847423354228663,0.973763625827763,5.55268219601653,0.48041591863151734
random,23,113,11104,3,11,11,0,1420,0.3466796875,0.3741971516336219,3581,80,972.7484877284126,0.23748742376181947,0.6850341462876145,0.973763625827763,5.553482323587407,0.48708664303840643
random,23,114,11200,4,14,14,0,1424,0.34765625,0.37531415805640883,3581,80,976.1868598182375,0.2383268700728119,0.6855244802094365,0.973763625827763,5.554459076328046,0.47829475011213707
random,23,115,11296,3,9,9,0,1427,0.348388671875,0.37615191287349903,3581,80,979.575164155544,0.23915409281141212,0.6864577183991198,0.973763625827763,5.556302365646055,0.47672315649280617
random,23,116,11392,5,9,9,0,1432,0.349609375,0.37754817090198267,3581,80,983.8435787245513,0.24019618621204866,0.6870416052545749,0.973763625827763,5.558221066589377,0.47699041622795
random,23,117,11488,6,8,8,0,1438,0.35107421875,0.37894442893046637,3581,81,988.2679688302696,0.24127635957770255,0.6872517168499789,0.973763625827763,5.560503833405263,0.4853705775988969
random,23,118,11584,7,14,14,0,1445,0.352783203125,0.38089919017034346,3581,81,993.1576431774176,0.24247012772886173,0.6873063274584205,0.973763625827763,5.560781997123812,0.4814101560138495
random,23,119,11680,8,18,18,0,1453,0.354736328125,0.38313320301591736,3581,81,999.2221897708962,0.2439507299245352,0.6876959323956615,0.973763625827763,5.562849301845019,0.480572544122537
random,23,120,11776,3,12,12,0,1456,0.35546875,0.38397095783300755,3581,81,1001.8880171232762,0.24460156668048735,0.688109901870382,0.973763625827763,5.565086877416773,0.4917295555442506
random,23,121,11872,4,12,12,0,1460,0.3564453125,0.38508796425579445,3581,81,1004.6240760174801,0.2452695498089551,0.6880986822037535,0.973763625827763,5.566355632899667,0.4833065572426928
random,23,122,11968,5,14,14,0,1465,0.357666015625,0.38648422228427814,3581,81,1009.0105329416081,0.24634046214394728,0.6887443910864219,0.973763625827763,5.570553162690397,0.4820590748230908
random,23,123,12064,3,7,7,0,1468,0.3583984375,0.38732197710136834,3581,81,1011.5431546533816,0.24695877799154825,0.6890620944505325,0.973763625827763,5.572433870719897,0.48532008537107585
random,23,124,12160,5,10,10,0,1473,0.359619140625,0.38815973191845854,3581,83,1014.8676660555484,0.24777042628309287,0.688980085577426,0.973763625827763,5.573919551670489,0.4786920074434964
random,23,125,12256,4,6,6,0,1477,0.360595703125,0.3892767383412455,3581,83,1017.3479486112462,0.24837596401641754,0.6887934655458675,0.973763625827763,5.57560925761919,0.4845654907729583
random,23,126,12352,2,9,9,0,1479,0.361083984375,0.38983524155263893,3581,83,1018.8824735284819,0.24875060388878953,0.6888995764222325,0.973763625827763,5.576007348392439,0.48225197048161206
random,23,127,12448,9,15,15,0,1488,0.36328125,0.3923485060039095,3581,83,1026.220257348406,0.2505420550167007,0.6896641514438212,0.973763625827763,5.5789883271859075,0.4872517070763716
random,23,128,12544,1,8,8,0,1489,0.363525390625,0.3926277576096063,3581,83,1027.914141594741,0.2509556009752786,0.6903385772966696,0.973763625827763,5.578782759132207,0.48862764985887025
random,23,129,12640,6,11,11,0,1495,0.364990234375,0.3940240156380899,3581,84,1031.5878867893143,0.25185251142317244,0.6900253423339895,0.973763625827763,5.580673033862288,0.48089818584861155
random,23,130,12736,4,13,13,0,1499,0.365966796875,0.39514102206087687,3581,84,1035.6571953879356,0.2528459949677577,0.6908987294115648,0.973763625827763,5.5802903453560235,0.48334822061714905
random,23,131,12832,3,8,8,0,1502,0.36669921875,0.39597877687796706,3581,84,1038.0469150790068,0.25342942262671064,0.6911097969900178,0.973763625827763,5.580784083002981,0.4824187531075296
random,23,132,12928,2,8,8,0,1504,0.3671875,0.3965372800893605,3581,84,1039.592760464845,0.25380682628536255,0.6912185907346043,0.973763625827763,5.5818308809263835,0.4868445830012603
random,23,133,13024,2,10,10,0,1506,0.36767578125,0.39709578330075396,3581,84,1041.7620990401083,0.25433644996096394,0.6917411016202578,0.973763625827763,5.583251254302839,0.48580901759888095
random,23,134,13120,12,18,18,0,1518,0.37060546875,0.40044680256911475,3581,84,1049.9535968390564,0.25633632735328526,0.6916690361258606,0.973763625827763,5.586450867430793,0.4836871882183282
random,23,135,13216,7,13,13,0,1525,0.372314453125,0.4021223122032952,3581,85,1055.068170478171,0.2575850025581472,0.6918479806414236,0.973763625827763,5.590929120198133,0.4809994204009014
random,23,136,13312,5,12,12,0,1530,0.37353515625,0.40351857023177884,3581,85,1058.7057728698205,0.258473089079546,0.6919645574312553,0.973763625827763,5.591813921612385,0.4862693082830252
random,23,137,13408,8,14,14,0,1538,0.37548828125,0.4057525830773527,3581,85,1064.303655111013,0.2598397595485872,0.6920049773153532,0.973763625827763,5.5916662306417235,0.48684838096073135
random,23,138,13504,6,12,12,0,1544,0.376953125,0.4074280927115331,3581,85,1068.6372476727342,0.26089776554510113,0.6921225697362269,0.973763625827763,5.591289743618454,0.49513228351700345
random,23,139,13600,1,5,5,0,1545,0.377197265625,0.4077073443172298,3581,85,1069.9640637209743,0.2612216952443785,0.6925333745766824,0.973763625827763,5.592246719168004,0.4885746959924001
random,23,140,13696,4,6,6,0,1549,0.378173828125,0.4088243507400168,3581,85,1072.8012775800198,0.2619143744091845,0.692576680167863,0.973763625827763,5.595458043444335,0.4841604294224792
random,23,141,13792,7,19,19,0,1556,0.3798828125,0.41077911197989386,3581,85,1079.1421300739237,0.263462434100079,0.6935360733122903,0.973763625827763,5.596608925452729,0.48178361132073894
random,23,142,13888,5,8,8,0,1561,0.381103515625,0.41217537000837756,3581,85,1083.1585387041937,0.26444300261332854,0.6938875968636731,0.973763625827763,5.597013962220009,0.48224535603412233
random,23,143,13984,5,9,9,0,1566,0.38232421875,0.4135716280368612,3581,85,1087.6048122762068,0.2655285186221208,0.6945113743781652,0.973763625827763,5.595761722008872,0.4796292357669465
random,23,144,14080,5,9,9,0,1571,0.383544921875,0.4144093828539514,3581,87,1090.5687150141734,0.2662521276890072,0.6941875970809507,0.973763625827763,5.60239069192231,0.48429887784266096
random,23,145,14176,6,8,8,0,1577,0.385009765625,0.41552638927673835,3581,89,1094.7199763542376,0.2672656192271088,0.6941788055511969,0.973763625827763,5.604253144146611,0.48673153629014443
random,23,146,14272,5,9,9,0,1582,0.38623046875,0.4166433956995253,3581,90,1098.3293028099804,0.26814680244384287,0.694266310246511,0.973763625827763,5.607094247921475,0.4870301967906964
random,23,147,14368,0,5,5,0,1582,0.38623046875,0.4166433956995253,3581,90,1098.7004989625748,0.26823742650453486,0.6945009475111092,0.973763625827763,5.607094247921475,0.48822742017739207
random,23,148,14464,3,6,6,0,1585,0.386962890625,0.4174811505166155,3581,90,1100.9920019383435,0.2687968754732284,0.694632177879081,0.973763625827763,5.609082854048427,0.48789900017412025
random,23,149,14560,3,12,12,0,1588,0.3876953125,0.4183189053337057,3581,90,1103.809820473391,0.2694848194515115,0.6950943453862664,0.973763625827763,5.610997612153001,0.48291470844947215
random,23,150,14656,7,8,8,0,1595,0.389404296875,0.4202736665735828,3581,90,1107.9709732884712,0.27050072590050567,0.6946526478297625,0.973763625827763,5.611297736867778,0.48881383304359366
random,23,151,14752,2,9,9,0,1597,0.389892578125,0.4208321697849763,3581,90,1109.6594264470366,0.27091294590992104,0.6948399664665226,0.973763625827763,5.612084690368137,0.4819829672351984
random,23,152,14848,4,8,8,0,1601,0.390869140625,0.4219491762077632,3581,90,1112.6340227796188,0.2716391657176804,0.6949619130416107,0.973763625827763,5.6135410375222445,0.49290675606824835
random,23,153,14944,5,13,13,0,1606,0.39208984375,0.4233454342362469,3581,90,1116.9739046718373,0.2726987071952728,0.6955005633074952,0.973763625827763,5.616901111723572,0.49159023426835435
random,23,154,15040,3,10,10,0,1609,0.392822265625,0.4241831890533371,3581,90,1119.383491963588,0.2732869853426729,0.6957013623142251,0.973763625827763,5.616160886316121,0.4914655296692966
random,23,155,15136,7,13,13,0,1616,0.39453125,0.42585869868751747,3581,91,1123.4905264316485,0.2742896793046017,0.6952292861581983,0.973763625827763,5.616214631459163,0.4848314193397272
random,23,156,15232,7,15,15,0,1623,0.396240234375,0.42781345992739456,3581,91,1128.9727253935584,0.27562810678553673,0.6956085800329996,0.973763625827763,5.618848506294825,0.4876189721195344
random,23,157,15328,4,7,7,0,1627,0.397216796875,0.4289304663501815,3581,91,1132.191847221876,0.27641402520065333,0.6958769804682705,0.973763625827763,5.619065403327432,0.49471878827813887
random,23,158,15424,7,11,11,0,1634,0.39892578125,0.43088522759005865,3581,91,1137.4102830652153,0.27768805738896857,0.6960895245197156,0.973763625827763,5.620810267330073,0.4972591014519601
random,23,159,15520,4,12,12,0,1638,0.39990234375,0.4320022340128456,3581,91,1140.8935532032938,0.2785384651375229,0.6965162107468216,0.973763625827763,5.624190424465388,0.4890546651790223
random,23,160,15616,4,13,13,0,1642,0.40087890625,0.4331192404356325,3581,91,1144.6257100275793,0.279449636237202,0.6970923934394515,0.973763625827763,5.625584965329056,0.48790302399472446
random,23,161,15712,5,15,15,0,1647,0.402099609375,0.43423624685841944,3581,92,1148.472798128776,0.2803888667306582,0.6973119600053285,0.973763625827763,5.62496618587393,0.49075515000797854
random,23,162,15808,5,13,13,0,1652,0.4033203125,0.4356325048869031,3581,92,1153.0790348356963,0.2815134362391837,0.6979897305300825,0.973763625827763,5.626938915851728,0.4797871011761776
random,23,163,15904,8,14,14,0,1660,0.4052734375,0.4375872661267802,3581,93,1159.155619014568,0.2829969772984785,0.6982865174786554,0.973763625827763,5.628941966756718,0.48480497192729244
random,23,164,16000,3,8,8,0,1663,0.406005859375,0.4384250209438704,3581,93,1161.2633552799105,0.2835115613476344,0.6982942605411367,0.973763625827763,5.6289318919807245,0.4932231714604812
random,23,165,16096,5,11,11,0,1668,0.4072265625,0.43982127897235407,3581,93,1165.770531662123,0.284611946206573,0.6989031964401217,0.973763625827763,5.633918409025332,0.48185231502387144
random,23,166,16192,3,11,11,0,1671,0.407958984375,0.44065903378944427,3581,93,1168.5230932504562,0.28528395831309966,0.6992956871636482,0.973763625827763,5.633220930117959,0.49629314071199804
random,23,167,16288,3,8,8,0,1674,0.40869140625,0.44149678860653446,3581,93,1170.6648151264774,0.28580683963048764,0.6993218728354106,0.973763625827763,5.634879624511244,0.488504608846563
random,23,168,16384,4,10,10,0,1678,0.40966796875,0.4426137950293214,3581,93,1173.598029145396,0.2865229563343252,0.6994028779173992,0.973763625827763,5.635082102935746,0.48655950491849664
random,23,169,16480,4,9,9,0,1682,0.41064453125,0.4434515498464116,3581,94,1176.2539589416588,0.2871713766947409,0.6993186438416521,0.973763625827763,5.635316867958596,0.48382646479882757
random,23,170,16576,1,7,7,0,1683,0.410888671875,0.44373080145210836,3581,94,1177.5356935021307,0.2874843001714186,0.699664702021468,0.973763625827763,5.636732233075124,0.4877239826398055
random,23,171,16672,3,11,11,0,1686,0.41162109375,0.44456855626919856,3581,94,1180.5147599909885,0.28821161132592493,0.7001866903861141,0.973763625827763,5.638795418029902,0.48586635902830266
random,23,172,16768,2,8,8,0,1688,0.412109375,0.445127059480592,3581,94,1182.2787388509025,0.2886422702272711,0.7004020964756531,0.973763625827763,5.639794972557127,0.4911945108804696
random,23,173,16864,4,10,10,0,1692,0.4130859375,0.4459648142976822,3581,95,1185.3180421385014,0.28938428763147006,0.700542578096041,0.973763625827763,5.642750535854146,0.4913575821474874
random,23,174,16960,5,14,14,0,1697,0.414306640625,0.4473610723261659,3581,95,1189.6298499250163,0.2904369750793497,0.7010193576458552,0.973763625827763,5.643473732864637,0.489694214406992
random,23,175,17056,4,10,10,0,1701,0.415283203125,0.4484780787489528,3581,95,1193.4688691721221,0.29137423563772513,0.7016277890488666,0.973763625827763,5.647086002342425,0.4911397559529336
random,23,176,17152,1,5,5,0,1702,0.41552734375,0.44875733035464954,3581,95,1194.8195597709844,0.291703994084713,0.7020091420511072,0.973763625827763,5.646819477315116,0.489645757565351
random,23,177,17248,6,15,15,0,1708,0.4169921875,0.45043283998882994,3581,95,1200.2588962602329,0.2930319570947834,0.7027276910188717,0.973763625827763,5.648105477948437,0.49240763215302896
random,23,178,17344,3,10,10,0,1711,0.417724609375,0.45127059480592013,3581,95,1203.008416967058,0.29370322679859817,0.7031025230666617,0.973763625827763,5.650061025380822,0.4864779312157671
random,23,179,17440,7,14,14,0,1718,0.41943359375,0.4532253560457973,3581,95,1208.8562680210698,0.2951309248098315,0.7036415995466064,0.973763625827763,5.653797740475078,0.4945496543298893
random,23,180,17536,8,8,8,0,1726,0.42138671875,0.45518011728567437,3581,96,1213.959442788549,0.2963768170870481,0.7033368729945244,0.973763625827763,5.657516449567316,0.48939583247648666
random,23,181,17632,3,6,6,0,1729,0.422119140625,0.45601787210276457,3581,96,1216.5711730213216,0.2970144465384086,0.7036270520655417,0.973763625827763,5.657793376137807,0.49229708446305465
random,23,182,17728,3,8,8,0,1732,0.4228515625,0.45685562691985476,3581,96,1219.1151272370073,0.2976355291105975,0.7038770942476947,0.973763625827763,5.658267428528543,0.48764167820562365
random,23,183,17824,6,9,9,0,1738,0.42431640625,0.4585311365540352,3581,96,1223.4847445387577,0.29870233020965764,0.7039613029567076,0.973763625827763,5.661222503133264,0.4899959997590431
random,23,184,17920,5,11,11,0,1743,0.425537109375,0.4596481429768221,3581,97,1227.4136499943372,0.29966153564314874,0.7041960126186674,0.973763625827763,5.663805816467491,0.48811337201608446
random,23,185,18016,1,8,8,0,1744,0.42578125,0.45992739458251886,3581,97,1228.783220506486,0.2999959034439663,0.704577534694086,0.973763625827763,5.664156866051282,0.4960419097285684
random,23,186,18112,2,9,9,0,1746,0.42626953125,0.4604858977939123,3581,97,1231.1277848315144,0.30056830684363145,0.7051132788267551,0.973763625827763,5.663726040519933,0.49173020828687264
random,23,187,18208,4,6,6,0,1750,0.42724609375,0.46160290421669925,3581,97,1233.568142317143,0.3011640972453962,0.7048960813240817,0.973763625827763,5.664019858843668,0.48775707893411246
random,23,188,18304,3,11,11,0,1753,0.427978515625,0.46244065903378945,3581,97,1235.990479022967,0.30175548804271657,0.7050715795909681,0.973763625827763,5.664121954889541,0.49204968179710096
random,23,189,18400,5,10,10,0,1758,0.42919921875,0.4638369170622731,3581,97,1239.8044545578273,0.30268663441353205,0.7052357534458631,0.973763625827763,5.66543143925107,0.4926727517097683
random,23,190,18496,4,9,9,0,1762,0.43017578125,0.46495392348506004,3581,97,1242.7348314912979,0.30340205846955515,0.7052978612322917,0.973763625827763,5.664906064064392,0.49313629341749043
random,23,191,18592,4,10,10,0,1766,0.43115234375,0.466070929907847,3581,97,1246.2017932532435,0.30424848468096766,0.7056635295884731,0.973763625827763,5.664777026709946,0.49392880950357937
random,23,192,18688,1,10,10,0,1767,0.431396484375,0.4663501815135437,3581,97,1247.060127126027,0.3044580388491277,0.705749930461815,0.973763625827763,5.665928849582514,0.48381830989457314
random,23,193,18784,4,9,9,0,1771,0.432373046875,0.46746718793633063,3581,97,1249.740643330927,0.3051124617507146,0.7056694767537702,0.973763625827763,5.665573826709415,0.49032737600133647
random,23,194,18880,4,11,11,0,1775,0.433349609375,0.4685841943591176,3581,97,1253.0534775881692,0.30592125917679913,0.7059456211764333,0.973763625827763,5.6697619854355175,0.491590366129684
random,23,195,18976,3,13,13,0,1778,0.43408203125,0.469142697570511,3581,98,1256.3371092445564,0.30672292706165927,0.7066012987877145,0.973763625827763,5.6709540969243895,0.4878907434928039
random,23,196,19072,1,4,4,0,1779,0.434326171875,0.4694219491762078,3581,98,1257.078211462001,0.3069038602202151,0.7066206922214733,0.973763625827763,5.670623162374367,0.4894866087272319
random,23,197,19168,5,7,7,0,1784,0.435546875,0.4708182072046914,3581,98,1260.014754425599,0.30762078965468725,0.7062862973237662,0.973763625827763,5.672549381468487,0.4891350042227198
random,23,198,19264,2,8,8,0,1786,0.43603515625,0.47137671041608487,3581,98,1262.000428413091,0.3081055733430398,0.706607182762089,0.973763625827763,5.672373015896813,0.4983494260200694
random,23,199,19360,5,9,9,0,1791,0.437255859375,0.4724937168388718,3581,99,1266.1758010594363,0.30912495143052643,0.706965829737262,0.973763625827763,5.673183909377627,0.4927409690591871
random,23,200,19456,3,7,7,0,1794,0.43798828125,0.4730522200502653,3581,100,1268.8109954811905,0.30976830944365,0.7072525058423581,0.973763625827763,5.673381908321022,0.4881159745910903
random,23,201,19552,4,12,12,0,1798,0.43896484375,0.4741692264730522,3581,100,1272.8415866284533,0.31075234048546224,0.7079207934529774,0.973763625827763,5.676185901851818,0.48807083283773595
random,23,202,19648,1,9,9,0,1799,0.439208984375,0.4741692264730522,3581,101,1274.1740956577019,0.3110776600726811,0.7082679797986113,0.973763625827763,5.675864706085323,0.488724283696794
random,23,203,19744,2,6,6,0,1801,0.439697265625,0.4747277296844457,3581,101,1275.785855367173,0.31147115609550124,0.7083763772166425,0.973763625827763,5.677124812315427,0.4967446395028605
random,23,204,19840,3,13,13,0,1804,0.4404296875,0.4755654845015359,3581,101,1279.066708278614,0.3122721455758335,0.7090170223273914,0.973763625827763,5.678320249433785,0.49532193724696266
random,23,205,19936,6,8,8,0,1810,0.44189453125,0.4772409941357163,3581,101,1283.315035341216,0.31330933480010154,0.7090138316802298,0.973763625827763,5.680559609906194,0.4956400653389458
random,23,206,20032,3,9,9,0,1813,0.442626953125,0.47779949734710975,3581,102,1285.2153387579956,0.31377327606396377,0.7088887693094295,0.973763625827763,5.681832314811491,0.4954281140311848
random,23,207,20128,3,8,8,0,1816,0.443359375,0.4783580005585032,3581,103,1288.0376636246906,0.3144623202208717,0.7092718412030234,0.973763625827763,5.682267071031806,0.4844842041303213
random,23,208,20224,3,11,11,0,1819,0.444091796875,0.4791957553755934,3581,103,1290.4900236431886,0.31506104092851284,0.7094502603865798,0.973763625827763,5.682453603524597,0.4899963523414428
random,23,209,20320,1,4,4,0,1820,0.4443359375,0.47947500698129014,3581,103,1291.564706033685,0.31532341455900514,0.7096509373811456,0.973763625827763,5.682572394734109,0.4920858848764973
random,23,210,20416,5,8,8,0,1825,0.445556640625,0.4808712650097738,3581,103,1295.1553972675924,0.3162000481610333,0.7096741902836123,0.973763625827763,5.686212644533234,0.49473761442056113
random,23,211,20512,4,6,6,0,1829,0.446533203125,0.48198827143256073,3581,103,1297.7872809222877,0.3168425978814179,0.7095611158678445,0.973763625827763,5.687761881846656,0.4941806804532145
random,23,212,20608,1,7,7,0,1830,0.44677734375,0.4822675230382575,3581,103,1299.6162536363363,0.31728912442293367,0.7101728161947193,0.973763625827763,5.687566092883614,0.4894699073233403
random,23,213,20704,2,6,6,0,1832,0.447265625,0.48282602624965093,3581,103,1301.4472297624857,0.31773614007873185,0.7103969594773394,0.973763625827763,5.689084019370143,0.5017826275927575
random,23,214,20800,5,7,7,0,1837,0.448486328125,0.4842222842781346,3581,103,1305.0160571254814,0.31860743582165074,0.710406127994274,0.973763625827763,5.6898500626773,0.4858525414809147
random,23,215,20896,4,12,12,0,1841,0.449462890625,0.4853392907009215,3581,103,1308.1154378180765,0.31936412056105384,0.7105461367833116,0.973763625827763,5.691217506683246,0.4906167696391893
random,23,216,20992,3,8,8,0,1844,0.4501953125,0.4861770455180117,3581,103,1311.3725109416391,0.3201593044291111,0.7111564592958998,0.973763625827763,5.692443431731277,0.49616303790159266
random,23,217,21088,1,5,5,0,1845,0.450439453125,0.48645629712370847,3581,103,1312.24205720904,0.3203715959983008,0.711242307430374,0.973763625827763,5.692425432375632,0.4941123019201452
random,23,218,21184,5,13,13,0,1850,0.45166015625,0.4878525551521921,3581,103,1316.4048228749555,0.3213878962097059,0.711570174527003,0.973763625827763,5.6935510973124925,0.4963374039844801
random,23,219,21280,3,12,12,0,1853,0.452392578125,0.4884110583635856,3581,104,1319.33026418905,0.3221021152805298,0.7119969045812466,0.973763625827763,5.6965221823549825,0.49049538669194226
random,23,220,21376,2,8,8,0,1855,0.452880859375,0.48896956157497906,3581,104,1320.8079184339185,0.3224628707114059,0.7120258320398483,0.973763625827763,5.696767720447163,0.4950468542138954
random,23,221,21472,4,8,8,0,1859,0.453857421875,0.490086567997766,3581,104,1324.4575221828995,0.32335388725168446,0.7124569780435178,0.973763625827763,5.697715149826715,0.4921600994062809
random,23,222,21568,1,5,5,0,1860,0.4541015625,0.4903658196034627,3581,104,1325.2609516243401,0.32355003701766116,0.7125058879700753,0.973763625827763,5.698076036669187,0.4962556244807377
random,23,223,21664,4,14,14,0,1864,0.455078125,0.4912035744205529,3581,105,1328.640326972514,0.3243750798272739,0.7127898749852543,0.973763625827763,5.6984943000550885,0.4972731451844377
random,23,224,21760,4,9,9,0,1868,0.4560546875,0.49232058084333985,3581,105,1332.0087742381468,0.32519745464798505,0.7130667956306995,0.973763625827763,5.699898996983914,0.48729058312942863
random,23,225,21856,2,7,7,0,1870,0.45654296875,0.4928790840547333,3581,105,1334.411537669644,0.32578406681387795,0.7135890575773498,0.973763625827763,5.699349306214126,0.49108909418409075
random,23,226,21952,1,8,8,0,1871,0.456787109375,0.49315833566043005,3581,105,1335.8457596050766,0.32613421865358316,0.7139742167851826,0.973763625827763,5.699822109434717,0.4944095184266798
random,23,227,22048,3,7,7,0,1874,0.45751953125,0.49399609047752024,3581,105,1338.499148052039,0.3267820185673923,0.7142471441046099,0.973763625827763,5.700800809968651,0.4947569351810254
random,23,228,22144,3,13,13,0,1877,0.458251953125,0.49483384529461044,3581,105,1342.000142140775,0.32763675345233767,0.7149707736498535,0.973763625827763,5.7013029334790515,0.49250317512435493
random,23,229,22240,4,7,7,0,1881,0.459228515625,0.4959508517173974,3581,105,1344.9982488902194,0.32836871310796373,0.7150442577832108,0.973763625827763,5.7024481485549545,0.4929967826028235
random,23,230,22336,0,1,1,0,1881,0.459228515625,0.4959508517173974,3581,105,1345.0375702232814,0.3283783130427933,0.7150651622664973,0.973763625827763,5.7024481485549545,0.4948492008153427
random,23,231,22432,2,9,9,0,1883,0.459716796875,0.4962301033230941,3581,106,1347.6224963711395,0.32900939852811023,0.7156784367345403,0.973763625827763,5.704025633018782,0.49566243467388094
random,23,232,22528,2,5,5,0,1885,0.460205078125,0.4967886065344876,3581,106,1349.5899211748856,0.3294897268493373,0.7159628229044486,0.973763625827763,5.703583594497112,0.4862136684609447
random,23,233,22624,2,8,8,0,1887,0.460693359375,0.49734710974588103,3581,106,1351.419680921852,0.3299364455375615,0.716173651786885,0.973763625827763,5.703305966640654,0.4935707070770905
random,23,234,22720,4,10,10,0,1891,0.461669921875,0.498464116168668,3581,106,1354.5568843803178,0.3307023643506635,0.7163177601165086,0.973763625827763,5.705248077544599,0.4957001746480221
random,23,235,22816,3,8,8,0,1894,0.46240234375,0.4993018709857582,3581,106,1357.2468735550756,0.3313590999890321,0.7166034179277062,0.973763625827763,5.7056966861269895,0.5025632617842328
random,23,236,22912,2,6,6,0,1896,0.462890625,0.4998603741971516,3581,106,1358.8243622503553,0.33174422906502815,0.7166795159548287,0.973763625827763,5.706353540768208,0.49034459314348383
random,23,237,23008,1,2,2,0,1897,0.463134765625,0.5001396258028483,3581,106,1359.4546276523993,0.33189810245419904,0.7166339629163939,0.973763625827763,5.706059035820777,0.49408741464551553
random,23,238,23104,2,7,7,0,1899,0.463623046875,0.5006981290142418,3581,106,1360.8531931938116,0.3322395491195829,0.7166156888856301,0.973763625827763,5.706570648562727,0.49767774924755415
random,23,239,23200,1,5,5,0,1900,0.4638671875,0.5009773806199386,3581,106,1361.9131680691326,0.33249833204812806,0.7167964042469118,0.973763625827763,5.706384176100676,0.4950103595017845
random,23,240,23296,1,2,2,0,1901,0.464111328125,0.5012566322256353,3581,106,1362.6206078601288,0.33267104684085175,0.7167914823041183,0.973763625827763,5.706897853864244,0.49740380053894384
random,23,241,23392,3,8,8,0,1904,0.46484375,0.5020943870427255,3581,106,1364.6794374551241,0.3331736907849424,0.7167434020247501,0.973763625827763,5.707976265054043,0.5053708240140588
random,23,242,23488,2,7,7,0,1906,0.46533203125,0.502652890254119,3581,106,1366.7229562307439,0.33367259673602145,0.717063460771639,0.973763625827763,5.709207459591726,0.5017994631755098
random,23,243,23584,5,7,7,0,1911,0.466552734375,0.5040491482826026,3581,106,1370.5602305132697,0.33460943127765375,0.717195306391036,0.973763625827763,5.710910855022225,0.4996402143433162
random,23,244,23680,1,8,8,0,1912,0.466796875,0.5043283998882994,3581,106,1371.8698851197194,0.3349291711718065,0.7175051700416942,0.973763625827763,5.710953273779383,0.5001200582539338
random,23,245,23776,4,8,8,0,1916,0.4677734375,0.5054454063110863,3581,106,1375.0301302450328,0.3357007153918537,0.717656644177992,0.973763625827763,5.71066277339121,0.4968435073919779
random,23,246,23872,2,7,7,0,1918,0.46826171875,0.5060039095224798,3581,106,1376.771610959839,0.33612588158199197,0.7178162726589359,0.973763625827763,5.71145054935843,0.5013410321759687
random,23,247,23968,5,11,11,0,1923,0.469482421875,0.5074001675509634,3581,106,1380.1751312195847,0.3369568191454064,0.717719777025265,0.973763625827763,5.7119149916155845,0.4924592953563838
random,23,248,24064,4,4,4,0,1927,0.470458984375,0.5085171739737504,3581,106,1383.115253012486,0.33767462231750145,0.7177557099182594,0.973763625827763,5.710873184930943,0.5043685264629181
random,23,249,24160,3,6,6,0,1930,0.47119140625,0.5093549287908405,3581,106,1385.164136283198,0.33817483795976516,0.7177016250172011,0.973763625827763,5.711628268376801,0.5060132174550843
random,23,250,24256,2,4,4,0,1932,0.4716796875,0.509913432002234,3581,106,1386.6274931795251,0.3385321028270325,0.7177160937782221,0.973763625827763,5.711868214660355,0.49210751595830265
random,23,251,24352,3,5,5,0,1935,0.472412109375,0.5107511868193242,3581,106,1388.9534411713955,0.33909996122348524,0.7178053959542096,0.973763625827763,5.713185068438149,0.4998623521345822
random,23,252,24448,4,11,11,0,1939,0.473388671875,0.5118681932421112,3581,106,1391.5298178408186,0.3397289594337936,0.7176533356579776,0.973763625827763,5.713921498801698,0.4938485883981704
random,23,253,24544,4,9,9,0,1943,0.474365234375,0.5129851996648981,3581,106,1394.7986320788568,0.34052700978487715,0.7178582769319901,0.973763625827763,5.7143899758998975,0.499938462665495
random,23,254,24640,6,13,13,0,1949,0.475830078125,0.5146607092990785,3581,106,1400.0465341358258,0.34180823587300435,0.7183409615884175,0.973763625827763,5.717509499070682,0.4962307948782275
random,23,255,24736,2,8,8,0,1951,0.476318359375,0.515219212510472,3581,106,1401.7021846847342,0.34221244743279644,0.7184531956354353,0.973763625827763,5.718258805535336,0.49337511136363243
random,23,256,24832,6,13,13,0,1957,0.477783203125,0.5168947221446524,3581,106,1406.322504641414,0.34334045523472023,0.7186113973640338,0.973763625827763,5.719774458423528,0.4996741338626515
random,23,257,24928,3,7,7,0,1960,0.478515625,0.5177324769617425,3581,106,1408.2974924445184,0.3438226299913375,0.7185191287982237,0.973763625827763,5.721479415461477,0.4961157527461299
random,23,258,25024,3,6,6,0,1963,0.479248046875,0.5185702317788328,3581,106,1410.2876515857479,0.34430850868792673,0.7184348709046092,0.973763625827763,5.721091503846617,0.4920412186406814
random,23,259,25120,5,11,11,0,1968,0.48046875,0.5196872382016197,3581,107,1413.888376445274,0.34518759190558446,0.7184392156734115,0.973763625827763,5.7232029304611665,0.49115298191113765
random,23,260,25216,4,10,10,0,1972,0.4814453125,0.5208042446244066,3581,107,1417.1912010239203,0.34599394556248053,0.7186567956510752,0.973763625827763,5.723765493564875,0.4947065010384293
random,23,261,25312,1,6,6,0,1973,0.481689453125,0.5210834962301033,3581,107,1418.670100653927,0.34635500504246264,0.719042118932553,0.973763625827763,5.724168894165538,0.49095970143427775
random,23,262,25408,2,6,6,0,1975,0.482177734375,0.5216419994414968,3581,107,1420.4039659798127,0.3467783120067902,0.7191918815087659,0.973763625827763,5.7238028240600345,0.497685566379938
random,23,263,25504,1,6,6,0,1976,0.482421875,0.5219212510471936,3581,107,1421.8732517904539,0.3471370243629038,0.7195714836996224,0.973763625827763,5.7244943748227275,0.49369129874887835
random,23,264,25600,0,7,7,0,1976,0.482421875,0.5219212510471936,3581,107,1422.191728333565,0.34721477742518675,0.7197326560392535,0.973763625827763,5.7244943748227275,0.49844563698189737
random,23,265,25696,4,6,6,0,1980,0.4833984375,0.5230382574699804,3581,107,1424.7591789144903,0.3478415964146705,0.7195753428861063,0.973763625827763,5.726136927109282,0.4990745838002657
random,23,266,25792,0,3,3,0,1980,0.4833984375,0.5230382574699804,3581,107,1425.1708445297766,0.3479421007152775,0.7197832548130184,0.973763625827763,5.726136927109282,0.49955365680011266
random,23,267,25888,3,9,9,0,1983,0.484130859375,0.5238760122870707,3581,107,1428.1347799614691,0.34866571776403055,0.7201889964505643,0.973763625827763,5.7269513435550845,0.4956774209081653
random,23,268,25984,5,8,8,0,1988,0.4853515625,0.5252722703155543,3581,107,1431.9924162012553,0.3496075234866346,0.7203181168014363,0.973763625827763,5.728714303882455,0.49339567730143946
random,23,269,26080,1,7,7,0,1989,0.485595703125,0.5252722703155543,3581,108,1433.283727394722,0.34992278500847707,0.7206051922547623,0.973763625827763,5.729053303651493,0.4951617080700022
random,23,270,26176,2,3,3,0,1991,0.486083984375,0.5258307735269477,3581,108,1434.6658102952738,0.3502602075916196,0.7205754948745725,0.973763625827763,5.7304831108768095,0.5056144758313661
random,23,271,26272,5,8,8,0,1996,0.4873046875,0.5272270315554315,3581,108,1438.4351558992512,0.3511804579832156,0.7206588957411079,0.973763625827763,5.730873873746048,0.49645192991573706
random,23,272,26368,5,11,11,0,2001,0.488525390625,0.5286232895839151,3581,108,1442.049162845548,0.35206278389783885,0.7206642492981249,0.973763625827763,5.733421699889238,0.4935525539855512
random,23,273,26464,4,5,5,0,2005,0.489501953125,0.529740296006702,3581,108,1445.157289638537,0.3528216039156584,0.7207767030616145,0.973763625827763,5.735485416186627,0.49812868874336463
random,23,274,26560,4,11,11,0,2009,0.490478515625,0.5308573024294889,3581,108,1448.8379961153998,0.3537202138953613,0.721173716334196,0.973763625827763,5.736180410273122,0.49698009733058734
random,23,275,26656,2,3,3,0,2011,0.490966796875,0.5314158056408824,3581,108,1450.2206531933937,0.3540577766585434,0.7211440344074558,0.973763625827763,5.7363635004769264,0.5035786266104159
random,23,276,26752,0,6,6,0,2011,0.490966796875,0.5314158056408824,3581,108,1450.5739775988814,0.3541440374997269,0.7213197302828848,0.973763625827763,5.7363635004769264,0.49300970298014163
random,23,277,26848,5,12,12,0,2016,0.4921875,0.5328120636693661,3581,108,1454.5879246000472,0.3551240050293084,0.7215217879960552,0.973763625827763,5.737505341539066,0.49903546736724275
random,23,278,26944,3,8,8,0,2019,0.492919921875,0.5336498184864563,3581,108,1457.1943141273077,0.35576033059748724,0.7217406211626091,0.973763625827763,5.7373845275215345,0.4995028381355914
random,23,279,27040,1,5,5,0,2020,0.4931640625,0.5339290700921531,3581,108,1458.7029019674123,0.3561286381756378,0.722130149488818,0.973763625827763,5.737391271059527,0.4986783449575875
random,23,280,27136,4,10,10,0,2024,0.494140625,0.5347668249092432,3581,109,1461.7832278631208,0.35688067086501973,0.7222249149521348,0.973763625827763,5.738292746349643,0.4911552581519375
random,23,281,27232,1,8,8,0,2025,0.494384765625,0.53504607651494,3581,109,1463.0820793492899,0.3571977732786352,0.7225096688144641,0.973763625827763,5.73893033209862,0.503297633352723
random,23,282,27328,0,8,8,0,2025,0.494384765625,0.53504607651494,3581,109,1463.8124539881937,0.35737608739946136,0.7228703476484908,0.973763625827763,5.73893033209862,0.49704150245843626
random,23,283,27424,5,10,10,0,2030,0.49560546875,0.5364423345434236,3581,109,1467.839563212492,0.3583592683624248,0.7230736764593557,0.973763625827763,5.741012985369582,0.49523241214446223
random,23,284,27520,2,7,7,0,2032,0.49609375,0.5370008377548171,3581,109,1469.5600196978814,0.3587793016840531,0.7232086711111622,0.973763625827763,5.74182242419003,0.4913679053112085
random,23,285,27616,1,5,5,0,2033,0.496337890625,0.5372800893605139,3581,109,1470.5976210631793,0.35903262232987776,0.7233633158205506,0.973763625827763,5.74250590781708,0.5033547954194337
random,23,286,27712,1,4,4,0,2034,0.49658203125,0.5375593409662106,3581,109,1471.74110349902,0.35931179284644044,0.7235698640604818,0.973763625827763,5.743055640692837,0.4990118557359725
random,23,287,27808,3,8,8,0,2037,0.497314453125,0.5383970957833007,3581,109,1473.9033193550722,0.3598396775769219,0.7235656943323869,0.973763625827763,5.743506425502659,0.49164068536056776
random,23,288,27904,1,3,3,0,2038,0.49755859375,0.5386763473889975,3581,109,1474.7121925867355,0.36003715639324596,0.723607552790351,0.973763625827763,5.743319843470186,0.4970395854633382
random,23,289,28000,2,7,7,0,2040,0.498046875,0.539234850600391,3581,109,1476.8259083074483,0.36055320027037313,0.7239342687781609,0.973763625827763,5.743284228569425,0.50025675991924
random,23,290,28096,2,7,7,0,2042,0.49853515625,0.5397933538117844,3581,109,1478.7578174639484,0.3610248577792843,0.7241713111968405,0.973763625827763,5.743869362605683,0.4976295868646211
random,23,291,28192,2,6,6,0,2044,0.4990234375,0.5403518570231779,3581,109,1480.5274583123032,0.36145689900202715,0.7243285021097374,0.973763625827763,5.743717548373871,0.5060993418761601
random,23,292,28288,4,7,7,0,2048,0.5,0.5414688634459648,3581,109,1483.6081422336242,0.3622090191000059,0.7244180382000118,0.973763625827763,5.7436093768659084,0.5013107832869443
random,23,293,28384,8,14,14,0,2056,0.501953125,0.5437028762915387,3581,109,1489.158341099045,0.363564048119884,0.7242988040365005,0.973763625827763,5.746225847879913,0.49988870147929754
random,23,294,28480,1,5,5,0,2057,0.502197265625,0.5439821278972354,3581,109,1489.8317923479126,0.3637284649286896,0.7242740847583435,0.973763625827763,5.7459290089593225,0.4978133060333663
random,23,295,28576,3,3,3,0,2060,0.5029296875,0.5448198827143256,3581,109,1491.7782426409353,0.3642036725197596,0.7241641954567647,0.973763625827763,5.745848950357041,0.499565085571243
random,23,296,28672,0,7,7,0,2060,0.5029296875,0.5448198827143256,3581,109,1492.5636573054844,0.3643954241468468,0.7245454647114002,0.973763625827763,5.745848950357041,0.5018512697572519
random,23,297,28768,3,8,8,0,2063,0.503662109375,0.5456576375314158,3581,109,1495.277147889197,0.365057897433886,0.7248071487586994,0.973763625827763,5.746719073215009,0.5016254850331217
random,23,298,28864,0,2,2,0,2063,0.503662109375,0.5456576375314158,3581,109,1495.3631502512767,0.3650788941043156,0.7248488367674633,0.973763625827763,5.746719073215009,0.4966506202405834
random,23,299,28960,2,7,7,0,2065,0.504150390625,0.5462161407428092,3581,109,1497.1549351507617,0.36551634158954144,0.7250144964410469,0.973763625827763,5.7469817097183515,0.498454156352104
random,23,300,29056,3,7,7,0,2068,0.5048828125,0.5470538955598995,3581,109,1500.1607936818455,0.3662501937699818,0.7254162445270046,0.973763625827763,5.747354322968088,0.49792689102228654
random,23,301,29152,3,9,9,0,2071,0.505615234375,0.5478916503769896,3581,109,1502.770364163875,0.36688729593844605,0.7256254776262071,0.973763625827763,5.748041293062242,0.49479784356720147
random,23,302,29248,1,11,11,0,2072,0.505859375,0.5481709019826864,3581,109,1504.794228158065,0.36738140335890257,0.7262520406168267,0.973763625827763,5.74863214515565,0.504950797387578
random,23,303,29344,3,9,9,0,2075,0.506591796875,0.5490086567997766,3581,109,1507.524604406795,0.3680479991227527,0.726517881641829,0.973763625827763,5.7505899434438685,0.5012136385422947
random,23,304,29440,4,9,9,0,2079,0.507568359375,0.5498464116168668,3581,110,1510.7710521847353,0.3688405889122889,0.7266816027824604,0.973763625827763,5.751212401575868,0.4975943106218429
random,23,305,29536,3,7,7,0,2082,0.50830078125,0.550684166433957,3581,110,1513.1355315148603,0.3694178543737452,0.7267701880474834,0.973763625827763,5.752236218167847,0.5000084246310891
random,23,306,29632,3,5,5,0,2085,0.509033203125,0.5515219212510472,3581,110,1515.550669550982,0.37000748768334524,0.7268828151323655,0.973763625827763,5.754852674780523,0.49658286697300386
random,23,307,29728,3,7,7,0,2088,0.509765625,0.5523596760681374,3581,110,1517.9943296457884,0.3706040843861788,0.7270087785659907,0.973763625827763,5.755816925922954,0.4967717184676508
random,23,308,29824,2,11,11,0,2090,0.51025390625,0.5529181792795309,3581,110,1520.3567762671437,0.3711808535808456,0.7274434336206429,0.973763625827763,5.756477999801142,0.5001273211231243
random,23,309,29920,5,10,10,0,2095,0.511474609375,0.5543144373080146,3581,110,1524.210442075731,0.37212168995989525,0.7275467503941436,0.973763625827763,5.7587209868850895,0.4978227742345858
random,23,310,30016,0,5,5,0,2095,0.511474609375,0.5543144373080146,3581,110,1524.7928229701279,0.3722638727954414,0.7278247365012543,0.973763625827763,5.7587209868850895,0.49491472936292363
random,23,311,30112,4,7,7,0,2099,0.512451171875,0.5554314437308014,3581,110,1528.0502102045452,0.37305913335071905,0.7279896189635756,0.973763625827763,5.760393942269751,0.5040296860099336
random,23,312,30208,1,9,9,0,2100,0.5126953125,0.5557106953364982,3581,110,1529.5988264977336,0.37343721350042325,0.7283803935703493,0.973763625827763,5.762047760679265,0.5035360458193063
random,23,313,30304,1,5,5,0,2101,0.512939453125,0.555989946942195,3581,110,1530.534611698732,0.37366567668426076,0.728479110756179,0.973763625827763,5.762518596088476,0.49758645176600924
random,23,314,30400,1,2,2,0,2102,0.51318359375,0.5562691985478917,3581,110,1531.1897998113714,0.3738256347195731,0.7284442434878075,0.973763625827763,5.762861224606243,0.49790856774685793
random,23,315,30496,5,9,9,0,2107,0.514404296875,0.5576654565763753,3581,110,1534.1066883350213,0.3745377657067923,0.7280999944637025,0.973763625827763,5.762429952124862,0.4965926718933851
random,23,316,30592,2,5,5,0,2109,0.514892578125,0.5579447081820721,3581,111,1535.818063220207,0.37495558184087086,0.7282209877762954,0.973763625827763,5.76264195230525,0.5053919949386881
random,23,317,30688,3,3,3,0,2112,0.515625,0.5585032113934655,3581,112,1537.5378498888724,0.3753754516330255,0.7280008758943525,0.973763625827763,5.762627047085076,0.4980595060119397
random,23,318,30784,6,8,8,0,2118,0.51708984375,0.5601787210276459,3581,112,1541.4258105739614,0.37632466078465854,0.7277742259556003,0.973763625827763,5.764208471787731,0.4998354712904146
random,23,319,30880,2,5,5,0,2120,0.517578125,0.5607372242390394,3581,112,1542.758156252315,0.37664994049128786,0.7277161114397712,0.973763625827763,5.764323502720349,0.49829355516345886
random,23,320,30976,4,11,11,0,2124,0.5185546875,0.5615749790561295,3581,113,1545.1437836344385,0.3772323690513766,0.7274688246866471,0.973763625827763,5.765094762698001,0.4971145649819779
random,23,321,31072,4,7,7,0,2128,0.51953125,0.5626919854789165,3581,113,1548.430658149816,0.37803482864985744,0.727645985972658,0.973763625827763,5.768058482543599,0.49632308038880674
random,23,322,31168,0,0,0,0,2128,0.51953125,0.5626919854789165,3581,113,1548.430658149816,0.37803482864985744,0.727645985972658,0.973763625827763,5.768058482543599,0.5028107884225623
random,23,323,31264,2,4,4,0,2130,0.52001953125,0.5632504886903099,3581,113,1550.0245689847507,0.37842396703729264,0.7277110652510567,0.973763625827763,5.76840458283606,0.49160016445349797
random,23,324,31360,4,7,7,0,2134,0.52099609375,0.5643674951130969,3581,113,1553.0004660116497,0.3791505043973754,0.727741549208833,0.973763625827763,5.769419929218722,0.5044479970516302
random,23,325,31456,2,6,6,0,2136,0.521484375,0.5649259983244904,3581,113,1554.592750295285,0.3795392456775598,0.7278055947075305,0.973763625827763,5.770319937551372,0.5038600381654005
random,23,326,31552,1,7,6,0,2137,0.521728515625,0.5652052499301871,3581,113,1555.6948938438813,0.37980832369235384,0.7279807645502486,0.973763625827763,5.770825990879581,0.5068163010291217
random,23,327,31648,3,8,8,0,2140,0.5224609375,0.5660430047472773,3581,113,1557.8987941807975,0.38034638529804626,0.7279900907386904,0.973763625827763,5.772733148885542,0.49827918765564766
random,23,328,31744,1,5,5,0,2141,0.522705078125,0.5663222563529741,3581,113,1558.9522781417431,0.380603583530699,0.7281421196364984,0.973763625827763,5.773357648153738,0.5012080686803289
random,23,329,31840,0,7,7,0,2141,0.522705078125,0.5663222563529741,3581,113,1559.568715471643,0.38075408092569407,0.7284300399213652,0.973763625827763,5.773357648153738,0.5039977160864237
random,23,330,31936,5,7,7,0,2146,0.52392578125,0.5677185143814577,3581,113,1562.3059573239177,0.3814223528622846,0.7280083678117044,0.973763625827763,5.7745205243068565,0.5121737740904135
random,23,331,32032,3,4,4,0,2149,0.524658203125,0.5685562691985478,3581,113,1564.7957333888696,0.382030208346892,0.7281506437360957,0.973763625827763,5.7751055468666825,0.5010229731163155
random,23,332,32128,4,13,13,0,2153,0.525634765625,0.5696732756213349,3581,113,1569.0078186980343,0.3830585494868248,0.7287542121217065,0.973763625827763,5.775967274014618,0.5039410189768438
random,23,333,32224,2,8,8,0,2155,0.526123046875,0.5702317788327282,3581,113,1571.4078452463436,0.3836444934683456,0.7291915755203451,0.973763625827763,5.7765270765343875,0.5004069971120702
random,23,334,32320,2,4,4,0,2157,0.526611328125,0.5707902820441217,3581,113,1572.9977816904493,0.38403266154551985,0.7292525645296474,0.973763625827763,5.777348282512242,0.4984952641288756
random,23,335,32416,5,7,7,0,2162,0.52783203125,0.5719072884669086,3581,114,1576.6721503838114,0.3849297242147977,0.729265564469848,0.973763625827763,5.7790527691290245,0.5012326224102873
random,23,336,32512,3,7,7,0,2165,0.528564453125,0.5727450432839989,3581,114,1578.7135470376693,0.3854281120697435,0.7291979432044662,0.973763625827763,5.778774298206072,0.5048131809397554
random,23,337,32608,2,9,9,0,2167,0.529052734375,0.5733035464953924,3581,114,1580.5212629665627,0.385869448966446,0.7293591430394845,0.973763625827763,5.779305242110706,0.5011541262901498
random,23,338,32704,4,10,10,0,2171,0.530029296875,0.5744205529181793,3581,114,1584.2067658894466,0.3867692299534782,0.7297129276321725,0.973763625827763,5.780563824091534,0.5014439855118789
random,23,339,32800,1,3,3,0,2172,0.5302734375,0.574699804523876,3581,114,1584.9585373232635,0.3869527679011874,0.7297230834821655,0.973763625827763,5.780735665568406,0.5132899301315976
random,23,340,32896,2,5,5,0,2174,0.53076171875,0.5752583077352694,3581,114,1586.6113398320176,0.3873562841386762,0.7298120238417745,0.973763625827763,5.781906488376006,0.5018280666201838
random,23,341,32992,2,5,5,0,2176,0.53125,0.5758168109466629,3581,114,1588.4904529654714,0.3878150519935233,0.7300048037525144,0.973763625827763,5.7818876686324545,0.4966556011670332
random,23,342,33088,3,9,9,0,2179,0.531982421875,0.5763753141580564,3581,115,1591.3459460302781,0.38851219385504837,0.7303102092842029,0.973763625827763,5.78297245865564,0.5004854135011135
random,23,343,33184,2,4,4,0,2181,0.532470703125,0.5769338173694498,3581,115,1592.6879185774108,0.3888398238714382,0.7302558086095419,0.973763625827763,5.783406255119747,0.5058088913860395
random,23,344,33280,2,4,4,0,2183,0.532958984375,0.5774923205808433,3581,115,1594.4270535979836,0.3892644173823202,0.7303834418680639,0.973763625827763,5.78411917255664,0.5045051207253712
random,23,345,33376,2,4,4,0,2185,0.533447265625,0.5780508237922368,3581,115,1595.5821258665394,0.3895464174478856,0.7302435358656931,0.973763625827763,5.784194391515396,0.5051352977300058
random,23,346,33472,2,8,8,0,2187,0.533935546875,0.5786093270036303,3581,115,1597.8251106261928,0.39009402114897285,0.7306013308761741,0.973763625827763,5.784782017583454,0.509350650911337
random,23,347,33568,5,7,7,0,2192,0.53515625,0.580005585032114,3581,115,1600.6852005770656,0.39079228529713517,0.7302395988034058,0.973763625827763,5.785075250049589,0.49653709001967805
random,23,348,33664,1,5,5,0,2193,0.535400390625,0.5802848366378107,3581,115,1602.0227384847346,0.39111883263787467,0.730516524616842,0.973763625827763,5.785615240556183,0.5047358802059052
random,23,349,33760,1,7,7,0,2194,0.53564453125,0.5805640882435074,3581,115,1603.2313397669352,0.3914139013102869,0.7307344301581291,0.973763625827763,5.785789684961434,0.49661698216740807
random,23,350,33856,3,8,8,0,2197,0.536376953125,0.5814018430605976,3581,115,1606.1792818512733,0.39213361373322103,0.7310784168644849,0.973763625827763,5.786015541597094,0.5051569510634342
random,23,351,33952,1,6,6,0,2198,0.53662109375,0.5816810946662944,3581,115,1607.3769630975169,0.3924260163812297,0.7312907020461861,0.973763625827763,5.786555371083977,0.4984404201914412
random,23,352,34048,2,4,4,0,2200,0.537109375,0.5822395978776878,3581,115,1608.7499487499372,0.39276121795652763,0.7312499767045169,0.973763625827763,5.787492491417264,0.4968257164046733
random,23,353,34144,1,5,5,0,2201,0.537353515625,0.5825188494833845,3581,115,1609.7464470369341,0.3930045036711265,0.7313704893398156,0.973763625827763,5.7873911702647085,0.5034027282949265
random,23,354,34240,2,8,8,0,2203,0.537841796875,0.583077352694778,3581,115,1611.7070845542023,0.3934831749399908,0.7315964977549716,0.973763625827763,5.787834160509245,0.5003240902984809
random,23,355,34336,1,6,6,0,2204,0.5380859375,0.5833566043004748,3581,115,1612.6328740679137,0.39370919777048674,0.7316846071088537,0.973763625827763,5.788593813740687,0.4943326448350414
random,23,356,34432,2,7,7,0,2206,0.53857421875,0.5839151075118681,3581,115,1615.0343080250618,0.3942954853576811,0.7321098404465376,0.973763625827763,5.788488716454848,0.5048231475860654
random,23,357,34528,6,11,11,0,2212,0.5400390625,0.5855906171460485,3581,115,1619.1076010078789,0.3952899416523142,0.7319654615767988,0.973763625827763,5.789982006865522,0.5084635579886422
random,23,358,34624,2,3,3,0,2214,0.54052734375,0.586149120357442,3581,115,1620.631006238944,0.3956618667575547,0.7319923244078338,0.973763625827763,5.78979801354946,0.502063461160509
random,23,359,34720,4,6,6,0,2218,0.54150390625,0.5872661267802289,3581,115,1623.8416901415985,0.3964457251322262,0.7321197881612257,0.973763625827763,5.789856396660086,0.5024597455141483
random,23,360,34816,1,4,4,0,2219,0.541748046875,0.5875453783859257,3581,115,1624.8778133440105,0.39669868489844007,0.7322567883479092,0.973763625827763,5.790292675835042,0.5043637822558891
random,23,361,34912,2,8,8,0,2221,0.542236328125,0.5881038815973192,3581,115,1626.790247366668,0.3971655877360029,0.7324584634699091,0.973763625827763,5.790436449300397,0.49825062135703335
random,23,362,35008,0,6,6,0,2221,0.542236328125,0.5881038815973192,3581,115,1627.4677346123372,0.3973309898955901,0.7327635005008272,0.973763625827763,5.790436449300397,0.49851482647171863
random,23,363,35104,2,8,8,0,2223,0.542724609375,0.5886623848087127,3581,115,1629.107185852678,0.39773124654606395,0.7328417390250463,0.973763625827763,5.790650954084825,0.49612230386817247
random,23,364,35200,4,6,6,0,2227,0.543701171875,0.5897793912314996,3581,115,1631.7845564879444,0.39838490148631456,0.732727685894901,0.973763625827763,5.791475535383261,0.4944753505140856
random,23,365,35296,2,7,7,0,2229,0.544189453125,0.5903378944428931,3581,115,1633.7793806660627,0.39887191910792547,0.7329651775083278,0.973763625827763,5.791371888216365,0.5015152115664048
random,23,366,35392,2,6,6,0,2231,0.544677734375,0.5908963976542865,3581,115,1635.7052078666125,0.3993420917643097,0.7331713168384637,0.973763625827763,5.793129050263001,0.5044038235097648
random,23,367,35488,3,7,7,0,2234,0.54541015625,0.5917341524713767,3581,115,1638.7028466180861,0.4000739371626187,0.733528579506753,0.973763625827763,5.793210032637185,0.5028711763875653
random,23,368,35584,2,8,8,0,2236,0.5458984375,0.5922926556827702,3581,115,1641.0741766124866,0.40065287514953285,0.7339329949071943,0.973763625827763,5.79352069382539,0.4985028581100197
random,23,369,35680,2,5,5,0,2238,0.54638671875,0.5928511588941636,3581,115,1642.8223025785849,0.4010796637154748,0.7340582227786349,0.973763625827763,5.794003925602402,0.49850282077005187
random,23,370,35776,3,8,8,0,2241,0.547119140625,0.5936889137112539,3581,115,1644.8575341824485,0.40157654643126184,0.7339837278815031,0.973763625827763,5.793901708623541,0.5054985884192312
random,23,371,35872,3,8,8,0,2244,0.5478515625,0.594526668528344,3581,115,1647.6016013154472,0.4022464846961541,0.7342253125291655,0.973763625827763,5.793245286275717,0.5053671851968387
random,23,372,35968,2,3,3,0,2246,0.54833984375,0.5950851717397375,3581,115,1649.0729779184785,0.40260570749962854,0.7342266152798212,0.973763625827763,5.793283530998053,0.4994585978439803
random,23,373,36064,2,6,6,0,2248,0.548828125,0.595643674951131,3581,115,1651.23035028556,0.40313240973768555,0.7345330739704449,0.973763625827763,5.79372308659701,0.5007549340173445
random,23,374,36160,2,5,5,0,2250,0.54931640625,0.5962021781625244,3581,115,1652.6295424642117,0.4034740093906767,0.7345020188729829,0.973763625827763,5.794996323538015,0.5059605033495799
random,23,375,36256,2,8,8,0,2252,0.5498046875,0.5967606813739179,3581,115,1654.1581920070453,0.40384721484547004,0.7345285044436258,0.973763625827763,5.795571550870883,0.5069724185682924
random,23,376,36352,2,2,2,0,2254,0.55029296875,0.5973191845853114,3581,115,1655.3980910562295,0.4041499245742748,0.7344268372032962,0.973763625827763,5.795620713818982,0.5051720216622358
random,23,377,36448,1,5,5,0,2255,0.550537109375,0.5973191845853114,3581,116,1656.5621765215376,0.4044341251273285,0.7346173731802828,0.973763625827763,5.795918114343408,0.49783180332694976
random,23,378,36544,1,3,3,0,2256,0.55078125,0.597598436191008,3581,116,1657.3244873439562,0.40462023616795806,0.7346296486453706,0.973763625827763,5.796420789767159,0.5019725095208316
random,23,379,36640,0,3,3,0,2256,0.55078125,0.597598436191008,3581,116,1657.6163530198514,0.40469149243648717,0.7347590217286576,0.973763625827763,5.796420789767159,0.5051014024101249
random,23,380,36736,2,7,7,0,2258,0.55126953125,0.5981569394024016,3581,116,1659.5538234326198,0.40516450767397943,0.734966263699123,0.973763625827763,5.79656978469597,0.4999821923495159
random,23,381,36832,2,5,5,0,2260,0.5517578125,0.5987154426137951,3581,116,1661.2455473183604,0.4055775262007716,0.7350644014683011,0.973763625827763,5.7972704278033085,0.5030287233788825
random,23,382,36928,4,10,10,0,2264,0.552734375,0.599832449036582,3581,116,1664.4177123801505,0.4063519805615602,0.7351668340901725,0.973763625827763,5.798147283011039,0.4971195035812272
random,23,383,37024,2,3,3,0,2266,0.55322265625,0.6003909522479755,3581,116,1665.5480042673785,0.40662793072934045,0.7350167715213497,0.973763625827763,5.798851532098822,0.507059696677395
random,23,384,37120,3,6,6,0,2269,0.553955078125,0.6012287070650656,3581,116,1667.552807279783,0.4071173845897908,0.7349285179725796,0.973763625827763,5.799921495062062,0.5035149994300205
random,23,385,37216,2,6,6,0,2271,0.554443359375,0.6017872102764591,3581,116,1669.4929097881295,0.40759104242874256,0.7351355833501231,0.973763625827763,5.801423109993071,0.5035383843440135
random,23,386,37312,0,3,3,0,2271,0.554443359375,0.6017872102764591,3581,116,1669.5949375198084,0.40761595154292196,0.7351805096960847,0.973763625827763,5.801423109993071,0.500262434358639
random,23,387,37408,2,7,7,0,2273,0.554931640625,0.6023457134878526,3581,116,1671.3305682250466,0.408039689508068,0.7352972143532981,0.973763625827763,5.801490641079801,0.5009526286208383
random,23,388,37504,0,6,6,0,2273,0.554931640625,0.6023457134878526,3581,116,1672.0198833752834,0.4082079793396688,0.7356004766279294,0.973763625827763,5.801490641079801,0.49623806806854265
random,23,389,37600,3,3,3,0,2276,0.5556640625,0.6031834683049427,3581,116,1674.1119072029544,0.4087187273444713,0.7355500471014738,0.973763625827763,5.803130909556909,0.4983410397955774
random,23,390,37696,0,3,3,0,2276,0.5556640625,0.6031834683049427,3581,116,1674.4404283793883,0.4087989327098116,0.7356943885673938,0.973763625827763,5.803130909556909,0.5047329155372344
random,23,391,37792,4,8,8,0,2280,0.556640625,0.6043004747277296,3581,116,1677.6723923096179,0.4095879864037153,0.7358212246972008,0.973763625827763,5.804026839973311,0.4963756572411661
random,23,392,37888,1,3,3,0,2281,0.556884765625,0.6045797263334264,3581,116,1678.3593515114849,0.4097557010526086,0.7357998033807475,0.973763625827763,5.804494119018421,0.5001973886828899
random,23,393,37984,2,4,4,0,2283,0.557373046875,0.6048589779391231,3581,117,1680.291295326655,0.41022736702310914,0.7360014434194722,0.973763625827763,5.805466867789447,0.507088559110658
random,23,394,38080,2,10,10,0,2285,0.557861328125,0.6054174811505166,3581,117,1682.3071812076598,0.4107195266620263,0.7362394666116673,0.973763625827763,5.805878006055895,0.5051667455954487
random,23,395,38176,4,9,9,0,2289,0.558837890625,0.6065344875733035,3581,117,1685.3133697353646,0.411453459408048,0.7362662165728985,0.973763625827763,5.805639475312173,0.5033243677736298
random,23,396,38272,6,14,14,0,2295,0.560302734375,0.6082099972074839,3581,117,1689.7304039024937,0.41253183689025724,0.7362659711993437,0.973763625827763,5.808300258719072,0.5079205189540663
random,23,397,38368,1,7,7,0,2296,0.560546875,0.6084892488131807,3581,117,1691.1082400898422,0.4128682226781841,0.736545400735994,0.973763625827763,5.808323146448867,0.5022727935365028
random,23,398,38464,2,5,5,0,2298,0.56103515625,0.6090477520245742,3581,117,1692.791806231987,0.4132792495683562,0.7366369913977315,0.973763625827763,5.808141312615749,0.4997262933474078
random,23,399,38560,1,4,4,0,2299,0.561279296875,0.6093270036302709,3581,117,1693.8703568845353,0.4135425675987635,0.7367857141733516,0.973763625827763,5.807951638529772,0.5043636618085471
random,23,400,38656,0,3,3,0,2299,0.561279296875,0.6093270036302709,3581,117,1693.986052074932,0.41357081349485647,0.7368360383101054,0.973763625827763,5.807951638529772,0.4948777295106191
random,23,401,38752,2,7,7,0,2301,0.561767578125,0.6098855068416643,3581,117,1695.9071852683378,0.4140398401534028,0.7370305020722894,0.973763625827763,5.808784977666439,0.5045482227904075
random,23,402,38848,4,7,7,0,2305,0.562744140625,0.6110025132644513,3581,117,1698.235628719136,0.4146083077927578,0.7367616610495167,0.973763625827763,5.809119140492035,0.5015056388979567
random,23,403,38944,3,5,5,0,2308,0.5634765625,0.6118402680815415,3581,117,1700.3595718361503,0.4151268485928101,0.7367242512288346,0.973763625827763,5.81042929855664,0.5035231255763867
random,23,404,39040,0,2,2,0,2308,0.5634765625,0.6118402680815415,3581,117,1700.5282141460782,0.4151680210317574,0.7367973198206578,0.973763625827763,5.81042929855664,0.5085756608735966
random,23,405,39136,6,12,12,0,2314,0.56494140625,0.6135157777157219,3581,117,1705.4106753227857,0.41636002815497697,0.7369968346252315,0.973763625827763,5.811882764190329,0.5056748303095138
random,23,406,39232,4,5,5,0,2318,0.56591796875,0.6146327841385087,3581,117,1708.4083343006566,0.41709187849137125,0.7370182632875999,0.973763625827763,5.812215750622601,0.5036258811014778
random,23,407,39328,1,4,4,0,2319,0.566162109375,0.6149120357442055,3581,117,1709.6665702960113,0.41739906501367463,0.7372430229823248,0.973763625827763,5.812154946244279,0.5043541412431113
random,23,408,39424,4,7,7,0,2323,0.567138671875,0.6160290421669925,3581,117,1712.5503815682036,0.4181031205000497,0.7372149726940179,0.973763625827763,5.812572230527056,0.5063944061027564
random,23,409,39520,1,5,5,0,2324,0.5673828125,0.6163082937726891,3581,117,1713.8012419457862,0.41840850633442045,0.737435990510235,0.973763625827763,5.813267133347955,0.504178392360813
random,23,410,39616,0,3,3,0,2324,0.5673828125,0.6163082937726891,3581,117,1714.0127590873708,0.41846014626156514,0.7375270047708136,0.973763625827763,5.813267133347955,0.501889434801171
random,23,411,39712,2,4,4,0,2326,0.56787109375,0.6168667969840826,3581,117,1715.4658520652665,0.4188149052893717,0.7375175632266838,0.973763625827763,5.813145174342765,0.5050664237332683
random,23,412,39808,3,6,6,0,2329,0.568603515625,0.6177045518011729,3581,117,1717.9568709235375,0.4194230641903168,0.7376371279190801,0.973763625827763,5.813144939459372,0.5116196933423091
random,23,413,39904,2,5,5,0,2331,0.569091796875,0.6182630550125663,3581,117,1719.6296358945383,0.419831454075815,0.7377218515206084,0.973763625827763,5.813588519716955,0.5067717151434072
random,23,414,40000,2,7,7,0,2333,0.569580078125,0.6188215582239598,3581,117,1721.0609318468087,0.4201808915641623,0.7377029283526827,0.973763625827763,5.814097253610003,0.5073268710293257
random,23,415,40096,2,8,8,0,2335,0.570068359375,0.6191008098296565,3581,118,1723.0409722743475,0.42066429987166687,0.7379190459419047,0.973763625827763,5.8151971640481435,0.5151083615049237
random,23,416,40192,2,6,6,0,2337,0.570556640625,0.6196593130410499,3581,118,1724.4405205457847,0.4210059864613732,0.7378864016028176,0.973763625827763,5.815792539348111,0.5063891441472324
random,23,417,40288,1,4,4,0,2338,0.57080078125,0.6199385646467467,3581,118,1725.3951856586903,0.4212390589987037,0.7379791213253594,0.973763625827763,5.816143470961542,0.5081528534990227
random,23,418,40384,3,6,6,0,2341,0.571533203125,0.6207763194638369,3581,118,1727.7446289650177,0.4218126535559125,0.7380370051110712,0.973763625827763,5.817583015625629,0.5022239119591878
random,23,419,40480,2,2,2,0,2343,0.572021484375,0.6213348226752304,3581,118,1728.9262465358997,0.42210113440817865,0.7379113301476311,0.973763625827763,5.818293819584634,0.49999143268647817
random,23,420,40576,2,10,10,0,2345,0.572509765625,0.6218933258866238,3581,118,1731.1781169513365,0.4226509074588224,0.7382422673566467,0.973763625827763,5.818943587861735,0.5067660308718809
random,23,421,40672,3,7,7,0,2348,0.5732421875,0.6227310807037141,3581,118,1733.4764197123118,0.4232120165313261,0.7382778618876966,0.973763625827763,5.818909718058281,0.5067871744163103
random,23,422,40768,2,5,5,0,2350,0.57373046875,0.6232895839151075,3581,118,1735.0024050423417,0.42358457154354046,0.7382988957626986,0.973763625827763,5.819420387212136,0.5040391326140765
random,23,423,40864,3,7,7,0,2353,0.574462890625,0.6241273387321977,3581,118,1737.3079436040066,0.4241474471689469,0.7383374175962629,0.973763625827763,5.820466542771559,0.5116027929337501
random,23,424,40960,6,10,10,0,2359,0.575927734375,0.6258028483663781,3581,118,1741.483097647311,0.42516677188655055,0.7382293758572748,0.973763625827763,5.821170489496021,0.5075425829269185
random,23,425,41056,3,7,7,0,2362,0.57666015625,0.6266406031834683,3581,118,1743.6744615142393,0.4257017728306248,0.7382195010644536,0.973763625827763,5.821730431537342,0.50370173570082
random,23,426,41152,2,8,8,0,2364,0.5771484375,0.6271991063948618,3581,118,1745.3729923793794,0.4261164532176219,0.7383134485530369,0.973763625827763,5.821710397540018,0.5083022474830183
random,23,427,41248,2,9,9,0,2366,0.57763671875,0.6277576096062553,3581,118,1747.462054860117,0.42662647823733324,0.7385722970668288,0.973763625827763,5.821857058957696,0.5116625468878915
random,23,428,41344,1,5,5,0,2367,0.577880859375,0.628036861211952,3581,118,1748.2568652093582,0.4268205237327535,0.7385960562777178,0.973763625827763,5.821907729068878,0.5101556342928061
random,23,429,41440,2,8,8,0,2369,0.578369140625,0.6285953644233454,3581,118,1750.4465251501463,0.42735510867923493,0.73889680251167,0.973763625827763,5.823522375511378,0.5097665460742961
random,23,430,41536,2,4,4,0,2371,0.578857421875,0.6291538676347389,3581,118,1752.330274294231,0.427815008372615,0.7390680195251923,0.973763625827763,5.823836529889734,0.5127376714139842
random,23,431,41632,3,6,6,0,2374,0.57958984375,0.629991622451829,3581,118,1754.7123246462738,0.4283965636343442,0.7391374577280008,0.973763625827763,5.824016342943365,0.5101690549096495
random,23,432,41728,2,5,5,0,2376,0.580078125,0.6305501256632225,3581,118,1756.5372593569978,0.42884210433520453,0.7392833583152347,0.973763625827763,5.824511454570388,0.5064976707613192
random,23,433,41824,3,4,4,0,2379,0.580810546875,0.6313878804803128,3581,118,1758.3350637005938,0.4292810214112778,0.7391067943255963,0.973763625827763,5.825412764330619,0.5051876655900864
random,23,434,41920,2,5,5,0,2381,0.581298828125,0.6319463836917062,3581,118,1760.2257876904155,0.42974262394785534,0.7392800452290699,0.973763625827763,5.8253874778436465,0.5076004732406962
random,23,435,42016,2,6,6,0,2383,0.581787109375,0.6322256352974029,3581,119,1761.7043330319489,0.43010359693162814,0.7392800390398443,0.973763625827763,5.826561778593556,0.5022413309145468
random,23,436,42112,1,5,5,0,2384,0.58203125,0.6325048869030997,3581,119,1762.8114596655437,0.4303738915199081,0.7394343371080301,0.973763625827763,5.826474705118201,0.5007178409778414
random,23,437,42208,2,11,11,0,2386,0.58251953125,0.6330633901144932,3581,119,1765.2880914498392,0.4309785379516209,0.7398525110854314,0.973763625827763,5.8262237358257805,0.5118767433894849
random,23,438,42304,3,7,7,0,2389,0.583251953125,0.6339011449315833,3581,119,1767.5947104271495,0.4315416773503783,0.7398889537158433,0.973763625827763,5.827201946037656,0.5084298150520359
random,23,439,42400,2,5,5,0,2391,0.583740234375,0.6344596481429768,3581,119,1769.3844115404747,0.4319786160987487,0.7400185744627665,0.973763625827763,5.8268797292723296,0.5069926304923634
random,23,440,42496,1,6,6,0,2392,0.583984375,0.6347388997486736,3581,119,1770.079659878349,0.43214835446248756,0.7399998578086744,0.973763625827763,5.826702747752652,0.5042267237601639
random,23,441,42592,2,5,5,0,2394,0.58447265625,0.635297402960067,3581,119,1772.110903120089,0.432644263457053,0.7402301182623596,0.973763625827763,5.827012854517907,0.5074472707660033
random,23,442,42688,3,7,7,0,2397,0.585205078125,0.6361351577771572,3581,119,1774.1022405206247,0.43313042981460564,0.7401344349272527,0.973763625827763,5.827270990521983,0.5101056699408195
random,23,443,42784,3,5,5,0,2400,0.5859375,0.6369729125942474,3581,119,1776.1788292506285,0.4336374094850167,0.7400745121877619,0.973763625827763,5.8293967590173,0.5135675071353931
random,23,444,42880,1,6,6,0,2401,0.586181640625,0.6372521641999441,3581,119,1777.380025739899,0.43393067034665506,0.7402665663223237,0.973763625827763,5.82980225162889,0.5014507773869614
random,23,445,42976,2,4,4,0,2403,0.586669921875,0.6378106674113376,3581,119,1778.8513800003718,0.4342898876954033,0.7402627465669462,0.973763625827763,5.830099689414165,0.5048220076504468
random,23,446,43072,1,3,3,0,2404,0.5869140625,0.6378106674113376,3581,120,1779.7521624397427,0.4345098052831403,0.7403295184857499,0.973763625827763,5.830315266543803,0.5102434646158398
random,23,447,43168,3,4,4,0,2407,0.587646484375,0.6386484222284278,3581,120,1782.0194562269098,0.4350633438053979,0.740348756222231,0.973763625827763,5.831402080633017,0.5111510372199217
random,23,448,43264,2,7,7,0,2409,0.588134765625,0.6392069254398213,3581,120,1783.8739502065573,0.4355161011246478,0.7405039228752832,0.973763625827763,5.831437326264599,0.5109982150978827
random,23,449,43360,1,4,4,0,2410,0.58837890625,0.639486177045518,3581,120,1784.6538508993544,0.4357065065672252,0.7405202700827197,0.973763625827763,5.83159532205347,0.5031233572447775
random,23,450,43456,0,2,2,0,2410,0.58837890625,0.639486177045518,3581,120,1784.8481283706137,0.43575393759048187,0.7406008831413335,0.973763625827763,5.83159532205347,0.5087772182989122
random,23,451,43552,3,6,6,0,2413,0.589111328125,0.6403239318626082,3581,120,1786.9577860948984,0.4362689907458248,0.7405544078304593,0.973763625827763,5.832782388855138,0.5059305553574354
random,23,452,43648,1,7,7,0,2414,0.58935546875,0.6406031834683049,3581,120,1788.6482893700309,0.4366817112719802,0.7409479243454975,0.973763625827763,5.833187523081109,0.5130009334943084
random,23,453,43744,0,4,4,0,2414,0.58935546875,0.6406031834683049,3581,120,1788.938198962544,0.43675248998108984,0.7410680194542436,0.973763625827763,5.833187523081109,0.5107028787494838
random,23,454,43840,0,4,4,0,2414,0.58935546875,0.6406031834683049,3581,120,1789.1903090472995,0.43681404029475085,0.7411724561090719,0.973763625827763,5.833187523081109,0.5070266482886603
random,23,455,43936,3,9,9,0,2417,0.590087890625,0.6414409382853952,3581,120,1791.6381307879778,0.43741165302440865,0.7412652589110376,0.973763625827763,5.833777377476075,0.5099473181876714
random,23,456,44032,3,6,6,0,2420,0.5908203125,0.6422786931024853,3581,120,1793.7967137611745,0.43793865082059924,0.7412383114715597,0.973763625827763,5.834393038817257,0.5024361232391117
random,23,457,44128,0,0,0,0,2420,0.5908203125,0.6422786931024853,3581,120,1793.7967137611745,0.43793865082059924,0.7412383114715597,0.973763625827763,5.834393038817257,0.5043824536782613
random,23,458,44224,0,5,5,0,2420,0.5908203125,0.6422786931024853,3581,120,1794.4133927941884,0.43808920722514366,0.7414931375182597,0.973763625827763,5.834393038817257,0.5057952055029333
random,23,459,44320,1,1,1,0,2421,0.591064453125,0.6425579447081821,3581,120,1794.9208316344816,0.4382130936607621,0.7413964608155644,0.973763625827763,5.834378079958447,0.5015679650182412
random,23,460,44416,2,6,6,0,2423,0.591552734375,0.6431164479195756,3581,120,1796.431375931215,0.43858187888945677,0.7414079141276165,0.973763625827763,5.834660019212226,0.513699460926347
random,23,461,44512,1,5,5,0,2424,0.591796875,0.6433956995252723,3581,120,1797.5575021149068,0.43885681203977217,0.7415666262850276,0.973763625827763,5.83489739558909,0.512378648309325
random,23,462,44608,1,6,6,0,2425,0.592041015625,0.643674951130969,3581,120,1798.9817192852747,0.4392045213098815,0.7418481316640309,0.973763625827763,5.834717231574023,0.5023752875013576
random,23,463,44704,0,1,1,0,2425,0.592041015625,0.643674951130969,3581,120,1799.1386716559978,0.4392428397597651,0.7419128542911331,0.973763625827763,5.834717231574023,0.513850166959297
random,23,464,44800,1,3,3,0,2426,0.59228515625,0.6439542027366657,3581,120,1799.935926404789,0.43943748203241917,0.7419356662839196,0.973763625827763,5.834527207694527,0.49296393422605767
random,23,465,44896,1,5,5,0,2427,0.592529296875,0.6439542027366657,3581,121,1800.9099750642338,0.43967528688091645,0.7420313041055764,0.973763625827763,5.834786315114614,0.5033615546259588
random,23,466,44992,1,2,2,0,2428,0.5927734375,0.6442334543423625,3581,121,1801.6918933570246,0.43986618490161733,0.7420477320251336,0.973763625827763,5.835138864236477,0.5114003734599875
random,23,467,45088,0,0,0,0,2428,0.5927734375,0.6442334543423625,3581,121,1801.6918933570246,0.43986618490161733,0.7420477320251336,0.973763625827763,5.835138864236477,0.5056433224621177
random,23,468,45184,1,4,4,0,2429,0.593017578125,0.6445127059480592,3581,121,1802.4563720559481,0.4400528252089717,0.742056966675977,0.9756306717356806,5.835701456923273,0.50358399798956
random,23,469,45280,0,3,3,0,2429,0.593017578125,0.6445127059480592,3581,121,1802.9765019841727,0.44017981005472967,0.7422711000346532,0.9756306717356806,5.835701456923273,0.4993700220261273
random,23,470,45376,2,6,6,0,2431,0.593505859375,0.6450712091594527,3581,121,1804.8078678373045,0.4406269208587169,0.7424137671070771,0.9756306717356806,5.8360494631331905,0.510285044402441
random,23,471,45472,1,3,3,0,2432,0.59375,0.6453504607651493,3581,121,1805.6303743024023,0.44082772810117243,0.7424466999598693,0.9756306717356806,5.836353430450842,0.5072381975589149
random,23,472,45568,1,7,7,0,2433,0.593994140625,0.6456297123708461,3581,121,1806.4667590609224,0.441031923598858,0.7424853099305065,0.9756306717356806,5.8367316204675515,0.5037552004919399
random,23,473,45664,2,7,7,0,2435,0.594482421875,0.6461882155822396,3581,121,1808.70109468416,0.441577415694375,0.7427930573651581,0.9756306717356806,5.837232636412356,0.509257391304148
random,23,474,45760,3,7,7,0,2438,0.59521484375,0.6470259703993297,3581,121,1811.1866979068668,0.44218425241866866,0.7428985635385016,0.9756306717356806,5.838795882523922,0.5050925209439623
random,23,475,45856,1,1,1,0,2439,0.595458984375,0.6473052220050265,3581,121,1812.0612311874838,0.4423977615203818,0.7429525343122115,0.9756306717356806,5.838618560053764,0.5085505066130054
random,23,476,45952,2,6,6,0,2441,0.595947265625,0.64786372521642,3581,121,1813.8238259753111,0.4428280825135037,0.7430658852827985,0.9756306717356806,5.839203990836222,0.5098836866372698
random,23,477,46048,2,4,4,0,2443,0.596435546875,0.6481429768221167,3581,122,1815.0062196603105,0.4431167528467555,0.7429415553255467,0.9756306717356806,5.839588572391554,0.5058500996961288
random,23,478,46144,0,3,3,0,2443,0.596435546875,0.6481429768221167,3581,122,1815.1768248692101,0.4431584045090845,0.7430113896312772,0.9756306717356806,5.839588572391554,0.5076651523550886
random,23,479,46240,1,3,3,0,2444,0.5966796875,0.6484222284278135,3581,122,1815.9464448894087,0.4433463000218283,0.7430222769596598,0.9756306717356806,5.839940726573093,0.5120819820843905
random,23,480,46336,2,5,5,0,2446,0.59716796875,0.6489807316392069,3581,122,1818.011557664638,0.4438504779454683,0.7432590178514464,0.9756306717356806,5.840599674562394,0.5083583706161362
random,23,481,46432,1,2,2,0,2447,0.597412109375,0.6492599832449036,3581,122,1818.519468955486,0.44397447972546045,0.7431628397856502,0.9756306717356806,5.840403966797602,0.5124931022458794
random,23,482,46528,1,4,4,0,2448,0.59765625,0.6495392348506004,3581,122,1819.554506829847,0.4442271745190056,0.7432820697834343,0.9756306717356806,5.840198837040136,0.5076451667771829
random,23,483,46624,1,4,4,0,2449,0.597900390625,0.6495392348506004,3581,123,1820.4619597721253,0.4444487206474915,0.7433491056644039,0.9756306717356806,5.840417256666504,0.5102908631932441
random,23,484,46720,4,11,11,0,2453,0.598876953125,0.6506562412733873,3581,123,1824.1642070673256,0.4453525896160463,0.7436462319883105,0.9756306717356806,5.840074060032555,0.5069541015377057
random,23,485,46816,3,5,5,0,2456,0.599609375,0.6514939960904775,3581,123,1826.5963033635028,0.44594636312585517,0.7437281365486574,0.9756306717356806,5.840155422297038,0.5073509224822899
random,23,486,46912,2,5,5,0,2458,0.60009765625,0.652052499301871,3581,123,1828.1791910705547,0.44633281031995964,0.7437669613793957,0.9756306717356806,5.840562935613801,0.51725912927385
random,23,487,47008,1,2,2,0,2459,0.600341796875,0.6523317509075677,3581,123,1828.9926739774298,0.44653141454527095,0.7437953127195729,0.9756306717356806,5.840968330084514,0.5050294225151761
random,23,488,47104,1,3,3,0,2460,0.6005859375,0.6526110025132644,3581,123,1829.8861578753367,0.4467495502625334,0.7438561617379418,0.9756306717356806,5.841430906059421,0.5087612826127113
random,23,489,47200,1,6,6,0,2461,0.600830078125,0.6528902541189612,3581,123,1831.0329977358374,0.4470295404628509,0.7440199096854276,0.9756306717356806,5.841249255401591,0.5123350021184186
random,23,490,47296,2,7,7,0,2463,0.601318359375,0.6534487573303547,3581,123,1833.0740350796214,0.4475278405956107,0.7442444316198219,0.9756306717356806,5.842237643837475,0.5081564418412319
random,23,491,47392,0,3,3,0,2463,0.601318359375,0.6534487573303547,3581,123,1833.7452004082052,0.44769169931840946,0.7445169307382076,0.9756306717356806,5.842237643837475,0.5035968796195301
random,23,492,47488,4,9,9,0,2467,0.602294921875,0.6545657637531416,3581,123,1836.948015263657,0.44847363653897876,0.7446080321295732,0.9756306717356806,5.843673265939344,0.508468961927484
random,23,493,47584,0,3,3,0,2467,0.602294921875,0.6545657637531416,3581,123,1837.1204631593855,0.44851573807602185,0.7446779339924546,0.9756306717356806,5.843673265939344,0.514408242986274
random,23,494,47680,1,3,3,0,2468,0.6025390625,0.6548450153588383,3581,123,1837.7788011490493,0.4486764651242796,0.7446429502224673,0.9756306717356806,5.844105904575411,0.5096445246939885
random,23,495,47776,2,6,6,0,2470,0.60302734375,0.6554035185702318,3581,123,1839.1711038430046,0.44901638277417105,0.7446036857663987,0.9756306717356806,5.844503541796669,0.509043887974377
random,23,496,47872,2,3,3,0,2472,0.603515625,0.6559620217816252,3581,123,1840.6269081826326,0.44937180375552555,0.7445901732130391,0.9756306717356806,5.84489310379518,0.5046705885048943
random,23,497,47968,1,4,4,0,2473,0.603759765625,0.656241273387322,3581,123,1841.8250492673842,0.44966431866879497,0.7447735743094962,0.9756306717356806,5.845488702528312,0.5103700795694445
random,23,498,48064,3,3,3,0,2476,0.6044921875,0.6570790282044122,3581,123,1843.7517516736073,0.4501347049984393,0.7446493342785167,0.9756306717356806,5.846844321984127,0.5074036049131728
random,23,499,48160,2,7,7,0,2478,0.60498046875,0.6576375314158056,3581,123,1845.3248989548833,0.45051877415890706,0.7446831714910748,0.9756306717356806,5.847088088968427,0.5063602299899209
random,23,500,48256,0,2,2,0,2478,0.60498046875,0.6576375314158056,3581,123,1845.681614782635,0.45060586298404176,0.7448271246096186,0.9756306717356806,5.847088088968427,0.5120132514277145
random,7,0,256,178,206,178,0,178,0.04345703125,0.04803127617983803,3581,6,78.12671043228886,0.019073903914133022,0.43891410355218463,0.9386492905255521,4.319412133764658,0.4101749784786113
random,7,1,352,48,67,64,0,226,0.05517578125,0.06059759843619101,3581,9,103.45070740447524,0.025256520362420713,0.4577464929401559,0.9386492905255521,4.474460293099639,0.42853085116640255
random,7,2,448,41,54,54,0,267,0.065185546875,0.07148841105836358,3581,11,122.25499599879868,0.029847411132519208,0.4578838801453134,0.9386492905255521,4.497879464628182,0.42681270081934214
random,7,3,544,41,53,52,0,308,0.0751953125,0.0818207204691427,3581,15,143.96982260860563,0.03514888247280411,0.4674344889889793,0.9386492905255521,4.547614575437235,0.4243899150685836
random,7,4,640,37,48,46,0,345,0.084228515625,0.09131527506283162,3581,18,163.70102254637584,0.03996606995761129,0.47449571752572706,0.9386492905255521,4.572187674237095,0.4304932854581295
random,7,5,736,25,43,43,0,370,0.09033203125,0.097179558782463,3581,22,179.93091109402948,0.04392844509131579,0.4862997597135932,0.9386492905255521,4.626978879846661,0.42992311266460953
random,7,6,832,23,43,42,0,393,0.095947265625,0.10332309410779111,3581,23,193.95529622996497,0.04735236724364379,0.493524926793804,0.9386492905255521,4.628906661340099,0.43002955509869745
random,7,7,928,25,45,44,0,418,0.10205078125,0.10862887461602905,3581,29,210.40786302434597,0.051369107183678216,0.5033680933596794,0.9386492905255521,4.663570948329709,0.4194100039195061
random,7,8,1024,31,46,45,0,449,0.109619140625,0.11700642278693102,3581,30,229.55378729819364,0.05604340510209806,0.5112556509982041,0.9386492905255521,4.718483935858067,0.43311280344143693
random,7,9,1120,28,49,47,0,477,0.116455078125,0.12370846132365261,3581,34,246.5806414061483,0.06020035190579792,0.5169405480212752,0.9386492905255521,4.713502022647875,0.43412199375618904
random,7,10,1216,16,31,31,0,493,0.120361328125,0.12733873219771014,3581,37,255.56935795979277,0.06239486278315253,0.5183962636101274,0.9386492905255521,4.718023075090009,0.4314223331862589
random,7,11,1312,26,41,40,0,519,0.126708984375,0.13432002234012846,3581,38,270.491666938468,0.06603800462364941,0.5211785490143892,0.9386492905255521,4.762155416235911,0.43781738244085566
random,7,12,1408,16,33,33,0,535,0.130615234375,0.13878804803127617,3581,38,282.21009507561814,0.06889894899307084,0.5274955048142396,0.9386492905255521,4.7780041663323045,0.43036591616940045
random,7,13,1504,15,36,36,0,550,0.13427734375,0.14269757051103044,3581,39,292.88571489306025,0.07150530148756354,0.532519481623746,0.9386492905255521,4.781407347252706,0.4466293495042177
random,7,14,1600,18,33,33,0,568,0.138671875,0.1474448478078749,3581,40,306.5270616647806,0.07483570841425308,0.5396603198323602,0.9386492905255521,4.7951579017252906,0.43435613580580695
random,7,15,1696,18,38,38,0,586,0.14306640625,0.15219212510471936,3581,41,317.2707347542696,0.0774586754771166,0.5414176360994362,0.9386492905255521,4.827748804042864,0.4448371260612799
random,7,16,1792,15,33,32,0,601,0.146728515625,0.15638089919017034,3581,41,328.24494925958925,0.0801379270653294,0.5461646410309305,0.9386492905255521,4.8416629045006445,0.4465144591305413
random,7,17,1888,14,32,31,0,615,0.150146484375,0.1602904216699246,3581,41,338.9278159470795,0.08274604881520496,0.5511021397513488,0.9386492905255521,4.865784699812872,0.44209756095226205
random,7,18,1984,8,22,22,0,623,0.152099609375,0.16252443451549847,3581,41,345.8041099727709,0.08442483153632102,0.5550627768423289,0.9386492905255521,4.875216608890765,0.4432805431869936
random,7,19,2080,13,37,35,0,636,0.1552734375,0.16587545378385926,3581,42,356.4366061432791,0.087020655796699,0.5604349153196212,0.9386492905255521,4.8855205935837285,0.4464188534659851
random,7,20,2176,14,32,32,0,650,0.15869140625,0.16950572465791677,3581,43,366.5355667604912,0.08948622235363554,0.5639008719392172,0.9386492905255521,4.9010776958979765,0.44845541948939516
random,7,21,2272,21,29,28,0,671,0.163818359375,0.17509075677185143,3581,44,379.31668648534276,0.09260661291146063,0.5653005759841174,0.9386492905255521,4.931914625138591,0.4518264263670633
random,7,22,2368,14,30,30,0,685,0.167236328125,0.1790002792516057,3581,44,388.776116290468,0.09491604401622754,0.5675563741466686,0.9386492905255521,4.957035829433484,0.45715667758077083
random,7,23,2464,14,29,29,0,699,0.170654296875,0.18235129851996648,3581,46,398.6701177914941,0.09733157172643898,0.5703435161537826,0.9386492905255521,4.978765208221761,0.4559446263797228
random,7,24,2560,12,24,24,0,711,0.173583984375,0.18542306618263055,3581,47,406.12268566547573,0.09915104630504779,0.5711992766040446,0.9386492905255521,4.989472519977328,0.46045397521030834
random,7,25,2656,18,28,28,0,729,0.177978515625,0.190170343479475,3581,48,417.77847807204444,0.10199669874805772,0.5730843320604176,0.9386492905255521,5.010196061113341,0.45081472745251094
random,7,26,2752,12,23,23,0,741,0.180908203125,0.1935213627478358,3581,48,427.99404245460414,0.10449073302114359,0.5775898008834064,0.9386492905255521,5.017356038399876,0.44961574258719134
random,7,27,2848,14,27,27,0,755,0.184326171875,0.19743088522759006,3581,48,438.37202656027273,0.10702442054694158,0.5806252007420831,0.9470584605723809,5.029349728535737,0.4594786726616408
random,7,28,2944,13,25,25,0,768,0.1875,0.20078190449595085,3581,49,447.69652113360894,0.109300908479885,0.5829381785593867,0.9470584605723809,5.048010783404963,0.45857234205929415
random,7,29,3040,10,21,21,0,778,0.18994140625,0.2035744205529182,3581,49,454.60229393671693,0.11098688816814378,0.5843217145716156,0.9470584605723809,5.063659109986935,0.46013094646392344
random,7,30,3136,14,26,26,0,792,0.193359375,0.2072046914269757,3581,50,465.5038084660939,0.11364839073879246,0.5877573339218357,0.9470584605723809,5.0849073647752885,0.4590161369760757
random,7,31,3232,16,26,26,0,808,0.197265625,0.2113934655124267,3581,51,475.0823527849298,0.11598690253538325,0.5879732088922399,0.9470584605723809,5.097989311004273,0.4531825395008982
random,7,32,3328,11,23,23,0,819,0.199951171875,0.21446523317509075,3581,51,483.2469883192716,0.11798022175763467,0.5900451627829935,0.9470584605723809,5.110500389492131,0.46848132091502526
random,7,33,3424,15,27,27,0,834,0.20361328125,0.2180955040491483,3581,53,494.1042307467529,0.12063091570965646,0.5924511160033008,0.9470584605723809,5.120872051597443,0.46732516008499925
random,7,34,3520,11,28,28,0,845,0.206298828125,0.22116727171181233,3581,53,502.9125057170592,0.12278137346607891,0.5951627286592417,0.9470584605723809,5.125906099185029,0.46634285823884924
random,7,35,3616,12,26,26,0,857,0.209228515625,0.2242390393744764,3581,54,512.2790142747095,0.1250681187194115,0.5977584763998944,0.9470584605723809,5.148703749239616,0.46164758529553607
random,7,36,3712,12,19,19,0,869,0.212158203125,0.22759005864283718,3581,54,520.3924232277768,0.12704893145209395,0.5988405330584313,0.9470584605723809,5.156045635241522,0.46705545208288957
random,7,37,3808,10,17,17,0,879,0.214599609375,0.2301033230941078,3581,55,527.5088765385341,0.12878634681116555,0.6001238640938954,0.9470584605723809,5.169560727624565,0.46287789536075946
random,7,38,3904,8,17,17,0,887,0.216552734375,0.23233733593968164,3581,55,534.0859534521088,0.13039207847951875,0.6021262158422873,0.9470584605723809,5.179709623711305,0.4692547399348848
random,7,39,4000,13,30,29,0,900,0.2197265625,0.2354091036023457,3581,57,545.5040288616684,0.13317969454630577,0.606115587624076,0.9470584605723809,5.186016744877933,0.4692086047132288
random,7,40,4096,6,20,20,0,906,0.22119140625,0.2370846132365261,3581,57,550.8829432917073,0.13449290607707698,0.6080385687546438,0.9470584605723809,5.189344762201167,0.4769679357623475
random,7,41,4192,12,28,27,0,918,0.22412109375,0.2404356325048869,3581,57,561.0073828757323,0.1369646930848956,0.6111191534594034,0.9470584605723809,5.20100879005752,0.4664349656015432
random,7,42,4288,5,18,17,0,923,0.225341796875,0.24183189053337056,3581,57,565.4736964070817,0.13805510166188517,0.6126475584042055,0.9470584605723809,5.203731998670888,0.46432464325963985
random,7,43,4384,12,22,22,0,935,0.228271484375,0.24518290980173135,3581,57,574.9340393079506,0.14036475569041762,0.6149027158373803,0.9470584605723809,5.209708268702031,0.4592171162677199
random,7,44,4480,9,18,18,0,944,0.23046875,0.2471376710416085,3581,59,582.6682303794867,0.14225298593249186,0.617233294893524,0.9470584605723809,5.217050648450514,0.4659099830308047
random,7,45,4576,7,20,20,0,951,0.232177734375,0.24909243228148562,3581,59,588.5537981148002,0.14368989211787114,0.6188788623709781,0.9470584605723809,5.223635620815582,0.46786592531502164
random,7,46,4672,7,23,23,0,958,0.23388671875,0.25104719352136273,3581,59,596.3088723104563,0.14558322077892,0.6224518500109147,0.9470584605723809,5.225473867633258,0.476225089671745
random,7,47,4768,10,18,18,0,968,0.236328125,0.2535604579726333,3581,60,604.4988390325154,0.1475827243731727,0.6244822717278052,0.9470584605723809,5.233963420886779,0.46474972471116704
random,7,48,4864,13,23,23,0,981,0.239501953125,0.2569114772409941,3581,61,613.4840144959483,0.14977637072654987,0.625365967885778,0.9470584605723809,5.23925973098949,0.4684857243080728
random,7,49,4960,12,20,20,0,993,0.242431640625,0.2602624965093549,3581,61,622.69983870031,0.15202632780769287,0.627089464954995,0.9470584605723809,5.251928065317715,0.4661127324107543
random,7,50,5056,7,19,18,0,1000,0.244140625,0.26221725774923205,3581,61,628.9353927260485,0.15354867986475793,0.6289353927260485,0.9470584605723809,5.252759026415135,0.46891250824848374
random,7,51,5152,5,18,18,0,1005,0.245361328125,0.26361351577771575,3581,61,633.1538424911496,0.15457857482694082,0.6300038233742782,0.9470584605723809,5.252883268747494,0.4688775464683263
random,7,52,5248,7,20,20,0,1012,0.2470703125,0.26556827701759284,3581,61,640.992796535887,0.1564923819667693,0.6333920914386235,0.9470584605723809,5.256600374277809,0.4706169100638522
random,7,53,5344,11,23,23,0,1023,0.249755859375,0.26864004468025693,3581,61,649.771939803054,0.15863572749097998,0.6351631865132493,0.9470584605723809,5.26361069641801,0.4665296062364275
random,7,54,5440,13,21,21,0,1036,0.2529296875,0.2722703155543144,3581,61,659.2847224842193,0.16095818420024885,0.6363752147531074,0.9470584605723809,5.276842125372583,0.46483106095681836
random,7,55,5536,9,23,23,0,1045,0.255126953125,0.27478358000558506,3581,61,665.9518441470195,0.16258589944995594,0.6372744920067173,0.9470584605723809,5.286001873719668,0.47227881720400944
random,7,56,5632,7,18,18,0,1052,0.2568359375,0.27673834124546215,3581,61,671.0518418368965,0.16383101607346107,0.6378819789324112,0.9470584605723809,5.291442766133709,0.46424368379347625
random,7,57,5728,13,19,19,0,1065,0.260009765625,0.2803686121195197,3581,61,679.4386909502706,0.1658785866577809,0.63797060183124,0.9470584605723809,5.304179598061152,0.4706891550799575
random,7,58,5824,9,21,21,0,1074,0.26220703125,0.28260262496509353,3581,62,687.151652145556,0.16776163382459863,0.6398060075843166,0.9470584605723809,5.3114622726244916,0.47061908665801166
random,7,59,5920,9,19,19,0,1083,0.264404296875,0.2851158894163641,3581,62,694.2323348577504,0.16949031612738047,0.6410270866645895,0.9470584605723809,5.318406177271405,0.47134955046708876
random,7,60,6016,8,20,20,0,1091,0.266357421875,0.287349902261938,3581,62,700.640021166934,0.1710546926677085,0.6421998360833493,0.9470584605723809,5.327158541345421,0.47014163625619765
random,7,61,6112,7,14,14,0,1098,0.26806640625,0.28930466350181516,3581,62,705.7818565776302,0.17231002357852299,0.6427885761180603,0.9470584605723809,5.329460412475533,0.4725701774134289
random,7,62,6208,6,19,19,0,1104,0.26953125,0.2907009215302988,3581,63,710.609286031769,0.17348859522259985,0.6436678315505154,0.9470584605723809,5.334640313441848,0.47612841489177116
random,7,63,6304,3,14,14,0,1107,0.270263671875,0.291538676347389,3581,63,714.7404667961773,0.17449718427641048,0.6456553448926624,0.9470584605723809,5.334592395010115,0.4669690578799288
random,7,64,6400,2,9,9,0,1109,0.270751953125,0.29181792795308575,3581,64,716.8702996118933,0.1750171629911849,0.6464114514083799,0.9470584605723809,5.3373728718423985,0.4731080439741291
random,7,65,6496,8,14,14,0,1117,0.272705078125,0.2940519407986596,3581,64,724.229757230089,0.1768139055737522,0.6483704182901424,0.9470584605723809,5.340862626725495,0.47611392344278214
random,7,66,6592,5,13,13,0,1122,0.27392578125,0.29544819882714324,3581,64,728.1448249563352,0.17776973265535528,0.6489704322248977,0.9470584605723809,5.341827321461653,0.47209237388815367
random,7,67,6688,6,10,10,0,1128,0.275390625,0.29712370846132363,3581,64,731.9700227801748,0.1787036188428161,0.6489095946632755,0.9470584605723809,5.344368295962584,0.4813151161384191
random,7,68,6784,8,16,16,0,1136,0.27734375,0.29935772130689753,3581,64,738.2263712839799,0.1802310476767529,0.6498471578204048,0.9470584605723809,5.35081284153597,0.4794689199907578
random,7,69,6880,7,19,19,0,1143,0.279052734375,0.3010332309410779,3581,65,743.6011245383434,0.18154324329549398,0.650569662763205,0.9470584605723809,5.356121369110688,0.4727859648083347
random,7,70,6976,11,20,20,0,1154,0.28173828125,0.30410499860374196,3581,65,752.0880213544539,0.18361523958848971,0.6517227221442408,0.9470584605723809,5.359851406483139,0.47826971193740686
random,7,71,7072,11,21,21,0,1165,0.284423828125,0.30717676626640605,3581,65,760.7163121593278,0.1857217558982734,0.6529753752440582,0.9470584605723809,5.37122297869149,0.47055328833921994
random,7,72,7168,8,20,20,0,1173,0.286376953125,0.3094107791119799,3581,65,767.8160505081614,0.1874550904560941,0.6545746381143747,0.9470584605723809,5.381005504082768,0.47572408130440536
random,7,73,7264,8,20,20,0,1181,0.288330078125,0.31164479195755374,3581,65,774.2559711372223,0.18902733670342342,0.6555935403363441,0.9764403049570515,5.385478574249297,0.47554538740118024
random,7,74,7360,14,23,23,0,1195,0.291748046875,0.3152750628316113,3581,66,784.8519271956513,0.19161424003800082,0.6567798553938505,0.9764403049570515,5.3938124989988205,0.474076422277379
random,7,75,7456,10,24,24,0,1205,0.294189453125,0.31750907567718517,3581,68,793.6745439311696,0.1937681992019457,0.6586510738018005,0.9764403049570515,5.4031759243633095,0.4796948302450648
random,7,76,7552,6,11,11,0,1211,0.295654296875,0.31918458531136557,3581,68,797.5769894564971,0.19472094469152762,0.6586102307650679,0.9764403049570515,5.404631642144345,0.4820063138569281
random,7,77,7648,5,9,9,0,1216,0.296875,0.3205808433398492,3581,68,801.1042517152706,0.1955820927039235,0.658802838581637,0.9764403049570515,5.405469166982023,0.4875891043664114
random,7,78,7744,9,21,20,0,1225,0.299072265625,0.3230941077911198,3581,68,809.5008652452626,0.1976320471790192,0.6608170328532756,0.9764403049570515,5.412501681944717,0.47315199332929314
random,7,79,7840,4,13,13,0,1229,0.300048828125,0.32421111421390675,3581,68,813.4688607110502,0.19860079607203374,0.6618949232799431,0.9764403049570515,5.4164473649219005,0.47802126259085875
random,7,80,7936,10,19,19,0,1239,0.302490234375,0.32672437866517734,3581,69,821.22142700866,0.20049351245328614,0.6628098684492817,0.9764403049570515,5.424181875094252,0.4811139035130517
random,7,81,8032,3,9,9,0,1242,0.30322265625,0.32756213348226754,3581,69,823.4897332553651,0.20104729815804812,0.6630352119608415,0.9764403049570515,5.426931811877605,0.47622914880855366
random,7,82,8128,9,17,17,0,1251,0.305419921875,0.33007539793353813,3581,69,830.3928471109923,0.2027326286892071,0.6637832510879235,0.9764403049570515,5.434247210424916,0.48218826248028696
random,7,83,8224,6,16,16,0,1257,0.306884765625,0.3317509075677185,3581,69,836.1740499536279,0.20414405516445994,0.6652140413314462,0.9764403049570515,5.441710450056536,0.48276305916061646
random,7,84,8320,8,16,16,0,1265,0.308837890625,0.33398492041329236,3581,69,842.8814392771292,0.20578160138601786,0.6663094381637384,0.9764403049570515,5.450995358393973,0.47080969669774386
random,7,85,8416,11,20,20,0,1276,0.3115234375,0.33705668807595646,3581,69,851.3612734017382,0.20785187338909625,0.6672110293117071,0.9764403049570515,5.458779881346669,0.48411381630304584
random,7,86,8512,6,10,10,0,1282,0.31298828125,0.33873219771013685,3581,69,855.4990278412376,0.20886206734405216,0.6673159343535395,0.9764403049570515,5.462021299258406,0.48055451235864427
random,7,87,8608,3,14,14,0,1285,0.313720703125,0.33956995252722705,3581,69,858.4321634863285,0.2095781649136544,0.6680405941527848,0.9764403049570515,5.463163848255131,0.48155032764765593
random,7,88,8704,6,12,12,0,1291,0.315185546875,0.34124546216140744,3581,69,862.9712975869616,0.21068635194994179,0.6684518184252219,0.9764403049570515,5.46461905147389,0.47150652509717217
random,7,89,8800,9,18,18,0,1300,0.3173828125,0.34320022340128453,3581,71,869.4793342388921,0.212275228085667,0.6688302571068401,0.9764403049570515,5.467462040814749,0.481607409598686
random,7,90,8896,3,11,11,0,1303,0.318115234375,0.34403797821837473,3581,71,872.8662515760293,0.21310211220117903,0.6698896788764614,0.9764403049570515,5.470085536118451,0.4770469386944423
random,7,91,8992,4,8,8,0,1307,0.319091796875,0.3448757330354649,3581,72,875.5043506582846,0.21374617935993276,0.669857957657448,0.9764403049570515,5.472813854625673,0.4868026704411107
random,7,92,9088,7,16,16,0,1314,0.32080078125,0.34683049427534207,3581,72,880.8988365184506,0.21506319250938735,0.6703948527537675,0.9764403049570515,5.475682827058839,0.4762565273751988
random,7,93,9184,4,12,12,0,1318,0.32177734375,0.347947500698129,3581,72,884.0935562648282,0.21584315338496782,0.6707841853299151,0.9764403049570515,5.480940101723624,0.4769539462462871
random,7,94,9280,6,15,15,0,1324,0.3232421875,0.3496230103323094,3581,72,889.0556635610424,0.2170546053615826,0.6714921930219353,0.9764403049570515,5.482976937504006,0.485003157702
random,7,95,9376,5,10,10,0,1329,0.324462890625,0.35101926836079306,3581,72,893.1239348972598,0.21804783566827632,0.6720270390498568,0.9764403049570515,5.48589906581917,0.48023035812310305
random,7,96,9472,3,11,11,0,1332,0.3251953125,0.35185702317788325,3581,72,895.7653095958292,0.21869270253804424,0.6724964786755474,0.9764403049570515,5.487963716931623,0.4858152104152617
random,7,97,9568,6,11,11,0,1338,0.32666015625,0.35353253281206365,3581,72,900.8951523234867,0.21994510554772626,0.6733147625736075,0.9764403049570515,5.487496607563976,0.4749216079931479
random,7,98,9664,7,16,16,0,1345,0.328369140625,0.3554872940519408,3581,72,906.5280006314574,0.2213203126541644,0.6739985134806374,0.9764403049570515,5.488466738698553,0.4884542983591143
random,7,99,9760,4,12,12,0,1349,0.329345703125,0.35660430047472774,3581,72,910.7138087603408,0.2223422384668801,0.6751028975243446,0.9764403049570515,5.49036672968777,0.4861875773261517
random,7,100,9856,5,15,14,0,1354,0.33056640625,0.3580005585032114,3581,72,915.436949791037,0.2234953490700774,0.6760981903921987,0.9764403049570515,5.491602105562992,0.4751120621156788
random,7,101,9952,9,18,18,0,1363,0.332763671875,0.360513822954482,3581,72,921.9895317605213,0.22509510052747103,0.6764413292446965,0.9764403049570515,5.501504481476008,0.4803388834267003
random,7,102,10048,3,13,13,0,1366,0.33349609375,0.3613515777715722,3581,72,924.6716076223981,0.22574990420468705,0.6769191856679342,0.9764403049570515,5.502981304478586,0.4785789551709084
random,7,103,10144,5,15,15,0,1371,0.334716796875,0.3627478358000559,3581,72,929.6305599303598,0.226960585920498,0.6780675127136103,0.9764403049570515,5.508692463013671,0.482826507598461
random,7,104,10240,7,11,11,0,1378,0.33642578125,0.36442334543423627,3581,73,934.5266255605713,0.22815591444349886,0.6781760707986729,0.9764403049570515,5.5106314369564915,0.48184772472378445
random,7,105,10336,5,16,16,0,1383,0.337646484375,0.3658196034627199,3581,73,939.4991753128763,0.2293699158478702,0.6793197218458976,0.9764403049570515,5.517075329317139,0.48034144512784305
random,7,106,10432,5,10,10,0,1388,0.3388671875,0.36721586149120355,3581,73,942.9955600499736,0.2302235254028256,0.679391613868857,0.9764403049570515,5.518630781286289,0.4839745861897212
random,7,107,10528,3,12,12,0,1391,0.339599609375,0.36805361630829375,3581,73,945.5390300640327,0.23084448976172672,0.6797548742372629,0.9764403049570515,5.520057353368523,0.48015617892265805
random,7,108,10624,8,16,16,0,1399,0.341552734375,0.37028762915386765,3581,73,952.0039776644487,0.23242284610948455,0.6804889046922435,0.9764403049570515,5.523394361633298,0.48356947522544846
random,7,109,10720,4,12,12,0,1403,0.342529296875,0.37140463557665454,3581,73,955.6543155691224,0.23331404188699278,0.6811506169416411,0.9764403049570515,5.5248197110081545,0.4820865715986357
random,7,110,10816,4,12,12,0,1407,0.343505859375,0.3725216419994415,3581,73,958.8878232188547,0.2341034724655407,0.6815123121669188,0.9764403049570515,5.523877060378053,0.4835125720633105
random,7,111,10912,8,11,11,0,1415,0.345458984375,0.3747556548450154,3581,73,964.4794204755884,0.23546860851454796,0.6816108978626066,0.9764403049570515,5.5257408010601825,0.48544237305198423
random,7,112,11008,4,16,16,0,1419,0.346435546875,0.3758726612678023,3581,73,968.2278814502415,0.23638376011968787,0.6823311356238488,0.9764403049570515,5.52744426117864,0.4834964471748179
random,7,113,11104,1,9,9,0,1420,0.3466796875,0.37615191287349903,3581,73,969.6969982066612,0.23674243120279814,0.6828852100046909,0.9764403049570515,5.528444694756075,0.4814079994916026
random,7,114,11200,8,15,15,0,1428,0.3486328125,0.3781066741133762,3581,74,974.7798744381333,0.2379833677827474,0.6826189596905695,0.9764403049570515,5.533500627367097,0.48087942417647833
random,7,115,11296,4,8,8,0,1432,0.349609375,0.37894442893046637,3581,75,977.6404416622643,0.23868174845270124,0.6827098056300728,0.9764403049570515,5.534280985804822,0.47770518472382717
random,7,116,11392,4,11,11,0,1436,0.3505859375,0.37978218374755657,3581,76,981.025735392108,0.23950823617971387,0.6831655538942256,0.9764403049570515,5.532604219438706,0.4757353953351789
random,7,117,11488,2,7,7,0,1438,0.35107421875,0.38034068695895,3581,76,983.5413335690986,0.2401223958908932,0.6839647660424886,0.9764403049570515,5.535330248329077,0.4791483404945468
random,7,118,11584,2,11,11,0,1440,0.3515625,0.38089919017034346,3581,76,986.0138578274846,0.24072603950866323,0.684731845713531,0.9764403049570515,5.5348341639768,0.48366555157904456
random,7,119,11680,6,15,15,0,1446,0.35302734375,0.38229544819882716,3581,77,991.9569656067051,0.2421769935563245,0.6860006677778043,0.9764403049570515,5.537883827517275,0.4798814666247919
random,7,120,11776,7,11,11,0,1453,0.354736328125,0.38397095783300755,3581,78,996.7210013697206,0.24334008822502945,0.6859745363865937,0.9764403049570515,5.540847217551152,0.48367514602602324
random,7,121,11872,6,11,11,0,1459,0.356201171875,0.38564646746718795,3581,78,1001.314645318817,0.24446158332978932,0.6863020187243434,0.9764403049570515,5.5434323227568925,0.4805170275725689
random,7,122,11968,7,14,14,0,1466,0.35791015625,0.3876012287070651,3581,78,1007.1226611902539,0.24587955595465183,0.6869868084517421,0.9764403049570515,5.54967259754349,0.4829678773494211
random,7,123,12064,2,9,9,0,1468,0.3583984375,0.3878804803127618,3581,79,1009.0727837945183,0.24635566010608356,0.687379280513977,0.9764403049570515,5.5499681490983335,0.4807430021230059
random,7,124,12160,6,10,10,0,1474,0.35986328125,0.3895559899469422,3581,79,1013.5238727650635,0.24744235174928308,0.6876009991621869,0.9764403049570515,5.55127981501974,0.48185852020518016
random,7,125,12256,6,14,14,0,1480,0.361328125,0.3909522479754259,3581,80,1017.6433127739999,0.24844807440771483,0.6875968329554053,0.9764403049570515,5.555554633695853,0.48821886552570387
random,7,126,12352,6,10,10,0,1486,0.36279296875,0.3923485060039095,3581,81,1022.6944236517461,0.24968125577435207,0.6882196659836783,0.9764403049570515,5.557206420260515,0.48416463701728774
random,7,127,12448,4,8,8,0,1490,0.36376953125,0.3934655124266965,3581,81,1025.5852932846274,0.25038703449331723,0.6883122773722331,0.9764403049570515,5.55994542996813,0.4803559735454125
random,7,128,12544,6,14,14,0,1496,0.365234375,0.3948617704551801,3581,82,1030.6506612586668,0.2516236965963542,0.6889376077932264,0.9764403049570515,5.560780222414007,0.4826929430970044
random,7,129,12640,2,8,8,0,1498,0.36572265625,0.39542027366657356,3581,82,1032.746084439755,0.25213527452142453,0.6894166117755373,0.9764403049570515,5.563653757094719,0.4797080742686702
random,7,130,12736,7,17,17,0,1505,0.367431640625,0.3973750349064507,3581,82,1038.1519481957355,0.2534550654774745,0.6898019589340435,0.9764403049570515,5.566531290895123,0.4816685723492896
random,7,131,12832,8,14,14,0,1513,0.369384765625,0.39960904775202455,3581,82,1043.8995974235359,0.25485830015223043,0.6899534682244123,0.9764403049570515,5.572459059441809,0.480731198598238
random,7,132,12928,1,9,9,0,1514,0.36962890625,0.3998882993577213,3581,82,1045.4586954313504,0.25523893931429453,0.6905275399150267,0.9764403049570515,5.573349246091645,0.489554149238495
random,7,133,13024,6,15,15,0,1520,0.37109375,0.4015638089919017,3581,82,1050.6690082323455,0.256510988337975,0.6912296106791747,0.9764403049570515,5.573355866157005,0.4803527945167885
random,7,134,13120,6,12,12,0,1526,0.37255859375,0.4029600670203854,3581,83,1055.6438649314878,0.257725552961789,0.6917718643063485,0.9764403049570515,5.575667241752599,0.48537715547830895
random,7,135,13216,5,6,6,0,1531,0.373779296875,0.40435632504886904,3581,83,1059.0061287903704,0.25854641816171153,0.6917087712543243,0.9764403049570515,5.578471157673352,0.4789291439589055
random,7,136,13312,2,8,8,0,1533,0.374267578125,0.4049148282602625,3581,83,1061.3677018661367,0.2591229740884123,0.6923468374860644,0.9764403049570515,5.578155401556384,0.48512657334269005
random,7,137,13408,6,14,13,0,1539,0.375732421875,0.4065903378944429,3581,83,1066.0895441894668,0.26027576762438154,0.69271575320953,0.9764403049570515,5.578632313054947,0.488735851792653
random,7,138,13504,8,14,14,0,1547,0.377685546875,0.4088243507400168,3581,83,1072.2429452750248,0.26177806281128535,0.6931111475598092,0.9764403049570515,5.582152100528963,0.4908642446945608
random,7,139,13600,2,4,4,0,1549,0.378173828125,0.4093828539514102,3581,83,1073.7965563728314,0.2621573623957108,0.6932192100534741,0.9764403049570515,5.581831487982875,0.4813193795840169
random,7,140,13696,5,10,10,0,1554,0.37939453125,0.41077911197989386,3581,83,1077.3806856339047,0.26303239395359,0.6932951645005822,0.9764403049570515,5.584153473692554,0.4815414458456443
random,7,141,13792,6,13,13,0,1560,0.380859375,0.41245462161407426,3581,83,1082.57418134721,0.2643003372429712,0.6939578085559038,0.9764403049570515,5.586689212451432,0.48063425262317583
random,7,142,13888,11,18,18,0,1571,0.383544921875,0.41552638927673835,3581,83,1091.5998355061336,0.26650386609036464,0.6948439436703587,0.9764403049570515,5.594610386993009,0.4845634467671094
random,7,143,13984,5,11,11,0,1576,0.384765625,0.4166433956995253,3581,84,1095.2621586265825,0.267397987945943,0.694963298620928,0.9764403049570515,5.594326089521896,0.4814769259344831
random,7,144,14080,5,14,13,0,1581,0.385986328125,0.41803965372800894,3581,84,1099.321090044747,0.2683889379992058,0.6953327577765636,0.9764403049570515,5.598895385724538,0.48411453296161194
random,7,145,14176,7,12,12,0,1588,0.3876953125,0.4199944149678861,3581,84,1104.7861573418477,0.26972318294478703,0.6957091670918436,0.9764403049570515,5.602187055366162,0.4892649909600499
random,7,146,14272,3,11,11,0,1591,0.388427734375,0.4208321697849763,3581,84,1107.5995503040626,0.2704100464609528,0.6961656507253694,0.9764403049570515,5.6015927507011085,0.4856889319181851
random,7,147,14368,4,12,12,0,1595,0.389404296875,0.4219491762077632,3581,84,1110.843270043842,0.2712019702255474,0.6964534608425342,0.9764403049570515,5.601954098761258,0.4878089515662639
random,7,148,14464,7,16,16,0,1602,0.39111328125,0.4239039374476403,3581,84,1117.355453484869,0.27279185876095435,0.6974753142851866,0.9764403049570515,5.6045571465237085,0.49106596106654676
random,7,149,14560,3,9,9,0,1605,0.391845703125,0.4247416922647305,3581,84,1120.2846086764803,0.2735069845401563,0.6979966409199254,0.9764403049570515,5.605458408297821,0.48634041131873407
random,7,150,14656,5,8,8,0,1610,0.39306640625,0.42613795029321416,3581,84,1124.1363991114722,0.27444736306432427,0.6982213659077467,0.9764403049570515,5.607130212752697,0.4899406184382308
random,7,151,14752,6,12,12,0,1616,0.39453125,0.42781345992739456,3581,84,1129.4865940932445,0.27575356301104603,0.6989397240676019,0.9764403049570515,5.610453008328899,0.48379424908465374
random,7,152,14848,3,9,9,0,1619,0.395263671875,0.42865121474448475,3581,84,1132.1673830848513,0.27640805251095,0.6993004219177587,0.9764403049570515,5.611274114949069,0.49297129751464464
random,7,153,14944,4,12,12,0,1623,0.396240234375,0.4297682211672717,3581,84,1134.8491940184663,0.2770627915084146,0.69922932471871,0.9764403049570515,5.611881046500436,0.48730773916445813
random,7,154,15040,0,4,4,0,1623,0.396240234375,0.4297682211672717,3581,84,1135.100156874813,0.27712406173701487,0.699383953712146,0.9764403049570515,5.611881046500436,0.49612763970361146
random,7,155,15136,5,8,8,0,1628,0.3974609375,0.43088522759005865,3581,85,1138.587284419507,0.2779754112352312,0.6993779388326209,0.9764403049570515,5.615566193423066,0.4923532740762312
random,7,156,15232,1,4,4,0,1629,0.397705078125,0.4311644791957554,3581,85,1140.1290804798898,0.2783518262890356,0.6998950770287844,0.9764403049570515,5.615613180808694,0.4881898520959339
random,7,157,15328,8,13,13,0,1637,0.399658203125,0.43339849204132924,3581,85,1145.3048164857544,0.2796154337123424,0.6996364181342422,0.9764403049570515,5.6180813663844695,0.4919893569682887
random,7,158,15424,5,13,13,0,1642,0.40087890625,0.4347947500698129,3581,85,1149.6180890157434,0.28066847876360923,0.7001328191326086,0.9764403049570515,5.619741727655009,0.5011466119455521
random,7,159,15520,4,11,11,0,1646,0.40185546875,0.43591175649259983,3581,85,1153.2152032179547,0.28154668047313347,0.7006167698772507,0.9764403049570515,5.619972972235901,0.4943768934340738
random,7,160,15616,7,13,13,0,1653,0.403564453125,0.437866517732477,3581,85,1158.7652339100844,0.2829016684350792,0.7010074010345337,0.9764403049570515,5.62538683347525,0.4831461257531179
random,7,161,15712,2,12,12,0,1655,0.404052734375,0.4384250209438704,3581,85,1161.052686136706,0.2834601284513442,0.7015424085418163,0.9764403049570515,5.624899227769213,0.4879340486171193
random,7,162,15808,3,9,9,0,1658,0.40478515625,0.4392627757609606,3581,85,1163.4599246606845,0.2840478331691124,0.7017249244033079,0.9764403049570515,5.623956806570353,0.4874740040475054
random,7,163,15904,6,9,9,0,1664,0.40625,0.440938285395141,3581,85,1167.3082441604456,0.2849873642969838,0.7015073582694986,0.9764403049570515,5.628039649503897,0.48451433780462694
random,7,164,16000,3,7,7,0,1667,0.406982421875,0.4417760402122312,3581,85,1169.7925408250849,0.28559388203737424,0.701735177459559,0.9764403049570515,5.628543441981542,0.4913282104358294
random,7,165,16096,7,17,17,0,1674,0.40869140625,0.44373080145210836,3581,85,1175.4799493675926,0.2869824095135724,0.7021982971132572,0.9764403049570515,5.627870008702583,0.48710417926109595
random,7,166,16192,4,12,12,0,1678,0.40966796875,0.4448478078748953,3581,85,1178.7119551353535,0.28777147342171716,0.7024505096158244,0.9764403049570515,5.6284567077193755,0.4945795941677088
random,7,167,16288,4,6,6,0,1682,0.41064453125,0.4459648142976822,3581,85,1181.4090367131048,0.28842994060378535,0.7023834938841289,0.9764403049570515,5.628864387288687,0.487619188893473
random,7,168,16384,4,12,12,0,1686,0.41162109375,0.44708182072046915,3581,85,1185.1061891585541,0.2893325657125376,0.7029099579825351,0.9764403049570515,5.630040732418244,0.48972824812113086
random,7,169,16480,4,12,12,0,1690,0.41259765625,0.4481988271432561,3581,85,1187.912826604622,0.29001777993276906,0.7029069979909006,0.9764403049570515,5.634189183880453,0.4845808625258117
random,7,170,16576,2,7,7,0,1692,0.4130859375,0.44875733035464954,3581,85,1189.755898526644,0.29046774866373143,0.7031654246611371,0.9764403049570515,5.633921011416188,0.4827108686863314
random,7,171,16672,1,6,6,0,1693,0.413330078125,0.4490365819603463,3581,85,1191.3491072044167,0.2908567156260783,0.7036911442436011,0.9764403049570515,5.633656326287259,0.4876935383828567
random,7,172,16768,1,9,9,0,1694,0.41357421875,0.449315833566043,3581,85,1193.2264354959507,0.2913150477285036,0.704383964283324,0.9764403049570515,5.63332217517352,0.4944561723146287
random,7,173,16864,3,10,10,0,1697,0.414306640625,0.4501535883831332,3581,85,1195.5545971133454,0.29188344656087534,0.7045106641799325,0.9764403049570515,5.634252108130911,0.490245719214397
random,7,174,16960,7,14,14,0,1704,0.416015625,0.4515498464116169,3581,87,1201.0177357005543,0.29321722063001815,0.7048226148477431,0.9764403049570515,5.635686806431676,0.48859196753794754
random,7,175,17056,7,13,13,0,1711,0.417724609375,0.453504607651494,3581,87,1206.3525190365397,0.2945196579679052,0.7050569953457274,0.9764403049570515,5.63672200210776,0.4916267402758381
random,7,176,17152,4,11,11,0,1715,0.418701171875,0.45434236246858417,3581,88,1209.5358383652874,0.29529683553840025,0.7052687104170772,0.9764403049570515,5.636515684477307,0.4886276436992609
random,7,177,17248,3,6,6,0,1718,0.41943359375,0.45518011728567437,3581,88,1211.717910019088,0.29582956787575393,0.7053072817340443,0.9764403049570515,5.636503219867868,0.48880453571054316
random,7,178,17344,3,8,8,0,1721,0.420166015625,0.45601787210276457,3581,88,1214.9449677081338,0.2966174237568686,0.7059529155770679,0.9764403049570515,5.6367917682911814,0.48269508424446106
random,7,179,17440,3,9,9,0,1724,0.4208984375,0.45685562691985476,3581,88,1217.2114714487716,0.29717076939667275,0.7060391365712132,0.9764403049570515,5.638140935670224,0.49077786713546856
random,7,180,17536,3,8,8,0,1727,0.421630859375,0.45741413013124826,3581,89,1219.7910508810066,0.29780054953149576,0.7063063409849488,0.9764403049570515,5.640547376659322,0.4933935823554476
random,7,181,17632,5,11,11,0,1732,0.4228515625,0.4585311365540352,3581,90,1223.3761424875931,0.29867581603701004,0.7063372647157005,0.9764403049570515,5.641388896637685,0.4934411554604464
random,7,182,17728,7,10,10,0,1739,0.424560546875,0.4604858977939123,3581,90,1227.6152057384786,0.29971074358849575,0.7059316881762384,0.9764403049570515,5.644745403450674,0.4878542724583529
random,7,183,17824,3,8,8,0,1742,0.42529296875,0.4613236526110025,3581,90,1230.1715424925253,0.3003348492413392,0.7061834342666621,0.9764403049570515,5.645562970430889,0.48641078469095983
random,7,184,17920,3,7,7,0,1745,0.426025390625,0.4621614074280927,3581,90,1232.825468376744,0.30098278036541604,0.7064902397574465,0.9764403049570515,5.647769780322607,0.482353098018494
random,7,185,18016,2,4,4,0,1747,0.426513671875,0.4627199106394862,3581,90,1234.177910069862,0.3013129663256499,0.7064555867600814,0.9764403049570515,5.648747627041823,0.4949094131374122
random,7,186,18112,0,7,7,0,1747,0.426513671875,0.4627199106394862,3581,90,1235.1457574279548,0.30154925718455927,0.7070095921167457,0.9764403049570515,5.648747627041823,0.48486223699765113
random,7,187,18208,6,7,7,0,1753,0.427978515625,0.4643954202736666,3581,90,1239.4787718971843,0.302607122045211,0.7070614785494491,0.9764403049570515,5.6523870219845245,0.48470172755272034
random,7,188,18304,3,6,6,0,1756,0.4287109375,0.4652331750907568,3581,90,1241.714811026552,0.3031530300357793,0.7071268855504282,0.9764403049570515,5.652610902317187,0.4993410286283506
random,7,189,18400,4,9,9,0,1760,0.4296875,0.4663501815135437,3581,90,1245.2606053314244,0.3040187024734923,0.7075344348474002,0.9764403049570515,5.654775773661184,0.497442461529136
random,7,190,18496,4,10,10,0,1764,0.4306640625,0.4671879363306339,3581,91,1248.6401527711525,0.30484378729764466,0.7078458915936239,0.9764403049570515,5.65579241573886,0.49439407913390093
random,7,191,18592,3,10,10,0,1767,0.431396484375,0.4680256911477241,3581,91,1251.6780320538032,0.30558545704438556,0.7083633458142633,0.9764403049570515,5.657996326075219,0.4943113844707134
random,7,192,18688,1,6,6,0,1768,0.431640625,0.4683049427534208,3581,91,1253.0910716589246,0.30593043741672965,0.7087619183591203,0.9764403049570515,5.65771361457532,0.48787730300332455
random,7,193,18784,4,8,8,0,1772,0.4326171875,0.4694219491762078,3581,91,1256.1715887511139,0.3066825167849399,0.7089004451191387,0.9764403049570515,5.658142889438776,0.4895190820384199
random,7,194,18880,5,15,15,0,1777,0.433837890625,0.4708182072046914,3581,91,1260.5582819759584,0.3077534868105367,0.7093743849048725,0.9764403049570515,5.662321156781539,0.4954443750226666
random,7,195,18976,3,8,8,0,1780,0.4345703125,0.47137671041608487,3581,92,1263.4338732791712,0.30845553546854765,0.7097943108309951,0.9764403049570515,5.66395357341443,0.49526391476564485
random,7,196,19072,2,9,9,0,1782,0.43505859375,0.47193521362747837,3581,92,1264.908344577187,0.3088155138127898,0.7098251091903407,0.9764403049570515,5.664676593406506,0.4903180964987114
random,7,197,19168,3,7,7,0,1785,0.435791015625,0.47277296844456856,3581,92,1267.1559469538897,0.3093642448617895,0.7098912868089018,0.9764403049570515,5.665780107614095,0.49168123343589143
random,7,198,19264,5,13,13,0,1790,0.43701171875,0.4741692264730522,3581,92,1270.9986079061248,0.31030239450833125,0.7100550882157122,0.9764403049570515,5.667275145632761,0.49978554746860104
random,7,199,19360,4,14,14,0,1794,0.43798828125,0.47528623289583916,3581,92,1275.2272814952596,0.3113347855213036,0.7108290309338124,0.9764403049570515,5.66984509438152,0.4947694953291499
random,7,200,19456,1,5,5,0,1795,0.438232421875,0.4755654845015359,3581,92,1275.8669399801197,0.3114909521435839,0.7107893816045235,0.9764403049570515,5.669676074530716,0.49300150780159063
random,7,201,19552,4,9,9,0,1799,0.439208984375,0.4766824909243228,3581,92,1279.0240762588496,0.3122617373678832,0.7109639112055862,0.9764403049570515,5.670357389360445,0.48832511283336544
random,7,202,19648,6,9,9,0,1805,0.440673828125,0.4780787489528065,3581,93,1283.1086734861403,0.31325895348782723,0.7108635310172523,0.9764403049570515,5.673860349169782,0.4889773089336022
random,7,203,19744,5,8,8,0,1810,0.44189453125,0.4791957553755934,3581,94,1286.5298745782343,0.31409420766070173,0.7107899859548256,0.9764403049570515,5.675111468378287,0.5027531658668518
random,7,204,19840,0,4,4,0,1810,0.44189453125,0.4791957553755934,3581,94,1286.885316298698,0.3141809854244868,0.7109863625959657,0.9764403049570515,5.675111468378287,0.4930296715443675
random,7,205,19936,2,4,4,0,1812,0.4423828125,0.4797542585869869,3581,94,1288.2284736160823,0.31450890469142634,0.710942866234041,0.9764403049570515,5.674654148961235,0.4993568859169609
random,7,206,20032,2,11,11,0,1814,0.44287109375,0.48031276179838034,3581,94,1291.1702746935512,0.31522711784510526,0.7117807467990911,0.9764403049570515,5.676312783187288,0.49875154023477913
random,7,207,20128,8,17,17,0,1822,0.44482421875,0.4825467746439542,3581,94,1297.5878550552397,0.31679390992559564,0.7121777470116574,0.9764403049570515,5.678101089011308,0.49151781243732795
random,7,208,20224,6,7,7,0,1828,0.4462890625,0.4842222842781346,3581,94,1301.6003544541468,0.31777352403665693,0.7120352048436251,0.9764403049570515,5.678882311061985,0.49147630582049284
random,7,209,20320,2,11,11,0,1830,0.44677734375,0.4847807874895281,3581,94,1304.4700344265755,0.31847412949867565,0.7128251554243582,0.9764403049570515,5.679203490365387,0.493014054730467
random,7,210,20416,6,10,10,0,1836,0.4482421875,0.48645629712370847,3581,94,1308.8628600721136,0.31954659669729335,0.7128882680131338,0.9764403049570515,5.681123550953614,0.494917968766155
random,7,211,20512,4,8,8,0,1840,0.44921875,0.4875733035464954,3581,94,1311.365701727374,0.32015764202328467,0.7126987509387902,0.9764403049570515,5.681503901005964,0.4899918973771871
random,7,212,20608,2,8,8,0,1842,0.44970703125,0.48813180675788886,3581,94,1312.9860445117606,0.32055323352337906,0.7128045844254943,0.9764403049570515,5.6808780335168425,0.49031591289708654
random,7,213,20704,3,11,11,0,1845,0.450439453125,0.48896956157497906,3581,94,1316.7321733226477,0.32146781575259953,0.713675974700622,0.9764403049570515,5.6816873224789886,0.49888279600695545
random,7,214,20800,4,7,7,0,1849,0.451416015625,0.490086567997766,3581,94,1319.4334341355325,0.32212730325574523,0.7135929876341441,0.9764403049570515,5.681078852062699,0.4904049555762039
random,7,215,20896,5,10,10,0,1854,0.45263671875,0.49148282602624965,3581,94,1323.2037384397854,0.32304778770502574,0.7137021242933039,0.9764403049570515,5.680867150499177,0.4897096461719027
random,7,216,20992,3,7,7,0,1857,0.453369140625,0.49232058084333985,3581,94,1325.61910884588,0.32363747774557616,0.713849816287496,0.9764403049570515,5.682575488802469,0.493418999274336
random,7,217,21088,4,9,9,0,1861,0.454345703125,0.4934375872661268,3581,94,1328.5690475895226,0.3243576776341608,0.7139006166520809,0.9764403049570515,5.6854378199202955,0.4988186345681469
random,7,218,21184,6,9,9,0,1867,0.455810546875,0.4951130969003072,3581,94,1333.355431399339,0.32552622836897926,0.7141700221742576,0.9764403049570515,5.68855324839712,0.49083796126938667
random,7,219,21280,2,4,4,0,1869,0.456298828125,0.49567160011170064,3581,94,1334.8189697710227,0.3258835375417536,0.7141888548801619,0.9764403049570515,5.688619738778242,0.4911570726003334
random,7,220,21376,4,11,11,0,1873,0.457275390625,0.4967886065344876,3581,94,1338.085850108007,0.32668111574902514,0.7144078217341201,0.9764403049570515,5.688714097167674,0.49607122567331696
random,7,221,21472,4,6,6,0,1877,0.458251953125,0.4979056129572745,3581,94,1340.7248006495026,0.32732539078357,0.7142913162757073,0.9764403049570515,5.690973341263241,0.49018945194153096
random,7,222,21568,5,9,9,0,1882,0.45947265625,0.4990226193800614,3581,95,1344.424140731307,0.32822854998322926,0.714359267126093,0.9764403049570515,5.692914161938973,0.4945876194188574
random,7,223,21664,6,9,9,0,1888,0.4609375,0.5004188774085451,3581,96,1348.9470382481547,0.3293327730098034,0.714484660089065,0.9764403049570515,5.6945784632979,0.4956555247389202
random,7,224,21760,1,8,8,0,1889,0.461181640625,0.5006981290142418,3581,96,1350.1640238925293,0.329629888645637,0.714750674374023,0.9764403049570515,5.695139267905879,0.4907587587680875
random,7,225,21856,2,5,5,0,1891,0.461669921875,0.5012566322256353,3581,96,1351.7711615089472,0.3300222562277703,0.7148446121147262,0.9764403049570515,5.696361420044836,0.49053027923007897
random,7,226,21952,2,7,7,0,1893,0.462158203125,0.5018151354370287,3581,96,1353.9089795778261,0.3305441844672427,0.7152186896871771,0.9764403049570515,5.696062726967079,0.4948610375457681
random,7,227,22048,2,6,6,0,1895,0.462646484375,0.5023736386484222,3581,96,1355.818331686855,0.33101033488448606,0.715471415138182,0.9764403049570515,5.696120520131117,0.4970473923804893
random,7,228,22144,1,5,5,0,1896,0.462890625,0.502652890254119,3581,96,1357.1971109818214,0.33134695092329625,0.7158212610663615,0.9764403049570515,5.69693738242965,0.4930057564686792
random,7,229,22240,2,2,2,0,1898,0.46337890625,0.5032113934655125,3581,96,1358.1638949390144,0.3315829821628453,0.7155763408530108,0.9764403049570515,5.696605611589336,0.4967089973820409
random,7,230,22336,3,6,6,0,1901,0.464111328125,0.5040491482826026,3581,96,1360.368036824419,0.3321211027403367,0.7156065422537712,0.9764403049570515,5.69582072350272,0.495240009039158
random,7,231,22432,1,6,6,0,1902,0.46435546875,0.5043283998882994,3581,96,1361.4450742834329,0.3323840513387287,0.7157965690238869,0.9764403049570515,5.696700846699748,0.4965107597422307
random,7,232,22528,2,5,5,0,1904,0.46484375,0.5048869030996929,3581,96,1362.8280244466669,0.3327216856559245,0.7157710212429973,0.9764403049570515,5.6978329516051796,0.4930785314417342
random,7,233,22624,3,9,9,0,1907,0.465576171875,0.5054454063110863,3581,97,1365.6453815039122,0.33340951696872856,0.7161223814913016,0.9764403049570515,5.700143399610207,0.4948407582488667
random,7,234,22720,4,6,6,0,1911,0.466552734375,0.5065624127338733,3581,97,1368.7519863830762,0.3341679654255557,0.7162490771235355,0.9764403049570515,5.702874029126758,0.4956980321005259
random,7,235,22816,6,13,13,0,1917,0.468017578125,0.5082379223680537,3581,97,1373.2157706602297,0.33525775650884515,0.7163358219406519,0.9764403049570515,5.704265771482672,0.49446388261087804
random,7,236,22912,2,6,6,0,1919,0.468505859375,0.508796425579447,3581,97,1374.4276731179286,0.3355536311323068,0.7162207780708331,0.9764403049570515,5.705503381635079,0.49178188432112857
random,7,237,23008,2,7,7,0,1921,0.468994140625,0.5093549287908405,3581,97,1376.5516804014885,0.33607218759801966,0.7165807810523105,0.9764403049570515,5.705962984947531,0.4941670718956519
random,7,238,23104,2,8,8,0,1923,0.469482421875,0.509913432002234,3581,97,1378.3398808131544,0.33650875996414903,0.7167654086391859,0.9764403049570515,5.70596082847578,0.493110659260666
random,7,239,23200,3,8,8,0,1926,0.47021484375,0.5107511868193242,3581,97,1381.4567812322387,0.337269721980527,0.7172672799752018,0.9764403049570515,5.706832735224671,0.4927588508219374
random,7,240,23296,3,6,6,0,1929,0.470947265625,0.5113096900307177,3581,98,1384.3238796313758,0.33796969717562886,0.7176380920846945,0.9764403049570515,5.707943096966881,0.5008518574780552
random,7,241,23392,7,11,11,0,1936,0.47265625,0.5129851996648981,3581,99,1389.016035308049,0.33911524299512913,0.7174669603863889,0.9764403049570515,5.709040848888259,0.5019106952454127
random,7,242,23488,5,11,11,0,1941,0.473876953125,0.5138229544819882,3581,101,1392.3810925710645,0.33993679017848255,0.7173524433647936,0.9764403049570515,5.713027933082337,0.49558540836303633
random,7,243,23584,1,6,6,0,1942,0.47412109375,0.514102206087685,3581,101,1393.2578526064658,0.34015084292150044,0.7174345276037414,0.9764403049570515,5.712782541826403,0.4967328001518553
random,7,244,23680,2,5,5,0,1944,0.474609375,0.5146607092990785,3581,101,1394.7947066360534,0.34052605142481773,0.7174869890103156,0.9764403049570515,5.713039267013612,0.4968789594969991
random,7,245,23776,5,9,9,0,1949,0.475830078125,0.5160569673275621,3581,101,1398.4428268076326,0.3414167057635822,0.7175181256067894,0.9764403049570515,5.7148775908924225,0.4989442005515167
random,7,246,23872,4,9,9,0,1953,0.476806640625,0.517173973750349,3581,101,1401.098073010235,0.34206495923101443,0.7174081275014005,0.9764403049570515,5.71636283513197,0.4997326523901447
random,7,247,23968,6,10,10,0,1959,0.478271484375,0.5188494833845294,3581,101,1405.8955775674017,0.3432362249920414,0.7176598149910167,0.9764403049570515,5.717794795198682,0.490451639066937
random,7,248,24064,4,13,13,0,1963,0.479248046875,0.5199664898073164,3581,101,1409.7320991136337,0.3441728757601645,0.7181518589473427,0.9764403049570515,5.718820083895217,0.50268161048814
random,7,249,24160,0,6,6,0,1963,0.479248046875,0.5199664898073164,3581,101,1410.4023469720944,0.344336510491234,0.7184932995273023,0.9764403049570515,5.718820083895217,0.5043038811555642
random,7,250,24256,5,6,6,0,1968,0.48046875,0.5210834962301033,3581,102,1413.3830681474153,0.34506422562192757,0.7181824533269386,0.9764403049570515,5.721338807114264,0.49750514457186706
random,7,251,24352,4,6,6,0,1972,0.4814453125,0.5222005026528903,3581,102,1416.2010796279585,0.34575221670604456,0.7181547056936909,0.9764403049570515,5.721317328417086,0.5014197980448698
random,7,252,24448,3,7,7,0,1975,0.482177734375,0.5230382574699804,3581,102,1418.556247787099,0.3463272089323972,0.7182563279934678,0.9764403049570515,5.720703639461598,0.498612266510592
random,7,253,24544,2,7,7,0,1977,0.482666015625,0.523596760681374,3581,102,1420.692616249772,0.3468487832641045,0.7186103268840527,0.9764403049570515,5.720872714138624,0.5015455468926628
random,7,254,24640,2,5,5,0,1979,0.483154296875,0.5238760122870707,3581,103,1422.23703413267,0.3472258384112964,0.7186644942560233,0.9764403049570515,5.721801397139126,0.4959939829301873
random,7,255,24736,3,7,7,0,1982,0.48388671875,0.5247137671041608,3581,103,1424.7655896585218,0.34784316153772504,0.7188524670325539,0.9764403049570515,5.722970467318875,0.49597169562912
random,7,256,24832,5,9,9,0,1987,0.485107421875,0.5258307735269477,3581,104,1428.210214152678,0.34868413431461864,0.7187771586072863,0.9764403049570515,5.723592472317245,0.5008983984122735
random,7,257,24928,0,5,5,0,1987,0.485107421875,0.5258307735269477,3581,104,1429.0620836565972,0.34889211026772393,0.7192058800486146,0.9764403049570515,5.723592472317245,0.49636994217120256
random,7,258,25024,5,9,9,0,1992,0.486328125,0.5272270315554315,3581,104,1432.2245695264703,0.3496642015445484,0.7189882377140915,0.9764403049570515,5.723675254731281,0.49077675847129953
random,7,259,25120,5,9,9,0,1997,0.487548828125,0.5286232895839151,3581,104,1436.4494227705804,0.35069565985609874,0.7193036668856186,0.9764403049570515,5.725182822659301,0.49103686406337455
random,7,260,25216,4,7,7,0,2001,0.488525390625,0.529740296006702,3581,104,1439.3882820232586,0.3514131547908346,0.7193344737747419,0.9764403049570515,5.726467131518534,0.49945023920753695
random,7,261,25312,2,8,8,0,2003,0.489013671875,0.5300195476123988,3581,105,1441.3262267034897,0.3518862858162817,0.7195837377451272,0.9764403049570515,5.72734509166119,0.492734106729569
random,7,262,25408,4,7,7,0,2007,0.489990234375,0.5308573024294889,3581,106,1444.5945546369992,0.35268421744067363,0.7197780541290479,0.9764403049570515,5.729243998291049,0.5000370510024816
random,7,263,25504,8,11,11,0,2015,0.491943359375,0.5330913152750628,3581,106,1449.8334121043517,0.353963235377039,0.7195203037738719,0.9764403049570515,5.731769816041769,0.49817613232792296
random,7,264,25600,3,11,11,0,2018,0.49267578125,0.5336498184864563,3581,107,1452.524533433565,0.35462024742030396,0.7197842088372473,0.9764403049570515,5.732748858820636,0.49803558408721804
random,7,265,25696,1,3,3,0,2019,0.492919921875,0.5339290700921531,3581,107,1453.2872386193803,0.35480645474105965,0.7198054673696782,0.9764403049570515,5.732838152220889,0.5037182574527855
random,7,266,25792,5,11,11,0,2024,0.494140625,0.5353253281206367,3581,107,1457.525872954061,0.35584127757667505,0.7201214787322436,0.9764403049570515,5.7329010521697334,0.5006571329808439
random,7,267,25888,1,5,5,0,2025,0.494384765625,0.5356045797263335,3581,107,1458.4027251146176,0.35605535281118594,0.7201988765998112,0.9764403049570515,5.733754060415702,0.49932898430503647
random,7,268,25984,3,9,9,0,2028,0.4951171875,0.5364423345434236,3581,107,1461.1558970249055,0.35672751392209606,0.7204910734836812,0.9764403049570515,5.734906836465764,0.4979566311032376
random,7,269,26080,1,5,5,0,2029,0.495361328125,0.5367215861491204,3581,107,1462.0102859555893,0.3569361049696263,0.7205570655276439,0.9764403049570515,5.735192177939258,0.4955342734412347
random,7,270,26176,5,14,14,0,2034,0.49658203125,0.538117844177604,3581,107,1466.1901750081684,0.3579565856953536,0.7208407940059824,0.9764403049570515,5.737364343984324,0.5053078910114094
random,7,271,26272,3,6,6,0,2037,0.497314453125,0.5389555989946943,3581,107,1468.181635081712,0.3584427820023711,0.7207568164367757,0.9764403049570515,5.738076320487857,0.49724500694852425
random,7,272,26368,2,6,6,0,2039,0.497802734375,0.5395141022060876,3581,107,1469.7400864447152,0.3588232632921668,0.7208141669665107,0.9764403049570515,5.737612394163119,0.49471253557821826
random,7,273,26464,3,8,8,0,2042,0.49853515625,0.5403518570231779,3581,107,1472.368596822641,0.3594649894586526,0.721042407846543,0.9764403049570515,5.738118396711889,0.5014516644294013
random,7,274,26560,1,5,5,0,2043,0.498779296875,0.5406311086288746,3581,107,1473.5302551097611,0.3597485974389065,0.7212580788594034,0.9764403049570515,5.737881762334907,0.5028389670016661
random,7,275,26656,0,2,2,0,2043,0.498779296875,0.5406311086288746,3581,107,1473.8043225963354,0.35981550844637095,0.7213922283878293,0.9764403049570515,5.737881762334907,0.49627744272442076
random,7,276,26752,3,7,7,0,2046,0.49951171875,0.5414688634459648,3581,107,1476.4166112540206,0.3604532742319386,0.7216112469472241,0.9764403049570515,5.739287801850779,0.4921413559331134
random,7,277,26848,2,9,9,0,2048,0.5,0.5420273666573583,3581,107,1478.3933861868964,0.36093588529953524,0.7218717705990705,0.9764403049570515,5.739886559505875,0.4993694643896516
random,7,278,26944,3,8,8,0,2051,0.500732421875,0.5428651214744484,3581,107,1480.7080409121272,0.3615009865508123,0.7219444373047914,0.9764403049570515,5.7407499324260485,0.5027475038594756
random,7,279,27040,4,9,9,0,2055,0.501708984375,0.5439821278972354,3581,107,1484.4889357030736,0.3624240565681332,0.7223790441377487,0.9764403049570515,5.741760782283,0.4954810173623262
random,7,280,27136,5,9,9,0,2060,0.5029296875,0.5453783859257191,3581,107,1487.5787397597878,0.36317840326166695,0.7221256018251397,0.9764403049570515,5.7431072164271075,0.49529959116101846
random,7,281,27232,1,3,3,0,2061,0.503173828125,0.5456576375314158,3581,107,1488.1369190850833,0.36331467751100666,0.7220460548690361,0.9764403049570515,5.743395105137095,0.5047083210492378
random,7,282,27328,4,7,7,0,2065,0.504150390625,0.5467746439542027,3581,107,1491.212975638295,0.3640656678804431,0.7221370342074067,0.9764403049570515,5.743757664959624,0.49686357742525417
random,7,283,27424,2,8,8,0,2067,0.504638671875,0.5473331471655962,3581,107,1493.3989312306187,0.36459934844497527,0.7224958544898977,0.9764403049570515,5.743665800833679,0.49260199872205634
random,7,284,27520,4,10,10,0,2071,0.505615234375,0.5481709019826864,3581,108,1497.024548208742,0.3654845088400249,0.7228510614238253,0.9764403049570515,5.744690484582501,0.49705977245423266
random,7,285,27616,3,10,10,0,2074,0.50634765625,0.5490086567997766,3581,108,1499.7084867646965,0.36613976727653724,0.7230995596743957,0.9764403049570515,5.7457850983149275,0.49652298179496773
random,7,286,27712,5,11,11,0,2079,0.507568359375,0.5504049148282603,3581,108,1503.1615374134624,0.3669827972200836,0.723021422517298,0.9764403049570515,5.745882754747233,0.49347511455982407
random,7,287,27808,1,8,8,0,2080,0.5078125,0.550684166433957,3581,108,1504.2022735303412,0.36723688318611847,0.7231741699665102,0.9764403049570515,5.74612066723891,0.498201293147932
random,7,288,27904,1,12,12,0,2081,0.508056640625,0.5509634180396538,3581,108,1505.7183280624695,0.36760701368712634,0.7235551792707686,0.9764403049570515,5.746264528149434,0.4975887990865217
random,7,289,28000,1,5,5,0,2082,0.50830078125,0.5512426696453505,3581,108,1506.641959932317,0.3678325097491008,0.7236512775851667,0.9764403049570515,5.746900069588499,0.49925380244009243
random,7,290,28096,4,10,10,0,2086,0.50927734375,0.5523596760681374,3581,108,1510.0777080143048,0.3686713154331799,0.7239106941583436,0.9764403049570515,5.747182925197434,0.4948020296124481
random,7,291,28192,3,11,11,0,2089,0.510009765625,0.5531974308852275,3581,108,1512.8395420707993,0.36934559132587874,0.7241931747586402,0.9764403049570515,5.747954835387612,0.5079691094695928
random,7,292,28288,1,7,7,0,2090,0.51025390625,0.5534766824909243,3581,108,1514.3525028062136,0.36971496650542324,0.7245705755053653,0.9764403049570515,5.748927910171901,0.4919695091245233
random,7,293,28384,1,3,3,0,2091,0.510498046875,0.553755934096621,3581,108,1515.1527135666797,0.36991033046061517,0.7246067496732088,0.9764403049570515,5.7494786599185765,0.4995942649741857
random,7,294,28480,1,4,4,0,2092,0.5107421875,0.5540351857023178,3581,108,1516.015449348545,0.3701209593136096,0.7246727769352509,0.9764403049570515,5.749692822255473,0.49971476974400364
random,7,295,28576,7,11,11,0,2099,0.512451171875,0.5557106953364982,3581,109,1520.7564583062638,0.3712784322036777,0.7245147490739704,0.9764403049570515,5.751138544918699,0.49750945042615063
random,7,296,28672,2,8,8,0,2101,0.512939453125,0.5562691985478917,3581,109,1522.5096288089335,0.371706452345931,0.7246595091903538,0.9764403049570515,5.751515014872419,0.49832327374454155
random,7,297,28768,2,5,5,0,2103,0.513427734375,0.5568277017592851,3581,109,1524.3433484675954,0.37215413780947154,0.7248422959902974,0.9764403049570515,5.752584733960029,0.5058461841296626
random,7,298,28864,3,9,8,0,2106,0.51416015625,0.5576654565763753,3581,109,1526.7469078990396,0.37274094431128896,0.724951048385109,0.9764403049570515,5.753517780535113,0.49484710465123427
random,7,299,28960,3,3,3,0,2109,0.514892578125,0.5585032113934655,3581,109,1528.7545070016497,0.37323108081094963,0.7248717434811046,0.9764403049570515,5.753853942925905,0.4994879608970375
random,7,300,29056,6,9,9,0,2115,0.516357421875,0.5598994694219491,3581,110,1533.0287197141745,0.3742745897739684,0.7248362740965364,0.9764403049570515,5.754181126544308,0.4962382512150119
random,7,301,29152,1,5,5,0,2116,0.5166015625,0.5601787210276459,3581,110,1533.9793094139418,0.37450666733738813,0.7249429628610311,0.9764403049570515,5.754308863279865,0.49225398998182923
random,7,302,29248,5,10,10,0,2121,0.517822265625,0.5615749790561295,3581,110,1537.4623046432275,0.37535700796953797,0.7248761455177876,0.9764403049570515,5.754466265174748,0.5014564987493103
random,7,303,29344,4,10,10,0,2125,0.518798828125,0.5626919854789165,3581,110,1540.7172093357867,0.3761516624354948,0.7250433926286055,0.9764403049570515,5.75543752950706,0.5045112260246097
random,7,304,29440,3,6,6,0,2128,0.51953125,0.5632504886903099,3581,111,1542.6976341229547,0.3766351645807995,0.7249518957344712,0.9764403049570515,5.755292545398246,0.5004394648999042
random,7,305,29536,1,8,8,0,2129,0.519775390625,0.5635297402960067,3581,111,1544.0120008764059,0.3769560549014663,0.7252287463017406,0.9764403049570515,5.755060479858384,0.49820259403121026
random,7,306,29632,2,5,5,0,2131,0.520263671875,0.5638089919017034,3581,112,1545.6195255052933,0.37734851696906574,0.7253024521376318,0.9764403049570515,5.756058540429958,0.49417909145982364
random,7,307,29728,1,4,4,0,2132,0.5205078125,0.5640882435074002,3581,112,1546.5616824182894,0.3775785357466527,0.7254041662374716,0.9764403049570515,5.75638076608668,0.49930687244337624
random,7,308,29824,0,3,3,0,2132,0.5205078125,0.5640882435074002,3581,112,1546.7921703601792,0.3776348072168406,0.7255122750282267,0.9764403049570515,5.75638076608668,0.5032859163052882
random,7,309,29920,2,6,6,0,2134,0.52099609375,0.5646467467187937,3581,112,1548.3460441785933,0.3780141709420394,0.7255604705616651,0.9764403049570515,5.757089220678379,0.5008001465682846
random,7,310,30016,5,9,9,0,2139,0.522216796875,0.5660430047472773,3581,112,1551.791688072437,0.3788553925958098,0.7254753099917891,0.9764403049570515,5.75768693612546,0.4965419619938099
random,7,311,30112,4,9,9,0,2143,0.523193359375,0.5671600111700642,3581,112,1554.3344286821216,0.3794761788774711,0.7253077128707986,0.9764403049570515,5.758071510511072,0.5081349985774333
random,7,312,30208,3,6,6,0,2146,0.52392578125,0.5679977659871545,3581,112,1556.5946396357472,0.3800279881923211,0.7253469895786333,0.9764403049570515,5.758382797450932,0.4983221768026932
random,7,313,30304,5,7,7,0,2151,0.525146484375,0.5691147724099413,3581,113,1560.1581342296565,0.38089798198966224,0.7253175891351262,0.9764403049570515,5.760354812023928,0.5085831989760461
random,7,314,30400,1,6,6,0,2152,0.525390625,0.5693940240156381,3581,113,1561.3987164214043,0.3812008585013194,0.7255570243593886,0.9764403049570515,5.760488855426344,0.49292552277320545
random,7,315,30496,2,10,10,0,2154,0.52587890625,0.5699525272270316,3581,113,1563.761696232627,0.3817777578692937,0.7259803603679791,0.9764403049570515,5.7616882452871705,0.4974741020125253
random,7,316,30592,2,3,3,0,2156,0.5263671875,0.570511030438425,3581,113,1565.0093408378152,0.38208235860298223,0.7258855940806193,0.9764403049570515,5.761436674879011,0.49721019807519995
random,7,317,30688,2,6,6,0,2158,0.52685546875,0.5710695336498185,3581,113,1567.0171542803187,0.3825725474317184,0.726143259629434,0.9764403049570515,5.762944957268113,0.4985105407675853
random,7,318,30784,0,1,1,0,2158,0.52685546875,0.5710695336498185,3581,113,1567.1559027275441,0.3826064215643418,0.7262075545540057,0.9764403049570515,5.762944957268113,0.5020400257605518
random,7,319,30880,6,10,10,0,2164,0.5283203125,0.5724657916783021,3581,114,1571.628249197397,0.38369830302670827,0.7262607436217177,0.9764403049570515,5.764184205310077,0.4999294522133547
random,7,320,30976,1,8,8,0,2165,0.528564453125,0.5727450432839989,3581,114,1573.250676520824,0.3840944034474668,0.726674677376824,0.9764403049570515,5.764384232976776,0.49947963268322304
random,7,321,31072,4,7,7,0,2169,0.529541015625,0.573582798101089,3581,115,1576.7254430835928,0.3849427351278303,0.7269365804903609,0.9764403049570515,5.765653504093496,0.49763459925075343
random,7,322,31168,0,4,4,0,2169,0.529541015625,0.573582798101089,3581,115,1577.339237522851,0.3850925872858523,0.7272195654784928,0.9764403049570515,5.765653504093496,0.502643674697032
random,7,323,31264,2,11,11,0,2171,0.530029296875,0.5741413013124825,3581,115,1579.183341096154,0.3855428078848032,0.7273990516334197,0.9764403049570515,5.76571944537708,0.49500368582542587
random,7,324,31360,3,5,5,0,2174,0.53076171875,0.5749790561295728,3581,115,1581.8180353850285,0.38618604379517296,0.7276071919894335,0.9764403049570515,5.766479447297005,0.5056076065927999
random,7,325,31456,3,7,7,0,2177,0.531494140625,0.5758168109466629,3581,115,1584.6503650948416,0.3868775305407328,0.7279055420738823,0.9764403049570515,5.767596870016103,0.5053490007070268
random,7,326,31552,6,9,9,0,2183,0.532958984375,0.5774923205808433,3581,115,1588.9559368787786,0.38792869552704556,0.7278772042504712,0.9764403049570515,5.769964879705698,0.5080404558096876
random,7,327,31648,2,10,10,0,2185,0.533447265625,0.5780508237922368,3581,115,1591.307331371449,0.38850276644810766,0.7282871081791529,0.9764403049570515,5.769962521063501,0.5040231283701899
random,7,328,31744,4,10,10,0,2189,0.534423828125,0.5791678302150237,3581,115,1594.7823051117339,0.3893511487089194,0.7285437666111164,0.9764403049570515,5.770895096145864,0.5022783967674194
random,7,329,31840,0,1,1,0,2189,0.534423828125,0.5791678302150237,3581,115,1595.2553984378874,0.38946665000924985,0.7287598896472761,0.9764403049570515,5.770895096145864,0.49891507179120886
random,7,330,31936,2,5,5,0,2191,0.534912109375,0.5797263334264172,3581,115,1596.9399227805043,0.38987791083508405,0.7288634973895501,0.9764403049570515,5.770741540793448,0.5051653759729549
random,7,331,32032,2,5,5,0,2193,0.535400390625,0.5802848366378107,3581,115,1599.1382236482586,0.39041460538287565,0.7292011963740349,0.9764403049570515,5.770653534422446,0.5025902481396836
random,7,332,32128,4,8,8,0,2197,0.536376953125,0.5811225914549009,3581,116,1602.0026911849727,0.39111393827758123,0.7291773742307568,0.9764403049570515,5.77324992642016,0.4997047143523201
random,7,333,32224,2,7,7,0,2199,0.536865234375,0.5816810946662944,3581,116,1603.6424525142343,0.391514270633358,0.729259869265227,0.9764403049570515,5.773671390843648,0.4943631505235428
random,7,334,32320,4,8,8,0,2203,0.537841796875,0.5827981010890813,3581,116,1606.910330001316,0.39231209228547753,0.729419123922522,0.9764403049570515,5.77468548639868,0.5010181411989658
random,7,335,32416,1,7,7,0,2204,0.5380859375,0.583077352694778,3581,116,1607.8827535615983,0.3925495003812496,0.729529380018874,0.9764403049570515,5.774440726202871,0.49791634626865033
random,7,336,32512,2,7,7,0,2206,0.53857421875,0.5833566043004748,3581,117,1609.8110900941715,0.39302028566752234,0.7297421079302682,0.9764403049570515,5.77626539148815,0.5074293813467706
random,7,337,32608,2,6,6,0,2208,0.5390625,0.5839151075118681,3581,117,1611.1997010790262,0.39335930202124664,0.7297100095466604,0.9764403049570515,5.776991592371387,0.497331544039615
random,7,338,32704,4,11,11,0,2212,0.5400390625,0.5850321139346552,3581,117,1614.947771147942,0.3942743581904155,0.7300848874990696,0.9764403049570515,5.77845121352121,0.5004590904547701
random,7,339,32800,1,6,6,0,2213,0.540283203125,0.5853113655403519,3581,117,1616.331411944771,0.39461216111932884,0.7303802132601767,0.9764403049570515,5.778358072764192,0.5108529675349582
random,7,340,32896,5,8,8,0,2218,0.54150390625,0.5867076235688355,3581,117,1620.0721231531709,0.3955254206916921,0.7304202539013395,0.9764403049570515,5.779625022096786,0.504772014781449
random,7,341,32992,0,5,4,0,2218,0.54150390625,0.5867076235688355,3581,117,1620.5849123690405,0.39565061337134777,0.7306514483178722,0.9764403049570515,5.779625022096786,0.4942231037154168
random,7,342,33088,0,3,3,0,2218,0.54150390625,0.5867076235688355,3581,117,1620.906924889602,0.39572922970937546,0.730796629796935,0.9764403049570515,5.779625022096786,0.496225793127802
random,7,343,33184,2,8,8,0,2220,0.5419921875,0.5869868751745323,3581,118,1622.3084149346162,0.3960713903648965,0.7307695562768541,0.9764403049570515,5.779658335503372,0.4995202350784871
random,7,344,33280,0,6,6,0,2220,0.5419921875,0.5869868751745323,3581,118,1622.5430850730386,0.3961286828791598,0.7308752635464137,0.9764403049570515,5.779658335503372,0.5062884418540918
random,7,345,33376,1,6,6,0,2221,0.542236328125,0.5872661267802289,3581,118,1623.7171899028344,0.3964153295661217,0.7310748266109115,0.9764403049570515,5.780534174626752,0.5002685300773491
random,7,346,33472,3,7,7,0,2224,0.54296875,0.5881038815973192,3581,118,1626.3971039315738,0.3970696054520444,0.7312936618397364,0.9764403049570515,5.781510290411465,0.5057558070988766
random,7,347,33568,2,4,4,0,2226,0.54345703125,0.5886623848087127,3581,118,1627.967586753337,0.3974530241097014,0.731342132413898,0.9764403049570515,5.781705257487939,0.5009137771194989
random,7,348,33664,4,8,8,0,2230,0.54443359375,0.5897793912314996,3581,118,1631.4251979718788,0.3982971674736032,0.7315808062654166,0.9764403049570515,5.784053276261185,0.5048248910005338
random,7,349,33760,1,6,6,0,2231,0.544677734375,0.5900586428371963,3581,118,1632.14087312916,0.3984718928537988,0.7315736768844284,0.9764403049570515,5.7844624934076005,0.49471465187452335
random,7,350,33856,0,9,9,0,2231,0.544677734375,0.5900586428371963,3581,118,1633.6515891376125,0.39884072000429993,0.7322508243557205,0.9764403049570515,5.7844624934076005,0.498863716959408
random,7,351,33952,2,5,5,0,2233,0.545166015625,0.5906171460485897,3581,118,1635.2943699399475,0.39924178953612,0.7323306627585972,0.9764403049570515,5.785678562516266,0.4989239391606934
random,7,352,34048,1,4,4,0,2234,0.54541015625,0.5908963976542865,3581,118,1636.1920399695655,0.3994609472581947,0.7324046732182478,0.9764403049570515,5.785387936816231,0.5002524527573868
random,7,353,34144,2,9,9,0,2236,0.5458984375,0.59145490086568,3581,118,1638.3900561858995,0.39999757231101063,0.732732583267397,0.9764403049570515,5.78564228820691,0.49759855783785334
random,7,354,34240,3,8,8,0,2239,0.546630859375,0.5922926556827702,3581,118,1641.1142669870878,0.4006626628386445,0.7329675154028976,0.9764403049570515,5.7856216177549395,0.5017244420992764
random,7,355,34336,0,3,3,0,2239,0.546630859375,0.5922926556827702,3581,118,1641.4978696098751,0.4007563158227234,0.7331388430593457,0.9764403049570515,5.7856216177549395,0.49765499285855014
random,7,356,34432,1,6,6,0,2240,0.546875,0.5925719072884669,3581,118,1642.7246789060205,0.40105582981104015,0.7333592316544735,0.9764403049570515,5.786001798550794,0.5081845361638939
random,7,357,34528,0,8,8,0,2240,0.546875,0.5925719072884669,3581,118,1643.1049148041257,0.401148660840851,0.7335289798232704,0.9764403049570515,5.786001798550794,0.5045768160391975
random,7,358,34624,2,6,6,0,2242,0.54736328125,0.5931304104998604,3581,118,1644.6804569104088,0.40153331467539277,0.7335773670430012,0.9764403049570515,5.785985197797374,0.5050823418643722
random,7,359,34720,2,4,4,0,2244,0.5478515625,0.5936889137112539,3581,118,1646.368633223784,0.4019454670956504,0.7336758615079251,0.9764403049570515,5.786444292579496,0.502828607825494
random,7,360,34816,2,2,2,0,2246,0.54833984375,0.5942474169226473,3581,118,1647.7447702956197,0.402281438060454,0.7336352494637666,0.9764403049570515,5.7871108057015235,0.5038078335069043
random,7,361,34912,4,8,8,0,2250,0.54931640625,0.5953644233454343,3581,118,1650.6001752157683,0.4029785584022872,0.7336000778736748,0.9764403049570515,5.788501244201846,0.5054153552356413
random,7,362,35008,1,5,5,0,2251,0.549560546875,0.595643674951131,3581,118,1651.6512881629455,0.40323517777415663,0.7337411320137475,0.9764403049570515,5.78900690875304,0.5013582903591742
random,7,363,35104,0,4,4,0,2251,0.549560546875,0.595643674951131,3581,118,1651.9894938561188,0.4033177475234665,0.7338913788787733,0.9764403049570515,5.78900690875304,0.4976653914632398
random,7,364,35200,2,8,8,0,2253,0.550048828125,0.5962021781625244,3581,118,1653.6752025245682,0.40372929749134967,0.7339881058697595,0.9764403049570515,5.789832942481527,0.4946257934082539
random,7,365,35296,2,5,5,0,2255,0.550537109375,0.5967606813739179,3581,118,1655.2673790037916,0.40411801245209755,0.7340431835936991,0.9764403049570515,5.790616079863407,0.5007137726079657
random,7,366,35392,0,3,3,0,2255,0.550537109375,0.5967606813739179,3581,118,1655.4841794546185,0.4041709422496627,0.734139325700496,0.9764403049570515,5.790616079863407,0.5060804689303886
random,7,367,35488,1,7,7,0,2256,0.55078125,0.5970399329796147,3581,118,1656.2527668792632,0.4043585856638826,0.7341545952479004,0.9764403049570515,5.79137190618998,0.5039158641779575
random,7,368,35584,2,7,7,0,2258,0.55126953125,0.5973191845853114,3581,119,1657.581317346865,0.40468293880538697,0.734092700330764,0.9764403049570515,5.791316520823418,0.5006215279853332
random,7,369,35680,2,6,6,0,2260,0.5517578125,0.5978776877967048,3581,119,1659.7935959774154,0.4052230458929237,0.7344219451227502,0.9764403049570515,5.793055430521269,0.49779271762771904
random,7,370,35776,4,8,8,0,2264,0.552734375,0.5989946942194918,3581,119,1662.885377024864,0.40597787525021095,0.7344900075198163,0.9764403049570515,5.793920796318153,0.5095771637616822
random,7,371,35872,3,5,5,0,2267,0.553466796875,0.599832449036582,3581,119,1664.9058091070892,0.40647114480153546,0.7344092673608686,0.9764403049570515,5.793846306416336,0.4971512622450565
random,7,372,35968,1,3,3,0,2268,0.5537109375,0.6001117006422787,3581,119,1665.6461129351915,0.40665188304081823,0.7344118663735412,0.9764403049570515,5.793687054568753,0.5027503964993799
random,7,373,36064,3,10,10,0,2271,0.554443359375,0.6009494554593688,3581,119,1668.2604432707667,0.407290147282902,0.7345928856322178,0.9764403049570515,5.793900517530635,0.5062964695431659
random,7,374,36160,3,4,4,0,2274,0.55517578125,0.6017872102764591,3581,119,1670.5920709747447,0.40785939232781854,0.7346491077285597,0.9764403049570515,5.794163338538165,0.5064523160551271
random,7,375,36256,4,11,11,0,2278,0.55615234375,0.602904216699246,3581,119,1674.1782357129096,0.40873492082834706,0.7349333782760797,0.9764403049570515,5.794569573194925,0.5024691335626392
random,7,376,36352,2,2,2,0,2280,0.556640625,0.6034627199106395,3581,119,1675.6010124710124,0.40908227843530576,0.7349127247679879,0.9764403049570515,5.79548035308019,0.5123739837183301
random,7,377,36448,3,7,7,0,2283,0.557373046875,0.6043004747277296,3581,119,1677.8072490443374,0.4096209104112152,0.7349133810969503,0.9764403049570515,5.796893870220665,0.4990894231125371
random,7,378,36544,1,2,2,0,2284,0.5576171875,0.6045797263334264,3581,119,1678.5020570958936,0.40979054128317716,0.7348958218458378,0.9764403049570515,5.796918561540128,0.5008542133937547
random,7,379,36640,1,3,3,0,2285,0.557861328125,0.6048589779391231,3581,119,1679.5906238545192,0.41005630465198223,0.7350506012492426,0.9764403049570515,5.7971955459201245,0.4992996770898648
random,7,380,36736,0,7,7,0,2285,0.557861328125,0.6048589779391231,3581,119,1680.0840113935292,0.41017676059412334,0.7352665257739733,0.9764403049570515,5.7971955459201245,0.5064477572771897
random,7,381,36832,3,9,9,0,2288,0.55859375,0.6056967327562134,3581,119,1683.0409276207427,0.4108986639699079,0.7355948110230519,0.9764403049570515,5.799084580323893,0.5030691834831627
random,7,382,36928,2,4,4,0,2290,0.55908203125,0.6062552359676068,3581,119,1684.8108148246968,0.41133076533806073,0.7357252466483392,0.9764403049570515,5.800000106669432,0.5047978695236224
random,7,383,37024,1,2,2,0,2291,0.559326171875,0.6065344875733035,3581,119,1685.4193509181857,0.4114793337202602,0.7356697297765978,0.9764403049570515,5.7998342405608785,0.5142691106167601
random,7,384,37120,3,9,9,0,2294,0.56005859375,0.6073722423903938,3581,119,1688.0919101613263,0.41213181400423005,0.7358726722586426,0.9764403049570515,5.8010942546096755,0.5094093668001274
random,7,385,37216,1,4,4,0,2295,0.560302734375,0.6076514939960905,3581,119,1689.0866512457637,0.4123746707142978,0.7359854689524025,0.9764403049570515,5.8009176558032465,0.5034555867259529
random,7,386,37312,1,4,4,0,2296,0.560546875,0.6079307456017872,3581,119,1690.2140454140458,0.41264991343116353,0.7361559431245844,0.9764403049570515,5.801171312088608,0.5054038254447024
random,7,387,37408,2,6,6,0,2298,0.56103515625,0.6084892488131807,3581,119,1691.6831987765327,0.4130085934513019,0.7361545686581953,0.9764403049570515,5.801575711424261,0.49903881658020016
random,7,388,37504,0,4,4,0,2298,0.56103515625,0.6084892488131807,3581,119,1691.8750123969098,0.4130554229484643,0.7362380384668885,0.9764403049570515,5.801575711424261,0.5006379473671094
random,7,389,37600,2,3,3,0,2300,0.5615234375,0.6090477520245742,3581,119,1693.4080281643064,0.41342969437605137,0.7362643600714376,0.9764403049570515,5.8022378918931805,0.4985925322325512
random,7,390,37696,0,4,4,0,2300,0.5615234375,0.6090477520245742,3581,119,1693.8177245384784,0.41352971790490195,0.7364424889297733,0.9764403049570515,5.8022378918931805,0.5065104707146257
random,7,391,37792,1,5,5,0,2301,0.561767578125,0.6093270036302709,3581,119,1695.1260278309123,0.41384912788840633,0.7366910160064808,0.9764403049570515,5.802590353366776,0.49359839364774827
random,7,392,37888,0,7,7,0,2301,0.561767578125,0.6093270036302709,3581,119,1695.5522456474819,0.41395318497252975,0.7368762475651812,0.9764403049570515,5.802590353366776,0.5122081008689521
random,7,393,37984,2,8,8,0,2303,0.562255859375,0.6096062552359676,3581,120,1697.200117405478,0.4143554974134468,0.7369518529767599,0.9764403049570515,5.802855689826835,0.5111214142034446
random,7,394,38080,1,6,6,0,2304,0.5625,0.6098855068416643,3581,120,1697.607822341166,0.4144550347512612,0.7368089506689088,0.9764403049570515,5.802670082114581,0.5032157883202131
random,7,395,38176,0,0,0,0,2304,0.5625,0.6098855068416643,3581,120,1697.607822341166,0.4144550347512612,0.7368089506689088,0.9764403049570515,5.802670082114581,0.5050260681452763
random,7,396,38272,0,1,1,0,2304,0.5625,0.6098855068416643,3581,120,1697.8425966007767,0.4145123526857365,0.7369108492190871,0.9764403049570515,5.802670082114581,0.5094467141369139
random,7,397,38368,1,5,5,0,2305,0.562744140625,0.6101647584473611,3581,120,1699.0077061294237,0.41479680325425383,0.7370966187112468,0.9764403049570515,5.802473729762141,0.5073998013138864
random,7,398,38464,1,9,9,0,2306,0.56298828125,0.6104440100530578,3581,120,1700.0659438166463,0.4150551620646109,0.7372358819673227,0.9764403049570515,5.8033308929859455,0.504104991389823
random,7,399,38560,1,4,4,0,2307,0.563232421875,0.6107232616587546,3581,120,1701.3309614743926,0.4153640042662091,0.7374646560357142,0.9764403049570515,5.803769015973836,0.5015667263228426
random,7,400,38656,3,6,6,0,2310,0.56396484375,0.6115610164758447,3581,120,1703.5694407367437,0.41591050799236906,0.7374759483708847,0.9764403049570515,5.803718947437479,0.5048706463583601
random,7,401,38752,1,3,3,0,2311,0.564208984375,0.6118402680815415,3581,120,1704.7339222166352,0.4161948052286707,0.7376607192629318,0.9764403049570515,5.8044180875860665,0.5076205505733106
random,7,402,38848,0,4,4,0,2311,0.564208984375,0.6118402680815415,3581,120,1705.2978700385156,0.416332487802372,0.7379047468794961,0.9764403049570515,5.8044180875860665,0.505903020064006
random,7,403,38944,3,8,8,0,2314,0.56494140625,0.612398771292935,3581,121,1707.3298549213655,0.4168285778616615,0.7378262121527076,0.9764403049570515,5.804750851823674,0.5044390964884862
random,7,404,39040,0,2,2,0,2314,0.56494140625,0.612398771292935,3581,121,1707.3717893571688,0.41683881576102755,0.7378443342079382,0.9764403049570515,5.804750851823674,0.5173213579585247
random,7,405,39136,1,10,10,0,2315,0.565185546875,0.6126780228986317,3581,121,1709.2092119507474,0.41728740526141295,0.7383193140176015,0.9764403049570515,5.804901790521863,0.5026842006981287
random,7,406,39232,0,3,3,0,2315,0.565185546875,0.6126780228986317,3581,121,1709.5522229294588,0.4173711481761374,0.7384674829068937,0.9764403049570515,5.804901790521863,0.509475010117293
random,7,407,39328,2,7,7,0,2317,0.565673828125,0.6129572745043284,3581,122,1711.0505135033804,0.41773694177328624,0.7384766998288219,0.9764403049570515,5.804930598262891,0.5012880748298474
random,7,408,39424,2,6,6,0,2319,0.566162109375,0.6135157777157219,3581,122,1712.6609119485868,0.41813010545619794,0.7385342440485497,0.9764403049570515,5.804746630622938,0.5109988917605959
random,7,409,39520,0,3,3,0,2319,0.566162109375,0.6135157777157219,3581,122,1712.8530108129448,0.4181770045930041,0.7386170809887644,0.9764403049570515,5.804746630622938,0.5061334825249468
random,7,410,39616,1,5,5,0,2320,0.56640625,0.6137950293214186,3581,122,1713.95226772246,0.4184453778619287,0.7387725291907155,0.9764403049570515,5.8050024803086036,0.504482643135026
random,7,411,39712,0,3,3,0,2320,0.56640625,0.6137950293214186,3581,122,1714.1391488747254,0.4184910031432435,0.7388530814115195,0.9764403049570515,5.8050024803086036,0.5055566241102891
random,7,412,39808,3,8,8,0,2323,0.567138671875,0.6146327841385087,3581,122,1716.727832714053,0.41912300603370434,0.7390132727998506,0.9764403049570515,5.805972177797043,0.5096666861002475
random,7,413,39904,2,6,6,0,2325,0.567626953125,0.6151912873499022,3581,122,1718.1753652891257,0.41947640754129045,0.7390001571136025,0.9764403049570515,5.80567432192905,0.5101465161274066
random,7,414,40000,1,4,4,0,2326,0.56787109375,0.615470538955599,3581,122,1719.0963028938045,0.41970124582368273,0.7390783761366313,0.9764403049570515,5.8064716322165495,0.5075226527520201
random,7,415,40096,2,8,8,0,2328,0.568359375,0.6160290421669925,3581,122,1721.2353031541782,0.4202234626841255,0.7393622436229288,0.9764403049570515,5.807294589067508,0.5120346089343017
random,7,416,40192,0,8,8,0,2328,0.568359375,0.6160290421669925,3581,122,1721.6472956474208,0.4203240467889211,0.7395392163433938,0.9764403049570515,5.807294589067508,0.5080562016878477
random,7,417,40288,3,8,8,0,2331,0.569091796875,0.6168667969840826,3581,122,1724.022135014055,0.4209038415561658,0.7396062355272651,0.9764403049570515,5.8088378874872655,0.5018033764735701
random,7,418,40384,6,10,10,0,2337,0.570556640625,0.6182630550125663,3581,123,1728.4559219784219,0.42198630907676316,0.7396045879240145,0.9764403049570515,5.811426079861034,0.5032001468120503
random,7,419,40480,3,6,6,0,2340,0.5712890625,0.6191008098296565,3581,123,1730.8397928618142,0.42256830880415386,0.7396751251546214,0.9764403049570515,5.812678958560538,0.502198921334847
random,7,420,40576,1,8,8,0,2341,0.571533203125,0.6193800614353533,3581,123,1732.446078014218,0.42296046826518996,0.7400453131201273,0.9764403049570515,5.813420714559635,0.5089855797417395
random,7,421,40672,1,6,6,0,2342,0.57177734375,0.6196593130410499,3581,123,1733.7374599628702,0.4232757470612476,0.7402807258594664,0.9764403049570515,5.8133267390306145,0.5026772707930179
random,7,422,40768,3,6,6,0,2345,0.572509765625,0.6204970678581402,3581,123,1735.775388782202,0.4237732882769048,0.7402027244273783,0.9764403049570515,5.8142623680783085,0.5026016825750289
random,7,423,40864,1,6,6,0,2346,0.57275390625,0.6207763194638369,3581,123,1736.8119258372153,0.4240263490813514,0.7403290391462981,0.9764403049570515,5.814698859325867,0.5092876802550667
random,7,424,40960,0,5,5,0,2346,0.57275390625,0.6207763194638369,3581,123,1737.126283765881,0.42410309662252954,0.7404630365583466,0.9764403049570515,5.814698859325867,0.5059647343745672
random,7,425,41056,0,4,4,0,2346,0.57275390625,0.6207763194638369,3581,123,1737.5071485241237,0.4241960811826474,0.7406253830026103,0.9764403049570515,5.814698859325867,0.5029584809968739
random,7,426,41152,3,7,7,0,2349,0.573486328125,0.6216140742809271,3581,123,1739.825751241523,0.42476214629919995,0.7406665607669319,0.9764403049570515,5.815852046261527,0.5074465534477237
random,7,427,41248,3,4,4,0,2352,0.57421875,0.6224518290980173,3581,123,1742.0725249740658,0.42531067504249653,0.7406770939515586,0.9764403049570515,5.816188547389306,0.5037370971796724
random,7,428,41344,0,4,4,0,2352,0.57421875,0.6224518290980173,3581,123,1742.3078631206563,0.4253681306446915,0.7407771526873539,0.9764403049570515,5.816188547389306,0.5032721918361441
random,7,429,41440,2,5,5,0,2354,0.57470703125,0.6227310807037141,3581,124,1743.8156407824179,0.425736240425395,0.7407882926008572,0.9764403049570515,5.816776612134644,0.5096641630948029
random,7,430,41536,2,10,10,0,2356,0.5751953125,0.6232895839151075,3581,124,1746.0443201921928,0.42628035160942207,0.7411053990629002,0.9764403049570515,5.8167836360121035,0.5144728280886117
random,7,431,41632,2,5,5,0,2358,0.57568359375,0.6235688355208042,3581,125,1747.660480897296,0.42667492209406643,0.7411622056392265,0.9764403049570515,5.817889946874848,0.5093885577740471
random,7,432,41728,2,9,9,0,2360,0.576171875,0.6241273387321977,3581,125,1750.125125606547,0.4272766419937859,0.7415784430536216,0.9764403049570515,5.817837276458681,0.5104028725043518
random,7,433,41824,2,4,4,0,2362,0.57666015625,0.6246858419435912,3581,125,1751.7587508439447,0.4276754762802599,0.7416421468433296,0.9764403049570515,5.818193241623622,0.5050326475218245
random,7,434,41920,1,7,7,0,2363,0.576904296875,0.6249650935492879,3581,125,1752.6722545797138,0.42789849965325044,0.7417148770967896,0.9764403049570515,5.8180323196073145,0.5148937068828134
random,7,435,42016,4,9,9,0,2367,0.577880859375,0.6260820999720749,3581,125,1756.2369648393496,0.42876879024398185,0.7419674545159906,0.9764403049570515,5.820014338640478,0.499495232403481
random,7,436,42112,1,4,4,0,2368,0.578125,0.6263613515777716,3581,125,1756.9856593330157,0.42895157698559955,0.7419702953264424,0.9764403049570515,5.820393308244611,0.5073330743953035
random,7,437,42208,5,9,9,0,2373,0.579345703125,0.6277576096062553,3581,125,1760.4606085869714,0.42979995326830356,0.7418713057677924,0.9764403049570515,5.821686549121457,0.510206741744176
random,7,438,42304,2,4,4,0,2375,0.579833984375,0.6283161128176487,3581,125,1762.2406743030797,0.4302345396247753,0.7419960733907703,0.9764403049570515,5.822899587862895,0.5059146416620304
random,7,439,42400,2,5,5,0,2377,0.580322265625,0.6288746160290422,3581,125,1763.3979659716042,0.4305170815360362,0.7418586310355928,0.9764403049570515,5.823404241152548,0.5086077566614159
random,7,440,42496,0,3,3,0,2377,0.580322265625,0.6288746160290422,3581,125,1763.552334235817,0.43055476910054125,0.7419235735110715,0.9764403049570515,5.823404241152548,0.5059952091542543
random,7,441,42592,1,2,2,0,2378,0.58056640625,0.6291538676347389,3581,125,1764.1088226371053,0.43069063052663703,0.741845594044199,0.9764403049570515,5.823559629914541,0.5096451577613699
random,7,442,42688,2,3,3,0,2380,0.5810546875,0.6297123708461324,3581,125,1765.5638287879658,0.43104585663768696,0.7418335415075487,0.9764403049570515,5.823987526206029,0.5087384645276107
random,7,443,42784,0,5,5,0,2380,0.5810546875,0.6297123708461324,3581,125,1765.9804074655947,0.43114756041640495,0.742008574565376,0.9764403049570515,5.823987526206029,0.508372890890856
random,7,444,42880,1,7,7,0,2381,0.581298828125,0.629991622451829,3581,125,1767.338419025991,0.43147910620751734,0.7422672906451033,0.9764403049570515,5.824554047884473,0.505456488845615
random,7,445,42976,2,6,6,0,2383,0.581787109375,0.6305501256632225,3581,125,1768.9942024473119,0.43188335020686325,0.7423391533559849,0.9764403049570515,5.824757874853475,0.507009316827298
random,7,446,43072,1,6,6,0,2384,0.58203125,0.6308293772689193,3581,125,1770.294407460552,0.43220078307142384,0.7425731574918423,0.9764403049570515,5.825037351857996,0.510472786289563
random,7,447,43168,2,4,4,0,2386,0.58251953125,0.6313878804803128,3581,125,1771.9417779177802,0.43260297312445806,0.742641147492783,0.9764403049570515,5.825281909388382,0.5094913496685367
random,7,448,43264,0,4,4,0,2386,0.58251953125,0.6313878804803128,3581,125,1772.0958073564357,0.4326405779678798,0.7427057029993444,0.9764403049570515,5.825281909388382,0.508321875819469
random,7,449,43360,1,3,3,0,2387,0.582763671875,0.6316671320860094,3581,125,1772.8608747031135,0.4328273619880648,0.742715071094727,0.9764403049570515,5.825584827618252,0.5057678189459882
random,7,450,43456,3,9,9,0,2390,0.58349609375,0.6322256352974029,3581,126,1775.211838529493,0.4334013277659895,0.7427664596357711,0.9764403049570515,5.8267706159353185,0.5113304847562208
random,7,451,43552,1,3,3,0,2391,0.583740234375,0.6325048869030997,3581,126,1776.0265363315139,0.433600228596561,0.7427965438442132,0.9764403049570515,5.82696536848699,0.5092899837475413
random,7,452,43648,2,2,2,0,2393,0.584228515625,0.6330633901144932,3581,126,1777.2328467044192,0.4338947379649461,0.7426798356474799,0.9764403049570515,5.826794168538097,0.5148016886448097
random,7,453,43744,2,5,5,0,2395,0.584716796875,0.6336218933258866,3581,126,1778.8089204919447,0.4342795216044787,0.7427177121051961,0.9764403049570515,5.826866899570987,0.5069181418400843
random,7,454,43840,1,4,4,0,2396,0.5849609375,0.6336218933258866,3581,127,1779.5106329223863,0.434450838115817,0.7427005980477406,0.9764403049570515,5.8270430368209745,0.5069109717448173
random,7,455,43936,1,7,7,0,2397,0.585205078125,0.6339011449315833,3581,127,1780.342026953017,0.4346538151740764,0.7427375998969616,0.9764403049570515,5.827573109200413,0.5111383812579254
random,7,456,44032,1,6,6,0,2398,0.58544921875,0.6341803965372801,3581,127,1781.492468071843,0.4349346845878523,0.7429076180449721,0.9764403049570515,5.8278764491061,0.5089219027496972
random,7,457,44128,2,5,5,0,2400,0.5859375,0.6344596481429768,3581,128,1782.9702716745142,0.4352954764830357,0.7429042798643809,0.9764403049570515,5.828601833483662,0.5084480213300013
random,7,458,44224,1,4,4,0,2401,0.586181640625,0.6347388997486736,3581,128,1784.0429520068517,0.4355573613297978,0.7430416293239699,0.9764403049570515,5.828406152610143,0.5067360567528766
random,7,459,44320,2,10,10,0,2403,0.586669921875,0.635297402960067,3581,128,1785.8495535218676,0.4359984261527997,0.7431750118692749,0.9764403049570515,5.828059494980296,0.5040152217785556
random,7,460,44416,2,10,10,0,2405,0.587158203125,0.6355766545657637,3581,129,1787.818706754582,0.4364791764537554,0.7433757616443168,0.9764403049570515,5.828844715046438,0.5122417370411723
random,7,461,44512,1,4,4,0,2406,0.58740234375,0.6358559061714605,3581,129,1788.6478365507967,0.43668160072040935,0.7434114033876961,0.9764403049570515,5.828856465600125,0.5172129098497666
random,7,462,44608,0,5,5,0,2406,0.58740234375,0.6358559061714605,3581,129,1789.2561738011614,0.43683012055692416,0.7436642451376398,0.9764403049570515,5.828856465600125,0.4992979702232504
random,7,463,44704,2,5,5,0,2408,0.587890625,0.636414409382854,3581,129,1790.8236915417042,0.4372128153177989,0.7436975463213057,0.9764403049570515,5.829615482693505,0.5109048771758125
random,7,464,44800,4,5,5,0,2412,0.5888671875,0.6372521641999441,3581,130,1792.9161351889275,0.43772366581760924,0.743331731007018,0.9764403049570515,5.830232816271341,0.4988083292665456
random,7,465,44896,1,4,4,0,2413,0.589111328125,0.6375314158056409,3581,130,1793.7022763254977,0.4379155948060297,0.7433494721614163,0.9764403049570515,5.830513896070175,0.5067106842995917
random,7,466,44992,3,5,5,0,2416,0.58984375,0.6383691706227311,3581,130,1796.0283211954538,0.43848347685435884,0.7433892057928203,0.9764403049570515,5.830729578710377,0.5074081244023324
random,7,467,45088,1,3,3,0,2417,0.590087890625,0.6386484222284278,3581,130,1796.9527701580655,0.43870917240187146,0.7434641167389596,0.9764403049570515,5.830967542173441,0.5063340348637402
random,7,468,45184,2,6,6,0,2419,0.590576171875,0.6389276738341245,3581,131,1798.2896551804952,0.4390355603468006,0.7434020897811059,0.9764403049570515,5.831524924652308,0.504100997644003
random,7,469,45280,1,4,4,0,2420,0.5908203125,0.6392069254398213,3581,131,1799.2663865564584,0.43927402015538536,0.7434985068415118,0.9764403049570515,5.831666632365598,0.5063776703588584
random,7,470,45376,4,10,10,0,2424,0.591796875,0.6403239318626082,3581,131,1802.038490089234,0.4399508032444419,0.7434152186836774,0.9764403049570515,5.832229152782597,0.5101752867035803
random,7,471,45472,2,3,3,0,2426,0.59228515625,0.6408824350740017,3581,131,1803.553290053337,0.44032062745442796,0.7434267477548792,0.9764403049570515,5.832494190370096,0.5084660933016186
random,7,472,45568,0,5,5,0,2426,0.59228515625,0.6408824350740017,3581,131,1803.8025542526193,0.4403814829718309,0.743529494745515,0.9764403049570515,5.832494190370096,0.5117184130886523
random,7,473,45664,3,8,8,0,2429,0.593017578125,0.6417201898910919,3581,131,1806.425104870135,0.4410217541186853,0.7436908624413895,0.9764403049570515,5.832284727105193,0.5148677377851617
random,7,474,45760,1,2,2,0,2430,0.59326171875,0.6419994414967886,3581,131,1807.3290905147499,0.4412424537389526,0.7437568273723251,0.9764403049570515,5.832749301129226,0.5094518951088628
random,7,475,45856,2,3,3,0,2432,0.59375,0.6425579447081821,3581,131,1808.7506615879126,0.4415895169892365,0.7437297128239773,0.9764403049570515,5.834134526943622,0.5119687853491511
random,7,476,45952,1,5,5,0,2433,0.593994140625,0.6428371963138788,3581,131,1810.0914473659036,0.4419168572670663,0.7439751119465284,0.9764403049570515,5.83412268059163,0.5165547657209246
random,7,477,46048,2,7,7,0,2435,0.594482421875,0.6433956995252723,3581,131,1812.0122242852567,0.44238579694464275,0.744152864182857,0.9764403049570515,5.835213736656881,0.5084069964023596
random,7,478,46144,0,5,5,0,2435,0.594482421875,0.6433956995252723,3581,131,1812.5271353295616,0.44251150764881875,0.7443643266240499,0.9764403049570515,5.835213736656881,0.5126928801053634
random,7,479,46240,3,7,7,0,2438,0.59521484375,0.6442334543423625,3581,131,1815.2213582712425,0.44316927692169006,0.7445534693483358,0.9764403049570515,5.836301069583113,0.5076893993784813
random,7,480,46336,2,3,3,0,2440,0.595703125,0.644791957553756,3581,131,1816.3501634107768,0.44344486411395917,0.7444058046765478,0.9764403049570515,5.8369150645860834,0.5045640617771371
random,7,481,46432,2,7,7,0,2442,0.59619140625,0.6453504607651493,3581,131,1818.3547393049862,0.4439342625256314,0.7446170103624022,0.9764403049570515,5.83722095715893,0.514265677655368
random,7,482,46528,2,4,4,0,2444,0.5966796875,0.6459089639765428,3581,131,1820.2672665854534,0.4444011881312142,0.7447902072771905,0.9764403049570515,5.83803326936168,0.5128327016527052
random,7,483,46624,2,3,3,0,2446,0.59716796875,0.6464674671879364,3581,131,1821.6669379819268,0.44474290478074385,0.7447534497064296,0.9764403049570515,5.838312662076387,0.5102833148460899
random,7,484,46720,2,6,6,0,2448,0.59765625,0.6470259703993297,3581,131,1823.575461100213,0.4452088528076692,0.7449246164625053,0.9764403049570515,5.839147547968315,0.5068428790929375
random,7,485,46816,1,2,2,0,2449,0.597900390625,0.6473052220050265,3581,131,1824.5148374076016,0.44543819272646523,0.745004016907963,0.9764403049570515,5.839366396867477,0.5061519791823481
random,7,486,46912,2,3,3,0,2451,0.598388671875,0.64786372521642,3581,131,1826.1342336016796,0.44583355312541006,0.7450568068550304,0.9764403049570515,5.840224484566634,0.5155245603681764
random,7,487,47008,2,7,7,0,2453,0.598876953125,0.6484222284278135,3581,131,1827.6766948942877,0.4462101305894257,0.7450781471236395,0.9764403049570515,5.841255874684478,0.5092086939689199
random,7,488,47104,2,6,6,0,2455,0.599365234375,0.6489807316392069,3581,131,1829.3951643720698,0.44662967880177484,0.7451711463837352,0.9764403049570515,5.841485446786694,0.5164520664806593
random,7,489,47200,2,5,5,0,2457,0.599853515625,0.6492599832449036,3581,132,1830.9596147281338,0.4470116246894858,0.7452013083956589,0.9764403049570515,5.8423058640592895,0.5143375498511777
random,7,490,47296,1,8,8,0,2458,0.60009765625,0.6495392348506004,3581,132,1832.6797803523893,0.44743158700009505,0.7455979578325425,0.9764403049570515,5.842505211949593,0.5133554369332405
random,7,491,47392,2,5,5,0,2460,0.6005859375,0.6500977380619939,3581,132,1834.2010084294132,0.4478029805735872,0.7456101660282167,0.9764403049570515,5.843294987456975,0.5099412939529648
random,7,492,47488,1,4,4,0,2461,0.600830078125,0.6503769896676906,3581,132,1834.7400726505634,0.44793458804945396,0.7455262383789368,0.9764403049570515,5.843534168604291,0.5119702466600274
random,7,493,47584,4,7,7,0,2465,0.601806640625,0.6514939960904775,3581,132,1837.3781292084036,0.4485786448262704,0.7453866649932672,0.9764403049570515,5.844479554123044,0.5105948325355256
random,7,494,47680,2,2,2,0,2467,0.602294921875,0.652052499301871,3581,132,1838.8761706982573,0.4489443776118792,0.7453896111464359,0.9764403049570515,5.845088507997651,0.5141927416646166
random,7,495,47776,2,3,3,0,2469,0.602783203125,0.6526110025132644,3581,132,1840.457836653874,0.4493305265268247,0.7454264222980453,0.9764403049570515,5.846289169013225,0.5123616502747133
random,7,496,47872,1,7,7,0,2470,0.60302734375,0.6528902541189612,3581,132,1841.4789023741523,0.44957981014993953,0.7455380171555273,0.9764403049570515,5.846108345904096,0.5073557550329977
random,7,497,47968,0,5,5,0,2470,0.60302734375,0.6528902541189612,3581,132,1842.1301247836464,0.4497387999960074,0.7458016699528932,0.9764403049570515,5.846108345904096,0.5117918191509774
random,7,498,48064,3,8,8,0,2473,0.603759765625,0.6537280089360514,3581,132,1844.6477490518505,0.45035345435836194,0.7459149814200771,0.9764403049570515,5.846708243348541,0.5066243194575679
random,7,499,48160,1,7,7,0,2474,0.60400390625,0.6540072605417481,3581,132,1846.3420042684306,0.4507670908858473,0.7462983040696971,0.9764403049570515,5.84711224304143,0.5081289037564025
random,7,500,48256,1,6,6,0,2475,0.604248046875,0.6542865121474448,3581,132,1847.8752993782973,0.4511414305122796,0.7466162825770898,0.9764403049570515,5.847351836202566,0.5052348822986121
