........./home/ari/ofn/tests/test_advisor.py:204: ResourceWarning: unclosed file <_io.TextIOWrapper name='/home/ari/ofn/ofn/adapters/advisor.py' mode='r' encoding='utf-8'>
  src = open(mod.__file__, encoding="utf-8").read()
ResourceWarning: Enable tracemalloc to get the object allocation traceback
.../home/ari/ofn/tests/test_advisor.py:211: ResourceWarning: unclosed file <_io.TextIOWrapper name='/home/ari/ofn/ofn/adapters/advisor.py' mode='r' encoding='utf-8'>
  src = open(mod.__file__, encoding="utf-8").read().lower()
ResourceWarning: Enable tracemalloc to get the object allocation traceback
............/home/ari/ofn/tests/test_advisor.py:99: ResourceWarning: unclosed file <_io.TextIOWrapper name='/home/ari/ofn/ofn/adapters/advisor.py' mode='r' encoding='utf-8'>
  src = open(mod.__file__, encoding="utf-8").read()
ResourceWarning: Enable tracemalloc to get the object allocation traceback
................................................................................................................................................................................................/usr/lib/python3.13/ast.py:50: ResourceWarning: unclosed database in <sqlite3.Connection object at 0xffffa8df8e50>
  return compile(source, filename, mode, flags,
ResourceWarning: Enable tracemalloc to get the object allocation traceback
/usr/lib/python3.13/ast.py:50: ResourceWarning: unclosed database in <sqlite3.Connection object at 0xffffa8df8d60>
  return compile(source, filename, mode, flags,
ResourceWarning: Enable tracemalloc to get the object allocation traceback
/usr/lib/python3.13/ast.py:50: ResourceWarning: unclosed database in <sqlite3.Connection object at 0xffffa8df9d50>
  return compile(source, filename, mode, flags,
ResourceWarning: Enable tracemalloc to get the object allocation traceback
/usr/lib/python3.13/ast.py:50: ResourceWarning: unclosed database in <sqlite3.Connection object at 0xffffa8df9e40>
  return compile(source, filename, mode, flags,
ResourceWarning: Enable tracemalloc to get the object allocation traceback
....................{"ok": true, "logged": true, "telegram": "disabled"}
http panel GET /api/v2/owner/status -> 401
http panel GET /api/v2/owner/status -> 401
http panel GET /api/v2/owner/status -> 401
http studio GET /api/v2/owner/status -> 404
..http panel GET /api/v2/owner/not-a-resource -> 404
...http panel GET / -> 200
.http panel POST /api/v2/owner/status -> 405
http panel POST /api/v2/owner/nodes -> 405
http panel POST /api/v2/owner/legs -> 405
http panel POST /api/v2/owner/queue -> 405
http panel POST /api/v2/owner/audit -> 405
http panel POST /api/v2/owner/version -> 405
http panel DELETE /api/v2/owner/status -> 405
http panel DELETE /api/v2/owner/nodes -> 405
http panel DELETE /api/v2/owner/legs -> 405
http panel DELETE /api/v2/owner/queue -> 405
http panel DELETE /api/v2/owner/audit -> 405
http panel DELETE /api/v2/owner/version -> 405
http panel PUT /api/v2/owner/status -> 405
http panel PUT /api/v2/owner/nodes -> 405
http panel PUT /api/v2/owner/legs -> 405
http panel PUT /api/v2/owner/queue -> 405
http panel PUT /api/v2/owner/audit -> 405
http panel PUT /api/v2/owner/version -> 405
http panel PATCH /api/v2/owner/status -> 405
http panel PATCH /api/v2/owner/nodes -> 405
http panel PATCH /api/v2/owner/legs -> 405
http panel PATCH /api/v2/owner/queue -> 405
http panel PATCH /api/v2/owner/audit -> 405
http panel PATCH /api/v2/owner/version -> 405
......................................................./usr/lib/python3.13/json/encoder.py:261: ResourceWarning: unclosed database in <sqlite3.Connection object at 0xffffa8df8e50>
  return _iterencode(o, 0)
ResourceWarning: Enable tracemalloc to get the object allocation traceback
/usr/lib/python3.13/json/encoder.py:261: ResourceWarning: unclosed database in <sqlite3.Connection object at 0xffffa8dfa5c0>
  return _iterencode(o, 0)
ResourceWarning: Enable tracemalloc to get the object allocation traceback
/usr/lib/python3.13/json/encoder.py:261: ResourceWarning: unclosed database in <sqlite3.Connection object at 0xffffa8dfa890>
  return _iterencode(o, 0)
ResourceWarning: Enable tracemalloc to get the object allocation traceback
/usr/lib/python3.13/json/encoder.py:261: ResourceWarning: unclosed database in <sqlite3.Connection object at 0xffffa8df9d50>
  return _iterencode(o, 0)
ResourceWarning: Enable tracemalloc to get the object allocation traceback
/usr/lib/python3.13/json/encoder.py:261: ResourceWarning: unclosed database in <sqlite3.Connection object at 0xffffa8df9e40>
  return _iterencode(o, 0)
ResourceWarning: Enable tracemalloc to get the object allocation traceback
/usr/lib/python3.13/json/encoder.py:261: ResourceWarning: unclosed database in <sqlite3.Connection object at 0xffffa8dfa3e0>
  return _iterencode(o, 0)
ResourceWarning: Enable tracemalloc to get the object allocation traceback
/usr/lib/python3.13/json/encoder.py:261: ResourceWarning: unclosed database in <sqlite3.Connection object at 0xffffa8dfa4d0>
  return _iterencode(o, 0)
ResourceWarning: Enable tracemalloc to get the object allocation traceback
/usr/lib/python3.13/json/encoder.py:261: ResourceWarning: unclosed database in <sqlite3.Connection object at 0xffffa8dfab60>
  return _iterencode(o, 0)
ResourceWarning: Enable tracemalloc to get the object allocation traceback
/usr/lib/python3.13/json/encoder.py:261: ResourceWarning: unclosed database in <sqlite3.Connection object at 0xffffa8dfac50>
  return _iterencode(o, 0)
ResourceWarning: Enable tracemalloc to get the object allocation traceback
/usr/lib/python3.13/json/encoder.py:261: ResourceWarning: unclosed database in <sqlite3.Connection object at 0xffffa8dfaa70>
  return _iterencode(o, 0)
ResourceWarning: Enable tracemalloc to get the object allocation traceback
/usr/lib/python3.13/json/encoder.py:261: ResourceWarning: unclosed database in <sqlite3.Connection object at 0xffffa8dfaf20>
  return _iterencode(o, 0)
ResourceWarning: Enable tracemalloc to get the object allocation traceback
/usr/lib/python3.13/json/encoder.py:261: ResourceWarning: unclosed database in <sqlite3.Connection object at 0xffffa8dfb010>
  return _iterencode(o, 0)
ResourceWarning: Enable tracemalloc to get the object allocation traceback
/usr/lib/python3.13/json/encoder.py:261: ResourceWarning: unclosed database in <sqlite3.Connection object at 0xffffa8dfae30>
  return _iterencode(o, 0)
ResourceWarning: Enable tracemalloc to get the object allocation traceback
/usr/lib/python3.13/json/encoder.py:261: ResourceWarning: unclosed database in <sqlite3.Connection object at 0xffffa8dfb2e0>
  return _iterencode(o, 0)
ResourceWarning: Enable tracemalloc to get the object allocation traceback
/usr/lib/python3.13/json/encoder.py:261: ResourceWarning: unclosed database in <sqlite3.Connection object at 0xffffa8dfb3d0>
  return _iterencode(o, 0)
ResourceWarning: Enable tracemalloc to get the object allocation traceback
/usr/lib/python3.13/json/encoder.py:261: ResourceWarning: unclosed database in <sqlite3.Connection object at 0xffffa8dfb4c0>
  return _iterencode(o, 0)
ResourceWarning: Enable tracemalloc to get the object allocation traceback
/usr/lib/python3.13/json/encoder.py:261: ResourceWarning: unclosed database in <sqlite3.Connection object at 0xffffa8dfb1f0>
  return _iterencode(o, 0)
ResourceWarning: Enable tracemalloc to get the object allocation traceback
/usr/lib/python3.13/json/encoder.py:261: ResourceWarning: unclosed database in <sqlite3.Connection object at 0xffffa8dfb790>
  return _iterencode(o, 0)
ResourceWarning: Enable tracemalloc to get the object allocation traceback
/usr/lib/python3.13/json/encoder.py:261: ResourceWarning: unclosed database in <sqlite3.Connection object at 0xffffa8dfb880>
  return _iterencode(o, 0)
ResourceWarning: Enable tracemalloc to get the object allocation traceback
/usr/lib/python3.13/json/encoder.py:261: ResourceWarning: unclosed database in <sqlite3.Connection object at 0xffffa8dfb970>
  return _iterencode(o, 0)
ResourceWarning: Enable tracemalloc to get the object allocation traceback
/usr/lib/python3.13/json/encoder.py:261: ResourceWarning: unclosed database in <sqlite3.Connection object at 0xffffa8dfb6a0>
  return _iterencode(o, 0)
ResourceWarning: Enable tracemalloc to get the object allocation traceback
/usr/lib/python3.13/json/encoder.py:261: ResourceWarning: unclosed database in <sqlite3.Connection object at 0xffffa8dfbc40>
  return _iterencode(o, 0)
ResourceWarning: Enable tracemalloc to get the object allocation traceback
/usr/lib/python3.13/json/encoder.py:261: ResourceWarning: unclosed database in <sqlite3.Connection object at 0xffffa8dfbd30>
  return _iterencode(o, 0)
ResourceWarning: Enable tracemalloc to get the object allocation traceback
/usr/lib/python3.13/json/encoder.py:261: ResourceWarning: unclosed database in <sqlite3.Connection object at 0xffffa8dfbe20>
  return _iterencode(o, 0)
ResourceWarning: Enable tracemalloc to get the object allocation traceback
/usr/lib/python3.13/json/encoder.py:261: ResourceWarning: unclosed database in <sqlite3.Connection object at 0xffffa8dfbb50>
  return _iterencode(o, 0)
ResourceWarning: Enable tracemalloc to get the object allocation traceback
/usr/lib/python3.13/json/encoder.py:261: ResourceWarning: unclosed database in <sqlite3.Connection object at 0xffffa82e8130>
  return _iterencode(o, 0)
ResourceWarning: Enable tracemalloc to get the object allocation traceback
/usr/lib/python3.13/json/encoder.py:261: ResourceWarning: unclosed database in <sqlite3.Connection object at 0xffffa82e8220>
  return _iterencode(o, 0)
ResourceWarning: Enable tracemalloc to get the object allocation traceback
/usr/lib/python3.13/json/encoder.py:261: ResourceWarning: unclosed database in <sqlite3.Connection object at 0xffffa82e8310>
  return _iterencode(o, 0)
ResourceWarning: Enable tracemalloc to get the object allocation traceback
...................................................................................................................................................................http ziman GET /api/v1/questions -> 401
.http ziman POST /api/v1/auth/session -> 200
......http attacker GET /api/v1/questions -> 404
.http ziman GET /api/v1/queue -> 404
.http ziman POST /api/v1/auth/session -> 401  (invalid credentials)
.http ziman POST /api/v1/auth/session -> 401  (signature_mismatch probe=none)
......................................................................................................E......Traceback (most recent call last):
  File "/home/ari/ofn/ofn/adapters/http_api.py", line 1746, in _dispatch
    self._send(app.handle(method, path, self._headers(), body,
               ~~~~~~~~~~^^^^^^^^^^^^^^^^^^^^^^^^^^^^^^^^^^^^^
                          query=raw_qs))
                          ^^^^^^^^^^^^^
  File "/home/ari/ofn/tests/test_handler_failure.py", line 34, in handle
    raise RuntimeError("no such column: price_primary_aud")
RuntimeError: no such column: price_primary_aud
http z POST /api/v1/boom -> 500
.Traceback (most recent call last):
  File "/home/ari/ofn/ofn/adapters/http_api.py", line 1746, in _dispatch
    self._send(app.handle(method, path, self._headers(), body,
               ~~~~~~~~~~^^^^^^^^^^^^^^^^^^^^^^^^^^^^^^^^^^^^^
                          query=raw_qs))
                          ^^^^^^^^^^^^^
  File "/home/ari/ofn/tests/test_handler_failure.py", line 34, in handle
    raise RuntimeError("no such column: price_primary_aud")
RuntimeError: no such column: price_primary_aud
http z GET /api/v1/boom -> 500
.Traceback (most recent call last):
  File "/home/ari/ofn/ofn/adapters/http_api.py", line 1746, in _dispatch
    self._send(app.handle(method, path, self._headers(), body,
               ~~~~~~~~~~^^^^^^^^^^^^^^^^^^^^^^^^^^^^^^^^^^^^^
                          query=raw_qs))
                          ^^^^^^^^^^^^^
  File "/home/ari/ofn/tests/test_handler_failure.py", line 34, in handle
    raise RuntimeError("no such column: price_primary_aud")
RuntimeError: no such column: price_primary_aud
http z GET /api/v1/boom -> 500
.Traceback (most recent call last):
  File "/home/ari/ofn/ofn/adapters/http_api.py", line 1746, in _dispatch
    self._send(app.handle(method, path, self._headers(), body,
               ~~~~~~~~~~^^^^^^^^^^^^^^^^^^^^^^^^^^^^^^^^^^^^^
                          query=raw_qs))
                          ^^^^^^^^^^^^^
  File "/home/ari/ofn/tests/test_handler_failure.py", line 34, in handle
    raise RuntimeError("no such column: price_primary_aud")
RuntimeError: no such column: price_primary_aud
http z GET /api/v1/boom -> 500
http z GET / -> 200
../home/ari/ofn/tests/test_http_api.py:85: ResourceWarning: unclosed file <_io.TextIOWrapper name='/home/ari/ofn/ofn/adapters/http_api.py' mode='r' encoding='utf-8'>
  tree = ast.parse(open(path, encoding="utf-8").read())
ResourceWarning: Enable tracemalloc to get the object allocation traceback
/usr/lib/python3.13/ast.py:50: ResourceWarning: unclosed database in <sqlite3.Connection object at 0xffffa8dfbf10>
  return compile(source, filename, mode, flags,
ResourceWarning: Enable tracemalloc to get the object allocation traceback
/usr/lib/python3.13/ast.py:50: ResourceWarning: unclosed database in <sqlite3.Connection object at 0xffffa8dfbd30>
  return compile(source, filename, mode, flags,
ResourceWarning: Enable tracemalloc to get the object allocation traceback
/usr/lib/python3.13/ast.py:50: ResourceWarning: unclosed database in <sqlite3.Connection object at 0xffffa8dfbc40>
  return compile(source, filename, mode, flags,
ResourceWarning: Enable tracemalloc to get the object allocation traceback
/usr/lib/python3.13/ast.py:50: ResourceWarning: unclosed database in <sqlite3.Connection object at 0xffffa8dfb6a0>
  return compile(source, filename, mode, flags,
ResourceWarning: Enable tracemalloc to get the object allocation traceback
/usr/lib/python3.13/ast.py:50: ResourceWarning: unclosed database in <sqlite3.Connection object at 0xffffa8dfb970>
  return compile(source, filename, mode, flags,
ResourceWarning: Enable tracemalloc to get the object allocation traceback
/usr/lib/python3.13/ast.py:50: ResourceWarning: unclosed database in <sqlite3.Connection object at 0xffffa8dfb1f0>
  return compile(source, filename, mode, flags,
ResourceWarning: Enable tracemalloc to get the object allocation traceback
/usr/lib/python3.13/ast.py:50: ResourceWarning: unclosed database in <sqlite3.Connection object at 0xffffa8dfb4c0>
  return compile(source, filename, mode, flags,
ResourceWarning: Enable tracemalloc to get the object allocation traceback
/usr/lib/python3.13/ast.py:50: ResourceWarning: unclosed database in <sqlite3.Connection object at 0xffffa8dfb2e0>
  return compile(source, filename, mode, flags,
ResourceWarning: Enable tracemalloc to get the object allocation traceback
....................................../home/ari/ofn/tests/test_kernel_purity.py:101: ResourceWarning: unclosed file <_io.TextIOWrapper name='/home/ari/ofn/ofn/kernel/__init__.py' mode='r' encoding='utf-8'>
  tree = ast.parse(open(path, encoding="utf-8").read(), filename=path)
ResourceWarning: Enable tracemalloc to get the object allocation traceback
/home/ari/ofn/tests/test_kernel_purity.py:101: ResourceWarning: unclosed file <_io.TextIOWrapper name='/home/ari/ofn/ofn/kernel/advisor.py' mode='r' encoding='utf-8'>
  tree = ast.parse(open(path, encoding="utf-8").read(), filename=path)
ResourceWarning: Enable tracemalloc to get the object allocation traceback
/home/ari/ofn/tests/test_kernel_purity.py:101: ResourceWarning: unclosed file <_io.TextIOWrapper name='/home/ari/ofn/ofn/kernel/advisor_gate.py' mode='r' encoding='utf-8'>
  tree = ast.parse(open(path, encoding="utf-8").read(), filename=path)
ResourceWarning: Enable tracemalloc to get the object allocation traceback
/home/ari/ofn/tests/test_kernel_purity.py:101: ResourceWarning: unclosed file <_io.TextIOWrapper name='/home/ari/ofn/ofn/kernel/allocation.py' mode='r' encoding='utf-8'>
  tree = ast.parse(open(path, encoding="utf-8").read(), filename=path)
ResourceWarning: Enable tracemalloc to get the object allocation traceback
/home/ari/ofn/tests/test_kernel_purity.py:101: ResourceWarning: unclosed file <_io.TextIOWrapper name='/home/ari/ofn/ofn/kernel/audience.py' mode='r' encoding='utf-8'>
  tree = ast.parse(open(path, encoding="utf-8").read(), filename=path)
ResourceWarning: Enable tracemalloc to get the object allocation traceback
/home/ari/ofn/tests/test_kernel_purity.py:101: ResourceWarning: unclosed file <_io.TextIOWrapper name='/home/ari/ofn/ofn/kernel/auth.py' mode='r' encoding='utf-8'>
  tree = ast.parse(open(path, encoding="utf-8").read(), filename=path)
ResourceWarning: Enable tracemalloc to get the object allocation traceback
/home/ari/ofn/tests/test_kernel_purity.py:101: ResourceWarning: unclosed file <_io.TextIOWrapper name='/home/ari/ofn/ofn/kernel/callbudget.py' mode='r' encoding='utf-8'>
  tree = ast.parse(open(path, encoding="utf-8").read(), filename=path)
ResourceWarning: Enable tracemalloc to get the object allocation traceback
/home/ari/ofn/tests/test_kernel_purity.py:101: ResourceWarning: unclosed file <_io.TextIOWrapper name='/home/ari/ofn/ofn/kernel/consent.py' mode='r' encoding='utf-8'>
  tree = ast.parse(open(path, encoding="utf-8").read(), filename=path)
ResourceWarning: Enable tracemalloc to get the object allocation traceback
/home/ari/ofn/tests/test_kernel_purity.py:101: ResourceWarning: unclosed file <_io.TextIOWrapper name='/home/ari/ofn/ofn/kernel/domain.py' mode='r' encoding='utf-8'>
  tree = ast.parse(open(path, encoding="utf-8").read(), filename=path)
ResourceWarning: Enable tracemalloc to get the object allocation traceback
/home/ari/ofn/tests/test_kernel_purity.py:101: ResourceWarning: unclosed file <_io.TextIOWrapper name='/home/ari/ofn/ofn/kernel/edge.py' mode='r' encoding='utf-8'>
  tree = ast.parse(open(path, encoding="utf-8").read(), filename=path)
ResourceWarning: Enable tracemalloc to get the object allocation traceback
/home/ari/ofn/tests/test_kernel_purity.py:101: ResourceWarning: unclosed file <_io.TextIOWrapper name='/home/ari/ofn/ofn/kernel/errors.py' mode='r' encoding='utf-8'>
  tree = ast.parse(open(path, encoding="utf-8").read(), filename=path)
ResourceWarning: Enable tracemalloc to get the object allocation traceback
/home/ari/ofn/tests/test_kernel_purity.py:101: ResourceWarning: unclosed file <_io.TextIOWrapper name='/home/ari/ofn/ofn/kernel/fleet.py' mode='r' encoding='utf-8'>
  tree = ast.parse(open(path, encoding="utf-8").read(), filename=path)
ResourceWarning: Enable tracemalloc to get the object allocation traceback
/home/ari/ofn/tests/test_kernel_purity.py:101: ResourceWarning: unclosed file <_io.TextIOWrapper name='/home/ari/ofn/ofn/kernel/gates.py' mode='r' encoding='utf-8'>
  tree = ast.parse(open(path, encoding="utf-8").read(), filename=path)
ResourceWarning: Enable tracemalloc to get the object allocation traceback
/home/ari/ofn/tests/test_kernel_purity.py:101: ResourceWarning: unclosed file <_io.TextIOWrapper name='/home/ari/ofn/ofn/kernel/marketing_scout.py' mode='r' encoding='utf-8'>
  tree = ast.parse(open(path, encoding="utf-8").read(), filename=path)
ResourceWarning: Enable tracemalloc to get the object allocation traceback
/usr/lib/python3.13/ast.py:50: ResourceWarning: unclosed database in <sqlite3.Connection object at 0xffffa82e8040>
  return compile(source, filename, mode, flags,
ResourceWarning: Enable tracemalloc to get the object allocation traceback
/usr/lib/python3.13/ast.py:50: ResourceWarning: unclosed database in <sqlite3.Connection object at 0xffffa82e85e0>
  return compile(source, filename, mode, flags,
ResourceWarning: Enable tracemalloc to get the object allocation traceback
/usr/lib/python3.13/ast.py:50: ResourceWarning: unclosed database in <sqlite3.Connection object at 0xffffa82e86d0>
  return compile(source, filename, mode, flags,
ResourceWarning: Enable tracemalloc to get the object allocation traceback
/usr/lib/python3.13/ast.py:50: ResourceWarning: unclosed database in <sqlite3.Connection object at 0xffffa82e87c0>
  return compile(source, filename, mode, flags,
ResourceWarning: Enable tracemalloc to get the object allocation traceback
/home/ari/ofn/tests/test_kernel_purity.py:101: ResourceWarning: unclosed file <_io.TextIOWrapper name='/home/ari/ofn/ofn/kernel/outreach.py' mode='r' encoding='utf-8'>
  tree = ast.parse(open(path, encoding="utf-8").read(), filename=path)
ResourceWarning: Enable tracemalloc to get the object allocation traceback
/home/ari/ofn/tests/test_kernel_purity.py:101: ResourceWarning: unclosed file <_io.TextIOWrapper name='/home/ari/ofn/ofn/kernel/painting_math.py' mode='r' encoding='utf-8'>
  tree = ast.parse(open(path, encoding="utf-8").read(), filename=path)
ResourceWarning: Enable tracemalloc to get the object allocation traceback
/home/ari/ofn/tests/test_kernel_purity.py:101: ResourceWarning: unclosed file <_io.TextIOWrapper name='/home/ari/ofn/ofn/kernel/photos.py' mode='r' encoding='utf-8'>
  tree = ast.parse(open(path, encoding="utf-8").read(), filename=path)
ResourceWarning: Enable tracemalloc to get the object allocation traceback
/home/ari/ofn/tests/test_kernel_purity.py:101: ResourceWarning: unclosed file <_io.TextIOWrapper name='/home/ari/ofn/ofn/kernel/platform_matrix.py' mode='r' encoding='utf-8'>
  tree = ast.parse(open(path, encoding="utf-8").read(), filename=path)
ResourceWarning: Enable tracemalloc to get the object allocation traceback
/home/ari/ofn/tests/test_kernel_purity.py:101: ResourceWarning: unclosed file <_io.TextIOWrapper name='/home/ari/ofn/ofn/kernel/ports.py' mode='r' encoding='utf-8'>
  tree = ast.parse(open(path, encoding="utf-8").read(), filename=path)
ResourceWarning: Enable tracemalloc to get the object allocation traceback
/home/ari/ofn/tests/test_kernel_purity.py:101: ResourceWarning: unclosed file <_io.TextIOWrapper name='/home/ari/ofn/ofn/kernel/probe.py' mode='r' encoding='utf-8'>
  tree = ast.parse(open(path, encoding="utf-8").read(), filename=path)
ResourceWarning: Enable tracemalloc to get the object allocation traceback
/home/ari/ofn/tests/test_kernel_purity.py:101: ResourceWarning: unclosed file <_io.TextIOWrapper name='/home/ari/ofn/ofn/kernel/questions.py' mode='r' encoding='utf-8'>
  tree = ast.parse(open(path, encoding="utf-8").read(), filename=path)
ResourceWarning: Enable tracemalloc to get the object allocation traceback
/home/ari/ofn/tests/test_kernel_purity.py:101: ResourceWarning: unclosed file <_io.TextIOWrapper name='/home/ari/ofn/ofn/kernel/quota.py' mode='r' encoding='utf-8'>
  tree = ast.parse(open(path, encoding="utf-8").read(), filename=path)
ResourceWarning: Enable tracemalloc to get the object allocation traceback
/home/ari/ofn/tests/test_kernel_purity.py:101: ResourceWarning: unclosed file <_io.TextIOWrapper name='/home/ari/ofn/ofn/kernel/release_switch.py' mode='r' encoding='utf-8'>
  tree = ast.parse(open(path, encoding="utf-8").read(), filename=path)
ResourceWarning: Enable tracemalloc to get the object allocation traceback
/home/ari/ofn/tests/test_kernel_purity.py:101: ResourceWarning: unclosed file <_io.TextIOWrapper name='/home/ari/ofn/ofn/kernel/risk.py' mode='r' encoding='utf-8'>
  tree = ast.parse(open(path, encoding="utf-8").read(), filename=path)
ResourceWarning: Enable tracemalloc to get the object allocation traceback
/home/ari/ofn/tests/test_kernel_purity.py:101: ResourceWarning: unclosed file <_io.TextIOWrapper name='/home/ari/ofn/ofn/kernel/routing.py' mode='r' encoding='utf-8'>
  tree = ast.parse(open(path, encoding="utf-8").read(), filename=path)
ResourceWarning: Enable tracemalloc to get the object allocation traceback
/home/ari/ofn/tests/test_kernel_purity.py:101: ResourceWarning: unclosed file <_io.TextIOWrapper name='/home/ari/ofn/ofn/kernel/safety.py' mode='r' encoding='utf-8'>
  tree = ast.parse(open(path, encoding="utf-8").read(), filename=path)
ResourceWarning: Enable tracemalloc to get the object allocation traceback
/home/ari/ofn/tests/test_kernel_purity.py:101: ResourceWarning: unclosed file <_io.TextIOWrapper name='/home/ari/ofn/ofn/kernel/scout.py' mode='r' encoding='utf-8'>
  tree = ast.parse(open(path, encoding="utf-8").read(), filename=path)
ResourceWarning: Enable tracemalloc to get the object allocation traceback
/home/ari/ofn/tests/test_kernel_purity.py:101: ResourceWarning: unclosed file <_io.TextIOWrapper name='/home/ari/ofn/ofn/kernel/scrub.py' mode='r' encoding='utf-8'>
  tree = ast.parse(open(path, encoding="utf-8").read(), filename=path)
ResourceWarning: Enable tracemalloc to get the object allocation traceback
/home/ari/ofn/tests/test_kernel_purity.py:101: ResourceWarning: unclosed file <_io.TextIOWrapper name='/home/ari/ofn/ofn/kernel/tenancy.py' mode='r' encoding='utf-8'>
  tree = ast.parse(open(path, encoding="utf-8").read(), filename=path)
ResourceWarning: Enable tracemalloc to get the object allocation traceback
./home/ari/ofn/tests/test_kernel_purity.py:126: ResourceWarning: unclosed file <_io.TextIOWrapper name='/home/ari/ofn/ofn/kernel/__init__.py' mode='r' encoding='utf-8'>
  tree = ast.parse(open(path, encoding="utf-8").read(), filename=path)
ResourceWarning: Enable tracemalloc to get the object allocation traceback
/home/ari/ofn/tests/test_kernel_purity.py:126: ResourceWarning: unclosed file <_io.TextIOWrapper name='/home/ari/ofn/ofn/kernel/advisor.py' mode='r' encoding='utf-8'>
  tree = ast.parse(open(path, encoding="utf-8").read(), filename=path)
ResourceWarning: Enable tracemalloc to get the object allocation traceback
/home/ari/ofn/tests/test_kernel_purity.py:126: ResourceWarning: unclosed file <_io.TextIOWrapper name='/home/ari/ofn/ofn/kernel/advisor_gate.py' mode='r' encoding='utf-8'>
  tree = ast.parse(open(path, encoding="utf-8").read(), filename=path)
ResourceWarning: Enable tracemalloc to get the object allocation traceback
/home/ari/ofn/tests/test_kernel_purity.py:126: ResourceWarning: unclosed file <_io.TextIOWrapper name='/home/ari/ofn/ofn/kernel/allocation.py' mode='r' encoding='utf-8'>
  tree = ast.parse(open(path, encoding="utf-8").read(), filename=path)
ResourceWarning: Enable tracemalloc to get the object allocation traceback
/home/ari/ofn/tests/test_kernel_purity.py:126: ResourceWarning: unclosed file <_io.TextIOWrapper name='/home/ari/ofn/ofn/kernel/audience.py' mode='r' encoding='utf-8'>
  tree = ast.parse(open(path, encoding="utf-8").read(), filename=path)
ResourceWarning: Enable tracemalloc to get the object allocation traceback
/home/ari/ofn/tests/test_kernel_purity.py:126: ResourceWarning: unclosed file <_io.TextIOWrapper name='/home/ari/ofn/ofn/kernel/auth.py' mode='r' encoding='utf-8'>
  tree = ast.parse(open(path, encoding="utf-8").read(), filename=path)
ResourceWarning: Enable tracemalloc to get the object allocation traceback
/home/ari/ofn/tests/test_kernel_purity.py:126: ResourceWarning: unclosed file <_io.TextIOWrapper name='/home/ari/ofn/ofn/kernel/callbudget.py' mode='r' encoding='utf-8'>
  tree = ast.parse(open(path, encoding="utf-8").read(), filename=path)
ResourceWarning: Enable tracemalloc to get the object allocation traceback
/home/ari/ofn/tests/test_kernel_purity.py:126: ResourceWarning: unclosed file <_io.TextIOWrapper name='/home/ari/ofn/ofn/kernel/consent.py' mode='r' encoding='utf-8'>
  tree = ast.parse(open(path, encoding="utf-8").read(), filename=path)
ResourceWarning: Enable tracemalloc to get the object allocation traceback
/home/ari/ofn/tests/test_kernel_purity.py:126: ResourceWarning: unclosed file <_io.TextIOWrapper name='/home/ari/ofn/ofn/kernel/domain.py' mode='r' encoding='utf-8'>
  tree = ast.parse(open(path, encoding="utf-8").read(), filename=path)
ResourceWarning: Enable tracemalloc to get the object allocation traceback
/home/ari/ofn/tests/test_kernel_purity.py:126: ResourceWarning: unclosed file <_io.TextIOWrapper name='/home/ari/ofn/ofn/kernel/edge.py' mode='r' encoding='utf-8'>
  tree = ast.parse(open(path, encoding="utf-8").read(), filename=path)
ResourceWarning: Enable tracemalloc to get the object allocation traceback
/home/ari/ofn/tests/test_kernel_purity.py:126: ResourceWarning: unclosed file <_io.TextIOWrapper name='/home/ari/ofn/ofn/kernel/errors.py' mode='r' encoding='utf-8'>
  tree = ast.parse(open(path, encoding="utf-8").read(), filename=path)
ResourceWarning: Enable tracemalloc to get the object allocation traceback
/home/ari/ofn/tests/test_kernel_purity.py:126: ResourceWarning: unclosed file <_io.TextIOWrapper name='/home/ari/ofn/ofn/kernel/fleet.py' mode='r' encoding='utf-8'>
  tree = ast.parse(open(path, encoding="utf-8").read(), filename=path)
ResourceWarning: Enable tracemalloc to get the object allocation traceback
/home/ari/ofn/tests/test_kernel_purity.py:126: ResourceWarning: unclosed file <_io.TextIOWrapper name='/home/ari/ofn/ofn/kernel/gates.py' mode='r' encoding='utf-8'>
  tree = ast.parse(open(path, encoding="utf-8").read(), filename=path)
ResourceWarning: Enable tracemalloc to get the object allocation traceback
/home/ari/ofn/tests/test_kernel_purity.py:126: ResourceWarning: unclosed file <_io.TextIOWrapper name='/home/ari/ofn/ofn/kernel/marketing_scout.py' mode='r' encoding='utf-8'>
  tree = ast.parse(open(path, encoding="utf-8").read(), filename=path)
ResourceWarning: Enable tracemalloc to get the object allocation traceback
/home/ari/ofn/tests/test_kernel_purity.py:126: ResourceWarning: unclosed file <_io.TextIOWrapper name='/home/ari/ofn/ofn/kernel/outreach.py' mode='r' encoding='utf-8'>
  tree = ast.parse(open(path, encoding="utf-8").read(), filename=path)
ResourceWarning: Enable tracemalloc to get the object allocation traceback
/home/ari/ofn/tests/test_kernel_purity.py:126: ResourceWarning: unclosed file <_io.TextIOWrapper name='/home/ari/ofn/ofn/kernel/painting_math.py' mode='r' encoding='utf-8'>
  tree = ast.parse(open(path, encoding="utf-8").read(), filename=path)
ResourceWarning: Enable tracemalloc to get the object allocation traceback
/home/ari/ofn/tests/test_kernel_purity.py:126: ResourceWarning: unclosed file <_io.TextIOWrapper name='/home/ari/ofn/ofn/kernel/photos.py' mode='r' encoding='utf-8'>
  tree = ast.parse(open(path, encoding="utf-8").read(), filename=path)
ResourceWarning: Enable tracemalloc to get the object allocation traceback
/home/ari/ofn/tests/test_kernel_purity.py:126: ResourceWarning: unclosed file <_io.TextIOWrapper name='/home/ari/ofn/ofn/kernel/platform_matrix.py' mode='r' encoding='utf-8'>
  tree = ast.parse(open(path, encoding="utf-8").read(), filename=path)
ResourceWarning: Enable tracemalloc to get the object allocation traceback
/home/ari/ofn/tests/test_kernel_purity.py:126: ResourceWarning: unclosed file <_io.TextIOWrapper name='/home/ari/ofn/ofn/kernel/ports.py' mode='r' encoding='utf-8'>
  tree = ast.parse(open(path, encoding="utf-8").read(), filename=path)
ResourceWarning: Enable tracemalloc to get the object allocation traceback
/home/ari/ofn/tests/test_kernel_purity.py:126: ResourceWarning: unclosed file <_io.TextIOWrapper name='/home/ari/ofn/ofn/kernel/probe.py' mode='r' encoding='utf-8'>
  tree = ast.parse(open(path, encoding="utf-8").read(), filename=path)
ResourceWarning: Enable tracemalloc to get the object allocation traceback
/home/ari/ofn/tests/test_kernel_purity.py:126: ResourceWarning: unclosed file <_io.TextIOWrapper name='/home/ari/ofn/ofn/kernel/questions.py' mode='r' encoding='utf-8'>
  tree = ast.parse(open(path, encoding="utf-8").read(), filename=path)
ResourceWarning: Enable tracemalloc to get the object allocation traceback
/home/ari/ofn/tests/test_kernel_purity.py:126: ResourceWarning: unclosed file <_io.TextIOWrapper name='/home/ari/ofn/ofn/kernel/quota.py' mode='r' encoding='utf-8'>
  tree = ast.parse(open(path, encoding="utf-8").read(), filename=path)
ResourceWarning: Enable tracemalloc to get the object allocation traceback
/home/ari/ofn/tests/test_kernel_purity.py:126: ResourceWarning: unclosed file <_io.TextIOWrapper name='/home/ari/ofn/ofn/kernel/release_switch.py' mode='r' encoding='utf-8'>
  tree = ast.parse(open(path, encoding="utf-8").read(), filename=path)
ResourceWarning: Enable tracemalloc to get the object allocation traceback
/home/ari/ofn/tests/test_kernel_purity.py:126: ResourceWarning: unclosed file <_io.TextIOWrapper name='/home/ari/ofn/ofn/kernel/risk.py' mode='r' encoding='utf-8'>
  tree = ast.parse(open(path, encoding="utf-8").read(), filename=path)
ResourceWarning: Enable tracemalloc to get the object allocation traceback
/home/ari/ofn/tests/test_kernel_purity.py:126: ResourceWarning: unclosed file <_io.TextIOWrapper name='/home/ari/ofn/ofn/kernel/routing.py' mode='r' encoding='utf-8'>
  tree = ast.parse(open(path, encoding="utf-8").read(), filename=path)
ResourceWarning: Enable tracemalloc to get the object allocation traceback
/home/ari/ofn/tests/test_kernel_purity.py:126: ResourceWarning: unclosed file <_io.TextIOWrapper name='/home/ari/ofn/ofn/kernel/safety.py' mode='r' encoding='utf-8'>
  tree = ast.parse(open(path, encoding="utf-8").read(), filename=path)
ResourceWarning: Enable tracemalloc to get the object allocation traceback
/home/ari/ofn/tests/test_kernel_purity.py:126: ResourceWarning: unclosed file <_io.TextIOWrapper name='/home/ari/ofn/ofn/kernel/scout.py' mode='r' encoding='utf-8'>
  tree = ast.parse(open(path, encoding="utf-8").read(), filename=path)
ResourceWarning: Enable tracemalloc to get the object allocation traceback
/home/ari/ofn/tests/test_kernel_purity.py:126: ResourceWarning: unclosed file <_io.TextIOWrapper name='/home/ari/ofn/ofn/kernel/scrub.py' mode='r' encoding='utf-8'>
  tree = ast.parse(open(path, encoding="utf-8").read(), filename=path)
ResourceWarning: Enable tracemalloc to get the object allocation traceback
/home/ari/ofn/tests/test_kernel_purity.py:126: ResourceWarning: unclosed file <_io.TextIOWrapper name='/home/ari/ofn/ofn/kernel/tenancy.py' mode='r' encoding='utf-8'>
  tree = ast.parse(open(path, encoding="utf-8").read(), filename=path)
ResourceWarning: Enable tracemalloc to get the object allocation traceback
./home/ari/ofn/tests/test_kernel_purity.py:162: ResourceWarning: unclosed file <_io.TextIOWrapper name='/home/ari/ofn/ofn/kernel/__init__.py' mode='r' encoding='utf-8'>
  tree = ast.parse(open(path, encoding="utf-8").read(), filename=path)
ResourceWarning: Enable tracemalloc to get the object allocation traceback
/home/ari/ofn/tests/test_kernel_purity.py:162: ResourceWarning: unclosed file <_io.TextIOWrapper name='/home/ari/ofn/ofn/kernel/advisor.py' mode='r' encoding='utf-8'>
  tree = ast.parse(open(path, encoding="utf-8").read(), filename=path)
ResourceWarning: Enable tracemalloc to get the object allocation traceback
/home/ari/ofn/tests/test_kernel_purity.py:162: ResourceWarning: unclosed file <_io.TextIOWrapper name='/home/ari/ofn/ofn/kernel/advisor_gate.py' mode='r' encoding='utf-8'>
  tree = ast.parse(open(path, encoding="utf-8").read(), filename=path)
ResourceWarning: Enable tracemalloc to get the object allocation traceback
/home/ari/ofn/tests/test_kernel_purity.py:162: ResourceWarning: unclosed file <_io.TextIOWrapper name='/home/ari/ofn/ofn/kernel/allocation.py' mode='r' encoding='utf-8'>
  tree = ast.parse(open(path, encoding="utf-8").read(), filename=path)
ResourceWarning: Enable tracemalloc to get the object allocation traceback
/home/ari/ofn/tests/test_kernel_purity.py:162: ResourceWarning: unclosed file <_io.TextIOWrapper name='/home/ari/ofn/ofn/kernel/audience.py' mode='r' encoding='utf-8'>
  tree = ast.parse(open(path, encoding="utf-8").read(), filename=path)
ResourceWarning: Enable tracemalloc to get the object allocation traceback
/home/ari/ofn/tests/test_kernel_purity.py:162: ResourceWarning: unclosed file <_io.TextIOWrapper name='/home/ari/ofn/ofn/kernel/auth.py' mode='r' encoding='utf-8'>
  tree = ast.parse(open(path, encoding="utf-8").read(), filename=path)
ResourceWarning: Enable tracemalloc to get the object allocation traceback
/home/ari/ofn/tests/test_kernel_purity.py:162: ResourceWarning: unclosed file <_io.TextIOWrapper name='/home/ari/ofn/ofn/kernel/callbudget.py' mode='r' encoding='utf-8'>
  tree = ast.parse(open(path, encoding="utf-8").read(), filename=path)
ResourceWarning: Enable tracemalloc to get the object allocation traceback
/home/ari/ofn/tests/test_kernel_purity.py:162: ResourceWarning: unclosed file <_io.TextIOWrapper name='/home/ari/ofn/ofn/kernel/consent.py' mode='r' encoding='utf-8'>
  tree = ast.parse(open(path, encoding="utf-8").read(), filename=path)
ResourceWarning: Enable tracemalloc to get the object allocation traceback
/home/ari/ofn/tests/test_kernel_purity.py:162: ResourceWarning: unclosed file <_io.TextIOWrapper name='/home/ari/ofn/ofn/kernel/domain.py' mode='r' encoding='utf-8'>
  tree = ast.parse(open(path, encoding="utf-8").read(), filename=path)
ResourceWarning: Enable tracemalloc to get the object allocation traceback
/home/ari/ofn/tests/test_kernel_purity.py:162: ResourceWarning: unclosed file <_io.TextIOWrapper name='/home/ari/ofn/ofn/kernel/edge.py' mode='r' encoding='utf-8'>
  tree = ast.parse(open(path, encoding="utf-8").read(), filename=path)
ResourceWarning: Enable tracemalloc to get the object allocation traceback
/home/ari/ofn/tests/test_kernel_purity.py:162: ResourceWarning: unclosed file <_io.TextIOWrapper name='/home/ari/ofn/ofn/kernel/errors.py' mode='r' encoding='utf-8'>
  tree = ast.parse(open(path, encoding="utf-8").read(), filename=path)
ResourceWarning: Enable tracemalloc to get the object allocation traceback
/home/ari/ofn/tests/test_kernel_purity.py:162: ResourceWarning: unclosed file <_io.TextIOWrapper name='/home/ari/ofn/ofn/kernel/fleet.py' mode='r' encoding='utf-8'>
  tree = ast.parse(open(path, encoding="utf-8").read(), filename=path)
ResourceWarning: Enable tracemalloc to get the object allocation traceback
/home/ari/ofn/tests/test_kernel_purity.py:162: ResourceWarning: unclosed file <_io.TextIOWrapper name='/home/ari/ofn/ofn/kernel/gates.py' mode='r' encoding='utf-8'>
  tree = ast.parse(open(path, encoding="utf-8").read(), filename=path)
ResourceWarning: Enable tracemalloc to get the object allocation traceback
/home/ari/ofn/tests/test_kernel_purity.py:162: ResourceWarning: unclosed file <_io.TextIOWrapper name='/home/ari/ofn/ofn/kernel/marketing_scout.py' mode='r' encoding='utf-8'>
  tree = ast.parse(open(path, encoding="utf-8").read(), filename=path)
ResourceWarning: Enable tracemalloc to get the object allocation traceback
/home/ari/ofn/tests/test_kernel_purity.py:162: ResourceWarning: unclosed file <_io.TextIOWrapper name='/home/ari/ofn/ofn/kernel/outreach.py' mode='r' encoding='utf-8'>
  tree = ast.parse(open(path, encoding="utf-8").read(), filename=path)
ResourceWarning: Enable tracemalloc to get the object allocation traceback
/home/ari/ofn/tests/test_kernel_purity.py:162: ResourceWarning: unclosed file <_io.TextIOWrapper name='/home/ari/ofn/ofn/kernel/painting_math.py' mode='r' encoding='utf-8'>
  tree = ast.parse(open(path, encoding="utf-8").read(), filename=path)
ResourceWarning: Enable tracemalloc to get the object allocation traceback
/home/ari/ofn/tests/test_kernel_purity.py:162: ResourceWarning: unclosed file <_io.TextIOWrapper name='/home/ari/ofn/ofn/kernel/photos.py' mode='r' encoding='utf-8'>
  tree = ast.parse(open(path, encoding="utf-8").read(), filename=path)
ResourceWarning: Enable tracemalloc to get the object allocation traceback
/home/ari/ofn/tests/test_kernel_purity.py:162: ResourceWarning: unclosed file <_io.TextIOWrapper name='/home/ari/ofn/ofn/kernel/platform_matrix.py' mode='r' encoding='utf-8'>
  tree = ast.parse(open(path, encoding="utf-8").read(), filename=path)
ResourceWarning: Enable tracemalloc to get the object allocation traceback
/home/ari/ofn/tests/test_kernel_purity.py:162: ResourceWarning: unclosed file <_io.TextIOWrapper name='/home/ari/ofn/ofn/kernel/ports.py' mode='r' encoding='utf-8'>
  tree = ast.parse(open(path, encoding="utf-8").read(), filename=path)
ResourceWarning: Enable tracemalloc to get the object allocation traceback
/home/ari/ofn/tests/test_kernel_purity.py:162: ResourceWarning: unclosed file <_io.TextIOWrapper name='/home/ari/ofn/ofn/kernel/probe.py' mode='r' encoding='utf-8'>
  tree = ast.parse(open(path, encoding="utf-8").read(), filename=path)
ResourceWarning: Enable tracemalloc to get the object allocation traceback
/home/ari/ofn/tests/test_kernel_purity.py:162: ResourceWarning: unclosed file <_io.TextIOWrapper name='/home/ari/ofn/ofn/kernel/questions.py' mode='r' encoding='utf-8'>
  tree = ast.parse(open(path, encoding="utf-8").read(), filename=path)
ResourceWarning: Enable tracemalloc to get the object allocation traceback
/home/ari/ofn/tests/test_kernel_purity.py:162: ResourceWarning: unclosed file <_io.TextIOWrapper name='/home/ari/ofn/ofn/kernel/quota.py' mode='r' encoding='utf-8'>
  tree = ast.parse(open(path, encoding="utf-8").read(), filename=path)
ResourceWarning: Enable tracemalloc to get the object allocation traceback
/home/ari/ofn/tests/test_kernel_purity.py:162: ResourceWarning: unclosed file <_io.TextIOWrapper name='/home/ari/ofn/ofn/kernel/release_switch.py' mode='r' encoding='utf-8'>
  tree = ast.parse(open(path, encoding="utf-8").read(), filename=path)
ResourceWarning: Enable tracemalloc to get the object allocation traceback
/home/ari/ofn/tests/test_kernel_purity.py:162: ResourceWarning: unclosed file <_io.TextIOWrapper name='/home/ari/ofn/ofn/kernel/risk.py' mode='r' encoding='utf-8'>
  tree = ast.parse(open(path, encoding="utf-8").read(), filename=path)
ResourceWarning: Enable tracemalloc to get the object allocation traceback
/home/ari/ofn/tests/test_kernel_purity.py:162: ResourceWarning: unclosed file <_io.TextIOWrapper name='/home/ari/ofn/ofn/kernel/routing.py' mode='r' encoding='utf-8'>
  tree = ast.parse(open(path, encoding="utf-8").read(), filename=path)
ResourceWarning: Enable tracemalloc to get the object allocation traceback
/home/ari/ofn/tests/test_kernel_purity.py:162: ResourceWarning: unclosed file <_io.TextIOWrapper name='/home/ari/ofn/ofn/kernel/safety.py' mode='r' encoding='utf-8'>
  tree = ast.parse(open(path, encoding="utf-8").read(), filename=path)
ResourceWarning: Enable tracemalloc to get the object allocation traceback
/home/ari/ofn/tests/test_kernel_purity.py:162: ResourceWarning: unclosed file <_io.TextIOWrapper name='/home/ari/ofn/ofn/kernel/scout.py' mode='r' encoding='utf-8'>
  tree = ast.parse(open(path, encoding="utf-8").read(), filename=path)
ResourceWarning: Enable tracemalloc to get the object allocation traceback
/home/ari/ofn/tests/test_kernel_purity.py:162: ResourceWarning: unclosed file <_io.TextIOWrapper name='/home/ari/ofn/ofn/kernel/scrub.py' mode='r' encoding='utf-8'>
  tree = ast.parse(open(path, encoding="utf-8").read(), filename=path)
ResourceWarning: Enable tracemalloc to get the object allocation traceback
/home/ari/ofn/tests/test_kernel_purity.py:162: ResourceWarning: unclosed file <_io.TextIOWrapper name='/home/ari/ofn/ofn/kernel/tenancy.py' mode='r' encoding='utf-8'>
  tree = ast.parse(open(path, encoding="utf-8").read(), filename=path)
ResourceWarning: Enable tracemalloc to get the object allocation traceback
./home/ari/ofn/tests/test_kernel_purity.py:145: ResourceWarning: unclosed file <_io.TextIOWrapper name='/home/ari/ofn/ofn/kernel/__init__.py' mode='r' encoding='utf-8'>
  text = open(path, encoding="utf-8").read().lower()
ResourceWarning: Enable tracemalloc to get the object allocation traceback
/home/ari/ofn/tests/test_kernel_purity.py:145: ResourceWarning: unclosed file <_io.TextIOWrapper name='/home/ari/ofn/ofn/kernel/advisor.py' mode='r' encoding='utf-8'>
  text = open(path, encoding="utf-8").read().lower()
ResourceWarning: Enable tracemalloc to get the object allocation traceback
/home/ari/ofn/tests/test_kernel_purity.py:145: ResourceWarning: unclosed file <_io.TextIOWrapper name='/home/ari/ofn/ofn/kernel/advisor_gate.py' mode='r' encoding='utf-8'>
  text = open(path, encoding="utf-8").read().lower()
ResourceWarning: Enable tracemalloc to get the object allocation traceback
/home/ari/ofn/tests/test_kernel_purity.py:145: ResourceWarning: unclosed file <_io.TextIOWrapper name='/home/ari/ofn/ofn/kernel/allocation.py' mode='r' encoding='utf-8'>
  text = open(path, encoding="utf-8").read().lower()
ResourceWarning: Enable tracemalloc to get the object allocation traceback
/home/ari/ofn/tests/test_kernel_purity.py:145: ResourceWarning: unclosed file <_io.TextIOWrapper name='/home/ari/ofn/ofn/kernel/audience.py' mode='r' encoding='utf-8'>
  text = open(path, encoding="utf-8").read().lower()
ResourceWarning: Enable tracemalloc to get the object allocation traceback
/home/ari/ofn/tests/test_kernel_purity.py:145: ResourceWarning: unclosed file <_io.TextIOWrapper name='/home/ari/ofn/ofn/kernel/auth.py' mode='r' encoding='utf-8'>
  text = open(path, encoding="utf-8").read().lower()
ResourceWarning: Enable tracemalloc to get the object allocation traceback
/home/ari/ofn/tests/test_kernel_purity.py:145: ResourceWarning: unclosed file <_io.TextIOWrapper name='/home/ari/ofn/ofn/kernel/callbudget.py' mode='r' encoding='utf-8'>
  text = open(path, encoding="utf-8").read().lower()
ResourceWarning: Enable tracemalloc to get the object allocation traceback
/home/ari/ofn/tests/test_kernel_purity.py:145: ResourceWarning: unclosed file <_io.TextIOWrapper name='/home/ari/ofn/ofn/kernel/consent.py' mode='r' encoding='utf-8'>
  text = open(path, encoding="utf-8").read().lower()
ResourceWarning: Enable tracemalloc to get the object allocation traceback
/home/ari/ofn/tests/test_kernel_purity.py:145: ResourceWarning: unclosed file <_io.TextIOWrapper name='/home/ari/ofn/ofn/kernel/domain.py' mode='r' encoding='utf-8'>
  text = open(path, encoding="utf-8").read().lower()
ResourceWarning: Enable tracemalloc to get the object allocation traceback
/home/ari/ofn/tests/test_kernel_purity.py:145: ResourceWarning: unclosed file <_io.TextIOWrapper name='/home/ari/ofn/ofn/kernel/edge.py' mode='r' encoding='utf-8'>
  text = open(path, encoding="utf-8").read().lower()
ResourceWarning: Enable tracemalloc to get the object allocation traceback
/home/ari/ofn/tests/test_kernel_purity.py:145: ResourceWarning: unclosed file <_io.TextIOWrapper name='/home/ari/ofn/ofn/kernel/errors.py' mode='r' encoding='utf-8'>
  text = open(path, encoding="utf-8").read().lower()
ResourceWarning: Enable tracemalloc to get the object allocation traceback
/home/ari/ofn/tests/test_kernel_purity.py:145: ResourceWarning: unclosed file <_io.TextIOWrapper name='/home/ari/ofn/ofn/kernel/fleet.py' mode='r' encoding='utf-8'>
  text = open(path, encoding="utf-8").read().lower()
ResourceWarning: Enable tracemalloc to get the object allocation traceback
/home/ari/ofn/tests/test_kernel_purity.py:145: ResourceWarning: unclosed file <_io.TextIOWrapper name='/home/ari/ofn/ofn/kernel/gates.py' mode='r' encoding='utf-8'>
  text = open(path, encoding="utf-8").read().lower()
ResourceWarning: Enable tracemalloc to get the object allocation traceback
/home/ari/ofn/tests/test_kernel_purity.py:145: ResourceWarning: unclosed file <_io.TextIOWrapper name='/home/ari/ofn/ofn/kernel/marketing_scout.py' mode='r' encoding='utf-8'>
  text = open(path, encoding="utf-8").read().lower()
ResourceWarning: Enable tracemalloc to get the object allocation traceback
/home/ari/ofn/tests/test_kernel_purity.py:145: ResourceWarning: unclosed file <_io.TextIOWrapper name='/home/ari/ofn/ofn/kernel/outreach.py' mode='r' encoding='utf-8'>
  text = open(path, encoding="utf-8").read().lower()
ResourceWarning: Enable tracemalloc to get the object allocation traceback
/home/ari/ofn/tests/test_kernel_purity.py:145: ResourceWarning: unclosed file <_io.TextIOWrapper name='/home/ari/ofn/ofn/kernel/painting_math.py' mode='r' encoding='utf-8'>
  text = open(path, encoding="utf-8").read().lower()
ResourceWarning: Enable tracemalloc to get the object allocation traceback
/home/ari/ofn/tests/test_kernel_purity.py:145: ResourceWarning: unclosed file <_io.TextIOWrapper name='/home/ari/ofn/ofn/kernel/photos.py' mode='r' encoding='utf-8'>
  text = open(path, encoding="utf-8").read().lower()
ResourceWarning: Enable tracemalloc to get the object allocation traceback
/home/ari/ofn/tests/test_kernel_purity.py:145: ResourceWarning: unclosed file <_io.TextIOWrapper name='/home/ari/ofn/ofn/kernel/platform_matrix.py' mode='r' encoding='utf-8'>
  text = open(path, encoding="utf-8").read().lower()
ResourceWarning: Enable tracemalloc to get the object allocation traceback
/home/ari/ofn/tests/test_kernel_purity.py:145: ResourceWarning: unclosed file <_io.TextIOWrapper name='/home/ari/ofn/ofn/kernel/ports.py' mode='r' encoding='utf-8'>
  text = open(path, encoding="utf-8").read().lower()
ResourceWarning: Enable tracemalloc to get the object allocation traceback
/home/ari/ofn/tests/test_kernel_purity.py:145: ResourceWarning: unclosed file <_io.TextIOWrapper name='/home/ari/ofn/ofn/kernel/probe.py' mode='r' encoding='utf-8'>
  text = open(path, encoding="utf-8").read().lower()
ResourceWarning: Enable tracemalloc to get the object allocation traceback
/home/ari/ofn/tests/test_kernel_purity.py:145: ResourceWarning: unclosed file <_io.TextIOWrapper name='/home/ari/ofn/ofn/kernel/questions.py' mode='r' encoding='utf-8'>
  text = open(path, encoding="utf-8").read().lower()
ResourceWarning: Enable tracemalloc to get the object allocation traceback
/home/ari/ofn/tests/test_kernel_purity.py:145: ResourceWarning: unclosed file <_io.TextIOWrapper name='/home/ari/ofn/ofn/kernel/quota.py' mode='r' encoding='utf-8'>
  text = open(path, encoding="utf-8").read().lower()
ResourceWarning: Enable tracemalloc to get the object allocation traceback
/home/ari/ofn/tests/test_kernel_purity.py:145: ResourceWarning: unclosed file <_io.TextIOWrapper name='/home/ari/ofn/ofn/kernel/release_switch.py' mode='r' encoding='utf-8'>
  text = open(path, encoding="utf-8").read().lower()
ResourceWarning: Enable tracemalloc to get the object allocation traceback
/home/ari/ofn/tests/test_kernel_purity.py:145: ResourceWarning: unclosed file <_io.TextIOWrapper name='/home/ari/ofn/ofn/kernel/risk.py' mode='r' encoding='utf-8'>
  text = open(path, encoding="utf-8").read().lower()
ResourceWarning: Enable tracemalloc to get the object allocation traceback
/home/ari/ofn/tests/test_kernel_purity.py:145: ResourceWarning: unclosed file <_io.TextIOWrapper name='/home/ari/ofn/ofn/kernel/routing.py' mode='r' encoding='utf-8'>
  text = open(path, encoding="utf-8").read().lower()
ResourceWarning: Enable tracemalloc to get the object allocation traceback
/home/ari/ofn/tests/test_kernel_purity.py:145: ResourceWarning: unclosed file <_io.TextIOWrapper name='/home/ari/ofn/ofn/kernel/safety.py' mode='r' encoding='utf-8'>
  text = open(path, encoding="utf-8").read().lower()
ResourceWarning: Enable tracemalloc to get the object allocation traceback
/home/ari/ofn/tests/test_kernel_purity.py:145: ResourceWarning: unclosed file <_io.TextIOWrapper name='/home/ari/ofn/ofn/kernel/scout.py' mode='r' encoding='utf-8'>
  text = open(path, encoding="utf-8").read().lower()
ResourceWarning: Enable tracemalloc to get the object allocation traceback
/home/ari/ofn/tests/test_kernel_purity.py:145: ResourceWarning: unclosed file <_io.TextIOWrapper name='/home/ari/ofn/ofn/kernel/scrub.py' mode='r' encoding='utf-8'>
  text = open(path, encoding="utf-8").read().lower()
ResourceWarning: Enable tracemalloc to get the object allocation traceback
/home/ari/ofn/tests/test_kernel_purity.py:145: ResourceWarning: unclosed file <_io.TextIOWrapper name='/home/ari/ofn/ofn/kernel/tenancy.py' mode='r' encoding='utf-8'>
  text = open(path, encoding="utf-8").read().lower()
ResourceWarning: Enable tracemalloc to get the object allocation traceback
............................................................................................................................................................/usr/lib/python3.13/ast.py:50: ResourceWarning: unclosed database in <sqlite3.Connection object at 0xffffa8dfa3e0>
  return compile(source, filename, mode, flags,
ResourceWarning: Enable tracemalloc to get the object allocation traceback
/usr/lib/python3.13/ast.py:50: ResourceWarning: unclosed database in <sqlite3.Connection object at 0xffffa8dfab60>
  return compile(source, filename, mode, flags,
ResourceWarning: Enable tracemalloc to get the object allocation traceback
/usr/lib/python3.13/ast.py:50: ResourceWarning: unclosed database in <sqlite3.Connection object at 0xffffa8df8e50>
  return compile(source, filename, mode, flags,
ResourceWarning: Enable tracemalloc to get the object allocation traceback
/usr/lib/python3.13/ast.py:50: ResourceWarning: unclosed database in <sqlite3.Connection object at 0xffffa8df9e40>
  return compile(source, filename, mode, flags,
ResourceWarning: Enable tracemalloc to get the object allocation traceback
/usr/lib/python3.13/ast.py:50: ResourceWarning: unclosed database in <sqlite3.Connection object at 0xffffa8dfb880>
  return compile(source, filename, mode, flags,
ResourceWarning: Enable tracemalloc to get the object allocation traceback
/usr/lib/python3.13/ast.py:50: ResourceWarning: unclosed database in <sqlite3.Connection object at 0xffffa8dfac50>
  return compile(source, filename, mode, flags,
ResourceWarning: Enable tracemalloc to get the object allocation traceback
/usr/lib/python3.13/ast.py:50: ResourceWarning: unclosed database in <sqlite3.Connection object at 0xffffa8dfa5c0>
  return compile(source, filename, mode, flags,
ResourceWarning: Enable tracemalloc to get the object allocation traceback
/usr/lib/python3.13/ast.py:50: ResourceWarning: unclosed database in <sqlite3.Connection object at 0xffffa8dfa980>
  return compile(source, filename, mode, flags,
ResourceWarning: Enable tracemalloc to get the object allocation traceback
/home/ari/ofn/tests/test_mutation_ledger_pair.py:52: ResourceWarning: unclosed file <_io.TextIOWrapper name='/home/ari/ofn/ofn/node.py' mode='r' encoding='utf-8'>
  body_src = ast.get_source_segment(open(NODE, encoding="utf-8").read(),
ResourceWarning: Enable tracemalloc to get the object allocation traceback
.................................................../home/ari/ofn/tests/test_outreach.py:133: ResourceWarning: unclosed file <_io.TextIOWrapper name='/home/ari/ofn/ofn/kernel/outreach.py' mode='r' encoding='utf-8'>
  return ast.parse(open(mod.__file__, encoding="utf-8").read())
ResourceWarning: Enable tracemalloc to get the object allocation traceback
............................................../home/ari/ofn/tests/test_packs.py:147: ResourceWarning: unclosed file <_io.TextIOWrapper name='/tmp/tmp6c2pcqk1/a.yaml' mode='w' encoding='utf-8'>
  open(os.path.join(d, n), "w", encoding="utf-8").write(
ResourceWarning: Enable tracemalloc to get the object allocation traceback
/home/ari/ofn/tests/test_packs.py:147: ResourceWarning: unclosed file <_io.TextIOWrapper name='/tmp/tmp6c2pcqk1/b.yaml' mode='w' encoding='utf-8'>
  open(os.path.join(d, n), "w", encoding="utf-8").write(
ResourceWarning: Enable tracemalloc to get the object allocation traceback
../home/ari/ofn/tests/test_packs.py:140: ResourceWarning: unclosed file <_io.TextIOWrapper name='/tmp/tmp27jp42n5/a.json' mode='w' encoding='utf-8'>
  open(p, "w", encoding="utf-8").write("{nope")
ResourceWarning: Enable tracemalloc to get the object allocation traceback
.................................<frozen codecs>:312: ResourceWarning: unclosed database in <sqlite3.Connection object at 0xffffa8dfa980>
ResourceWarning: Enable tracemalloc to get the object allocation traceback
<frozen codecs>:312: ResourceWarning: unclosed database in <sqlite3.Connection object at 0xffffa8dfa3e0>
ResourceWarning: Enable tracemalloc to get the object allocation traceback
<frozen codecs>:312: ResourceWarning: unclosed database in <sqlite3.Connection object at 0xffffa8dfab60>
ResourceWarning: Enable tracemalloc to get the object allocation traceback
<frozen codecs>:312: ResourceWarning: unclosed database in <sqlite3.Connection object at 0xffffa8dfbd30>
ResourceWarning: Enable tracemalloc to get the object allocation traceback
<frozen codecs>:312: ResourceWarning: unclosed database in <sqlite3.Connection object at 0xffffa8dfbb50>
ResourceWarning: Enable tracemalloc to get the object allocation traceback
<frozen codecs>:312: ResourceWarning: unclosed database in <sqlite3.Connection object at 0xffffa8dfae30>
ResourceWarning: Enable tracemalloc to get the object allocation traceback
......................................................................../home/ari/ofn/tests/test_phase_a_security.py:74: ResourceWarning: unclosed file <_io.TextIOWrapper name='/home/ari/ofn/ofn/adapters/http_api.py' mode='r' encoding='utf-8'>
  encoding="utf-8").read()
ResourceWarning: Enable tracemalloc to get the object allocation traceback
......................  ⚠ webhook stored but ledger append failed: connection pool is closed
....../home/ari/ofn/tests/test_phase_d_backup.py:140: ResourceWarning: unclosed file <_io.TextIOWrapper name='/home/ari/ofn/ofn/backup_job.py' mode='r' encoding='utf-8'>
  "ofn", "backup_job.py"), encoding="utf-8").read()
ResourceWarning: Enable tracemalloc to get the object allocation traceback
............................./usr/lib/python3.13/unittest/mock.py:2247: ResourceWarning: unclosed database in <sqlite3.Connection object at 0xffffa8df8e50>
  def __init__(self, name, parent):
ResourceWarning: Enable tracemalloc to get the object allocation traceback
/usr/lib/python3.13/unittest/mock.py:2247: ResourceWarning: unclosed database in <sqlite3.Connection object at 0xffffa8dfae30>
  def __init__(self, name, parent):
ResourceWarning: Enable tracemalloc to get the object allocation traceback
/usr/lib/python3.13/unittest/mock.py:2247: ResourceWarning: unclosed database in <sqlite3.Connection object at 0xffffa8dfb010>
  def __init__(self, name, parent):
ResourceWarning: Enable tracemalloc to get the object allocation traceback
/usr/lib/python3.13/unittest/mock.py:2247: ResourceWarning: unclosed database in <sqlite3.Connection object at 0xffffa8dfbd30>
  def __init__(self, name, parent):
ResourceWarning: Enable tracemalloc to get the object allocation traceback
/usr/lib/python3.13/unittest/mock.py:2247: ResourceWarning: unclosed database in <sqlite3.Connection object at 0xffffa8dfbb50>
  def __init__(self, name, parent):
ResourceWarning: Enable tracemalloc to get the object allocation traceback
/usr/lib/python3.13/unittest/mock.py:2247: ResourceWarning: unclosed database in <sqlite3.Connection object at 0xffffa8dfa3e0>
  def __init__(self, name, parent):
ResourceWarning: Enable tracemalloc to get the object allocation traceback
/usr/lib/python3.13/unittest/mock.py:2247: ResourceWarning: unclosed database in <sqlite3.Connection object at 0xffffa8dfab60>
  def __init__(self, name, parent):
ResourceWarning: Enable tracemalloc to get the object allocation traceback
/usr/lib/python3.13/unittest/mock.py:2247: ResourceWarning: unclosed database in <sqlite3.Connection object at 0xffffa8df9e40>
  def __init__(self, name, parent):
ResourceWarning: Enable tracemalloc to get the object allocation traceback
/usr/lib/python3.13/unittest/mock.py:2247: ResourceWarning: unclosed database in <sqlite3.Connection object at 0xffffa8dfa980>
  def __init__(self, name, parent):
ResourceWarning: Enable tracemalloc to get the object allocation traceback
/usr/lib/python3.13/unittest/mock.py:2247: ResourceWarning: unclosed database in <sqlite3.Connection object at 0xffffa8dfac50>
  def __init__(self, name, parent):
ResourceWarning: Enable tracemalloc to get the object allocation traceback
/usr/lib/python3.13/unittest/mock.py:2247: ResourceWarning: unclosed database in <sqlite3.Connection object at 0xffffa8dfb880>
  def __init__(self, name, parent):
ResourceWarning: Enable tracemalloc to get the object allocation traceback
/usr/lib/python3.13/unittest/mock.py:2247: ResourceWarning: unclosed database in <sqlite3.Connection object at 0xffffa8dfa7a0>
  def __init__(self, name, parent):
ResourceWarning: Enable tracemalloc to get the object allocation traceback
/usr/lib/python3.13/unittest/mock.py:2247: ResourceWarning: unclosed database in <sqlite3.Connection object at 0xffffa8dfa6b0>
  def __init__(self, name, parent):
ResourceWarning: Enable tracemalloc to get the object allocation traceback
/usr/lib/python3.13/unittest/mock.py:2247: ResourceWarning: unclosed database in <sqlite3.Connection object at 0xffffa8dfb790>
  def __init__(self, name, parent):
ResourceWarning: Enable tracemalloc to get the object allocation traceback
/usr/lib/python3.13/unittest/mock.py:2247: ResourceWarning: unclosed database in <sqlite3.Connection object at 0xffffa8dfa5c0>
  def __init__(self, name, parent):
ResourceWarning: Enable tracemalloc to get the object allocation traceback
/usr/lib/python3.13/unittest/mock.py:2247: ResourceWarning: unclosed database in <sqlite3.Connection object at 0xffffa8dfad40>
  def __init__(self, name, parent):
ResourceWarning: Enable tracemalloc to get the object allocation traceback
/usr/lib/python3.13/unittest/mock.py:2247: ResourceWarning: unclosed database in <sqlite3.Connection object at 0xffffa8dfa4d0>
  def __init__(self, name, parent):
ResourceWarning: Enable tracemalloc to get the object allocation traceback
......................................................................ssssssssss.............................................................../home/ari/ofn/ofn/adapters/sqlite_base.py:67: ResourceWarning: unclosed database in <sqlite3.Connection object at 0xffffa83346d0>
  conn.execute(f"PRAGMA {name} = {value}")
ResourceWarning: Enable tracemalloc to get the object allocation traceback
/home/ari/ofn/ofn/adapters/sqlite_base.py:67: ResourceWarning: unclosed database in <sqlite3.Connection object at 0xffffa8335120>
  conn.execute(f"PRAGMA {name} = {value}")
ResourceWarning: Enable tracemalloc to get the object allocation traceback
/home/ari/ofn/ofn/adapters/sqlite_base.py:67: ResourceWarning: unclosed database in <sqlite3.Connection object at 0xffffa8335210>
  conn.execute(f"PRAGMA {name} = {value}")
ResourceWarning: Enable tracemalloc to get the object allocation traceback
/home/ari/ofn/ofn/adapters/sqlite_base.py:67: ResourceWarning: unclosed database in <sqlite3.Connection object at 0xffffa8335030>
  conn.execute(f"PRAGMA {name} = {value}")
ResourceWarning: Enable tracemalloc to get the object allocation traceback
/home/ari/ofn/ofn/adapters/sqlite_base.py:67: ResourceWarning: unclosed database in <sqlite3.Connection object at 0xffffa83354e0>
  conn.execute(f"PRAGMA {name} = {value}")
ResourceWarning: Enable tracemalloc to get the object allocation traceback
/home/ari/ofn/ofn/adapters/sqlite_base.py:67: ResourceWarning: unclosed database in <sqlite3.Connection object at 0xffffa83355d0>
  conn.execute(f"PRAGMA {name} = {value}")
ResourceWarning: Enable tracemalloc to get the object allocation traceback
/home/ari/ofn/ofn/adapters/sqlite_base.py:67: ResourceWarning: unclosed database in <sqlite3.Connection object at 0xffffa83353f0>
  conn.execute(f"PRAGMA {name} = {value}")
ResourceWarning: Enable tracemalloc to get the object allocation traceback
/home/ari/ofn/ofn/adapters/sqlite_base.py:67: ResourceWarning: unclosed database in <sqlite3.Connection object at 0xffffa83358a0>
  conn.execute(f"PRAGMA {name} = {value}")
ResourceWarning: Enable tracemalloc to get the object allocation traceback
/home/ari/ofn/ofn/adapters/sqlite_base.py:67: ResourceWarning: unclosed database in <sqlite3.Connection object at 0xffffa8335990>
  conn.execute(f"PRAGMA {name} = {value}")
ResourceWarning: Enable tracemalloc to get the object allocation traceback
/home/ari/ofn/ofn/adapters/sqlite_base.py:67: ResourceWarning: unclosed database in <sqlite3.Connection object at 0xffffa83357b0>
  conn.execute(f"PRAGMA {name} = {value}")
ResourceWarning: Enable tracemalloc to get the object allocation traceback
/home/ari/ofn/ofn/adapters/sqlite_base.py:67: ResourceWarning: unclosed database in <sqlite3.Connection object at 0xffffa8335c60>
  conn.execute(f"PRAGMA {name} = {value}")
ResourceWarning: Enable tracemalloc to get the object allocation traceback
/home/ari/ofn/ofn/adapters/sqlite_base.py:67: ResourceWarning: unclosed database in <sqlite3.Connection object at 0xffffa8335d50>
  conn.execute(f"PRAGMA {name} = {value}")
ResourceWarning: Enable tracemalloc to get the object allocation traceback
/home/ari/ofn/ofn/adapters/sqlite_base.py:67: ResourceWarning: unclosed database in <sqlite3.Connection object at 0xffffa8335b70>
  conn.execute(f"PRAGMA {name} = {value}")
ResourceWarning: Enable tracemalloc to get the object allocation traceback
/home/ari/ofn/ofn/adapters/sqlite_base.py:67: ResourceWarning: unclosed database in <sqlite3.Connection object at 0xffffa8336020>
  conn.execute(f"PRAGMA {name} = {value}")
ResourceWarning: Enable tracemalloc to get the object allocation traceback
/home/ari/ofn/ofn/adapters/sqlite_base.py:67: ResourceWarning: unclosed database in <sqlite3.Connection object at 0xffffa8336110>
  conn.execute(f"PRAGMA {name} = {value}")
ResourceWarning: Enable tracemalloc to get the object allocation traceback
/home/ari/ofn/ofn/adapters/sqlite_base.py:67: ResourceWarning: unclosed database in <sqlite3.Connection object at 0xffffa8335f30>
  conn.execute(f"PRAGMA {name} = {value}")
ResourceWarning: Enable tracemalloc to get the object allocation traceback
/home/ari/ofn/ofn/adapters/sqlite_base.py:67: ResourceWarning: unclosed database in <sqlite3.Connection object at 0xffffa83363e0>
  conn.execute(f"PRAGMA {name} = {value}")
ResourceWarning: Enable tracemalloc to get the object allocation traceback
/home/ari/ofn/ofn/adapters/sqlite_base.py:67: ResourceWarning: unclosed database in <sqlite3.Connection object at 0xffffa83364d0>
  conn.execute(f"PRAGMA {name} = {value}")
ResourceWarning: Enable tracemalloc to get the object allocation traceback
................../home/ari/ofn/ofn/adapters/sqlite_base.py:127: ResourceWarning: unclosed database in <sqlite3.Connection object at 0xffffa8df8e50>
  conn.execute(stmt)
ResourceWarning: Enable tracemalloc to get the object allocation traceback
/home/ari/ofn/ofn/adapters/sqlite_base.py:127: ResourceWarning: unclosed database in <sqlite3.Connection object at 0xffffa8dfae30>
  conn.execute(stmt)
ResourceWarning: Enable tracemalloc to get the object allocation traceback
/home/ari/ofn/ofn/adapters/sqlite_base.py:127: ResourceWarning: unclosed database in <sqlite3.Connection object at 0xffffa8dfa3e0>
  conn.execute(stmt)
ResourceWarning: Enable tracemalloc to get the object allocation traceback
/home/ari/ofn/ofn/adapters/sqlite_base.py:127: ResourceWarning: unclosed database in <sqlite3.Connection object at 0xffffa8dfb010>
  conn.execute(stmt)
ResourceWarning: Enable tracemalloc to get the object allocation traceback
/home/ari/ofn/ofn/adapters/sqlite_base.py:127: ResourceWarning: unclosed database in <sqlite3.Connection object at 0xffffa8dfab60>
  conn.execute(stmt)
ResourceWarning: Enable tracemalloc to get the object allocation traceback
/home/ari/ofn/ofn/adapters/sqlite_base.py:127: ResourceWarning: unclosed database in <sqlite3.Connection object at 0xffffa8dfac50>
  conn.execute(stmt)
ResourceWarning: Enable tracemalloc to get the object allocation traceback
/home/ari/ofn/ofn/adapters/sqlite_base.py:127: ResourceWarning: unclosed database in <sqlite3.Connection object at 0xffffa8df9e40>
  conn.execute(stmt)
ResourceWarning: Enable tracemalloc to get the object allocation traceback
/home/ari/ofn/ofn/adapters/sqlite_base.py:127: ResourceWarning: unclosed database in <sqlite3.Connection object at 0xffffa8dfa7a0>
  conn.execute(stmt)
ResourceWarning: Enable tracemalloc to get the object allocation traceback
/home/ari/ofn/ofn/adapters/sqlite_base.py:127: ResourceWarning: unclosed database in <sqlite3.Connection object at 0xffffa8dfb880>
  conn.execute(stmt)
ResourceWarning: Enable tracemalloc to get the object allocation traceback
/home/ari/ofn/ofn/adapters/sqlite_base.py:127: ResourceWarning: unclosed database in <sqlite3.Connection object at 0xffffa8dfa6b0>
  conn.execute(stmt)
ResourceWarning: Enable tracemalloc to get the object allocation traceback
/home/ari/ofn/ofn/adapters/sqlite_base.py:127: ResourceWarning: unclosed database in <sqlite3.Connection object at 0xffffa8dfa4d0>
  conn.execute(stmt)
ResourceWarning: Enable tracemalloc to get the object allocation traceback
/home/ari/ofn/ofn/adapters/sqlite_base.py:127: ResourceWarning: unclosed database in <sqlite3.Connection object at 0xffffa8dfad40>
  conn.execute(stmt)
ResourceWarning: Enable tracemalloc to get the object allocation traceback
/home/ari/ofn/ofn/adapters/sqlite_base.py:127: ResourceWarning: unclosed database in <sqlite3.Connection object at 0xffffa8dfb790>
  conn.execute(stmt)
ResourceWarning: Enable tracemalloc to get the object allocation traceback
/home/ari/ofn/ofn/adapters/sqlite_base.py:127: ResourceWarning: unclosed database in <sqlite3.Connection object at 0xffffa8336980>
  conn.execute(stmt)
ResourceWarning: Enable tracemalloc to get the object allocation traceback
/home/ari/ofn/ofn/adapters/sqlite_base.py:127: ResourceWarning: unclosed database in <sqlite3.Connection object at 0xffffa8336200>
  conn.execute(stmt)
ResourceWarning: Enable tracemalloc to get the object allocation traceback
/home/ari/ofn/ofn/adapters/sqlite_base.py:127: ResourceWarning: unclosed database in <sqlite3.Connection object at 0xffffa83366b0>
  conn.execute(stmt)
ResourceWarning: Enable tracemalloc to get the object allocation traceback
/home/ari/ofn/ofn/adapters/sqlite_base.py:127: ResourceWarning: unclosed database in <sqlite3.Connection object at 0xffffa8335f30>
  conn.execute(stmt)
ResourceWarning: Enable tracemalloc to get the object allocation traceback
/home/ari/ofn/ofn/adapters/sqlite_base.py:127: ResourceWarning: unclosed database in <sqlite3.Connection object at 0xffffa8335e40>
  conn.execute(stmt)
ResourceWarning: Enable tracemalloc to get the object allocation traceback
/home/ari/ofn/ofn/adapters/sqlite_base.py:127: ResourceWarning: unclosed database in <sqlite3.Connection object at 0xffffa83363e0>
  conn.execute(stmt)
ResourceWarning: Enable tracemalloc to get the object allocation traceback
/home/ari/ofn/ofn/adapters/sqlite_base.py:127: ResourceWarning: unclosed database in <sqlite3.Connection object at 0xffffa8335b70>
  conn.execute(stmt)
ResourceWarning: Enable tracemalloc to get the object allocation traceback
/home/ari/ofn/ofn/adapters/sqlite_base.py:127: ResourceWarning: unclosed database in <sqlite3.Connection object at 0xffffa8335a80>
  conn.execute(stmt)
ResourceWarning: Enable tracemalloc to get the object allocation traceback
/home/ari/ofn/ofn/adapters/sqlite_base.py:127: ResourceWarning: unclosed database in <sqlite3.Connection object at 0xffffa8336020>
  conn.execute(stmt)
ResourceWarning: Enable tracemalloc to get the object allocation traceback
/home/ari/ofn/ofn/adapters/sqlite_base.py:127: ResourceWarning: unclosed database in <sqlite3.Connection object at 0xffffa83357b0>
  conn.execute(stmt)
ResourceWarning: Enable tracemalloc to get the object allocation traceback
/home/ari/ofn/ofn/adapters/sqlite_base.py:127: ResourceWarning: unclosed database in <sqlite3.Connection object at 0xffffa83356c0>
  conn.execute(stmt)
ResourceWarning: Enable tracemalloc to get the object allocation traceback
/home/ari/ofn/ofn/adapters/sqlite_base.py:127: ResourceWarning: unclosed database in <sqlite3.Connection object at 0xffffa8335c60>
  conn.execute(stmt)
ResourceWarning: Enable tracemalloc to get the object allocation traceback
/home/ari/ofn/ofn/adapters/sqlite_base.py:127: ResourceWarning: unclosed database in <sqlite3.Connection object at 0xffffa83353f0>
  conn.execute(stmt)
ResourceWarning: Enable tracemalloc to get the object allocation traceback
/home/ari/ofn/ofn/adapters/sqlite_base.py:127: ResourceWarning: unclosed database in <sqlite3.Connection object at 0xffffa8335300>
  conn.execute(stmt)
ResourceWarning: Enable tracemalloc to get the object allocation traceback
/home/ari/ofn/ofn/adapters/sqlite_base.py:127: ResourceWarning: unclosed database in <sqlite3.Connection object at 0xffffa83358a0>
  conn.execute(stmt)
ResourceWarning: Enable tracemalloc to get the object allocation traceback
/home/ari/ofn/ofn/adapters/sqlite_base.py:127: ResourceWarning: unclosed database in <sqlite3.Connection object at 0xffffa8335030>
  conn.execute(stmt)
ResourceWarning: Enable tracemalloc to get the object allocation traceback
/home/ari/ofn/ofn/adapters/sqlite_base.py:127: ResourceWarning: unclosed database in <sqlite3.Connection object at 0xffffa8334f40>
  conn.execute(stmt)
ResourceWarning: Enable tracemalloc to get the object allocation traceback
/home/ari/ofn/ofn/adapters/sqlite_base.py:127: ResourceWarning: unclosed database in <sqlite3.Connection object at 0xffffa83354e0>
  conn.execute(stmt)
ResourceWarning: Enable tracemalloc to get the object allocation traceback
/home/ari/ofn/ofn/adapters/sqlite_base.py:127: ResourceWarning: unclosed database in <sqlite3.Connection object at 0xffffa83346d0>
  conn.execute(stmt)
ResourceWarning: Enable tracemalloc to get the object allocation traceback
/home/ari/ofn/ofn/adapters/sqlite_base.py:127: ResourceWarning: unclosed database in <sqlite3.Connection object at 0xffffa8334e50>
  conn.execute(stmt)
ResourceWarning: Enable tracemalloc to get the object allocation traceback
/home/ari/ofn/ofn/adapters/sqlite_base.py:127: ResourceWarning: unclosed database in <sqlite3.Connection object at 0xffffa8335120>
  conn.execute(stmt)
ResourceWarning: Enable tracemalloc to get the object allocation traceback
/home/ari/ofn/ofn/adapters/sqlite_base.py:127: ResourceWarning: unclosed database in <sqlite3.Connection object at 0xffffa8334c70>
  conn.execute(stmt)
ResourceWarning: Enable tracemalloc to get the object allocation traceback
/home/ari/ofn/ofn/adapters/sqlite_base.py:127: ResourceWarning: unclosed database in <sqlite3.Connection object at 0xffffa8334a90>
  conn.execute(stmt)
ResourceWarning: Enable tracemalloc to get the object allocation traceback
/home/ari/ofn/ofn/adapters/sqlite_base.py:127: ResourceWarning: unclosed database in <sqlite3.Connection object at 0xffffa8334b80>
  conn.execute(stmt)
ResourceWarning: Enable tracemalloc to get the object allocation traceback
/home/ari/ofn/ofn/adapters/sqlite_base.py:127: ResourceWarning: unclosed database in <sqlite3.Connection object at 0xffffa83347c0>
  conn.execute(stmt)
ResourceWarning: Enable tracemalloc to get the object allocation traceback
/home/ari/ofn/ofn/adapters/sqlite_base.py:127: ResourceWarning: unclosed database in <sqlite3.Connection object at 0xffffa83345e0>
  conn.execute(stmt)
ResourceWarning: Enable tracemalloc to get the object allocation traceback
/home/ari/ofn/ofn/adapters/sqlite_base.py:127: ResourceWarning: unclosed database in <sqlite3.Connection object at 0xffffa83348b0>
  conn.execute(stmt)
ResourceWarning: Enable tracemalloc to get the object allocation traceback
/home/ari/ofn/ofn/adapters/sqlite_base.py:127: ResourceWarning: unclosed database in <sqlite3.Connection object at 0xffffa8334130>
  conn.execute(stmt)
ResourceWarning: Enable tracemalloc to get the object allocation traceback
/home/ari/ofn/ofn/adapters/sqlite_base.py:127: ResourceWarning: unclosed database in <sqlite3.Connection object at 0xffffa8334220>
  conn.execute(stmt)
ResourceWarning: Enable tracemalloc to get the object allocation traceback
/home/ari/ofn/ofn/adapters/sqlite_base.py:127: ResourceWarning: unclosed database in <sqlite3.Connection object at 0xffffa83344f0>
  conn.execute(stmt)
ResourceWarning: Enable tracemalloc to get the object allocation traceback
/home/ari/ofn/ofn/adapters/sqlite_base.py:127: ResourceWarning: unclosed database in <sqlite3.Connection object at 0xffffa8336a70>
  conn.execute(stmt)
ResourceWarning: Enable tracemalloc to get the object allocation traceback
/home/ari/ofn/ofn/adapters/sqlite_base.py:127: ResourceWarning: unclosed database in <sqlite3.Connection object at 0xffffa8336b60>
  conn.execute(stmt)
ResourceWarning: Enable tracemalloc to get the object allocation traceback
/home/ari/ofn/ofn/adapters/sqlite_base.py:127: ResourceWarning: unclosed database in <sqlite3.Connection object at 0xffffa8334040>
  conn.execute(stmt)
ResourceWarning: Enable tracemalloc to get the object allocation traceback
/home/ari/ofn/ofn/adapters/sqlite_base.py:127: ResourceWarning: unclosed database in <sqlite3.Connection object at 0xffffa8336e30>
  conn.execute(stmt)
ResourceWarning: Enable tracemalloc to get the object allocation traceback
/home/ari/ofn/ofn/adapters/sqlite_base.py:127: ResourceWarning: unclosed database in <sqlite3.Connection object at 0xffffa8336f20>
  conn.execute(stmt)
ResourceWarning: Enable tracemalloc to get the object allocation traceback
/home/ari/ofn/ofn/adapters/sqlite_base.py:127: ResourceWarning: unclosed database in <sqlite3.Connection object at 0xffffa8336d40>
  conn.execute(stmt)
ResourceWarning: Enable tracemalloc to get the object allocation traceback
/home/ari/ofn/ofn/adapters/sqlite_base.py:127: ResourceWarning: unclosed database in <sqlite3.Connection object at 0xffffa83371f0>
  conn.execute(stmt)
ResourceWarning: Enable tracemalloc to get the object allocation traceback
/home/ari/ofn/ofn/adapters/sqlite_base.py:127: ResourceWarning: unclosed database in <sqlite3.Connection object at 0xffffa83372e0>
  conn.execute(stmt)
ResourceWarning: Enable tracemalloc to get the object allocation traceback
........................./home/ari/ofn/ofn/adapters/http_api.py:294: ResourceWarning: unclosed database in <sqlite3.Connection object at 0xffffa8dfb790>
  self._owners = set(owner_user_ids)
ResourceWarning: Enable tracemalloc to get the object allocation traceback
/home/ari/ofn/ofn/adapters/http_api.py:294: ResourceWarning: unclosed database in <sqlite3.Connection object at 0xffffa8dfad40>
  self._owners = set(owner_user_ids)
ResourceWarning: Enable tracemalloc to get the object allocation traceback
/home/ari/ofn/ofn/adapters/http_api.py:294: ResourceWarning: unclosed database in <sqlite3.Connection object at 0xffffa8dfa980>
  self._owners = set(owner_user_ids)
ResourceWarning: Enable tracemalloc to get the object allocation traceback
/home/ari/ofn/ofn/adapters/http_api.py:294: ResourceWarning: unclosed database in <sqlite3.Connection object at 0xffffa8dfb880>
  self._owners = set(owner_user_ids)
ResourceWarning: Enable tracemalloc to get the object allocation traceback
/home/ari/ofn/ofn/adapters/http_api.py:294: ResourceWarning: unclosed database in <sqlite3.Connection object at 0xffffa8dfa6b0>
  self._owners = set(owner_user_ids)
ResourceWarning: Enable tracemalloc to get the object allocation traceback
/home/ari/ofn/ofn/adapters/http_api.py:294: ResourceWarning: unclosed database in <sqlite3.Connection object at 0xffffa8dfbb50>
  self._owners = set(owner_user_ids)
ResourceWarning: Enable tracemalloc to get the object allocation traceback
/home/ari/ofn/ofn/adapters/http_api.py:294: ResourceWarning: unclosed database in <sqlite3.Connection object at 0xffffa8dfac50>
  self._owners = set(owner_user_ids)
ResourceWarning: Enable tracemalloc to get the object allocation traceback
/home/ari/ofn/ofn/adapters/http_api.py:294: ResourceWarning: unclosed database in <sqlite3.Connection object at 0xffffa8df9e40>
  self._owners = set(owner_user_ids)
ResourceWarning: Enable tracemalloc to get the object allocation traceback
/home/ari/ofn/ofn/adapters/http_api.py:294: ResourceWarning: unclosed database in <sqlite3.Connection object at 0xffffa8dfbd30>
  self._owners = set(owner_user_ids)
ResourceWarning: Enable tracemalloc to get the object allocation traceback
/home/ari/ofn/ofn/adapters/http_api.py:294: ResourceWarning: unclosed database in <sqlite3.Connection object at 0xffffa8dfa3e0>
  self._owners = set(owner_user_ids)
ResourceWarning: Enable tracemalloc to get the object allocation traceback
/home/ari/ofn/ofn/adapters/http_api.py:294: ResourceWarning: unclosed database in <sqlite3.Connection object at 0xffffa8dfb010>
  self._owners = set(owner_user_ids)
ResourceWarning: Enable tracemalloc to get the object allocation traceback
/home/ari/ofn/ofn/adapters/http_api.py:294: ResourceWarning: unclosed database in <sqlite3.Connection object at 0xffffa9777970>
  self._owners = set(owner_user_ids)
ResourceWarning: Enable tracemalloc to get the object allocation traceback
/home/ari/ofn/ofn/adapters/http_api.py:294: ResourceWarning: unclosed database in <sqlite3.Connection object at 0xffffa83373d0>
  self._owners = set(owner_user_ids)
ResourceWarning: Enable tracemalloc to get the object allocation traceback
/home/ari/ofn/ofn/adapters/http_api.py:294: ResourceWarning: unclosed database in <sqlite3.Connection object at 0xffffa8df8e50>
  self._owners = set(owner_user_ids)
ResourceWarning: Enable tracemalloc to get the object allocation traceback
/home/ari/ofn/ofn/adapters/http_api.py:294: ResourceWarning: unclosed database in <sqlite3.Connection object at 0xffffa83372e0>
  self._owners = set(owner_user_ids)
ResourceWarning: Enable tracemalloc to get the object allocation traceback
/home/ari/ofn/ofn/adapters/http_api.py:294: ResourceWarning: unclosed database in <sqlite3.Connection object at 0xffffa83371f0>
  self._owners = set(owner_user_ids)
ResourceWarning: Enable tracemalloc to get the object allocation traceback
/home/ari/ofn/ofn/adapters/http_api.py:294: ResourceWarning: unclosed database in <sqlite3.Connection object at 0xffffa8337100>
  self._owners = set(owner_user_ids)
ResourceWarning: Enable tracemalloc to get the object allocation traceback
/home/ari/ofn/ofn/adapters/http_api.py:294: ResourceWarning: unclosed database in <sqlite3.Connection object at 0xffffa8336f20>
  self._owners = set(owner_user_ids)
ResourceWarning: Enable tracemalloc to get the object allocation traceback
/home/ari/ofn/ofn/adapters/http_api.py:294: ResourceWarning: unclosed database in <sqlite3.Connection object at 0xffffa8336e30>
  self._owners = set(owner_user_ids)
ResourceWarning: Enable tracemalloc to get the object allocation traceback
/home/ari/ofn/ofn/adapters/http_api.py:294: ResourceWarning: unclosed database in <sqlite3.Connection object at 0xffffa8336c50>
  self._owners = set(owner_user_ids)
ResourceWarning: Enable tracemalloc to get the object allocation traceback
/home/ari/ofn/ofn/adapters/http_api.py:294: ResourceWarning: unclosed database in <sqlite3.Connection object at 0xffffa8336b60>
  self._owners = set(owner_user_ids)
ResourceWarning: Enable tracemalloc to get the object allocation traceback
/home/ari/ofn/ofn/adapters/http_api.py:294: ResourceWarning: unclosed database in <sqlite3.Connection object at 0xffffa8336a70>
  self._owners = set(owner_user_ids)
ResourceWarning: Enable tracemalloc to get the object allocation traceback
/home/ari/ofn/ofn/adapters/http_api.py:294: ResourceWarning: unclosed database in <sqlite3.Connection object at 0xffffa8334310>
  self._owners = set(owner_user_ids)
ResourceWarning: Enable tracemalloc to get the object allocation traceback
/home/ari/ofn/ofn/adapters/http_api.py:294: ResourceWarning: unclosed database in <sqlite3.Connection object at 0xffffa8334220>
  self._owners = set(owner_user_ids)
ResourceWarning: Enable tracemalloc to get the object allocation traceback
/home/ari/ofn/ofn/adapters/http_api.py:294: ResourceWarning: unclosed database in <sqlite3.Connection object at 0xffffa8334130>
  self._owners = set(owner_user_ids)
ResourceWarning: Enable tracemalloc to get the object allocation traceback
/home/ari/ofn/ofn/adapters/http_api.py:294: ResourceWarning: unclosed database in <sqlite3.Connection object at 0xffffa8334400>
  self._owners = set(owner_user_ids)
ResourceWarning: Enable tracemalloc to get the object allocation traceback
/home/ari/ofn/ofn/adapters/http_api.py:294: ResourceWarning: unclosed database in <sqlite3.Connection object at 0xffffa83345e0>
  self._owners = set(owner_user_ids)
ResourceWarning: Enable tracemalloc to get the object allocation traceback
/home/ari/ofn/ofn/adapters/http_api.py:294: ResourceWarning: unclosed database in <sqlite3.Connection object at 0xffffa83347c0>
  self._owners = set(owner_user_ids)
ResourceWarning: Enable tracemalloc to get the object allocation traceback
/home/ari/ofn/ofn/adapters/http_api.py:294: ResourceWarning: unclosed database in <sqlite3.Connection object at 0xffffa83349a0>
  self._owners = set(owner_user_ids)
ResourceWarning: Enable tracemalloc to get the object allocation traceback
/home/ari/ofn/ofn/adapters/http_api.py:294: ResourceWarning: unclosed database in <sqlite3.Connection object at 0xffffa8334a90>
  self._owners = set(owner_user_ids)
ResourceWarning: Enable tracemalloc to get the object allocation traceback
/home/ari/ofn/ofn/adapters/http_api.py:294: ResourceWarning: unclosed database in <sqlite3.Connection object at 0xffffa8334c70>
  self._owners = set(owner_user_ids)
ResourceWarning: Enable tracemalloc to get the object allocation traceback
/home/ari/ofn/ofn/adapters/http_api.py:294: ResourceWarning: unclosed database in <sqlite3.Connection object at 0xffffa8334e50>
  self._owners = set(owner_user_ids)
ResourceWarning: Enable tracemalloc to get the object allocation traceback
/home/ari/ofn/ofn/adapters/http_api.py:294: ResourceWarning: unclosed database in <sqlite3.Connection object at 0xffffa83346d0>
  self._owners = set(owner_user_ids)
ResourceWarning: Enable tracemalloc to get the object allocation traceback
/home/ari/ofn/ofn/adapters/http_api.py:294: ResourceWarning: unclosed database in <sqlite3.Connection object at 0xffffa83355d0>
  self._owners = set(owner_user_ids)
ResourceWarning: Enable tracemalloc to get the object allocation traceback
/home/ari/ofn/ofn/adapters/http_api.py:294: ResourceWarning: unclosed database in <sqlite3.Connection object at 0xffffa8334f40>
  self._owners = set(owner_user_ids)
ResourceWarning: Enable tracemalloc to get the object allocation traceback
/home/ari/ofn/ofn/adapters/http_api.py:294: ResourceWarning: unclosed database in <sqlite3.Connection object at 0xffffa83358a0>
  self._owners = set(owner_user_ids)
ResourceWarning: Enable tracemalloc to get the object allocation traceback
/home/ari/ofn/ofn/adapters/http_api.py:294: ResourceWarning: unclosed database in <sqlite3.Connection object at 0xffffa8335990>
  self._owners = set(owner_user_ids)
ResourceWarning: Enable tracemalloc to get the object allocation traceback
/home/ari/ofn/ofn/adapters/http_api.py:294: ResourceWarning: unclosed database in <sqlite3.Connection object at 0xffffa83353f0>
  self._owners = set(owner_user_ids)
ResourceWarning: Enable tracemalloc to get the object allocation traceback
/home/ari/ofn/ofn/adapters/http_api.py:294: ResourceWarning: unclosed database in <sqlite3.Connection object at 0xffffa8335c60>
  self._owners = set(owner_user_ids)
ResourceWarning: Enable tracemalloc to get the object allocation traceback
/home/ari/ofn/ofn/adapters/http_api.py:294: ResourceWarning: unclosed database in <sqlite3.Connection object at 0xffffa83356c0>
  self._owners = set(owner_user_ids)
ResourceWarning: Enable tracemalloc to get the object allocation traceback
/home/ari/ofn/ofn/adapters/http_api.py:294: ResourceWarning: unclosed database in <sqlite3.Connection object at 0xffffa83357b0>
  self._owners = set(owner_user_ids)
ResourceWarning: Enable tracemalloc to get the object allocation traceback
/home/ari/ofn/ofn/adapters/http_api.py:294: ResourceWarning: unclosed database in <sqlite3.Connection object at 0xffffa8336110>
  self._owners = set(owner_user_ids)
ResourceWarning: Enable tracemalloc to get the object allocation traceback
/home/ari/ofn/ofn/adapters/http_api.py:294: ResourceWarning: unclosed database in <sqlite3.Connection object at 0xffffa8335a80>
  self._owners = set(owner_user_ids)
ResourceWarning: Enable tracemalloc to get the object allocation traceback
/home/ari/ofn/ofn/adapters/http_api.py:294: ResourceWarning: unclosed database in <sqlite3.Connection object at 0xffffa83363e0>
  self._owners = set(owner_user_ids)
ResourceWarning: Enable tracemalloc to get the object allocation traceback
/home/ari/ofn/ofn/adapters/http_api.py:294: ResourceWarning: unclosed database in <sqlite3.Connection object at 0xffffa83364d0>
  self._owners = set(owner_user_ids)
ResourceWarning: Enable tracemalloc to get the object allocation traceback
/home/ari/ofn/ofn/adapters/http_api.py:294: ResourceWarning: unclosed database in <sqlite3.Connection object at 0xffffa8335f30>
  self._owners = set(owner_user_ids)
ResourceWarning: Enable tracemalloc to get the object allocation traceback
/home/ari/ofn/ofn/adapters/http_api.py:294: ResourceWarning: unclosed database in <sqlite3.Connection object at 0xffffa83366b0>
  self._owners = set(owner_user_ids)
ResourceWarning: Enable tracemalloc to get the object allocation traceback
/home/ari/ofn/ofn/adapters/http_api.py:294: ResourceWarning: unclosed database in <sqlite3.Connection object at 0xffffa8336200>
  self._owners = set(owner_user_ids)
ResourceWarning: Enable tracemalloc to get the object allocation traceback
/home/ari/ofn/ofn/adapters/http_api.py:294: ResourceWarning: unclosed database in <sqlite3.Connection object at 0xffffa8336980>
  self._owners = set(owner_user_ids)
ResourceWarning: Enable tracemalloc to get the object allocation traceback
/home/ari/ofn/ofn/adapters/http_api.py:294: ResourceWarning: unclosed database in <sqlite3.Connection object at 0xffffa8337790>
  self._owners = set(owner_user_ids)
ResourceWarning: Enable tracemalloc to get the object allocation traceback
/home/ari/ofn/ofn/adapters/http_api.py:294: ResourceWarning: unclosed database in <sqlite3.Connection object at 0xffffa8337880>
  self._owners = set(owner_user_ids)
ResourceWarning: Enable tracemalloc to get the object allocation traceback
......................................................................................./home/ari/ofn/tests/test_revenue_stage_wiring.py:207: ResourceWarning: unclosed file <_io.TextIOWrapper name='/home/ari/ofn/web/panel.html' mode='r' encoding='utf-8'>
  encoding="utf-8").read()
ResourceWarning: Enable tracemalloc to get the object allocation traceback
/home/ari/ofn/tests/test_revenue_stage_wiring.py:213: ResourceWarning: unclosed file <_io.TextIOWrapper name='/home/ari/ofn/web/lead.html' mode='r' encoding='utf-8'>
  encoding="utf-8").read()
ResourceWarning: Enable tracemalloc to get the object allocation traceback
.............................................................................................................................................................................................../home/ari/ofn/ofn/adapters/sqlite_base.py:127: ResourceWarning: unclosed database in <sqlite3.Connection object at 0xffffa8dfbb50>
  conn.execute(stmt)
ResourceWarning: Enable tracemalloc to get the object allocation traceback
..../home/ari/ofn/tests/test_shell_contract.py:684: ResourceWarning: unclosed file <_io.TextIOWrapper name='/home/ari/ofn/ofn/adapters/http_api.py' mode='r' encoding='utf-8'>
  "ofn", "adapters", "http_api.py"), encoding="utf-8").read()
ResourceWarning: Enable tracemalloc to get the object allocation traceback
............................../home/ari/ofn/tests/test_shell_navigation.py:37: ResourceWarning: unclosed file <_io.TextIOWrapper name='/home/ari/ofn/web/ziman.html' mode='r' encoding='utf-8'>
  return open(os.path.join(WEB, name), encoding="utf-8").read()
ResourceWarning: Enable tracemalloc to get the object allocation traceback
.........../home/ari/ofn/tests/test_shell_navigation.py:37: ResourceWarning: unclosed file <_io.TextIOWrapper name='/home/ari/ofn/web/lead.html' mode='r' encoding='utf-8'>
  return open(os.path.join(WEB, name), encoding="utf-8").read()
ResourceWarning: Enable tracemalloc to get the object allocation traceback
/home/ari/ofn/tests/test_shell_navigation.py:37: ResourceWarning: unclosed file <_io.TextIOWrapper name='/home/ari/ofn/web/studio.html' mode='r' encoding='utf-8'>
  return open(os.path.join(WEB, name), encoding="utf-8").read()
ResourceWarning: Enable tracemalloc to get the object allocation traceback
....................http z GET /api/v1/me -> 401
.http evil GET /api/v1/me -> 404
.http z GET / -> 200
http z GET /sabaapp -> 200
.http z GET /api/v1/me -> 401
http z GET /api/v1/status -> 401
http z GET /api/v1/questions -> 401
http z GET /api/v1/products -> 401
http z GET /api/v1/studio/board -> 401
..http z GET / -> 200
........................../home/ari/ofn/ofn/adapters/studio_store.py:380: ResourceWarning: unclosed database in <sqlite3.Connection object at 0xffffa8334d60>
  for r in self._conn.execute(
ResourceWarning: Enable tracemalloc to get the object allocation traceback
/home/ari/ofn/ofn/adapters/studio_store.py:380: ResourceWarning: unclosed database in <sqlite3.Connection object at 0xffffa83365c0>
  for r in self._conn.execute(
ResourceWarning: Enable tracemalloc to get the object allocation traceback
/home/ari/ofn/ofn/adapters/studio_store.py:380: ResourceWarning: unclosed database in <sqlite3.Connection object at 0xffffa8337970>
  for r in self._conn.execute(
ResourceWarning: Enable tracemalloc to get the object allocation traceback
/home/ari/ofn/ofn/adapters/studio_store.py:380: ResourceWarning: unclosed database in <sqlite3.Connection object at 0xffffa8337880>
  for r in self._conn.execute(
ResourceWarning: Enable tracemalloc to get the object allocation traceback
/home/ari/ofn/ofn/adapters/studio_store.py:380: ResourceWarning: unclosed database in <sqlite3.Connection object at 0xffffa8337790>
  for r in self._conn.execute(
ResourceWarning: Enable tracemalloc to get the object allocation traceback
/home/ari/ofn/ofn/adapters/studio_store.py:380: ResourceWarning: unclosed database in <sqlite3.Connection object at 0xffffa8335e40>
  for r in self._conn.execute(
ResourceWarning: Enable tracemalloc to get the object allocation traceback
/home/ari/ofn/ofn/adapters/studio_store.py:380: ResourceWarning: unclosed database in <sqlite3.Connection object at 0xffffa8336980>
  for r in self._conn.execute(
ResourceWarning: Enable tracemalloc to get the object allocation traceback
/home/ari/ofn/ofn/adapters/studio_store.py:380: ResourceWarning: unclosed database in <sqlite3.Connection object at 0xffffa8336200>
  for r in self._conn.execute(
ResourceWarning: Enable tracemalloc to get the object allocation traceback
/home/ari/ofn/ofn/adapters/studio_store.py:380: ResourceWarning: unclosed database in <sqlite3.Connection object at 0xffffa8335b70>
  for r in self._conn.execute(
ResourceWarning: Enable tracemalloc to get the object allocation traceback
/home/ari/ofn/ofn/adapters/studio_store.py:380: ResourceWarning: unclosed database in <sqlite3.Connection object at 0xffffa83366b0>
  for r in self._conn.execute(
ResourceWarning: Enable tracemalloc to get the object allocation traceback
/home/ari/ofn/ofn/adapters/studio_store.py:380: ResourceWarning: unclosed database in <sqlite3.Connection object at 0xffffa8335f30>
  for r in self._conn.execute(
ResourceWarning: Enable tracemalloc to get the object allocation traceback
/home/ari/ofn/ofn/adapters/studio_store.py:380: ResourceWarning: unclosed database in <sqlite3.Connection object at 0xffffa8336020>
  for r in self._conn.execute(
ResourceWarning: Enable tracemalloc to get the object allocation traceback
/home/ari/ofn/ofn/adapters/studio_store.py:380: ResourceWarning: unclosed database in <sqlite3.Connection object at 0xffffa83364d0>
  for r in self._conn.execute(
ResourceWarning: Enable tracemalloc to get the object allocation traceback
/home/ari/ofn/ofn/adapters/studio_store.py:380: ResourceWarning: unclosed database in <sqlite3.Connection object at 0xffffa83363e0>
  for r in self._conn.execute(
ResourceWarning: Enable tracemalloc to get the object allocation traceback
/home/ari/ofn/ofn/adapters/studio_store.py:380: ResourceWarning: unclosed database in <sqlite3.Connection object at 0xffffa8335d50>
  for r in self._conn.execute(
ResourceWarning: Enable tracemalloc to get the object allocation traceback
/home/ari/ofn/ofn/adapters/studio_store.py:380: ResourceWarning: unclosed database in <sqlite3.Connection object at 0xffffa83376a0>
  for r in self._conn.execute(
ResourceWarning: Enable tracemalloc to get the object allocation traceback
/home/ari/ofn/ofn/adapters/studio_store.py:380: ResourceWarning: unclosed database in <sqlite3.Connection object at 0xffffa8dfa7a0>
  for r in self._conn.execute(
ResourceWarning: Enable tracemalloc to get the object allocation traceback
/home/ari/ofn/ofn/adapters/studio_store.py:380: ResourceWarning: unclosed database in <sqlite3.Connection object at 0xffffa8335a80>
  for r in self._conn.execute(
ResourceWarning: Enable tracemalloc to get the object allocation traceback
/home/ari/ofn/ofn/adapters/studio_store.py:380: ResourceWarning: unclosed database in <sqlite3.Connection object at 0xffffa8336110>
  for r in self._conn.execute(
ResourceWarning: Enable tracemalloc to get the object allocation traceback
/home/ari/ofn/ofn/adapters/studio_store.py:380: ResourceWarning: unclosed database in <sqlite3.Connection object at 0xffffa8335300>
  for r in self._conn.execute(
ResourceWarning: Enable tracemalloc to get the object allocation traceback
/home/ari/ofn/ofn/adapters/studio_store.py:380: ResourceWarning: unclosed database in <sqlite3.Connection object at 0xffffa83357b0>
  for r in self._conn.execute(
ResourceWarning: Enable tracemalloc to get the object allocation traceback
/home/ari/ofn/ofn/adapters/studio_store.py:380: ResourceWarning: unclosed database in <sqlite3.Connection object at 0xffffa83356c0>
  for r in self._conn.execute(
ResourceWarning: Enable tracemalloc to get the object allocation traceback
/home/ari/ofn/ofn/adapters/studio_store.py:380: ResourceWarning: unclosed database in <sqlite3.Connection object at 0xffffa8335030>
  for r in self._conn.execute(
ResourceWarning: Enable tracemalloc to get the object allocation traceback
/home/ari/ofn/ofn/adapters/studio_store.py:380: ResourceWarning: unclosed database in <sqlite3.Connection object at 0xffffa8335c60>
  for r in self._conn.execute(
ResourceWarning: Enable tracemalloc to get the object allocation traceback
/home/ari/ofn/ofn/adapters/studio_store.py:380: ResourceWarning: unclosed database in <sqlite3.Connection object at 0xffffa83353f0>
  for r in self._conn.execute(
ResourceWarning: Enable tracemalloc to get the object allocation traceback
............................................../home/ari/ofn/ofn/adapters/sqlite_base.py:144: ResourceWarning: unclosed database in <sqlite3.Connection object at 0xffffa8dfbd30>
  have = {r[1] for r in conn.execute(f"PRAGMA table_info({table})")}
ResourceWarning: Enable tracemalloc to get the object allocation traceback
/home/ari/ofn/ofn/adapters/sqlite_base.py:144: ResourceWarning: unclosed database in <sqlite3.Connection object at 0xffffa8dfa5c0>
  have = {r[1] for r in conn.execute(f"PRAGMA table_info({table})")}
ResourceWarning: Enable tracemalloc to get the object allocation traceback
/home/ari/ofn/ofn/adapters/sqlite_base.py:144: ResourceWarning: unclosed database in <sqlite3.Connection object at 0xffffa90066b0>
  have = {r[1] for r in conn.execute(f"PRAGMA table_info({table})")}
ResourceWarning: Enable tracemalloc to get the object allocation traceback
/home/ari/ofn/ofn/adapters/sqlite_base.py:144: ResourceWarning: unclosed database in <sqlite3.Connection object at 0xffffa90065c0>
  have = {r[1] for r in conn.execute(f"PRAGMA table_info({table})")}
ResourceWarning: Enable tracemalloc to get the object allocation traceback
/home/ari/ofn/ofn/adapters/sqlite_base.py:144: ResourceWarning: unclosed database in <sqlite3.Connection object at 0xffffa9004310>
  have = {r[1] for r in conn.execute(f"PRAGMA table_info({table})")}
ResourceWarning: Enable tracemalloc to get the object allocation traceback
/home/ari/ofn/ofn/adapters/sqlite_base.py:144: ResourceWarning: unclosed database in <sqlite3.Connection object at 0xffffa9004c70>
  have = {r[1] for r in conn.execute(f"PRAGMA table_info({table})")}
ResourceWarning: Enable tracemalloc to get the object allocation traceback
/home/ari/ofn/ofn/adapters/sqlite_base.py:144: ResourceWarning: unclosed database in <sqlite3.Connection object at 0xffffa90045e0>
  have = {r[1] for r in conn.execute(f"PRAGMA table_info({table})")}
ResourceWarning: Enable tracemalloc to get the object allocation traceback
/home/ari/ofn/ofn/adapters/sqlite_base.py:144: ResourceWarning: unclosed database in <sqlite3.Connection object at 0xffffa90046d0>
  have = {r[1] for r in conn.execute(f"PRAGMA table_info({table})")}
ResourceWarning: Enable tracemalloc to get the object allocation traceback
/home/ari/ofn/ofn/adapters/sqlite_base.py:144: ResourceWarning: unclosed database in <sqlite3.Connection object at 0xffffa90057b0>
  have = {r[1] for r in conn.execute(f"PRAGMA table_info({table})")}
ResourceWarning: Enable tracemalloc to get the object allocation traceback
/home/ari/ofn/ofn/adapters/sqlite_base.py:144: ResourceWarning: unclosed database in <sqlite3.Connection object at 0xffffa9005300>
  have = {r[1] for r in conn.execute(f"PRAGMA table_info({table})")}
ResourceWarning: Enable tracemalloc to get the object allocation traceback
/home/ari/ofn/ofn/adapters/sqlite_base.py:144: ResourceWarning: unclosed database in <sqlite3.Connection object at 0xffffa83353f0>
  have = {r[1] for r in conn.execute(f"PRAGMA table_info({table})")}
ResourceWarning: Enable tracemalloc to get the object allocation traceback
/home/ari/ofn/ofn/adapters/sqlite_base.py:144: ResourceWarning: unclosed database in <sqlite3.Connection object at 0xffffa8335c60>
  have = {r[1] for r in conn.execute(f"PRAGMA table_info({table})")}
ResourceWarning: Enable tracemalloc to get the object allocation traceback
/home/ari/ofn/ofn/adapters/sqlite_base.py:144: ResourceWarning: unclosed database in <sqlite3.Connection object at 0xffffa8335030>
  have = {r[1] for r in conn.execute(f"PRAGMA table_info({table})")}
ResourceWarning: Enable tracemalloc to get the object allocation traceback
/home/ari/ofn/ofn/adapters/sqlite_base.py:144: ResourceWarning: unclosed database in <sqlite3.Connection object at 0xffffa83356c0>
  have = {r[1] for r in conn.execute(f"PRAGMA table_info({table})")}
ResourceWarning: Enable tracemalloc to get the object allocation traceback
/home/ari/ofn/ofn/adapters/sqlite_base.py:144: ResourceWarning: unclosed database in <sqlite3.Connection object at 0xffffa83357b0>
  have = {r[1] for r in conn.execute(f"PRAGMA table_info({table})")}
ResourceWarning: Enable tracemalloc to get the object allocation traceback
/home/ari/ofn/ofn/adapters/sqlite_base.py:144: ResourceWarning: unclosed database in <sqlite3.Connection object at 0xffffa8335300>
  have = {r[1] for r in conn.execute(f"PRAGMA table_info({table})")}
ResourceWarning: Enable tracemalloc to get the object allocation traceback
/home/ari/ofn/ofn/adapters/sqlite_base.py:144: ResourceWarning: unclosed database in <sqlite3.Connection object at 0xffffa8336110>
  have = {r[1] for r in conn.execute(f"PRAGMA table_info({table})")}
ResourceWarning: Enable tracemalloc to get the object allocation traceback
/home/ari/ofn/ofn/adapters/sqlite_base.py:144: ResourceWarning: unclosed database in <sqlite3.Connection object at 0xffffa8335a80>
  have = {r[1] for r in conn.execute(f"PRAGMA table_info({table})")}
ResourceWarning: Enable tracemalloc to get the object allocation traceback
/home/ari/ofn/ofn/adapters/sqlite_base.py:144: ResourceWarning: unclosed database in <sqlite3.Connection object at 0xffffa83376a0>
  have = {r[1] for r in conn.execute(f"PRAGMA table_info({table})")}
ResourceWarning: Enable tracemalloc to get the object allocation traceback
/home/ari/ofn/ofn/adapters/sqlite_base.py:144: ResourceWarning: unclosed database in <sqlite3.Connection object at 0xffffa8335d50>
  have = {r[1] for r in conn.execute(f"PRAGMA table_info({table})")}
ResourceWarning: Enable tracemalloc to get the object allocation traceback
/home/ari/ofn/ofn/adapters/sqlite_base.py:144: ResourceWarning: unclosed database in <sqlite3.Connection object at 0xffffa83363e0>
  have = {r[1] for r in conn.execute(f"PRAGMA table_info({table})")}
ResourceWarning: Enable tracemalloc to get the object allocation traceback
/home/ari/ofn/ofn/adapters/sqlite_base.py:144: ResourceWarning: unclosed database in <sqlite3.Connection object at 0xffffa83364d0>
  have = {r[1] for r in conn.execute(f"PRAGMA table_info({table})")}
ResourceWarning: Enable tracemalloc to get the object allocation traceback
/home/ari/ofn/ofn/adapters/sqlite_base.py:144: ResourceWarning: unclosed database in <sqlite3.Connection object at 0xffffa8336020>
  have = {r[1] for r in conn.execute(f"PRAGMA table_info({table})")}
ResourceWarning: Enable tracemalloc to get the object allocation traceback
/home/ari/ofn/ofn/adapters/sqlite_base.py:144: ResourceWarning: unclosed database in <sqlite3.Connection object at 0xffffa8335f30>
  have = {r[1] for r in conn.execute(f"PRAGMA table_info({table})")}
ResourceWarning: Enable tracemalloc to get the object allocation traceback
/home/ari/ofn/ofn/adapters/sqlite_base.py:144: ResourceWarning: unclosed database in <sqlite3.Connection object at 0xffffa83366b0>
  have = {r[1] for r in conn.execute(f"PRAGMA table_info({table})")}
ResourceWarning: Enable tracemalloc to get the object allocation traceback
/home/ari/ofn/ofn/adapters/sqlite_base.py:144: ResourceWarning: unclosed database in <sqlite3.Connection object at 0xffffa8335b70>
  have = {r[1] for r in conn.execute(f"PRAGMA table_info({table})")}
ResourceWarning: Enable tracemalloc to get the object allocation traceback
/home/ari/ofn/ofn/adapters/sqlite_base.py:144: ResourceWarning: unclosed database in <sqlite3.Connection object at 0xffffa8336200>
  have = {r[1] for r in conn.execute(f"PRAGMA table_info({table})")}
ResourceWarning: Enable tracemalloc to get the object allocation traceback
/home/ari/ofn/ofn/adapters/sqlite_base.py:144: ResourceWarning: unclosed database in <sqlite3.Connection object at 0xffffa8336980>
  have = {r[1] for r in conn.execute(f"PRAGMA table_info({table})")}
ResourceWarning: Enable tracemalloc to get the object allocation traceback
/home/ari/ofn/ofn/adapters/sqlite_base.py:144: ResourceWarning: unclosed database in <sqlite3.Connection object at 0xffffa8335e40>
  have = {r[1] for r in conn.execute(f"PRAGMA table_info({table})")}
ResourceWarning: Enable tracemalloc to get the object allocation traceback
/home/ari/ofn/ofn/adapters/sqlite_base.py:144: ResourceWarning: unclosed database in <sqlite3.Connection object at 0xffffa8dfa7a0>
  have = {r[1] for r in conn.execute(f"PRAGMA table_info({table})")}
ResourceWarning: Enable tracemalloc to get the object allocation traceback
/home/ari/ofn/ofn/adapters/sqlite_base.py:144: ResourceWarning: unclosed database in <sqlite3.Connection object at 0xffffa8dfa3e0>
  have = {r[1] for r in conn.execute(f"PRAGMA table_info({table})")}
ResourceWarning: Enable tracemalloc to get the object allocation traceback
/home/ari/ofn/ofn/adapters/sqlite_base.py:144: ResourceWarning: unclosed database in <sqlite3.Connection object at 0xffffa8df9e40>
  have = {r[1] for r in conn.execute(f"PRAGMA table_info({table})")}
ResourceWarning: Enable tracemalloc to get the object allocation traceback
/home/ari/ofn/ofn/adapters/sqlite_base.py:144: ResourceWarning: unclosed database in <sqlite3.Connection object at 0xffffa8dfab60>
  have = {r[1] for r in conn.execute(f"PRAGMA table_info({table})")}
ResourceWarning: Enable tracemalloc to get the object allocation traceback
/home/ari/ofn/ofn/adapters/sqlite_base.py:144: ResourceWarning: unclosed database in <sqlite3.Connection object at 0xffffa9777970>
  have = {r[1] for r in conn.execute(f"PRAGMA table_info({table})")}
ResourceWarning: Enable tracemalloc to get the object allocation traceback
/home/ari/ofn/ofn/adapters/sqlite_base.py:144: ResourceWarning: unclosed database in <sqlite3.Connection object at 0xffffa8337790>
  have = {r[1] for r in conn.execute(f"PRAGMA table_info({table})")}
ResourceWarning: Enable tracemalloc to get the object allocation traceback
/home/ari/ofn/ofn/adapters/sqlite_base.py:144: ResourceWarning: unclosed database in <sqlite3.Connection object at 0xffffa8337880>
  have = {r[1] for r in conn.execute(f"PRAGMA table_info({table})")}
ResourceWarning: Enable tracemalloc to get the object allocation traceback
/home/ari/ofn/ofn/adapters/sqlite_base.py:144: ResourceWarning: unclosed database in <sqlite3.Connection object at 0xffffa8337970>
  have = {r[1] for r in conn.execute(f"PRAGMA table_info({table})")}
ResourceWarning: Enable tracemalloc to get the object allocation traceback
/home/ari/ofn/ofn/adapters/sqlite_base.py:144: ResourceWarning: unclosed database in <sqlite3.Connection object at 0xffffa83365c0>
  have = {r[1] for r in conn.execute(f"PRAGMA table_info({table})")}
ResourceWarning: Enable tracemalloc to get the object allocation traceback
/home/ari/ofn/ofn/adapters/sqlite_base.py:144: ResourceWarning: unclosed database in <sqlite3.Connection object at 0xffffa8334d60>
  have = {r[1] for r in conn.execute(f"PRAGMA table_info({table})")}
ResourceWarning: Enable tracemalloc to get the object allocation traceback
/home/ari/ofn/ofn/adapters/sqlite_base.py:144: ResourceWarning: unclosed database in <sqlite3.Connection object at 0xffffa8335990>
  have = {r[1] for r in conn.execute(f"PRAGMA table_info({table})")}
ResourceWarning: Enable tracemalloc to get the object allocation traceback
/home/ari/ofn/ofn/adapters/sqlite_base.py:144: ResourceWarning: unclosed database in <sqlite3.Connection object at 0xffffa83358a0>
  have = {r[1] for r in conn.execute(f"PRAGMA table_info({table})")}
ResourceWarning: Enable tracemalloc to get the object allocation traceback
/home/ari/ofn/ofn/adapters/sqlite_base.py:144: ResourceWarning: unclosed database in <sqlite3.Connection object at 0xffffa8335210>
  have = {r[1] for r in conn.execute(f"PRAGMA table_info({table})")}
ResourceWarning: Enable tracemalloc to get the object allocation traceback
/home/ari/ofn/ofn/adapters/sqlite_base.py:144: ResourceWarning: unclosed database in <sqlite3.Connection object at 0xffffa8334f40>
  have = {r[1] for r in conn.execute(f"PRAGMA table_info({table})")}
ResourceWarning: Enable tracemalloc to get the object allocation traceback
/home/ari/ofn/ofn/adapters/sqlite_base.py:144: ResourceWarning: unclosed database in <sqlite3.Connection object at 0xffffa83355d0>
  have = {r[1] for r in conn.execute(f"PRAGMA table_info({table})")}
ResourceWarning: Enable tracemalloc to get the object allocation traceback
/home/ari/ofn/ofn/adapters/sqlite_base.py:144: ResourceWarning: unclosed database in <sqlite3.Connection object at 0xffffa8335120>
  have = {r[1] for r in conn.execute(f"PRAGMA table_info({table})")}
ResourceWarning: Enable tracemalloc to get the object allocation traceback
/home/ari/ofn/ofn/adapters/sqlite_base.py:144: ResourceWarning: unclosed database in <sqlite3.Connection object at 0xffffa83346d0>
  have = {r[1] for r in conn.execute(f"PRAGMA table_info({table})")}
ResourceWarning: Enable tracemalloc to get the object allocation traceback
/home/ari/ofn/ofn/adapters/sqlite_base.py:144: ResourceWarning: unclosed database in <sqlite3.Connection object at 0xffffa8334e50>
  have = {r[1] for r in conn.execute(f"PRAGMA table_info({table})")}
ResourceWarning: Enable tracemalloc to get the object allocation traceback
....../home/ari/ofn/ofn/adapters/sqlite_base.py:67: ResourceWarning: unclosed database in <sqlite3.Connection object at 0xffffa9777970>
  conn.execute(f"PRAGMA {name} = {value}")
ResourceWarning: Enable tracemalloc to get the object allocation traceback
/home/ari/ofn/ofn/adapters/sqlite_base.py:67: ResourceWarning: unclosed database in <sqlite3.Connection object at 0xffffa9005300>
  conn.execute(f"PRAGMA {name} = {value}")
ResourceWarning: Enable tracemalloc to get the object allocation traceback
/home/ari/ofn/ofn/adapters/sqlite_base.py:67: ResourceWarning: unclosed database in <sqlite3.Connection object at 0xffffa90057b0>
  conn.execute(f"PRAGMA {name} = {value}")
ResourceWarning: Enable tracemalloc to get the object allocation traceback
/home/ari/ofn/ofn/adapters/sqlite_base.py:67: ResourceWarning: unclosed database in <sqlite3.Connection object at 0xffffa90046d0>
  conn.execute(f"PRAGMA {name} = {value}")
ResourceWarning: Enable tracemalloc to get the object allocation traceback
/home/ari/ofn/ofn/adapters/sqlite_base.py:67: ResourceWarning: unclosed database in <sqlite3.Connection object at 0xffffa90045e0>
  conn.execute(f"PRAGMA {name} = {value}")
ResourceWarning: Enable tracemalloc to get the object allocation traceback
/home/ari/ofn/ofn/adapters/sqlite_base.py:67: ResourceWarning: unclosed database in <sqlite3.Connection object at 0xffffa9004c70>
  conn.execute(f"PRAGMA {name} = {value}")
ResourceWarning: Enable tracemalloc to get the object allocation traceback
/home/ari/ofn/ofn/adapters/sqlite_base.py:67: ResourceWarning: unclosed database in <sqlite3.Connection object at 0xffffa9004310>
  conn.execute(f"PRAGMA {name} = {value}")
ResourceWarning: Enable tracemalloc to get the object allocation traceback
/home/ari/ofn/ofn/adapters/sqlite_base.py:67: ResourceWarning: unclosed database in <sqlite3.Connection object at 0xffffa90065c0>
  conn.execute(f"PRAGMA {name} = {value}")
ResourceWarning: Enable tracemalloc to get the object allocation traceback
/home/ari/ofn/ofn/adapters/sqlite_base.py:67: ResourceWarning: unclosed database in <sqlite3.Connection object at 0xffffa90066b0>
  conn.execute(f"PRAGMA {name} = {value}")
ResourceWarning: Enable tracemalloc to get the object allocation traceback
/home/ari/ofn/ofn/adapters/sqlite_base.py:67: ResourceWarning: unclosed database in <sqlite3.Connection object at 0xffffa8dfab60>
  conn.execute(f"PRAGMA {name} = {value}")
ResourceWarning: Enable tracemalloc to get the object allocation traceback
/home/ari/ofn/ofn/adapters/sqlite_base.py:67: ResourceWarning: unclosed database in <sqlite3.Connection object at 0xffffa8df9e40>
  conn.execute(f"PRAGMA {name} = {value}")
ResourceWarning: Enable tracemalloc to get the object allocation traceback
/home/ari/ofn/ofn/adapters/sqlite_base.py:67: ResourceWarning: unclosed database in <sqlite3.Connection object at 0xffffa8dfa3e0>
  conn.execute(f"PRAGMA {name} = {value}")
ResourceWarning: Enable tracemalloc to get the object allocation traceback
/home/ari/ofn/ofn/adapters/sqlite_base.py:67: ResourceWarning: unclosed database in <sqlite3.Connection object at 0xffffa8dfa7a0>
  conn.execute(f"PRAGMA {name} = {value}")
ResourceWarning: Enable tracemalloc to get the object allocation traceback
/home/ari/ofn/ofn/adapters/sqlite_base.py:67: ResourceWarning: unclosed database in <sqlite3.Connection object at 0xffffa8dfa5c0>
  conn.execute(f"PRAGMA {name} = {value}")
ResourceWarning: Enable tracemalloc to get the object allocation traceback
/home/ari/ofn/ofn/adapters/sqlite_base.py:67: ResourceWarning: unclosed database in <sqlite3.Connection object at 0xffffa8dfbd30>
  conn.execute(f"PRAGMA {name} = {value}")
ResourceWarning: Enable tracemalloc to get the object allocation traceback
/home/ari/ofn/ofn/adapters/sqlite_base.py:67: ResourceWarning: unclosed database in <sqlite3.Connection object at 0xffffa8334e50>
  conn.execute(f"PRAGMA {name} = {value}")
ResourceWarning: Enable tracemalloc to get the object allocation traceback
/home/ari/ofn/ofn/adapters/sqlite_base.py:67: ResourceWarning: unclosed database in <sqlite3.Connection object at 0xffffa8334f40>
  conn.execute(f"PRAGMA {name} = {value}")
ResourceWarning: Enable tracemalloc to get the object allocation traceback
/home/ari/ofn/ofn/adapters/sqlite_base.py:67: ResourceWarning: unclosed database in <sqlite3.Connection object at 0xffffa8334d60>
  conn.execute(f"PRAGMA {name} = {value}")
ResourceWarning: Enable tracemalloc to get the object allocation traceback
/home/ari/ofn/ofn/adapters/sqlite_base.py:67: ResourceWarning: unclosed database in <sqlite3.Connection object at 0xffffa83365c0>
  conn.execute(f"PRAGMA {name} = {value}")
ResourceWarning: Enable tracemalloc to get the object allocation traceback
/home/ari/ofn/ofn/adapters/sqlite_base.py:67: ResourceWarning: unclosed database in <sqlite3.Connection object at 0xffffa8337970>
  conn.execute(f"PRAGMA {name} = {value}")
ResourceWarning: Enable tracemalloc to get the object allocation traceback
/home/ari/ofn/ofn/adapters/sqlite_base.py:67: ResourceWarning: unclosed database in <sqlite3.Connection object at 0xffffa8337880>
  conn.execute(f"PRAGMA {name} = {value}")
ResourceWarning: Enable tracemalloc to get the object allocation traceback
/home/ari/ofn/ofn/adapters/sqlite_base.py:67: ResourceWarning: unclosed database in <sqlite3.Connection object at 0xffffa8337790>
  conn.execute(f"PRAGMA {name} = {value}")
ResourceWarning: Enable tracemalloc to get the object allocation traceback
/home/ari/ofn/ofn/adapters/sqlite_base.py:67: ResourceWarning: unclosed database in <sqlite3.Connection object at 0xffffa8335e40>
  conn.execute(f"PRAGMA {name} = {value}")
ResourceWarning: Enable tracemalloc to get the object allocation traceback
/home/ari/ofn/ofn/adapters/sqlite_base.py:67: ResourceWarning: unclosed database in <sqlite3.Connection object at 0xffffa8336980>
  conn.execute(f"PRAGMA {name} = {value}")
ResourceWarning: Enable tracemalloc to get the object allocation traceback
/home/ari/ofn/ofn/adapters/sqlite_base.py:67: ResourceWarning: unclosed database in <sqlite3.Connection object at 0xffffa8336200>
  conn.execute(f"PRAGMA {name} = {value}")
ResourceWarning: Enable tracemalloc to get the object allocation traceback
........../home/ari/ofn/ofn/adapters/platform_matrix_loader.py:24: ResourceWarning: unclosed database in <sqlite3.Connection object at 0xffffa8dfbd30>
  return tuple(str(x) for x in v) if v else ()
ResourceWarning: Enable tracemalloc to get the object allocation traceback
/home/ari/ofn/ofn/adapters/platform_matrix_loader.py:24: ResourceWarning: unclosed database in <sqlite3.Connection object at 0xffffa8dfa5c0>
  return tuple(str(x) for x in v) if v else ()
ResourceWarning: Enable tracemalloc to get the object allocation traceback
/home/ari/ofn/ofn/adapters/platform_matrix_loader.py:24: ResourceWarning: unclosed database in <sqlite3.Connection object at 0xffffa8dfa7a0>
  return tuple(str(x) for x in v) if v else ()
ResourceWarning: Enable tracemalloc to get the object allocation traceback
/home/ari/ofn/ofn/adapters/platform_matrix_loader.py:24: ResourceWarning: unclosed database in <sqlite3.Connection object at 0xffffa8dfa3e0>
  return tuple(str(x) for x in v) if v else ()
ResourceWarning: Enable tracemalloc to get the object allocation traceback
/home/ari/ofn/ofn/adapters/platform_matrix_loader.py:24: ResourceWarning: unclosed database in <sqlite3.Connection object at 0xffffa8df9e40>
  return tuple(str(x) for x in v) if v else ()
ResourceWarning: Enable tracemalloc to get the object allocation traceback
/home/ari/ofn/ofn/adapters/platform_matrix_loader.py:24: ResourceWarning: unclosed database in <sqlite3.Connection object at 0xffffa8dfab60>
  return tuple(str(x) for x in v) if v else ()
ResourceWarning: Enable tracemalloc to get the object allocation traceback
/home/ari/ofn/ofn/adapters/platform_matrix_loader.py:24: ResourceWarning: unclosed database in <sqlite3.Connection object at 0xffffa90066b0>
  return tuple(str(x) for x in v) if v else ()
ResourceWarning: Enable tracemalloc to get the object allocation traceback
/home/ari/ofn/ofn/adapters/platform_matrix_loader.py:24: ResourceWarning: unclosed database in <sqlite3.Connection object at 0xffffa90065c0>
  return tuple(str(x) for x in v) if v else ()
ResourceWarning: Enable tracemalloc to get the object allocation traceback
/home/ari/ofn/ofn/adapters/platform_matrix_loader.py:24: ResourceWarning: unclosed database in <sqlite3.Connection object at 0xffffa9004310>
  return tuple(str(x) for x in v) if v else ()
ResourceWarning: Enable tracemalloc to get the object allocation traceback
/home/ari/ofn/ofn/adapters/platform_matrix_loader.py:24: ResourceWarning: unclosed database in <sqlite3.Connection object at 0xffffa9004c70>
  return tuple(str(x) for x in v) if v else ()
ResourceWarning: Enable tracemalloc to get the object allocation traceback
/home/ari/ofn/ofn/adapters/platform_matrix_loader.py:24: ResourceWarning: unclosed database in <sqlite3.Connection object at 0xffffa90045e0>
  return tuple(str(x) for x in v) if v else ()
ResourceWarning: Enable tracemalloc to get the object allocation traceback
/home/ari/ofn/ofn/adapters/platform_matrix_loader.py:24: ResourceWarning: unclosed database in <sqlite3.Connection object at 0xffffa90046d0>
  return tuple(str(x) for x in v) if v else ()
ResourceWarning: Enable tracemalloc to get the object allocation traceback
/home/ari/ofn/ofn/adapters/platform_matrix_loader.py:24: ResourceWarning: unclosed database in <sqlite3.Connection object at 0xffffa90057b0>
  return tuple(str(x) for x in v) if v else ()
ResourceWarning: Enable tracemalloc to get the object allocation traceback
/home/ari/ofn/ofn/adapters/platform_matrix_loader.py:24: ResourceWarning: unclosed database in <sqlite3.Connection object at 0xffffa9005300>
  return tuple(str(x) for x in v) if v else ()
ResourceWarning: Enable tracemalloc to get the object allocation traceback
/home/ari/ofn/ofn/adapters/platform_matrix_loader.py:24: ResourceWarning: unclosed database in <sqlite3.Connection object at 0xffffa9777970>
  return tuple(str(x) for x in v) if v else ()
ResourceWarning: Enable tracemalloc to get the object allocation traceback
/home/ari/ofn/ofn/adapters/platform_matrix_loader.py:24: ResourceWarning: unclosed database in <sqlite3.Connection object at 0xffffa83363e0>
  return tuple(str(x) for x in v) if v else ()
ResourceWarning: Enable tracemalloc to get the object allocation traceback
/home/ari/ofn/ofn/adapters/platform_matrix_loader.py:24: ResourceWarning: unclosed database in <sqlite3.Connection object at 0xffffa8335b70>
  return tuple(str(x) for x in v) if v else ()
ResourceWarning: Enable tracemalloc to get the object allocation traceback
/home/ari/ofn/ofn/adapters/platform_matrix_loader.py:24: ResourceWarning: unclosed database in <sqlite3.Connection object at 0xffffa8336200>
  return tuple(str(x) for x in v) if v else ()
ResourceWarning: Enable tracemalloc to get the object allocation traceback
/home/ari/ofn/ofn/adapters/platform_matrix_loader.py:24: ResourceWarning: unclosed database in <sqlite3.Connection object at 0xffffa8336980>
  return tuple(str(x) for x in v) if v else ()
ResourceWarning: Enable tracemalloc to get the object allocation traceback
/home/ari/ofn/ofn/adapters/platform_matrix_loader.py:24: ResourceWarning: unclosed database in <sqlite3.Connection object at 0xffffa8335e40>
  return tuple(str(x) for x in v) if v else ()
ResourceWarning: Enable tracemalloc to get the object allocation traceback
/home/ari/ofn/ofn/adapters/platform_matrix_loader.py:24: ResourceWarning: unclosed database in <sqlite3.Connection object at 0xffffa8335990>
  return tuple(str(x) for x in v) if v else ()
ResourceWarning: Enable tracemalloc to get the object allocation traceback
/home/ari/ofn/ofn/adapters/platform_matrix_loader.py:24: ResourceWarning: unclosed database in <sqlite3.Connection object at 0xffffa83358a0>
  return tuple(str(x) for x in v) if v else ()
ResourceWarning: Enable tracemalloc to get the object allocation traceback
/home/ari/ofn/ofn/adapters/platform_matrix_loader.py:24: ResourceWarning: unclosed database in <sqlite3.Connection object at 0xffffa8335210>
  return tuple(str(x) for x in v) if v else ()
ResourceWarning: Enable tracemalloc to get the object allocation traceback
/home/ari/ofn/ofn/adapters/platform_matrix_loader.py:24: ResourceWarning: unclosed database in <sqlite3.Connection object at 0xffffa8334f40>
  return tuple(str(x) for x in v) if v else ()
ResourceWarning: Enable tracemalloc to get the object allocation traceback
/home/ari/ofn/ofn/adapters/platform_matrix_loader.py:24: ResourceWarning: unclosed database in <sqlite3.Connection object at 0xffffa83355d0>
  return tuple(str(x) for x in v) if v else ()
ResourceWarning: Enable tracemalloc to get the object allocation traceback
/home/ari/ofn/ofn/adapters/platform_matrix_loader.py:24: ResourceWarning: unclosed database in <sqlite3.Connection object at 0xffffa8335120>
  return tuple(str(x) for x in v) if v else ()
ResourceWarning: Enable tracemalloc to get the object allocation traceback
............................................./home/ari/ofn/tests/test_studio_shell.py:749: ResourceWarning: unclosed file <_io.TextIOWrapper name='/home/ari/ofn/packs/studio.yaml' mode='r' encoding='utf-8'>
  encoding="utf-8").read()
ResourceWarning: Enable tracemalloc to get the object allocation traceback
....................................................................................................................................................../home/ari/ofn/tests/test_survival.py:272: ResourceWarning: unclosed file <_io.BufferedWriter name='/tmp/tmpfu96ed35/ledger.sqlite-wal'>
  open(self.led_path + "-wal", "wb").write(b"stale")
ResourceWarning: Enable tracemalloc to get the object allocation traceback
............................................................/home/ari/ofn/tests/test_time_is_not_claimed.py:93: ResourceWarning: unclosed file <_io.TextIOWrapper name='/home/ari/ofn/ofn/node.py' mode='r' encoding='utf-8'>
  src = open(os.path.join(ROOT, "ofn", "node.py"), encoding="utf-8").read()
ResourceWarning: Enable tracemalloc to get the object allocation traceback
../home/ari/ofn/tests/test_time_is_not_claimed.py:99: ResourceWarning: unclosed file <_io.TextIOWrapper name='/home/ari/ofn/web/ziman.html' mode='r' encoding='utf-8'>
  src = open(SHELL, encoding="utf-8").read()
ResourceWarning: Enable tracemalloc to get the object allocation traceback
............../home/ari/ofn/tests/test_time_is_not_costed.py:39: ResourceWarning: unclosed file <_io.TextIOWrapper name='/home/ari/ofn/web/ziman.html' mode='r' encoding='utf-8'>
  src = open(os.path.join(WEB, "ziman.html"), encoding="utf-8").read()
ResourceWarning: Enable tracemalloc to get the object allocation traceback
........../home/ari/ofn/tests/test_time_is_not_costed.py:89: ResourceWarning: unclosed file <_io.TextIOWrapper name='/home/ari/ofn/packs/ziman.yaml' mode='r' encoding='utf-8'>
  raw = open(PACK, encoding="utf-8").read()
ResourceWarning: Enable tracemalloc to get the object allocation traceback
./home/ari/ofn/tests/test_time_is_not_costed.py:100: ResourceWarning: unclosed file <_io.TextIOWrapper name='/home/ari/ofn/packs/ziman.yaml' mode='r' encoding='utf-8'>
  raw = open(PACK, encoding="utf-8").read()
ResourceWarning: Enable tracemalloc to get the object allocation traceback
..../usr/lib/python3.13/unittest/case.py:606: ResourceWarning: unclosed file <_io.TextIOWrapper name='/dev/null' mode='w' encoding='UTF-8'>
  if method() is not None:
ResourceWarning: Enable tracemalloc to get the object allocation traceback
............................/home/ari/ofn/tests/test_web_serving.py:96: ResourceWarning: unclosed file <_io.BufferedReader name='/home/ari/ofn/web/ziman.html'>
  html = open(os.path.join(WEB_DIR, "ziman.html"), "rb").read()
ResourceWarning: Enable tracemalloc to get the object allocation traceback
..http z GET / -> 200
http z GET / -> 200
.http z GET / -> 200
.http z GET / -> 200
.http z GET / -> 200
../home/ari/ofn/tests/test_web_serving.py:40: ResourceWarning: unclosed file <_io.TextIOWrapper name='/home/ari/ofn/web/ziman.html' mode='r' encoding='utf-8'>
  src = open(os.path.join(WEB_DIR, name), encoding="utf-8").read()
ResourceWarning: Enable tracemalloc to get the object allocation traceback
/home/ari/ofn/tests/test_web_serving.py:40: ResourceWarning: unclosed file <_io.TextIOWrapper name='/home/ari/ofn/web/lead.html' mode='r' encoding='utf-8'>
  src = open(os.path.join(WEB_DIR, name), encoding="utf-8").read()
ResourceWarning: Enable tracemalloc to get the object allocation traceback
/home/ari/ofn/tests/test_web_serving.py:40: ResourceWarning: unclosed file <_io.TextIOWrapper name='/home/ari/ofn/web/studio.html' mode='r' encoding='utf-8'>
  src = open(os.path.join(WEB_DIR, name), encoding="utf-8").read()
ResourceWarning: Enable tracemalloc to get the object allocation traceback
/home/ari/ofn/tests/test_web_serving.py:40: ResourceWarning: unclosed file <_io.TextIOWrapper name='/home/ari/ofn/web/panel.html' mode='r' encoding='utf-8'>
  src = open(os.path.join(WEB_DIR, name), encoding="utf-8").read()
ResourceWarning: Enable tracemalloc to get the object allocation traceback
./home/ari/ofn/tests/test_web_serving.py:48: ResourceWarning: unclosed file <_io.TextIOWrapper name='/home/ari/ofn/web/ziman.html' mode='r' encoding='utf-8'>
  src = open(os.path.join(WEB_DIR, name), encoding="utf-8").read()
ResourceWarning: Enable tracemalloc to get the object allocation traceback
/home/ari/ofn/tests/test_web_serving.py:48: ResourceWarning: unclosed file <_io.TextIOWrapper name='/home/ari/ofn/web/lead.html' mode='r' encoding='utf-8'>
  src = open(os.path.join(WEB_DIR, name), encoding="utf-8").read()
ResourceWarning: Enable tracemalloc to get the object allocation traceback
/home/ari/ofn/tests/test_web_serving.py:48: ResourceWarning: unclosed file <_io.TextIOWrapper name='/home/ari/ofn/web/studio.html' mode='r' encoding='utf-8'>
  src = open(os.path.join(WEB_DIR, name), encoding="utf-8").read()
ResourceWarning: Enable tracemalloc to get the object allocation traceback
./home/ari/ofn/tests/test_web_serving.py:70: ResourceWarning: unclosed file <_io.TextIOWrapper name='/home/ari/ofn/web/ziman.html' mode='r' encoding='utf-8'>
  src = open(os.path.join(WEB_DIR, name), encoding="utf-8").read()
ResourceWarning: Enable tracemalloc to get the object allocation traceback
/home/ari/ofn/tests/test_web_serving.py:70: ResourceWarning: unclosed file <_io.TextIOWrapper name='/home/ari/ofn/web/lead.html' mode='r' encoding='utf-8'>
  src = open(os.path.join(WEB_DIR, name), encoding="utf-8").read()
ResourceWarning: Enable tracemalloc to get the object allocation traceback
/home/ari/ofn/tests/test_web_serving.py:70: ResourceWarning: unclosed file <_io.TextIOWrapper name='/home/ari/ofn/web/studio.html' mode='r' encoding='utf-8'>
  src = open(os.path.join(WEB_DIR, name), encoding="utf-8").read()
ResourceWarning: Enable tracemalloc to get the object allocation traceback
/home/ari/ofn/tests/test_web_serving.py:70: ResourceWarning: unclosed file <_io.TextIOWrapper name='/home/ari/ofn/web/panel.html' mode='r' encoding='utf-8'>
  src = open(os.path.join(WEB_DIR, name), encoding="utf-8").read()
ResourceWarning: Enable tracemalloc to get the object allocation traceback
................/home/ari/ofn/tests/test_witness_mint.py:89: ResourceWarning: unclosed file <_io.BufferedReader name='/tmp/tmpd4eslo0t/witness_requests.jsonl'>
  raw = open(self.state_file, "rb").read()
ResourceWarning: Enable tracemalloc to get the object allocation traceback
..............................................................................
======================================================================
ERROR: test_greeting_name (unittest.loader._FailedTest.test_greeting_name)
----------------------------------------------------------------------
ImportError: Failed to import test module: test_greeting_name
Traceback (most recent call last):
  File "/usr/lib/python3.13/unittest/loader.py", line 396, in _find_test_path
    module = self._get_module_from_name(name)
  File "/usr/lib/python3.13/unittest/loader.py", line 339, in _get_module_from_name
    __import__(name)
    ~~~~~~~~~~^^^^^^
  File "/home/ari/ofn/tests/test_greeting_name.py", line 27, in <module>
    from .test_auth import BOT_TOKEN, NOW, sign
ImportError: attempted relative import with no known parent package


----------------------------------------------------------------------
Ran 2076 tests in 24.756s

FAILED (errors=1, skipped=10)
