rank,symbol,name,price,percent_change_24h,percent_change_7d,percent_change_30d,market_cap,volume_24h,galaxy_score,galaxy_score_previous,alt_rank,alt_rank_previous,social_volume_24h,social_dominance,market_dominance,sentiment,signal
"1","ADCO","Advertise Coin","0.354767","-0.13541435382806974","0","","15964526","5087.5","100","100","5229","2393","1","0.0002801724741751022","0.0007287151723456007","","hold"
"2","SN77","Liquidity","1.99","-8.216879753445474","67.76315477507046","","9289264","863471","100","100","5767","","0","0","0.0004240168243469166","","sell"
"3","GVNR","GVNR","0.55681","0.0022500000000113918","-9.477383525049355","","8865937","14.8","100","100","4819","2295","1","0.0002801724741751022","0.00040469368203980736","","hold"
"4","NIL","Nillion","0.04087315","1.2144582326849294","2.5962088476099003","","19044297","16794347","89.7","68","82","77","345","0.09665950359041026","0.0008692940943286261","48","hold"
"5","TAO","Bittensor","257.95927623898393","0.551154621173","22.019258873732","-10.456199971114","2483669051","641430372.07","87","88","146","1","3358","0.9408191682799931","0.11336931146899693","80","hold"
"6","JELLYJELLY","jelly-my-jelly","0.07306377826752704","25.540227237987","23.668796938285","19.086506246662","71490917","10650744.36","86.8","46","109","1679","42","0.011767243915354293","0.0032632673154718173","80","hold"
"7","SPK","Spark","0.019028780633987167","-2.511741748846","-0.390494438751","-42.904175947932","53902273","15425971.31","83.3","32","2750","1101","31","0.008685346699428168","0.002460417813783799","80","hold"
"8","BLUAI","Bluwhale AI","0.0142215611552125","10.416","1.068319636067837","","17464077.1","695612.54","83.2","39","19","423","236","0.06612070390532411","0.0007971635333102504","55","hold"
"9","AIOT","OKZOO","0.07915299269666963","8.131759446816","41.51359271085","2.578975896191","21155456","5365976.01","82.3","86","34","155","76","0.021293108037307766","0.0009656598489106268","92","buy"
"10","EIGEN","Eigenlayer","0.193811","3.7940857999855493","14.7340126707027","","143594567","30329003","77.8","65","43","101","233","0.06528018648279882","0.0065545033807641335","41","hold"
"11","XCN","Onyxcoin","0.0039010918296514506","-0.855271292688","2.76723464526","-20.863194303793","150824176","9201631.19","77.3","62","1649","125","360","0.1008620907030368","0.006884505397011048","34","hold"
"12","SYN","Synapse","0.038392168394715286","20.469338139196","-5.280288257223","-25.465498116795","8696873","24820894.65","77.2","73","15","185","121","0.03390086937518737","0.00039697660344333437","79","buy"
"13","XION","XION","0.11646943443497873","-1.75809472791","0.987545581486","-18.158526044285","8245207","3403087.55","73.7","45","2394","1507","35","0.009806036596128576","0.0003763599019494943","67","hold"
"14","CAT","Simons Cat","0.000001480819568151716","-2.055083498109","-2.658390565222","-24.411617949861","10091012","2149036.79","73.1","46","2191","733","105","0.02941810978838573","0.0004606133341335361","98","hold"
"15","KNTQ","Kinetiq","0.21017582577041816","1.105600517748","-11.652125644103","32.231377546022","59106630","780408.16","72.6","56","103","1085","157","0.043987078445491046","0.0026979753778607427","93","hold"
"16","ANKR","Ankr Network","0.003870074782108598","-1.955786672795","-0.831310583673","-19.69181682321","38892052","5602787.97","72.4","27","3073","562","24","0.006724139380202452","0.0017752627529344788","60","hold"
"17","JASMY","JasmyCoin","0.005300503742982196","11.704347051506","10.550084480286","-13.836540684403","266667378","46709630.46","72.3","39","3","275","470","0.13168106286229803","0.012172272720043141","44","hold"
"18","MAX","MAX Exchange Token","0.27123545293499046","0.367329132892","-1.823474760461","-8.770602342943","18154102.55","10756.33","72.3","37","264","1913","112","0.031379317107611444","0.0008286603666468369","83","hold"
"19","UB","Unibase","0.12393241233476474","-7.229147953173","-6.639169604947","-45.212864167731","309939654","8552062.67","71.8","36","2835","669","145","0.04062500875538982","0.014147474743775408","47","sell"
"20","AKT","Akash Network","0.7285656672566515","7.033426514334","17.238966680931","-1.372931731476","213834809","20146376.03","71.8","70","11","81","350","0.09806036596128577","0.009760682509078165","63","buy"
"21","CAW2","A Hunters Dream","3.506924371889445e-8","1.677950634893","5.781529905683","1.830871671994","22561674","470963.96","71.6","59","372","946","24","0.006724139380202452","0.0010298479364382793","100","hold"
"22","CHR","Chromia","0.01525165243692552","-1.868945670295","-5.792896812552","-34.114857408871","14942731","1233494.24","71.6","62","2265","817","150","0.04202587112626533","0.0006820744189948984","94","hold"
"23","SUSDE","Ethena Staked USDe","1.2345508057514827","0.007290695933","0.06783007478","0.288482774285","1869381170.1","2131706.76","71.5","28","1340","1607","7","0.0019612073192257153","0.08532958770896437","","hold"
"24","SOMI","SomniaOFT","0.10935983525728475","-3.615387250276","-1.823077604588","-34.221546731038","17712334","8040760.05","70.8","42","2700","1134","77","0.02157328051148287","0.0008084954431752526","83","hold"
"25","TIA","Celestia","0.3299652024435963","-3.002474036151","3.673783872157","-22.084526300748","309872687","26536769.66","70.4","57","2041","23","2459","0.6889441139965763","0.014144417974727177","85","hold"
"26","TEL","Telcoin","0.0024151633275534263","0.592101872131","-2.501320691243","-25.034381679617","229744925","843209.97","70","51","143","937","674","0.18883624759401887","0.010486914087953636","52","hold"
"27","YELLOW","YELLOW","0.059764","-0.4880710481453686","12.7889560928045","","11590360","774407","70","80","1835","369","53","0.014849141131280415","0.000529052424415705","78","hold"
"28","GOMINING","Gomining Token","0.278693","2.35518865365835","6.903025263181199","","112654578","10636189","69.7","75","288","402","45","0.0126077613378796","0.005142219707794075","92","hold"
"29","CREPE","CREPE","0.00001443","15.106389266872819","28.385337080382143","","9959519","462172","69.7","56","13","390","307","0.08601294957175637","0.0004546112176812694","78","buy"
"30","WBTC","Wrapped Bitcoin","63881.81894127603","-0.256882627809","3.24505604222","-19.061778377011","9351180560.98","72008754.93","69.5","57","1444","392","119","0.03334052442683716","0.4268430615559379","47","hold"
"31","ZEC","Zcash","420.07276018565494","1.931986868731","-1.82088383924","-19.856406385741","7119947555","503179063.75","69.1","52","29","656","2486","0.6965087707993041","0.32499642079153884","74","buy"
"32","SHIB","Shiba Inu","0.000004880254297728041","-1.698670335937","4.040677519871","-19.907125133634","2894296282","64996922.99","68.9","60","1755","36","1447","0.4054095701313729","0.13211276137837485","82","hold"
"33","FET","Fetch","0.19821392078919325","-2.155179560945","-6.056539249691","-2.368054771356","455398238","157837709.85","68.8","82","1891","8","561","0.15717675801223235","0.020787062859871495","72","hold"
"34","GOAT","Goatseus Maximus","0.013276536894463783","-1.259180348832","0.830259833708","-34.805727178027","13424602","5567413.93","68.8","46","1801","312","325","0.09105605410690822","0.0006127780530471807","44","hold"
"35","PONKE","PONKE","0.025536491705174053","-0.805381626996","-1.762770477657","-36.017698444251","14304108","1418048.28","68.2","50","1774","337","178","0.04987070040316819","0.000652923896799071","20","hold"
"36","EIGEN","EigenCloud","0.19016738873188274","2.378068020124","7.595078378341","-6.262899404278","150428282.98","28852735.8","68.1","33","83","140","173","0.04846983803229268","0.006870139310536486","21","hold"
"37","RIF","Rootstock Infrastructure Framework","0.1023379952951089","4.958777851159","54.848473249659","33.216240754428","102337995.3","28906827.46","67.1","79","20","43","293","0.08209053493330494","0.004659831076041112","65","buy"
"38","FT","Flying Tulip","0.098802","-0.12139236068454946","0.4983606433822887","","121288393","120727","67","67","1504","1297","788","0.22077590964998053","0.005536317972015952","96","hold"
"39","NOS","Nosana","0.32892632743179856","0.037728777828","-1.979548019966","-5.157723382631","33071846","430477.69","66.9","51","1020","717","40","0.011206898967004088","0.001509594206409709","67","hold"
"40","PEAQ","peaq","0.02156201887723013","-4.511005126451","-5.723084697911","-14.890700551276","48547586","2173059.5","66.8","62","2902","225","102","0.028577592365860424","0.0022159983014185874","88","hold"
"41","STRK","StarkNet","0.03344590423016289","-3.630581081854","-0.406586389346","-23.160793582589","214352285","21388517.92","66.7","64","2188","241","599","0.1678233120308862","0.009784303167312849","79","hold"
"42","IDOL","MEET48","0.030046649416221018","-0.362734865664","-0.85507688111","20.479511373975","56441475","4386047.98","66.5","56","1535","878","90","0.0252155226757592","0.0025763219767417408","80","hold"
"43","ESP","Espresso","0.07062860531060512","-4.927732002648","7.492067246195","-1.675996910169","36911955","10782837.74","66.2","84","2886","145","60","0.01681034845050613","0.00168487944142144","79","hold"
"44","GTC","Gitcoin","0.08157646900388983","5.486653439433","8.195523050636","-22.314008356746","7098924","4544275.32","66.1","46","291","1823","17","0.004762932060976738","0.0003240367816826081","67","hold"
"45","XAI","XAI","0.007876070324485531","-2.233558641312","-0.442506430521","-30.066372161871","16511058","5105614.14","65.9","63","2353","83","79","0.022133625459833075","0.0007536621178779883","70","hold"
"46","WLD","Worldcoin","0.4923108000986942","-5.342741153275","4.750235974767","103.89529706976","1681317987","631963353.79","65.5","61","1448","13","864","0.24206901768728828","0.07674527428277315","61","sell"
"47","GWEI","ETHGas","0.16754","-3.185315193615876","27.34938396302412","","351823979","4558078","65.5","43","2414","297","166","0.04650863071306697","0.016059322493652488","33","hold"
"48","MX","MX Token","1.7143368308901992","1.220124918613","-1.541756970328","-3.608621796892","157648562","5513837.88","65.3","74","148","461","88","0.024655177727408994","0.007196010644341468","68","hold"
"49","NOCK","Nockchain","0.04096280338447155","16.753305110754","1.666432068358","103.84134980099","90144494","1883266.87","65.3","34","10","1218","267","0.07480605060475229","0.0041147266433852765","86","buy"
"50","TRUTH","Swarm Network","0.012331699956417612","8.258530784123","9.461762202725","-41.326946381436","25434256","5358113.67","65.3","37","55","1409","119","0.03334052442683716","0.001160969529851505","4","hold"
"51","USD1","World Liberty Financial USD","1.0001770644566343","0.007022019134","0.080670544331","0.074333995359","4376045477.5","1221724537.04","65.1","67","693","360","116","0.032500007004311854","0.19974736604681012","98","hold"
"52","AUKI","Auki Token","0.005389967004188428","-5.781639365241","-9.999441361896","-38.792550596535","23840331","49748.43","65.1","62","3677","1846","33","0.009245691647778373","0.00108821338719616","89","sell"
"53","HYPE","Hyperliquid","59.80085415251598","-0.314450693499","1.728606908082","35.89756138818","13393925789","488622222.6","64.9","66","736","594","7511","2.1043754535291925","0.6113778097586687","78","hold"
"54","CARDS","Collector Crypt","0.2710676369575186","0.651019919091","46.41559067438","115.696582301244","69928658","5841581.54","64.9","66","169","24","564","0.15801727543475763","0.00319195659591563","80","hold"
"55","ARRR","Pirate Chain","0.2897747425638096","13.100865685909","0.113107220327","41.421797204991","56565905","123080.15","64.7","57","149","2095","41","0.01148707144117919","0.00258200169619567","83","hold"
"56","VVV","Venice Token","15.715007222030392","-4.32317976918","-8.791483511344","17.880132936906","743973903","50617834.85","64.6","71","2249","2","882","0.24711212222244014","0.03395935907807562","66","hold"
"57","COTI","COTI","0.00975011555449466","-2.247233196307","-1.716067874599","-29.621269374753","28425042","2351951.85","64.5","54","2775","544","40","0.011206898967004088","0.0012974866513394095","75","hold"
"58","TRX","TRON","0.31691359918148176","-0.125782426293","-3.494221735577","-9.576333085997","30080096600","373640726.46","64.4","46","714","135","396","0.11094829977334048","1.3730331096608392","44","hold"
"59","ALGO","Algorand","0.09007676360909535","1.910282428391","-4.377736014693","-20.159704222693","809175516","44986401.81","64.4","50","45","284","512","0.14344830677765233","0.03693554544618364","59","hold"
"60","PNUT","Peanut the Squirrel","0.043185514699479094","-2.496436039442","3.244290114014","-27.259210491197","43703094","15700133.68","64.4","59","2055","33","456","0.1277586482238466","0.001994867099483316","74","hold"
"61","USDP","Pax Dollar","0.9995358871173516","-0.01109272888","0.002711930693","0.073201538812","31938405","4274842.92","64.4","66","745","555","121","0.03390086937518737","0.0014578572708026905","86","hold"
"62","XAUT","Tether Gold","4209.370757141326","0.166754517833","-2.103632215153","-7.594037471005","2580804119","674200397.43","64","50","227","285","251","0.07032329101795065","0.11780312916069799","37","hold"
"63","SN44","Score","10.39","0.36142538494677645","27.930850129052274","","49300103","771884","64","26","812","1500","3","0.0008405174225253065","0.002250347617856043","","hold"
"64","OMG","OMG Network","0.04991006622617567","0.23925299045","0.461005516604","-18.750401721574","7130120","832725.63","64","36","268","864","78","0.02185345298565797","0.00032546075120832365","88","hold"
"65","SAUCE","SaucerSwap","0.01597552101332084","-0.123081837504","-7.94513343358","-24.189553483896","14568431","48964.04","63.8","48","1866","1465","38","0.010646554018653883","0.0006649891582731608","92","hold"
"66","GNO","Gnosis","106.8817812486598","1.059321731065","13.654879498491","-14.823888752158","283741687","11004709.61","63.6","35","219","152","124","0.03474138679771267","0.012951644937271328","25","hold"
"67","BSV","Bitcoin SV","11.856064803433377","-0.326357384394","-1.193529006556","-24.998869607036","239047161","8967443.62","63.6","57","1406","240","214","0.05995690947347186","0.010911523030927543","41","hold"
"68","PHA","PHALA","0.034502629977449434","-2.709200689487","4.412392976224","8.249275702016","29626325","23248439.79","63.6","76","2199","41","231","0.06471984153444861","0.0013523202961579803","56","hold"
"69","CLANKER","CLANKER","14.3","1.4513376687299875","0.04501784085116205","","14100786","1539505","63.6","62","115","399","264","0.07396553318222698","0.0006436430809282051","36","hold"
"70","IXS","IX Swap","0.06264629925426964","2.883172698449","-0.379068071834","-23.739468388071","11278575","73525.43","63.6","39","93","1527","266","0.07452587813057719","0.000514820717191214","11","hold"
"71","APEPE","Ape and Pepe","0.0000010754431703088939","-1.2065878064","2.241469587282","-9.474343625543","226163583","26271248.35","63.5","55","2130","1504","73","0.02045259061478246","0.010323440505790373","92","hold"
"72","RAY","Raydium","0.5945220090933399","-2.030617806371","2.563077136387","-19.27506710656","161733148","14454637.38","63.5","61","1965","30","750","0.21012935563132665","0.007382455252277239","78","hold"
"73","VEE","BLOCKv","0.006131035579313854","2.615432470404","1.588260634375","-50.949337205678","11729986","1005.39","63.5","67","269","2335","22","0.006163794431852249","0.0005354257789803144","100","hold"
"74","DOT","Polkadot","0.9522504897367228","-3.105818807842","-1.482773167298","-27.062431235485","1619925948","66232569.04","63.3","47","2106","66","698","0.19556038697422135","0.07394297935209167","58","hold"
"75","CRO","Cronos","0.06072747134803782","1.577090406908","1.397398919756","-16.611423250738","2744473779","8116780.39","63.2","48","40","221","1616","0.4527587182669652","0.1252739782478958","78","buy"
"76","ON","Orochi Network","0.0834336937606845","8.921655707658","3.535424619036","-33.012536390734","12377377","1676210.17","63.2","48","5","831","415","0.11627157678266742","0.0005649765244355814","93","buy"
"77","BBUSD","BounceBit USD","0.9817620300429273","0","-2.417677640191","","190032738.83","6619.55","63.1","63","2875","2344","2","0.0005603449483502044","0.008674215571938057","","hold"
"78","BSB","Block Street","0.268806","13.083310731935407","-5.928910026475999","","60501933","46866813","63.1","19","6","1143","368","0.1031034704964376","0.0027616652403796385","52","hold"
"79","LTC","Litecoin","43.77014461090314","-0.144351055354","3.461923241705","-22.99303086867","3399355035","193819689.37","63","59","677","38","1729","0.48441820784875167","0.1551666231865519","67","hold"
"80","CCD","Concordium","0.004419304315357547","1.570818483955","-10.509162616015","-20.98015892058","55671893","125830.86","62.5","56","452","2080","22","0.006163794431852249","0.002541193713004748","100","hold"
"81","PAXG","PAX Gold","4216.365528939904","0.120817015816","-2.000952377031","-7.475481204904","1927300972","65299769.42","62.4","46","613","272","287","0.08040950008825433","0.08797338924894003","80","hold"
"82","QANX","QANplatform","0.010549225495847678","0.027205095099","-6.867223830192","-6.613750900013","18027768","131428.28","62.3","69","978","1529","45","0.0126077613378796","0.0008228937122922726","93","hold"
"83","USTC","TerraClassicUSD","0.005980700068151757","-0.144056101779","2.818747599989","-4.963098957874","33591962","1226055.95","61.8","53","1546","444","77","0.02157328051148287","0.0015333353698228729","80","hold"
"84","WKC","Wiki Cat","5.5507e-8","-3.569820174293726","-12.49642934049115","","29849248","234155","61.6","55","2489","420","494","0.13840520224250047","0.0013624958173331658","79","hold"
"85","QTUM","Qtum","0.7185078618982952","-1.48331284","1.25971869","","76485909","9285370.05669772","61.1","61","2490","296","53","0.014849141131280415","0.0034912682254985166","79","hold"
"86","PYR","Vulcan Forged","0.18439332052412719","1.536790255048","-3.922144621175","-31.971987191629","8377314","3444733.42","61.1","27","210","1095","56","0.015689658553805722","0.000382390044984938","69","hold"
"87","ZEDXION","Zedxion","0.39571925427955024","-0.237711690491","-1.771802405072","-11.792420773211","224147515.46","68057.54","60.8","60","4619","2371","2","0.0005603449483502044","0.010231415286571746","","hold"
"88","GT","GateToken","6.67310859012958","0.766152930292","5.998025393768","-7.957967675328","712869156","2388623.57","60.7","68","231","186","133","0.037262939065288596","0.03253955487775853","53","hold"
"89","BANK","Lorenzo Protocol","0.04047861","1.6255763112198132","22.974629973012885","","17211852","5154392","60.7","35","164","714","126","0.035301731746062874","0.000785650491381139","73","hold"
"90","COL","Clash of Lilliput","0.11631504053268","-0.241196333816","3.735932913357","1838.386712660341","9603366","3046.84","60.7","41","999","1982","3","0.0008405174225253065","0.00043835429312388493","","hold"
"91","SKY","Sky","0.056137578928151195","0.123007495966","0.733750132119","-21.162609968217","1316722270","12731118.44","60.6","54","602","629","647","0.18127159079129113","0.06010297430154459","67","hold"
"92","QNT","Quant","66.68097424808705","0.471951275835","-4.747496397036","-13.112899638205","979040124","6946410.78","60.6","51","142","216","633","0.17734917615283968","0.044689168516116186","50","hold"
"93","DGB","DigiByte","0.002498759125677948","1.670204108128","-12.333750174536","-32.15501449356","45857362","3074919.03","60.6","56","70","143","270","0.0756465680272776","0.0020932006032089267","55","hold"
"94","HUNT","HUNT Token","0.08219501998303333","-0.558614201975","3.035365726423","-17.956816185988","16272211","52967.17","60.5","64","2399","573","16","0.004482759586801635","0.0007427597313762387","100","hold"
"95","QUBIC","Qubic","4.588702221319713e-7","5.303338607118","2.107289253955","-17.149697041131","64000282","1561824.33","60.1","59","16","135","446","0.12495692348209557","0.0029213505322862104","75","buy"
"96","WHITE","Whiteheart","2851.05","0.09246999999999568","-6.027157726956779","","25340161","287.53","60","52","1006","1188","119","0.03334052442683716","0.001156674478802582","47","hold"
"97","ZKC","Boundless","0.06642598099502137","35.979579109755","33.397484296992","-6.850216827278","18589131","86359522.32","60","73","102","923","29","0.008125001751077963","0.0008485176321814972","100","hold"
"98","DASH","Dash","34.717665333983554","-1.258717053975","-7.252994377322","-19.987644694942","447538338","60185500.65","59.9","51","1701","272","392","0.10982760987664007","0.020428290643075383","48","hold"
"99","SAVAX","BENQI Liquid Staked AVAX","8.314334714327599","-1.620345700991","-1.954363706672","-30.560489535599","264547185.56","356491.27","59.8","37","3754","2414","4","0.0011206898967004088","0.012075494625953755","100","hold"
"100","ICX","ICON","0.027961167674889938","-3.216779765151","-5.519723071603","-24.187508288057","30990444","1891786.62","59.8","72","3427","867","23","0.00644396690602735","0.0014145867369019717","100","hold"
"101","GRASS","Grass","0.3764253689162541","-5.062168343875","6.910692175855","20.321327556822","91812063.86","16145150.92","59.7","52","2558","112","255","0.07144398091465107","0.004190861177932709","45","sell"
"102","GIGA","Gigachad","0.0027284724529042844","0.830583157221","9.679990405462","-40.922032183646","26249626","6635587.91","59.6","40","110","98","384","0.10758623008323923","0.0011981878281007254","40","hold"
"103","KNC","Kyber Network Crystal","0.1184271459931779","-2.087626737019","0.073859413282","-15.799643218143","20321105","1593493","59.6","37","2639","1306","86","0.02409483277905879","0.0009275751458156696","13","hold"
"104","RARE","SuperRare","0.012875315750793462","-1.937351328251","-1.571759835706","-22.577995293257","10683356","6946954.45","59.6","68","1874","69","748","0.20956901068297645","0.0004876514096797742","91","hold"
"105","BTC","Bitcoin","63882.85618590238","-0.393841531205","3.082086314197","-19.336993181123","1287497635100","16842511408.81","59.5","52","720","106","101195","28.35205352414947","58.76898951189968","79","hold"
"106","UFART","Unit Fartcoin","0.115401","-5.29334459141731","5.590393160165824","","9243470","62.74","59.5","59","5797","1816","1","0.0002801724741751022","0.00042192651595928304","","sell"
"107","WIF","dogwifhat","0.1551722387912584","-3.87214863791","-2.648865603372","-23.437097350046","156910338","35738123.27","59.4","47","2250","87","470","0.13168106286229803","0.007162313744766144","72","hold"
"108","BAT","Basic Attention","0.08782693011259445","-0.979497829045","2.404868847671","-12.318314399051","132849881","6826493.04","59.3","54","1870","822","119","0.03334052442683716","0.0060640525079797255","38","hold"
"109","MEME","MemeCoin","0.000621239166457181","11.097719655471","0.829599903681","11.632475331329","39696122","27949762.79","59.3","48","12","798","461","0.1291595105947221","0.00181196525250308","35","hold"
"110","SIGN","Sign","0.00848821861726385","-1.372213497154","-3.573445348894","-43.188535638517","19711636","4409791.46","59.2","58","2634","1258","29","0.008125001751077963","0.0008997553842158387","100","hold"
"111","MIM","Magic Internet Money","0.776875220972695","-11.332584107457","-21.66231931128","-22.070468816192","103613624.41","117393.35","59.1","60","3299","565","165","0.04622845823889186","0.00472953723582432","86","sell"
"112","USDT","Tether","0.9993265978525089","0.012446798911","-0.027899597545","-0.021344273895","186472805137","41707119870.07","59","65","617","298","974","0.2728879898465495","8.511719191235404","75","hold"
"113","SUI","Sui","0.7451853581855743","-3.015538629886","-0.377258448685","-31.918665950951","3027211104","252348404.35","58.9","60","1278","46","1500","0.4202587112626533","0.13817977817680752","79","hold"
"114","DOOD","Doodles","0.00158795","0.9351917115446404","-0.5171005906431352","","12385921","8803105","58.8","51","173","536","243","0.06808191122454983","0.0005653665230132103","9","hold"
"115","NMR","Numeraire","8.264948356975514","-1.674325456698","-0.030682751122","-6.420694295423","58318023","3217657.97","58.6","72","2220","1001","32","0.00896551917360327","0.002661978700858372","100","hold"
"116","MNT","Mantle","0.5512713847082931","0.952209226949","2.582325080473","-16.937221333233","1827478023","20185072.36","58.4","57","132","247","273","0.0764870854498029","0.08341688080737522","24","hold"
"117","ATH","Aethir","0.0044784522303832645","-2.642969325146","1.830755010975","-27.250502000006","91325359","10805111.31","58.4","56","2591","154","49","0.013728451234580009","0.00416862829019846","78","hold"
"118","ZIL","Zilliqa","0.0031508984688962674","-0.026758442706","2.768538848838","-20.88784855091","61904064","3700786.19","58.4","47","1383","296","274","0.076767257923978","0.0028256667731101502","25","hold"
"119","YLDS","YLDS","0.999839","0.0036974661021171476","0.0037273177852349326","","558234263","1940614","58.3","58","1725","1794","4","0.0011206898967004088","0.02548110587005617","","hold"
"120","AZTEC","AZTEC","0.01598321","-4.364666527822424","1.6123440121043604","","47058572","4556563","58.3","58","2897","232","151","0.04230604360044043","0.0021480309158767295","20","hold"
"121","EDGE","EdgeX","0.364996","-13.731706779140119","-20.353830984443384","","127843068","11329736","58.2","86","3330","194","37","0.01036638154447878","0.005835512017758018","83","sell"
"122","QRL","Quantum Resistant Ledger","1.0332720590569233","8.722798502215","-2.014642180436","-1.811852975662","81599698","61921.36","58.2","67","163","873","49","0.013728451234580009","0.0037246917316191516","91","hold"
"123","UFD","Unicorn Fart Dust","0.01260778","1.5753457877016128","0.5111296818175853","","12268981","186118","58.2","58","86","110","375","0.10506467781566332","0.0005600286913573193","91","hold"
"124","CHIP","USD.AI Coin","0.03475508947409537","4.564787996743","14.566611850173","-39.195511433303","118888026.64","57157954.78","58.1","46","18","87","398","0.11150864472169067","0.005426751086928354","54","hold"
"125","ID","SPACE ID","0.0278540604435289","-4.329746321622","6.135228149801","-9.316611948296","12030718","16729033.92","58.1","58","2561","1001","73","0.02045259061478246","0.0005491529620617186","74","hold"
"126","STRX","StrikeX","0.028519372123160035","-0.161953214414","-5.438843251742","20.269169959929","25210322","2684.81","58","51","1779","590","85","0.023814660304883686","0.0011507478606704695","90","hold"
"127","SDT","Stake DAO","0.10587828094972239","-1.327941288203","17.096829400714","-20.138458394115","7299450","1750.94","58","58","5241","1896","2","0.0005603449483502044","0.0003331899716144466","","hold"
"128","BBT","BabyBoomToken","0.071057","-0.2977895036052753","-20.38952713706354","","12180270","137777","57.9","29","2488","2529","16","0.004482759586801635","0.0005559793978390557","100","hold"
"129","SUSD","sUSD (Optimism)","0.3639303717660457","2.353088988381","-32.307221504813","-44.204628585012","12047662","78616.1","57.9","55","77","1318","163","0.045668113290541656","0.0005499263862072413","84","hold"
"130","ATM","Automatic Treasury Machine","1.0471181513067278","2.235623123915","13.295570788648","0.518486530921","8941144","5327748.2","57.9","66","196","294","30","0.008405174225253066","0.000408126573311781","100","hold"
"131","DOG","Dog (Bitcoin)","0.0006433877574756258","0.833826175718","-0.29210757936","-20.827745605","64360121","881614.65","57.8","52","117","119","1145","0.320797482930492","0.0029377757076344585","71","hold"
"132","XPR","XPR Network","0.002232862641674406","0.072548499627","4.448853323382","-17.571102344486","64001002","1445023.2","57.8","70","757","258","136","0.0381034564878139","0.002921383397334887","85","hold"
"133","RED","RedStone","0.09193802852955515","-2.09352959289","-3.678697976739","-31.782019439022","38677240","13354519.54","57.8","42","2327","1359","127","0.03558190422023798","0.0017654574656618155","21","hold"
"134","BRISE","Bitgert","1.9475704732210766e-8","0.883444052481","0.754856277691","-19.249168616085","7665011","614649.77","57.8","39","167","1174","178","0.04987070040316819","0.00034987633280787197","34","hold"
"135","WOO","WOO Network","0.01303731722061285","-1.151663575738","-2.212552229636","-26.723182307599","24866077","1187937","57.7","58","2005","529","314","0.08797415689098209","0.0011350344875014752","40","hold"
"136","SPX","SPX6900","0.3264426118903209","0.857882135506","6.466965956488","-16.773934074319","306059703","5589459.04","57.6","60","89","586","812","0.22750004903018295","0.013970370884778437","79","hold"
"137","JPYC","JPY Coin","0.006982796155590744","2.554462744986","2.26314887495","-7.317300880822","17628648","232.19","57.6","67","240","626","22","0.006163794431852249","0.0008046755203092111","57","hold"
"138","SN64","Chutes","17.51","-0.7917442583729037","25.4093362736495","","91184355","977435","57.5","52","3826","932","3","0.0008405174225253065","0.004162192035582355","","hold"
"139","BNB","BNB","606.60686170099","-0.266712316553","2.603152286384","-10.127900808371","82299853664","819167189.41","57.4","58","713","213","1045","0.2927802355129818","3.75665096770048","65","hold"
"140","TWT","Trust Wallet Token","0.3971430718185473","1.394709054548","8.347226616292","-18.236086844612","165797849","10053164.06","57.2","45","100","394","354","0.09918105585798617","0.007567992191472824","20","hold"
"141","PTGC","The Grays Currency","0.00006488","5.197240787406019","-7.426415734704923","","18937970","12687.25","57.1","58","172","802","31","0.008685346699428168","0.0008644407026194085","60","hold"
"142","SYRUP","Syrup","0.131971","1.4968916391681617","1.8250804797322606","","157365107","5707235","56.9","72","151","507","64","0.01793103834720654","0.007183072085490599","75","hold"
"143","PEOPLE","ConstitutionDAO","0.005351566047125009","-2.596910859373","-1.25729034903","-27.564216139542","27360868","4092315.58","56.9","44","2434","183","112","0.031379317107611444","0.0012489114703527829","4","hold"
"144","PROVE","Succinct","0.200482","2.5833333361293365","13.590752218878894","","39087817","7585052","56.8","71","88","190","146","0.04090518122956492","0.0017841986227319433","33","hold"
"145","BITCOINALT","HarryPotterObamaSonic10Inu (ERC-20)","0.01200233378213958","1.649855007107","-2.780634200835","-37.504575675834","12056746","2857880.88","56.8","34","113","1079","135","0.0378232840136388","0.0005503410335713776","71","hold"
"146","INV","Inverse Finance","10.108485301069537","-0.711914094102","-8.30066365532","-31.996579423425","7150789","86740.13","56.8","66","2133","975","45","0.0126077613378796","0.00032640420633484675","100","hold"
"147","PHNIX","PHNIX","0.0000138","-1.6728926410473373","1.213838274119483","","7326459","171653","56.7","49","2530","309","56","0.015689658553805722","0.0003344228217529275","47","hold"
"148","VIRTUAL","Virtuals Protocol","0.6041675557378479","-6.051370478226","6.01890663912","-19.439880307439","401475085","57786995.27","56.6","53","2481","50","472","0.13224140781064822","0.018325691959676076","49","sell"
"149","BIO","Bio Protocol","0.03086587396933134","-3.457507342011","9.824534350895","-27.434068905757","67326827","40667653.99","56.6","55","2703","149","82","0.02297414288235838","0.0030731936758277346","81","hold"
"150","BANANAS31","Banana For Scale","0.009489197802094614","23.893477274266","-11.274719536631","-18.856768312315","93918012","42573932.53","56.5","63","65","142","55","0.015409486079630622","0.00428697227220753","75","hold"
"151","ARPA","ARPA","0.008347184090047895","-0.613969735322","-0.752710507899","-28.896499073309","8269582","3127570.1","56.5","64","2469","791","13","0.0036422421642763286","0.0003774725207849","50","hold"
"152","PEPE","Pepe","0.000002773448699020896","-2.683214882149","0.460223930378","-28.39901571426","1179848911","169083037.2","56.4","53","1245","109","1656","0.4639656172339693","0.05385526651534372","83","hold"
"153","DCR","Decred","11.957085258497473","-0.658777878444","-3.985767277521","-34.292215513454","211258017","1392452.71","56.4","50","1752","791","241","0.06752156627619962","0.0096430625167039","11","hold"
"154","KSM","Kusama","3.593979992966897","-2.915894109518","-2.554519299483","-29.732060981154","66777695","3748668.39","56.4","61","2595","581","109","0.030538799685086142","0.003048128050952904","21","hold"
"155","GAL","Galxe","0.2784690481559226","1.534946718537","-2.804519971555","-19.675218473435","28919408","1.66","56.4","47","767","2837","8","0.0022413797934008176","0.0013200524328033755","","hold"
"156","EDGESOL","Edgevana Staked SOL","86.04116640261658","-1.558959659756","4.115467985246","-24.318870254674","75791047.78","10.66","56.3","56","5602","2096","1","0.0002801724741751022","0.0034595506590835426","","hold"
"157","FLIP","Chainflip","0.2957303706065488","1.508207138343","-8.751557513537","41.007251343348","26450891","88866.99","56.3","39","200","1941","121","0.03390086937518737","0.0012073747503533584","19","hold"
"158","MAG7.SSI","MAG7.ssi","0.419592","-0.46452662669416334","3.871270579223212","","70748944","253589","56.1","61","3048","1417","7","0.0019612073192257153","0.0032293992894138696","0","hold"
"159","SSV","SSV Network","2.2636937881665333","-0.099908685995","10.232596803255","-16.32169043134","33882392","7628028.04","56.1","48","815","625","30","0.008405174225253066","0.001546592308832796","86","hold"
"160","KAS","Kaspa","0.031154758700196378","-1.173250945172","2.089269120254","-12.524192904292","859899548","8027011.09","56","49","1588","45","1775","0.4973061416608064","0.03925088958611888","73","hold"
"161","SAI","Single Collateral DAI","8.75","-0.678086798630115","2.21304785106927","","23277524","55.74","56","62","3888","1975","7","0.0019612073192257153","0.0010625235546259787","","hold"
"162","SIREN","SIREN","0.0727744529242492","-42.811143438425","-94.280572518607","-85.411353189935","60848323","152319984.77","55.9","76","2714","922","1324","0.3709483558078353","0.002777476524006148","51","sell"
"163","KLK","Klickl Token","0.2444629121421874","-0.502564597451","0.693935335324","-17.596749126655","24446291.21","505463.69","55.9","40","4784","2325","2","0.0005603449483502044","0.0011158729869152329","","hold"
"164","CHZ","Chiliz","0.024754857943919243","-2.61947554422","-1.615035160048","-42.804564935388","262687199","58372474.43","55.8","34","2208","907","219","0.06135777184434738","0.011990593863686783","61","hold"
"165","XTZ","Tezos","0.22910619171341126","-3.41989845605","-5.525064748864","-36.914105055012","251960683","10077401.22","55.8","54","2185","74","1338","0.37487077044628675","0.011500972376922452","82","hold"
"166","ENA","Ethena","0.08056358168210076","-5.25544434927","-12.064071625723","-28.151877868115","755811277","133346292.59","55.7","57","2382","21","644","0.18043107336876582","0.03449968667906604","51","sell"
"167","SYRUP","Maple Finance","0.13089742460477347","0.524103101235","-0.075258493078","-41.166617006798","155900050.95","8532521.41","55.7","67","235","433","64","0.01793103834720654","0.0071166669176710926","75","hold"
"168","AUCTION","Bounce","3.743791332152392","-0.168103005315","-2.177757864869","-21.954215496878","27959025","7839552.91","55.7","36","1824","734","9","0.00252155226757592","0.0012762148855211836","","hold"
"169","EARNETH","Lido Earn ETH","1681.36","-0.6413814903994578","3.0447332270011227","","71712306","9671.5","55.6","47","4711","2215","2","0.0005603449483502044","0.0032733728158349617","","hold"
"170","PUMP","Pump.fun","0.00153542","-0.8802786082576015","3.511609774989403","","534636741","33341972","55.5","60","1473","12","6087","1.7054098503038473","0.024403975718421282","79","hold"
"171","FIUSD","Sygnum FIUSD Liquidity Fund","11913.01","0","0.06963624511959016","","47624164","0","55.5","55","2869","2008","2","0.0005603449483502044","0.002173847872281028","","hold"
"172","SN62","Ridges AI","3.42","-0.818573914076485","26.250727725288343","","16212731","53836","55.5","55","4374","1727","5","0.001400862370875511","0.0007400447131883441","","hold"
"173","HMSTR","Baby Hamster Kombat","0.0001674410789747126","-7.854568482797","-9.20938379409","5.85372643978","10726604","38428248.78","55.5","57","2681","993","376","0.10534485028983842","0.0004896255036036152","52","sell"
"174","HEI","Heima","0.08658049660323906","1.777540468631","-9.20747066043","3.787505253926","8543173","6737984.03","55.5","58","98","169","168","0.04706897566141717","0.00038996082846889924","42","hold"
"175","MON","Monad","0.021216130114507775","-0.930632322509","-5.43943619914","-23.201778607274","253545349","26561810.73","55.4","55","1495","101","3153","0.8833838110740972","0.011573305884180993","76","hold"
"176","RAVE","RaveDAO","0.28589265185904605","-9.205266271077","-15.437553744376","-54.303426947536","73428574","9195796.39","55.4","27","2662","782","523","0.14653020399357844","0.0033517134149489746","37","sell"
"177","TRUMP","Official Trump","1.9914370525314362","-9.032220310014","22.102149963147","-10.798413061822","477495760","315676911.07","55.2","72","1548","6","2436","0.682500147090549","0.021795724160096803","79","sell"
"178","WFI","WeFi","2.06","1.2206685471544687","2.873117610959266","","174657208","1397734","55.2","56","470","1653","7","0.0019612073192257153","0.007972385614776251","","hold"
"179","COAI","ChainOpera AI","0.384054","-27.34953510650212","74.44103807865403","","72112124","167585182","55.2","62","1645","3","1171","0.3280819672590447","0.0032916228686568788","53","sell"
"180","ZETA","ZetaChain","0.03791871163941487","-0.113162232336","4.590133258559","-27.996810260623","56099649","3827918.92","55.2","51","1275","547","659","0.18463366048139235","0.0025607190210071196","71","hold"
"181","FLUX","Flux","0.05077171155668541","-2.583727381852","-1.676986849248","-32.047880209016","21135251","2683417.74","55.2","35","2560","450","139","0.03894397391033921","0.0009647375734821397","18","hold"
"182","EPIC","Epic Chain","0.021170300802315464","-0.675389838089","16.233368481818","-23.326322397872","17281411","10139471","55.1","50","1586","72","345","0.09665950359041026","0.0007888255746046052","69","hold"
"183","CWEB","Coinweb","0.001100981025035237","-0.680262179083","-7.127544189414","-15.649648721486","7338964","80013.24","55.1","66","2822","1874","6","0.001681034845050613","0.0003349936237441787","100","hold"
"184","QAIT","QAIT","0.0227322894349648","-6.056","-0.40213914797132005","","100015335.51","14917494.99","55","65","3153","147","77","0.02157328051148287","0.004565290097142422","86","sell"
"185","ONDO","Ondo","0.34427705983352624","-7.324189676747","-0.539073014183","-6.011395314385","1688333261","88573847.72","54.9","58","2509","29","896","0.25103453686089156","0.07706549278484215","49","sell"
"186","ZEN","Horizen","4.298900882420846","-1.564212315376","-4.162544088391","-30.503213773594","79008591","19011481.92","54.9","54","2069","265","168","0.04706897566141717","0.003606418318172934","23","hold"
"187","STX","Stacks","0.1839499724123517","-0.881430590433","-1.467468070277","-26.225496922506","343124306","6760124.61","54.8","61","1562","170","572","0.16025865522815846","0.015662218081686524","48","hold"
"188","GOMINING","Gomining","0.2783690910008461","2.306347991987","6.86580099166","-4.930916172179","112535383.86","10916292.1","54.8","68","41","97","281","0.07872846524320372","0.005136923691435117","86","hold"
"189","GPS","GoPlus Security","0.007495812355730682","3.840749293016","-3.271062474999","-8.955924998456","33026589","5827155.49","54.8","22","105","845","94","0.026336212572459605","0.0015075284098708798","23","hold"
"190","ME","Magic Eden","0.06044600403017271","-3.357471994213","2.027581982025","-43.300015640517","34879421","151086531.58","54.7","57","2178","113","307","0.08601294957175637","0.001592102595800825","46","hold"
"191","POL","Polygon Ecosystem Token","0.07466214175093416","-0.464400007261","-6.259579648473","-17.399752747144","802713683","28104779.61","54.6","52","1427","155","332","0.09301726142613394","0.03664058925717662","38","hold"
"192","TRIBE","Tribe","0.2807162991387179","-0.141339474125","2.500927907733","-21.871355782661","10514714","21.95","54.5","54","4438","1794","5","0.001400862370875511","0.00047995359365349776","100","hold"
"193","DYM","Dymension","0.016680924277645393","-6.809134171798","3.858668362725","-25.240932858794","9188315","8886586.86","54.5","49","2967","171","126","0.035301731746062874","0.0004194089162929528","23","sell"
"194","IP","Story","0.28207663015511586","-3.034205271248","-9.277975556378","-44.441654550912","101433739","31452224.65","54.4","51","2795","270","69","0.01933190071808205","0.004630034402339517","84","hold"
"195","GEOD","GEODNET","0.22230261136054705","2.100500357093","42.854407919487","61.748849244669","99528299","876845.06","54.4","77","54","49","360","0.1008620907030368","0.004543058876852935","75","hold"
"196","MEGA","MegaETH","0.060203","15.32272304590228","35.8998557916486","","68016679","164297364","54.4","75","1","4","923","0.25859919366361933","0.0031046825918828033","79","hold"
"197","ETH","Ethereum","1654.7266561568158","-1.395449459056","1.747144799824","-25.327040871445","201093296311","5929275557.73","54.3","52","993","130","31663","8.871101049806262","9.179084683053873","77","hold"
"198","WOULD","would","0.080712","-4.1305712220273945","-0.5535629693393661","","81105378","31389","54.3","65","4231","800","20","0.005603449483502044","0.0037021280498666285","67","hold"
"199","ROBO","Fabric Protocol","0.0192482826317575","-15.174903086314","-6.612226095899","-0.947262439078","43248147","23619440.36","54.2","58","2848","60","254","0.07116380844047596","0.001974100633788493","45","sell"
"200","BFC","Bifrost","0.012100780296633636","-0.425608780448","-3.278912809352","-24.798940002405","16992183","860912.08","54.2","63","1521","268","255","0.07144398091465107","0.0007756235019676116","65","hold"
"201","MONA","MonaCoin","0.0695313206696639","-1.718646216618","4.572612584526","-24.678236453913","7321829","7771.73","54.2","67","2722","1589","33","0.009245691647778373","0.0003342114812315766","100","hold"
"202","KGEN","KGEN","0.17351328274000574","4.009326388397","-19.913745557489","-25.759195083358","34375929","2655271.53","54.1","19","74","1168","146","0.04090518122956492","0.0015691202498448833","28","hold"
"203","ICP","Internet Computer","2.403935993904291","-2.814931400721","1.216824825038","-8.393429749307","1343166055","129774722.49","54","51","1968","5","1423","0.3986854307511704","0.061310024692125875","69","hold"
"204","VELVET","Velvet","0.383996","-8.918434995513175","71.52548770610754","","161575701","55962278","54","58","2535","915","1337","0.37459059797211164","0.007375268442111983","65","sell"
"205","HBAR","Hedera","0.07733562358416102","-1.052744354066","-4.848565604396","-16.222988592721","3387434328","48555304.12","53.9","39","1577","475","766","0.21461211521812829","0.15462249177569845","72","hold"
"206","IO","Ionet","0.16768270496483056","-10.640732797337","20.667725251814","23.14847785544","59391958","31318196.2","53.9","59","2734","17","330","0.09245691647778372","0.0027109994314840715","82","sell"
"207","SN34","BitMind","3.32","-2.1972203664504533","22.496906531996203","","15170641","97230","53.9","53","5610","1692","1","0.0002801724741751022","0.0006924775762780702","","hold"
"208","JTO","Jito","0.5251217612556149","-4.34919199378","-18.60106293375","12.706575971948","257987287","31578081.97","53.7","43","2492","124","293","0.08209053493330494","0.011776062146109377","30","hold"
"209","WCFG","Wrapped Centrifuge","0.030061665114610548","-55.860042886892","-75.869024782734","-88.742907869354","153609690.52","185.07","53.5","53","5206","2396","5","0.001400862370875511","0.007011652716857124","","sell"
"210","OFT","ONFA","0.2547212173724987","0.984775126113","-14.631816303198","7.356819881829","27340940","54771.95","53.5","36","413","2313","17","0.004762932060976738","0.0012480018388388561","67","hold"
"211","XRP","XRP","1.128182107788618","-2.124285489332","-0.333513392561","-21.590494861198","70378294337","884635817.92","53.4","54","1122","64","8922","2.499698814590262","3.212480651613231","78","hold"
"212","USDY","Ondo US Dollar Yield","1.1354182575970657","0.09851786","0.32882664","","2148703579","17278.844473","53.4","71","1208","1290","17","0.004762932060976738","0.09807951071585802","75","hold"
"213","S","Sonic","0.029810788981731357","-3.182650575775","-0.079693999006","-35.986115551657","113908590","8974702.99","53.4","56","2103","285","2646","0.7413363666673204","0.005199460215323297","68","hold"
"214","MAGIC","Treasure","0.04565163937118665","-2.289360210193","-2.560486995455","-29.813982066701","15572565","4200360.31","53.4","66","2798","588","27","0.007564656802727759","0.0007108237593673667","88","hold"
"215","RBNT","Redbelly Network","0.0037107503704222385","1.48564389251","-2.637618117449","-21.964173968345","9836432","174842.63","53.4","68","218","560","37","0.01036638154447878","0.0004489928006723019","100","hold"
"216","PCI","Paycoin","0.038510875551027085","0.225470223378","-0.700036627705","-22.566185418625","39374980","418392.79","53.3","34","1183","1883","5","0.001400862370875511","0.0017973064365834964","","hold"
"217","THETA","Theta Network","0.15730087902210882","-1.488735936309","3.498083512828","-25.727971236752","158875049","6784561.19","53.2","39","2060","260","224","0.06275863421522289","0.0072519947484473235","20","hold"
"218","METAL","Metal Blockchain","0.13154262948511908","0.520304181222","-0.334824096323","-16.284862637667","67525677","554066.21","53.2","76","282","345","73","0.02045259061478246","0.003082270363229598","88","hold"
"219","TURBO","TURBO BOME","0.0008773447646039423","-3.185707516392","1.135750771125","-28.779813878662","61423183","12823540.47","53.2","56","2287","195","381","0.10674571266071395","0.002803716526620356","42","hold"
"220","ELF","aelf","0.06261580428734519","-3.72365804229","-2.73234252543","-20.949967104255","51574305","746352.73","53.2","48","2638","1041","148","0.04146552617791512","0.0023541556170649583","87","hold"
"221","HOLO","Holoworld AI","0.06479938965702187","3.965641166054","11.874293021867","-11.958613099937","47063697.37","11075015.21","53.2","55","52","330","241","0.06752156627619962","0.0021482771878366925","14","hold"
"222","OPG","OpenGradient","0.208592","18.738197551514872","20.340397480147892","","39613314","62124083","53.1","52","8","42","221","0.06191811679269758","0.001808185406738064","56","hold"
"223","NAWS","NAWS.AI","0.00694872","-0.11266202068628736","57.31954830849028","","13883014","307490","53.1","43","3530","1039","2","0.0005603449483502044","0.0006337026817887601","","hold"
"224","XLM","Stellar","0.1818560896128397","-3.572643318213","-11.221822690743","17.829043107629","6172608363","137462282.57","53","30","2153","552","867","0.24290953510981358","0.28175426987719154","58","hold"
"225","NOT","Notcoin","0.00046460854654482056","-2.59538756428","21.041767727539","-9.883630986254","46869263","24049511.13","53","80","2932","302","29","0.008125001751077963","0.0021393897360157317","80","hold"
"226","SWETH","Swell Ethereum","1879.3408348817406","0.038815268537","3.894324935267","-24.257597750802","34336596.51","4189.78","53","53","4481","1896","1","0.0002801724741751022","0.0015673248829026303","","hold"
"227","DAG","Constellation","0.006935853736520573","0.696373025568","-4.038670658279","-65.33203868771","26921980","557664.93","53","64","242","215","79","0.022133625459833075","0.0012288780321811504","75","hold"
"228","FUN","FUNtoken","0.002327965756133248","2.127161733483","34.460575506312","217.805947976457","24740012","805694.78","53","64","72","93","318","0.0890948467876825","0.0011292801369995093","54","hold"
"229","NAORIS","Naoris Protocol","0.03542912","-6.232932500367929","9.71455525883472","","21231254","1949176","53","33","2905","1236","207","0.05799570215424616","0.0009691197169100556","42","sell"
"230","DOGE","Dogecoin","0.08576153454281135","-2.721956839232","1.4835735424","-23.628862630839","13355264441","474074517.75","52.9","69","1225","100","5178","1.4507330712786792","0.6096130776976646","67","hold"
"231","TON","Toncoin","1.7175979274501165","0.500904259044","1.38342102462","-14.278110650922","4661079695","136082275.87","52.9","56","122","556","884","0.24767246717079033","0.21275918203011507","69","hold"
"232","CNX","Cryptonex","32.78051449520602","-0.363967107048","3.322502882676","-19.049932367576","4306313419.06","1390940.25","52.9","65","2791","831","9","0.00252155226757592","0.19656555574180412","100","hold"
"233","RSR","Reserve Rights","0.0013657008064099688","-0.23862753083","-0.470190485684","-26.71399314488","86727452","5979701.34","52.9","54","1547","329","144","0.04034483628121472","0.00395875268274641","24","hold"
"234","ARKM","Arkham","0.12261877350344286","-5.781701006437","5.094059301959","-1.146135685728","79712329","29545249.76","52.9","73","2572","33","331","0.09273708895195883","0.003638541073208451","33","sell"
"235","VANA","Vana","1.091629323481051","-3.16732589388","-1.8620356193","-28.019202057992","33913686","1434356.12","52.9","81","3297","546","17","0.004762932060976738","0.0015480207516568039","100","hold"
"236","EDU","Open Campus","0.02872303403174524","0.585720338419","-5.602850201283","-37.899186571419","22654763","7628773.18","52.9","36","188","802","181","0.05071121782569349","0.001034097067710857","67","hold"
"237","SAPIEN","Sapien","0.083036","1.0191421666921843","11.150589326285052","","20764402","5100971","52.9","49","292","778","29","0.008125001751077963","0.000947809836764545","40","hold"
"238","XPIN","XPIN Token","0.0012566038184634544","-1.212720203072","3.30610556424","-10.574916042943","19466210","3795366.8","52.9","69","2350","467","48","0.013448278760404903","0.0008885526933318067","91","hold"
"239","ACT","Act I  The AI Prophecy","0.010108720462430765","-3.968683841009","2.927695924712","-28.914969570975","9714479","18380849.06","52.9","66","2909","163","128","0.03586207669441308","0.0004434261461150001","24","hold"
"240","XMR","Monero","338.66899688917744","-0.980663767121","10.248587576245","-12.193597883108","6387726892","93402090.44","52.6","55","1530","845","600","0.16810348450506132","0.29157354894222404","49","hold"
"241","BEAM","BEAM","0.0014123731329283079","-3.470059765327","-3.86862977039","-22.616573962723","73132885","2980815.28","52.6","55","2741","407","62","0.017370693398856336","0.0033382164241460093","71","hold"
"242","SN4","Targon","13.34","0.2638219396329526","21.907092398980044","","65505635","123642","52.6","26","775","830","5","0.001400862370875511","0.002990063726203522","","hold"
"243","FIL","Filecoin","0.7546857705827693","-3.53414327515","-1.290617783609","-24.057727679271","605027598","66771469.95","52.5","56","2240","35","543","0.1521336534770805","0.027617029804105353","67","hold"
"244","CORE","CORE","0.02746400574574516","-6.271554350026","2.492794472055","-30.045672389631","34396158","3481889.37","52.4","79","2933","55","75","0.021012935563132665","0.0015700436207749925","100","sell"
"245","CC","Canton","0.158978888084134","-1.402217784419","-6.233555775414","0.830868093677","6196140303","14405806.71","52.3","33","1658","622","502","0.1406465820359013","0.282828406479351","70","hold"
"246","SERV","OpenServ","0.06335179795047664","-4.444139794763","-0.819839034869","108.876124187923","49152467","1075662.67","52.2","65","2577","1164","230","0.0644396690602735","0.0022436086396249067","74","hold"
"247","TOKEN","TokenFi","0.0025675932547424493","0.462394559021","1.356832303348","-20.740511927829","9724855","6744710.78","52.2","55","230","674","164","0.04594828576471676","0.0004438997679831507","82","hold"
"248","XVG","Verge","0.002470243547321003","-2.238518832579","-4.946135646965","-27.088559490712","41184081","1923589.46","52.1","59","2258","146","402","0.11262933461839107","0.0018798844816194466","32","hold"
"249","CLASH","GeorgePlaysClashRoyale","0.010678454816407945","-0.403556264662","-3.799503423937","-36.507261199895","10659236","750899.35","52.1","49","1553","291","72","0.02017241814060736","0.0004865504305491081","42","hold"
"250","HTX","HTX DAO","0.00000168","-0.5631352328212411","-4.895522708579923","","1524547362","62600060","52","42","1714","299","118","0.033060351952662055","0.069589337863765","9","hold"
"251","BONK","Bonk","0.000004346598581717703","-2.867441362833","-0.524448303801","-33.183859552197","386422053","25095739.56","51.9","50","2049","182","814","0.2280603939785332","0.017638582752161628","77","hold"
"252","BB","BounceBit","0.021154734303315464","-2.948372083512","2.494359959446","-34.65218232067","8758343","7171867.07","51.9","54","2164","74","418","0.11711209420519272","0.000399782456974099","70","hold"
"253","FRAX","Frax","0.9930850643273905","0.024157427788","-0.032357786283","0.017407404185","240152155","292000.99","51.8","41","826","568","232","0.06500001400862371","0.010961961477590529","16","hold"
"254","APTM","Apertum","0.17127883772701497","0.782539837497","1.161284050468","-12.029137842385","17019776","684262.67","51.8","48","351","1216","7","0.0019612073192257153","0.0007768830093122412","100","hold"
"255","SFI","saffron.finance","99.03631243877098","-1.286145104979","-4.742564827896","-9.094868609496","7971869","17578.77","51.8","27","4018","2574","6","0.001681034845050613","0.0003638831426784329","","hold"
"256","KAIA","Kaia","0.03746865833663617","1.843493416238","1.020101600509","-18.242054265654","221055520","10470441.75","51.7","47","168","928","98","0.027456902469160018","0.01009027836809852","28","hold"
"257","NFT","AINFT","2.6621008043867484e-7","0.356773949765","-0.316242892459","-7.03256516733","263396697","6960086.39","51.6","45","571","1088","5","0.001400862370875511","0.012022979539111711","100","hold"
"258","VSTR","Vestra DAO","0.0057584","-8.369787883772723","-18.32919669637361","","10031703","83924","51.6","49","3920","1826","34","0.009525864121953475","0.00045790612139470213","80","sell"
"259","ZANO","Zano","9.366122799826503","0.481843715173","7.349522688798","-15.029814587655","143038140","1402385.49","51.5","75","320","322","41","0.01148707144117919","0.006529104769041946","83","hold"
"260","ZEST","Zest Protocol","0.273685","3.005939094776508","-8.32072774578862","","39956418","7201276","51.5","58","57","381","125","0.03502155927188778","0.0018238466979340858","79","hold"
"261","OCEAN","Ocean Protocol","0.10055833265367463","-1.743702901796","-7.362891539327","-16.793521152626","20371595","16248.15","51.5","42","3284","1787","15","0.004202587112626533","0.000929879807354116","100","hold"
"262","TAIKO","Taiko","0.08447878899695459","-0.936828451921","-2.813350896879","-25.111332822229","16562555","4733403.49","51.5","54","2965","1583","5","0.001400862370875511","0.0007560127448386811","","hold"
"263","BCH","Bitcoin Cash","200.22710378680378","-3.838202816367","-11.194324367646","-53.012881017783","4049235435","106833695.66","51.3","52","2264","91","540","0.1512931360545552","0.18483099954761814","37","hold"
"264","PURR","Purr","0.09020100497490531","-0.732703168293","0.472157469504","29.646667025952","54251180","436366.25","51.3","64","1692","867","172","0.04818966555811758","0.0024763439881429743","73","hold"
"265","$FARTBOY","Fartboy","0.01055150516592303","-5.571332820032","-15.356747261735","-1.126180321653","10564263","336100.9","51.3","79","3459","895","48","0.013448278760404903","0.00048221530239916","89","sell"
"266","BIM","BIM","1.070510069139841","-1.013021061102","2.291156807422","-24.154476348306","43108211.95","190446.56","51.2","46","3765","1680","3","0.0008405174225253065","0.0019677131723581983","","hold"
"267","SINGULARRY","Singularry","0.02374498","-4.6294022672761495","-18.827161005911307","","23840770","37138","51.2","39","3762","1858","38","0.010646554018653883","0.0010882334257466728","83","hold"
"268","REPPO","REPPO","0.02113858","10.870626723641866","48.71943598266622","","8438685","535004","51.2","54","24","78","293","0.08209053493330494","0.0003851913795715097","27","hold"
"269","VTHO","VeThor","0.0003931080416188374","-1.825222304674","-1.295762957112","-28.741937446354","39726923","1291053.91","51.1","51","2348","444","124","0.03474138679771267","0.0018133711918979247","32","hold"
"270","AURA","aura","0.014260656323595557","-0.222933607939","11.221752316356","-27.453119965504","13852311","887757.41","51","57","1387","144","557","0.1560560681155319","0.0006323012156922078","81","hold"
"271","DEGEN","Degen","0.0015207997597707632","-4.15320812509","-3.286291239663","37.006343203715","56207910","4403388.42","50.9","47","2620","890","280","0.07844829276902861","0.0025656606918887546","32","hold"
"272","OGN","Origin Protocol","0.017402746106610533","-1.04467548498","-0.829546445962","-23.222273686649","11630808","572576.93","50.9","54","2147","386","65","0.018211210821381642","0.0005308987098169147","90","hold"
"273","NEAR","Near Protocol","2.0667255776878006","0.423642847705","4.978036009305","35.101634226327","2695290854","303357488.63","50.7","49","136","600","1054","0.2953017877805577","0.12302897932542006","75","hold"
"274","CYS","Cysic","0.4732629182424787","0.336480931226","3.95690063325","-4.944853786718","75141575","3818534.01","50.7","42","273","354","244","0.06836208369872494","0.0034299048889046176","12","hold"
"275","B2","BSquared Token","0.42964","1.731630081863151","-12.434300101413017","","17842226","3924573","50.7","3","494","2531","5","0.001400862370875511","0.0008144244805401149","","hold"
"276","KAITO","KAITO","0.4627692366038175","5.788845495452","1.948523641775","2.35971446386","112651664","47499383.93","50.6","46","26","85","310","0.08685346699428169","0.005142086695638736","16","hold"
"277","XNY","Codatta","0.005719221261205052","-3.148223999919","16.082705456893","-37.134138968015","14381815","2351372.81","50.6","26","2934","1461","50","0.01400862370875511","0.0006564709028233939","73","hold"
"278","LEND","Aave (Old)","0.389269","-0.19840897765318438","2.3546344518946674","","13993045","2.53","50.6","41","3776","2072","7","0.0019612073192257153","0.0006387251459150586","","hold"
"279","SUPRA","Supra","0.00030132098393088197","-1.031366121197","0.164340268403","-28.876951853923","10838042.19","488181.38","50.6","52","1878","132","251","0.07032329101795065","0.0004947122001852571","59","hold"
"280","PYTH","Pyth Network","0.03909419053374689","1.950177418075","23.56314991753","-15.847253749732","314970221","26389823.79","50.5","56","36","68","580","0.16250003502155927","0.014377099506728037","54","hold"
"281","USUAL","USUAL","0.009900870768767302","-4.538297070158","2.621583289778","-30.665563515446","18105653","17780699.6","50.5","19","2606","572","212","0.05939656452512166","0.0008264488432869627","16","hold"
"282","SN24","OMEGA Labs","2.47","4.40021351542696","45.48605486672314","","11574575","592081","50.4","76","477","519","6","0.001681034845050613","0.0005283319038693714","100","hold"
"283","ABT","Arcblock","0.207186996366387","0.658138569412","-3.550646466859","-24.18100079728","20940844","59497.21","50.3","66","411","765","25","0.007004311854377555","0.0009558636908181513","60","hold"
"284","WAL","Walrus","0.0337478","-0.7576048930449473","-4.756449520554768","","81098716","9060715","50.1","56","1680","82","163","0.045668113290541656","0.003701823956874568","44","hold"
"285","MEY","Mey Network","0.04931442739770276","-1.080156474099","-1.762688197601","-10.005034312908","13218381","164264.33","50.1","44","4560","1674","3","0.0008405174225253065","0.0006033649097094905","","hold"
"286","ZRO","Layerzero","0.917025952177739","-3.1378275","1.54876082","","232870251","18653394.27962137","50","67","2189","189","415","0.11627157678266742","0.01062957240895397","52","hold"
"287","FOGO","Fogo","0.012427004607620834","-3.349597246154","8.06985009096","-32.202382274091","48495137","4487131.82","50","57","2405","151","243","0.06808191122454983","0.0022136042195601995","9","hold"
"288","ONE","Harmony","0.0014744938767517007","-1.948303844754","-3.400999023786","-32.639330701517","22248250","1305500.34","50","44","2665","632","51","0.014288796182930212","0.0010155414155821481","67","hold"
"289","SN19","Nineteen.ai","2.97","-0.5347046874760705","18.153085562946558","","13102444","70909","50","50","5291","1256","1","0.0002801724741751022","0.000598072860892242","","hold"
"290","ERG","Ergo","0.22501294836633623","1.294378355364","7.104205107643","-25.212114116833","18743134","124979.64","49.9","45","437","1476","14","0.0039224146384514305","0.000855547237863917","50","hold"
"291","CBBTC","CBBTC","64144.558124605006","0.018430662599","3.508079701588","-19.166053002228","6137262295.38","149360296.2","49.8","59","1025","472","16","0.004482759586801635","0.2801408667760003","100","hold"
"292","API3","API3","0.25406750312710913","-1.412689565992","-1.480389693007","-26.95527651758","36705693","6647187.59","49.8","63","3411","1146","9","0.00252155226757592","0.0016754644266018112","0","hold"
"293","BLAST","BLAST","0.00030841871892615144","-3.011895462436","-3.461840037413","-33.852799628671","19653057","2179876.97","49.8","36","2646","1305","109","0.030538799685086142","0.0008970814929846908","32","hold"
"294","GUA","SUPERFORTUNE","0.6359062679922746","5.263690206196","-12.140509727003","-48.615032991177","28083284","1267688.58","49.7","45","80","1197","107","0.02997845473673593","0.0012818867995260522","19","hold"
"295","BICO","Biconomy","0.01833973110448147","-2.126333923452","-3.448143838171","-25.133579960009","13302610","1299048.17","49.7","57","2286","334","249","0.06976294606960044","0.0006072096182997423","31","hold"
"296","WMTX","World Mobile Token","0.04077014110582466","0.520297249346","-0.629011390436","-34.118688837594","34594262","1569410.44","49.6","59","298","951","42","0.011767243915354293","0.0015790862563347554","88","hold"
"297","MSOL","Marinade Staked SOL","92.87247503164319","-1.531418070335","3.51104577012","-24.423277607805","286505714.79","267881.43","49.5","38","2670","541","102","0.028577592365860424","0.013077811475968305","0","hold"
"298","ZBCN","Zebec Network","0.002553292972632653","-2.91270794118","-5.43178019256","-26.494565566615","250982970","8778251.81","49.5","69","2162","48","448","0.12551726843044578","0.011456343786176973","65","hold"
"299","VELO","Velo","0.003345480272785202","-1.184036357381","-5.151474499125","-15.618504856534","58973941","1602972.44","49.5","44","1724","318","548","0.153534515847956","0.002691918668910952","56","hold"
"300","FARTCOIN","Fartcoin","0.11473456658845442","-5.18567632983","2.219738719444","-42.437847964831","116051267","9427347.52","49.4","44","2391","59","1076","0.30146558221240993","0.005297264637411115","62","sell"
"301","BRETT","Brett","0.006375761181797649","0.862612559369","17.795065589081","-24.957792762268","63637531","17788934.61","49.4","53","97","44","433","0.12131468131781925","0.0029047924360744255","34","hold"
"302","ELSA","Elsa","0.04700092","-0.09157788073955735","4.983815684529037","","10748989","2471916","49.4","76","1684","517","18","0.00504310453515184","0.0004906472870961509","88","hold"
"303","ISLM","Islamic Coin","0.006630836023391081","-0.219803611028","-11.281166847525","-44.451543705248","23911798","8649.91","49.3","14","2946","2801","9","0.00252155226757592","0.0010914755627986193","100","hold"
"304","FIGR_HELOC","Figure Heloc","1.018","-1.2934584464338827","-1.5085354288036745","","19159318509","95054","49.1","78","3131","1107","10","0.002801724741751022","0.8745443547343775","","hold"
"305","WLFI","World Liberty Financial","0.059679","1.3459505376349605","7.398800197393262","","1896878900","33276719","49.1","61","49","698","527","0.14765089389027886","0.08658474636404698","81","hold"
"306","SNX","Synthetix","0.23714131173598124","-2.193608054478","-2.269209580749","-24.540460064441","82055779","2898776.06","49.1","29","2478","876","128","0.03586207669441308","0.0037455099597656404","17","hold"
"307","CYBER","CyberConnect","0.3372203268160394","-1.535222722822","-6.640413014332","-34.128832531229","22853748","9743128.35","49.1","40","2097","805","85","0.023814660304883686","0.0010431799173093474","76","hold"
"308","NST","Ninja Squad Token","1.181304666852195","-4.446749657917","-2.112997131108","-17.605711993905","10172538.67","411296.22","49.1","59","3585","1201","14","0.0039224146384514305","0.00046433469243630144","100","hold"
"309","OP","Optimism","0.1047391986683714","-2.815920181241","8.919224688303","-22.829101814135","227932120","49632466.07","49","76","2156","11","451","0.12635778585297108","0.010404166970500605","61","hold"
"310","FRXUSD","Frax USD","0.999686","0.006213867673973373","-0.020549521986565327","","124611025","924444","48.9","43","1000","1104","28","0.007844829276902861","0.005687982503147099","89","hold"
"311","AGT","Alaya Governance Token","0.016058023023823743","7.201134652158","12.325487702894","41.238679484334","37023805.99","20347847.97","48.9","54","53","168","128","0.03586207669441308","0.0016900561412211777","24","hold"
"312","CETUS","Cetus Protocol","0.018247827244013647","-0.955773056328","-2.392792138445","-36.049002617559","17583262","4602170.32","48.9","54","2173","445","25","0.007004311854377555","0.000802603835449161","75","hold"
"313","GITLAWB","gitlawb","0.00007926","-0.41319897358784485","-22.42595219754819","","7926518","286246","48.9","37","1594","1245","160","0.04482759586801635","0.0003618130554249156","81","hold"
"314","GEKKO","Gekko HQ","6.239415628133859e-7","0.05265598893","0.090514562063","-0.867324633002","52318085.13","35145.57","48.8","48","3402","1814","2","0.0005603449483502044","0.0023881061311998714","","hold"
"315","NIGHT","Midnight","0.03057200235129599","-8.511871327793","1.105353373753","-1.259858302847","507721453.54","82186252.37","48.7","58","2615","97","375","0.10506467781566332","0.023162949002773946","52","sell"
"316","USDH","USDh Hermetica","1.001","0.31047130473539614","0.2640887005499846","","9222370","21447","48.7","54","1238","1795","2","0.0005603449483502044","0.00042096338744945495","100","hold"
"317","VET","VeChain","0.004953379193456327","-2.949444913644","2.58953313087","-28.859946938965","428537848","12090058.32","48.6","62","2048","140","883","0.24739229469661525","0.01956099615872922","98","hold"
"318","DAO","DAO Maker","0.031042728265695253","-1.818432131849","7.054450651238","-30.357801142244","7813197","1175028.09","48.6","59","3001","542","9","0.00252155226757592","0.00035664041628452543","100","hold"
"319","OKB","OKB","73.3664949309939","-1.771000846248","2.84294429716","-12.990879012902","1548066750","11214350.98","48.5","51","1803","31","506","0.14176727193260172","0.07066290151857586","43","hold"
"320","USELESS","USELESS COIN","0.06385440234158196","-3.960505148008","-4.344264342887","4.082794872078","65186158","8190827.92","48.5","42","2298","18","808","0.2263793591334826","0.002975480910709003","33","hold"
"321","SCRT","Secret","0.0580748834383497","-1.975469963218","-4.137584504737","-35.503068541022","20171708","6070642.11","48.5","55","2581","920","104","0.02913793731421063","0.000920755785152978","92","hold"
"322","USUALX","USUALx","0.01690911","-3.090091491310279","-0.10345911706629779","","7860999","857.36","48.5","48","5505","2079","1","0.0002801724741751022","0.000358822381641246","","hold"
"323","MTL","Metal","0.2513929424863938","-1.331504073177","1.209554213742","-18.129013072484","23019167","763575.14","48.4","48","1740","424","261","0.07312501575970168","0.001050730616596895","52","hold"
"324","AERO","Aerodrome","0.35358163500211526","-3.18856804043","6.869236923995","-21.02918762356","336832573.09","11435798.63","48.3","51","2292","89","249","0.06976294606960044","0.015376409218938908","57","hold"
"325","IOTX","IoTeX","0.003256671769069487","-3.568222488609","-5.90804976483","-28.301572324748","30993798","14787222.34","48.3","36","2675","778","237","0.06640087637949922","0.0014147398332537235","10","hold"
"326","ARB","Arbitrum","0.08199848988519108","-4.792639065724","-0.277030518535","-33.737691955495","517777830","36584197.89","48.2","47","2388","63","413","0.1157112318343172","0.023634435536963712","53","hold"
"327","DOLO","Dolomite","0.02436348","-5.550749880059003","8.448802859698283","","11889022","4717970","48.1","51","3219","122","111","0.031099144633436344","0.0005426851204821638","21","sell"
"328","SUN","Sun Token","0.01680175598707096","-0.629019513051","-5.169858564077","-13.991345971798","323128113","66204336.43","48","34","2824","1968","4","0.0011206898967004088","0.01474947383683698","0","hold"
"329","B3","B3","0.00057503","5.925199862225822","2.009635993397516","","26698342","24384137","48","61","175","1584","16","0.004482759586801635","0.0012186698741867932","100","hold"
"330","SANTOS","Santos FC Fan Token","0.6302490106407262","0.000597795488","1.227635430189","-41.529951479966","10329127","2853394.07","48","61","1141","1755","20","0.005603449483502044","0.00047148230783579777","100","hold"
"331","DAI","Dai","0.9994964692580275","-0.011909606459","-0.020491202907","-0.012331908638","4204340271","34498997.11","47.9","36","849","704","134","0.03754311153946369","0.19191089952694584","8","hold"
"332","PUFETH","pufETH","1807.8339284340475","0.224089466545","5.699329552065","-25.428505017781","62275669.56","1383.81","47.9","47","1763","1649","2","0.0005603449483502044","0.00284262904369056","","hold"
"333","STIMA","STIMA","0.9995974201107919","0","-0.3300297528","-0.033781291723","31757816.02","0.71","47.8","47","4063","3213","1","0.0002801724741751022","0.0014496141241108053","","hold"
"334","SN52","Dojo","1.86","-0.9179232072206904","28.13785668561578","","8137686","22048","47.8","47","5462","2864","1","0.0002801724741751022","0.0003714520090345546","","hold"
"335","YFI","yearn.finance","1859.082103678575","-1.843291112617","0.466165095773","-28.21237459263","67256589","3167391.22","47.7","35","2318","827","209","0.05855604710259636","0.0030699875990375302","5","hold"
"336","LBT","Law Blocks","0.23986858985966056","-0.082995184569","0.664585664465","17.384917831814","58729635","598642.35","47.7","47","1926","1589","3","0.0008405174225253065","0.0026807671014359726","","hold"
"337","TOSHI","Toshi","0.00013048644388192275","1.870371059253","5.436048119976","-28.448700005896","55157046","9008566.16","47.7","55","56","334","396","0.11094829977334048","0.0025176930578436354","38","hold"
"338","WNXM","Wrapped NXM","44.516447516418175","0.22678571973","-0.164062370005","-22.39877843092","24421134.99","55038.72","47.6","47","1329","1571","4","0.0011206898967004088","0.0011147247085890948","","hold"
"339","REDO","REDO","0.0723893353876624","-0.342","0","","7238933.54","30489.89","47.6","27","1687","940","77","0.02157328051148287","0.00033042764327606403","32","hold"
"340","AAVE","Aave","65.34576272308242","-2.3090694026","3.473804394865","-30.074447770837","999521366","98492439.32","47.5","44","1969","39","518","0.14512934162270294","0.04562405325957064","20","hold"
"341","OUSG","OUSG","115.55","0","0.06465507237662399","","484049655","0","47.5","54","1440","2435","4","0.0011206898967004088","0.022094882602036136","0","hold"
"342","MNEE","MNEE","0.9986513097457778","0","-0.036554800926","","100209951.51","143692.94","47.5","47","2813","2195","2","0.0005603449483502044","0.004574173519799708","","hold"
"343","AGETH","Kelp Gain","3239.91","0","54.96572239384565","","32258310","12.83","47.5","47","2374","1784","1","0.0002801724741751022","0.001472459622742812","","hold"
"344","DIFX","DigitalFinancialExch","0.08144551402272267","3.03269359254","-3.953670373697","-3.920869373311","23078415.73","1548323.87","47.5","47","832","2331","2","0.0005603449483502044","0.0010534350782572793","100","hold"
"345","YOUSD","Yield Optimizer USD","1.052","0.013688408104691989","0.07837877685354469","","11965337","62.5","47.5","47","2177","1853","4","0.0011206898967004088","0.0005461685874123787","100","hold"
"346","ANDY70B","ANDY70B","0.01196968","0","0","","11555329","16.75","47.5","22","2412","1187","2","0.0005603449483502044","0.0005274534028598856","","hold"
"347","TIG","The Innovation Game","0.987051232604661","-3.217542043301","-4.298619120477","-18.643967326063","29289957","389334.3","47.4","67","2730","112","125","0.03502155927188778","0.0013369664757506882","77","hold"
"348","AIO","OLAXBT","0.12058683256649734","-12.085167632518","-3.275749514433","-0.657839814858","28018620","3356877.86","47.4","29","3086","549","173","0.04846983803229268","0.0012789351529876862","70","sell"
"349","IMX","Immutable","0.1411495355945933","-3.636787055873","8.372677774814","-25.655077763235","120443012","10988148.38","47.3","43","2253","240","523","0.14653020399357844","0.00549772979463363","38","hold"
"350","MOVE","Movement","0.011635070598581786","-4.709379184376","-1.091401227175","-33.292095499821","47032932","11382572.84","47.3","44","2672","271","228","0.0638793241119233","0.002146860554976635","29","hold"
"351","XCH","Chia","2.102046409098895","3.542658888535","-7.140714659669","-11.333210810511","39123762","1602662.97","47.3","43","60","361","229","0.0641594965860984","0.0017858393646412217","15","hold"
"352","AGLD","Adventure Gold","0.17252169282797924","-2.56082172393","-12.232231351751","-29.196644384309","15273355","5226573.35","47.3","73","2377","93","70","0.019612073192257152","0.0006971660493471927","96","hold"
"353","XRD","Radix","0.001104898539822296","0.691011028956","5.623971175087","-7.475833844974","14811013","155417.85","47.3","50","625","2209","10","0.002801724741751022","0.0006760620322149202","100","hold"
"354","EUL","Euler","0.9714891197751232","5.85941353895","8.613130272697","-26.061735262419","23454224","6260127.97","47.2","48","47","309","237","0.06640087637949922","0.0010705891853220273","4","hold"
"355","TUT","Tutorial","0.01064629","0.3408367944235735","-2.4858938808636726","","8882671","3775711","47.2","47","344","325","139","0.03894397391033921","0.00040545752054613264","22","hold"
"356","GRT","The Graph","0.01947764547381867","-2.517709398887","-2.295924890989","-27.428299550592","212949914","13301272.3","47.1","44","2129","233","342","0.09581898616788495","0.009720290679566111","16","hold"
"357","AXS","Axie Infinity","0.9404127253034031","-2.731116076843","0.424276787079","-21.357095619915","164859218","12977621.77","47.1","50","2186","212","295","0.08265087988165515","0.007525147533827872","16","hold"
"358","ACX","Across Protocol","0.04231436195219378","-0.849136249608","-0.080185694376","-0.154424087943","29846101","2626366.04","47.1","54","3070","1178","11","0.0030818972159261243","0.0013623521696829084","100","hold"
"359","ORBS","Orbs","0.006024802975413066","-2.207234828168","3.837498113974","-28.480900397494","29808679","1595821.53","47.1","70","2531","231","104","0.02913793731421063","0.0013606440087779422","87","hold"
"360","LUMIA","Lumia","0.08809550324697439","0.051932502666","5.671393024692","-14.056316688902","12255488","2448723.52","47.1","55","760","1129","141","0.03950431885868941","0.0005594127912159397","25","hold"
"361","KMNO","Kamino","0.01789793","-3.054988846014034","20.574941350419426","","86503550","5266132","47","68","2127","159","786","0.22021556470163034","0.003948532474234204","46","hold"
"362","ZIG","ZIGChain","0.056556","1.7292903959038806","10.695458257607617","","79837015","3198854","47","50","76","672","203","0.05687501225754574","0.0036442324780130214","49","hold"
"363","ICNT","Impossible Cloud Network Token","0.21891","8.147540174230766","-9.739360403447778","","55626459","2711883","47","37","202","1626","16","0.004482759586801635","0.002539119837141453","67","hold"
"364","VANRY","Vanar Chain","0.0034329915631254623","-1.944279308141","-4.704595085695","-36.482240906104","7454175","830741.37","47","70","2790","607","32","0.00896551917360327","0.0003402525336373449","67","hold"
"365","CBETH","Coinbase Wrapped Staked ETH","1880.553836483836","-1.110395274788","2.032846909038","-25.06026106871","297876801.89","1736517.18","46.9","52","4144","1577","4","0.0011206898967004088","0.013596854991311842","","hold"
"366","BABYDOGE","Baby Doge 2.0","3.2773574225701296e-10","-2.841459296027","-2.286252573485","-23.971024102622","60736751","2991730.21","46.9","44","2217","220","384","0.10758623008323923","0.0027723837195465016","60","hold"
"367","WIN","WINkLink","0.000017440988981157326","-1.0892473461","0.765741340864","-14.208197508801","20826596.53","6346744.96","46.9","58","1750","280","172","0.04818966555811758","0.0009506487621199176","86","hold"
"368","ALCX","Alchemix","3.499790331215803","-1.723477635603","1.673340878957","-32.363339072829","8845452","419976.71","46.9","72","2683","381","38","0.010646554018653883","0.00040375862575905714","75","hold"
"369","OPN","Opinion","0.07594279415838529","-9.035670318205","-41.426344050933","-54.609013934953","14031203","24145887.8","46.8","37","2901","1041","148","0.04146552617791512","0.0006404669022031165","71","sell"
"370","GRIFFAIN","GRIFFAIN","0.007970707920595626","-5.189551846903","-2.251044763225","-29.546648385146","8054729","4620952.68","46.8","30","2947","738","228","0.0638793241119233","0.00036766536203029814","11","sell"
"371","USYC","Hashnote USYC","1.13","0","0","","3007900705","562932","46.7","72","1142","1302","10","0.002801724741751022","0.13729833761694704","100","hold"
"372","AR","Arweave","1.9671400519644022","-2.536505482631","-0.983623539406","-9.83447201733","129731620","23029686.42","46.7","50","2108","27","265","0.07424570565640208","0.00592171667526953","44","hold"
"373","ULTIMA","Ultima","2268.2076579430964","-0.54240283007","-0.874986010993","-22.095061290111","192452403","15392542.11","46.6","52","2066","1428","8","0.0022413797934008176","0.008784663322949268","67","hold"
"374","GMX","GMX","5.6723159600479764","1.115822463145","0.79679822996","-19.463769996649","59906171","4180383.54","46.6","44","139","348","256","0.07172415338882616","0.0027344711471439884","4","hold"
"375","MOODENG","MOO DENG","0.03957158","-2.502764769197226","4.0973859256841685","","39170516","11289652","46.6","48","2661","448","68","0.01905172824390695","0.0017879734930937572","83","hold"
"376","AGIX","SingularityNET","0.08768164201610988","-1.235237708413","-3.744413878385","-3.86846827874","21460886","14292.28","46.6","77","2720","434","20","0.005603449483502044","0.0009796014764346457","100","hold"
"377","BNX","BinaryX","30.487927607275022","0.064759852122","-1.13984268128","-17.416479767439","19767869","12.49","46.4","63","1843","2099","28","0.007844829276902861","0.000902322190163382","89","hold"
"378","SAFE","Safe","0.09023225608883459","-2.925373448058","-6.470696468838","-35.803648498699","68316392","647857.08","46.3","48","2431","237","146","0.04090518122956492","0.0031183632617911494","77","hold"
"379","TORN","Tornado Cash","5.447176255997485","-0.50771543238","-0.614606288867","-0.523318961752","20688707","56174.26","46.3","13","2979","2208","10","0.002801724741751022","0.0009443546702929129","0","hold"
"380","MPLX","Metaplex","0.018484036535107017","-2.940857999681","-7.627520944043","-26.131539399213","9540310","596160.56","46.3","64","2395","243","204","0.05715518473172085","0.0004354760451942299","89","hold"
"381","RESOLV","Resolv","0.01724111","1.030937608842132","-1.1783081645386655","","7178971","4073796","46.3","25","194","806","234","0.06556035895697392","0.00032769059911512996","48","hold"
"382","PIEVERSE","Pieverse","0.6247771039035476","-5.450234984391","2.621466629616","-39.417591674427","173547302","23075526.12","46.2","48","2885","90","137","0.038383628961989","0.007921722955447848","24","sell"
"383","RLB","Rollbit Coin","0.06014107057933215","0.844246582597","0.345003158101","-7.662276977755","99179955","216743.34","46.2","21","220","1250","189","0.052952597619094315","0.004527158401135988","5","hold"
"384","GODS","Gods Unchained","0.026467530078819718","2.531332072413","-8.151203191393","-26.304632111611","10434295","669341.99","46.2","48","393","2322","10","0.002801724741751022","0.00047628279594582636","100","hold"
"385","LIT","Lighter","1.5639657394707807","-2.788387051052","9.539680001451","81.029728935491","390824867","37614603.23","46.1","50","1991","115","386","0.10814657503158945","0.017839553163861644","46","hold"
"386","TROLL","TROLL","0.081174","7.983860882942557","17.887507847547564","","81074345","3835047","46.1","51","4","22","1779","0.4984268315575068","0.003700711520622766","35","hold"
"387","CORGIAI","CorgiAI","0.000035330385623197324","0.923550446965","7.420861751774","-6.111352718868","12312381","9447.56","46.1","46","972","1978","4","0.0011206898967004088","0.0005620097234581032","","hold"
"388","GAS","Gas","1.110995521561987","-1.046617323274","-1.479292819492","-30.481275653186","72607742","2123177.55","46","57","1651","146","313","0.08769398441680698","0.0033142457987888215","97","hold"
"389","SNEK","Snek","0.0003929764028644268","-2.058972365408","33.376426539948","-29.42382183935","29459311","2986177.6","46","68","2179","230","198","0.05547414988667024","0.001344696791658434","62","hold"
"390","METIS","Metis","2.7622345469512584","2.931072205577","7.385626702882","-23.498237655771","21120806","5590377.6","46","57","61","184","285","0.07984915513990412","0.0009640782184430653","6","hold"
"391","PENGU","Pudgy Penguins","0.006496466842960007","-4.871967177084","-3.46288128803","-25.32906428163","411854080","68508152.53","45.9","54","2319","103","886","0.24823281211914053","0.018799450537299936","71","hold"
"392","LCX","LCX","0.027633948752124254","-2.211280913493","1.940912557283","-22.300774465585","26278587","82007.98","45.9","45","2276","94","274","0.076767257923978","0.0011995097790378406","26","hold"
"393","APT","Aptos","0.645728328225032","-4.188503117155","-4.17256823156","-34.415555072632","542924199","46598125.83","45.8","52","2330","40","514","0.14400865172600252","0.024782264205331382","44","hold"
"394","APEX","ApeX Protocol","0.2908772519445288","13.590949408162","13.968201076077","-0.722573544616","40319187.89","2425908.36","45.8","48","64","597","40","0.011206898967004088","0.0018394813049928775","92","hold"
"395","AMP","AMP Token","0.0005208371473791334","-2.343526606153","-3.961160340551","-40.302721205339","45570774","2076988.07","45.7","49","2112","274","490","0.13728451234580008","0.0020801190357504144","45","hold"
"396","YGG","Yield Guild Games","0.024535076063734486","-2.380801673933","-4.815945586119","-37.794559831578","19244398","5411763.57","45.7","58","2114","202","162","0.04538794081636655","0.0008784278847525652","54","hold"
"397","DRIFT","Drift Protocol","0.016048906062967404","-2.364262698268","-8.345576610072","-48.271942905176","9874519","4903888.6","45.7","24","2611","908","37","0.01036638154447878","0.0004507313161013931","33","hold"
"398","SC","Siacoin","0.0007076718966843123","-3.587709468025","2.194271832839","-24.782781242417","35292989","3648590.89","45.6","78","3340","469","38","0.010646554018653883","0.0016109802797606636","75","hold"
"399","M","MemeCore","2.9785580767769293","1.088464603173","-4.486166917972","-8.057244523729","3883591510","8778581.57","45.2","48","232","1276","28","0.007844829276902861","0.17727003335580158","75","hold"
"400","XPL","Plasma","0.08433927598503967","-6.945731833492","20.936992048874","-5.714149640272","218499771","119529388.58","45.2","61","2476","304","897","0.25131470933506667","0.009973618902417727","52","sell"
"401","WALLET","Ambire Wallet","0.01576451945175766","5.086879217928","15.974844254484","85.685716779565","11458223","25108.83","45.2","25","612","2068","4","0.0011206898967004088","0.000523020912003233","","hold"
"402","PUFFER","Puffer Finance","0.014739637395645514","4.95386773637","-1.27629591809","-43.723228591574","7131264.21","3474166.16","45.2","53","215","1189","15","0.004202587112626533","0.00032551293177644194","100","hold"
"403","MBX","Marblex","0.028216237230064615","0.715554828964","-0.596820288477","-30.466076460359","7864022","834357.36","45","60","222","338","31","0.008685346699428168","0.00035896036919978676","21","hold"
"404","VVS","VVS Finance","0.0000010718709149819888","1.564443415996","1.26968429623","-18.21487879201","46821613","49461.41","44.9","55","128","571","462","0.12943968306889722","0.002137214708835954","100","hold"
"405","ELON","Dogelon Mars","2.9713936136709933e-8","-1.959174092549","2.694947975008","-25.027554851234","29786287","4450414.24","44.9","42","2058","314","389","0.10898709245411475","0.0013596219057640999","62","hold"
"406","SHELL","MyShell Token","0.02533952041614538","-2.297991709831","-3.727889250965","-28.028029615107","9955616.02","6436014.86","44.9","52","2465","371","177","0.049590527928993086","0.0004544370945452496","5","hold"
"407","CSPR","Casper Network","0.00207102","0.03146503618890396","-7.044655113179","-28.419194377356","33228603","1260365.7","44.8","13","1719","1098","316","0.0885345018393323","0.0015167495209033168","13","hold"
"408","CPOOL","Clearpool","0.023881837030323406","-1.664387324225","5.80115207715","-28.095407500052","24084724","873523.83","44.8","55","2026","192","189","0.052952597619094315","0.0010993689258645214","68","hold"
"409","RBTC","RSK Smart Bitcoin","64407.85106273464","1.224160502151","2.891544115758","-18.398657222179","179951030.86","0.56","44.7","24","807","2428","6","0.001681034845050613","0.008214026928636242","100","hold"
"410","CELO","Celo","0.060318447047958426","-1.667473830154","0.17820600652","-30.868915955531","36704471","1606400.64","44.7","62","1830","227","1945","0.5449354622705738","0.001675408647310863","70","hold"
"411","IRYS","Irys","0.01799242","4.039199329357587","-0.3621976408072474","","36084906","21119864","44.7","57","25","425","380","0.10646554018653882","0.0016471280446951448","43","hold"
"412","ZBT","ZEROBASE","0.116747","-6.799626450489547","-4.866175639153192","","28593916","12066430","44.7","73","2840","67","140","0.039224146384514304","0.0013051950572147038","73","sell"
"413","DIAM","DIAM","0.006666755678777677","-0.340887553582","-0.243121601701","-9.508112453538","13218983","398457.62","44.6","42","4262","2184","3","0.0008405174225253065","0.0006033923885418563","","hold"
"414","SFP","SafePal","0.23920030388877184","-1.605682474515","7.859826648768","-18.827438387446","120731079","2260282.21","44.5","76","1900","613","240","0.06724139380202453","0.005510878872379632","98","hold"
"415","STG","Stargate Finance","0.26197918927674224","-28.108688832385","21.428740782305","29.930657784695","36849782","90538625.17","44.5","45","2777","972","574","0.16081900017650866","0.0016820414988223148","60","sell"
"416","IQ","IQ","0.0007958341972860646","-0.122945809863","-4.758428354949","-27.278809359484","20955873.83","489698.68","44.5","55","862","268","244","0.06836208369872494","0.0009578499311162324","18","hold"
"417","LUNC","Terra Classic","0.00006957649694396987","-5.198753248455","3.777395952722","-6.794585406869","392238589","15734487.91","44.4","61","2389","71","572","0.16025865522815846","0.017904083778229947","60","sell"
"418","GLM","Golem","0.10964","-0.49135970423280606","-0.7018522270174677","","109736175","3926648","44.4","14","3098","2219","4","0.0011206898967004088","0.00500900657355389","100","hold"
"419","FB","Fractal Bitcoin","0.4062607495607906","-2.195085390827","4.643527723655","-10.773867428214","42288260","3474107.87","44.4","39","4188","1791","5","0.001400862370875511","0.0019302857268731668","","hold"
"420","SHFL","Shuffle","0.2982994460245055","-0.963501479405","0.025348181352","2.843041710347","127021249","618465.77","44.3","44","3953","654","5","0.001400862370875511","0.0057979993490936375","0","hold"
"421","USDD","USDD","0.9992488267102848","-0.016650294517","-0.042291968621","-0.009876771568","1359495855","53859174.79","44.2","35","781","606","112","0.031379317107611444","0.06205541312529133","28","hold"
"422","NEO","NEO","2.1466197859492753","-2.948945071382","-0.945320368846","-27.755096062061","152955751","6029898.92","44.2","40","2322","202","284","0.07956898266572902","0.006981803058306634","21","hold"
"423","STABLE","Stable","0.03569466941034037","-0.864880992304","5.316166027618","-2.678224493883","841976401.51","15221990.34","44.1","42","1781","498","255","0.07144398091465107","0.038424600663245864","51","hold"
"424","BDX","Beldex","0.08006017290586129","0.675741132186","1.727835710677","1.1187325916","619269009","7070924.29","44.1","70","324","121","62","0.017370693398856336","0.028267091839853202","92","hold"
"425","RVN","Ravencoin","0.004263790784333202","-3.219087662095","1.04197783768","-24.528144052173","70212841","3317464.67","44.1","59","3453","493","21","0.005883621957677146","0.0032049283849823825","60","hold"
"426","NEWT","Newton Protocol","0.05219622286036894","-0.838847871298","-4.837915010326","-30.827238906141","11430057","14775371.8","44.1","80","2559","1480","8","0.0022413797934008176","0.0005217352495573648","100","hold"
"427","LINK","Chainlink","7.796733748101768","-2.506994506787","0.449290620282","-22.338296039483","5712563843","181856322.38","44","59","1189","104","1945","0.5449354622705738","0.26075512328941003","89","hold"
"428","WXTZ","Wrapped XTZ","0.2307741942268609","-3.241598198603","-4.027073852927","-36.796339797176","388758238.87","11716.58","44","44","5712","1278","1","0.0002801724741751022","0.01774522006096042","","hold"
"429","SRX","StorX Token","0.054039","-0.1899536962701731","-1.128058212422694","","32807776","1691839","44","56","1832","795","32","0.00896551917360327","0.0014975404933485568","75","hold"
"430","ASR","AS Roma Fan Token","1.0882506277593926","5.551036182349","6.822119071803","-10.854560690697","9399383","4047588.06","44","77","182","387","29","0.008125001751077963","0.0004290433053124978","100","hold"
"431","TLM","Alien Worlds","0.0011032254911464245","11.221745276964","3.97209602874","-42.562524918451","7798024","11933603.98","44","45","87","253","94","0.026336212572459605","0.00035594783102956706","25","hold"
"432","ETHFI","Ether.fi","0.30714202146055875","-3.540267434395","1.395983842907","-25.68055711433","271812652","35559369.77","43.9","46","2573","133","139","0.03894397391033921","0.012407133387354864","24","hold"
"433","RSWETH","Restaked Swell Ethereum","1782.0392357927562","0.413632455357","3.017873715497","-26.055120632426","23095675.59","4713.52","43.9","43","1526","1937","2","0.0005603449483502044","0.0010542229201170729","","hold"
"434","RENDER","Render","1.709022287000695","-4.495594001556","2.018797820831","-5.797580114662","896276608","47945187.28","43.8","45","2309","8","807","0.22609918665930745","0.04091135326335717","42","hold"
"435","ZK","zkSync","0.011099569259561686","-5.466450083552","6.11693719452","-32.433337819283","108602213","21552228.97","43.8","64","2436","14","845","0.23674574067796134","0.004957245856432482","68","sell"
"436","BOME","BOOK OF MEME","0.0004192909809146392","-4.173367565821","1.767983870562","-27.599943340005","29274827","7811517.34","43.8","42","2702","292","252","0.07060346349212575","0.0013362758532694703","23","hold"
"437","DFI","DeFiChain","0.0007484746638368047","-5.092852326133","-8.538553241139","-17.560518479518","14124992","126.35","43.8","40","5228","2515","2","0.0005603449483502044","0.0006447479856063519","","sell"
"438","MARSMI","MarsMi","0.01325167","1.0658636958652135","7.287487013942612","","13251658","320002","43.8","44","632","1456","7","0.0019612073192257153","0.0006048838683550615","100","hold"
"439","TRB","Tellor Tributes","13.2385571938042","-0.868651428608","0.174826238653","-26.741380323747","37447443","10022897.67","43.7","49","1820","377","228","0.0638793241119233","0.0017093222736238494","11","hold"
"440","WSTETH","Lido wstETH","2054.233475308334","-1.019762298421","2.371954624672","-25.036811659052","9591072136.25","2965543.23","43.5","50","3777","1610","6","0.001681034845050613","0.437793128636986","100","hold"
"441","CAKE","PancakeSwap","1.340419527438551","-0.477412595583","6.96440474087","-10.311353201049","474285970","21185260.11","43.5","44","1486","225","320","0.0896551917360327","0.021649210403719497","30","hold"
"442","TRIA","TRIA","0.02165348","-3.5253453530270775","-23.30908335508964","","46809235","4715254","43.5","37","2596","1302","147","0.041185353703740026","0.002136649703874122","42","hold"
"443","ALI","Artificial Liquid Intelligence","0.0013858907302756501","0.036669663278","-1.548611255545","-9.310241593341","12883393","112235.79","43.5","40","1026","1538","38","0.010646554018653883","0.0005880740806454952","50","hold"
"444","BABY","Babylon","0.0153393","9.170817953957732","-0.946174340662751","","56861467","58364140","43.4","65","155","418","17","0.004762932060976738","0.0025954928899692155","100","hold"
"445","RLC","iExec RLC","0.34097628778257233","-3.306702320953","-0.469550185792","-23.023652494805","25151323","2195351.81","43.4","41","3465","1730","26","0.007284484328552657","0.0011480547981609268","86","hold"
"446","BTT","BitTorrent","2.6392832197554384e-7","-0.971563476831","-2.502001633414","-18.199815617026","260469634","4810176.01","43.3","57","1633","431","61","0.017090520924681236","0.01188937111136939","92","hold"
"447","TIBBIR","Ribbita by Virtuals","0.116444","-3.496335800902833","8.18315134917036","","116431235","812078","43.3","43","2439","118","422","0.11823278410189313","0.005314608619099379","40","hold"
"448","RIVER","River","4.47524729493972","-4.278470810671","-14.216778870883","-40.887992300512","89744873","7613945.27","43.3","50","2346","858","512","0.14344830677765233","0.004096485582805844","73","hold"
"449","GUSD","Gemini Dollar","0.9994223919613552","-0.03881494616","0.136731581244","0.019131420705","39449534","765937.96","43.2","25","2442","1739","13","0.0036422421642763286","0.0018007095210821563","100","hold"
"450","RSC","ResearchCoin","0.10006445212142649","2.085035591904","-7.941489205565","-27.265488666595","22451123","764796.1","43.2","43","455","1357","10","0.002801724741751022","0.0010248017364434922","50","hold"
"451","ENJ","Enjin Coin","0.030116821576264205","-5.870986427915","-1.544871560628","-31.590528476425","60100581","10838651.72","43.1","43","2894","694","153","0.042866388548790636","0.0027433451667456792","48","sell"
"452","SVL","Slash Vision Labs","0.007542884599217487","0.434495223911","-2.240502507185","0.883138610673","12811279","320112.4","43.1","50","334","690","109","0.030538799685086142","0.0005847823721451281","12","hold"
"453","PLUME","Plume","0.010200236424934991","-5.4979820457","-11.50238280765","-15.266388645196","59178350","9074652.06","43","37","2733","138","263","0.07368536070805187","0.0027012491018761397","23","sell"
"454","RON","Ronin","0.05618812178245378","-3.765448567397","-13.842093478176","-41.320631542507","44174454","3723344.05","43","48","2618","378","152","0.04258621607461553","0.002016382751350263","39","hold"
"455","SN56","Gradients","4.97","-1.4565828032021835","22.4977423074126","","22856188","62654","43","29","4962","1263","1","0.0002801724741751022","0.0010432912933076403","","hold"
"456","POWER","Power Protocol","0.07546689724502488","-11.605218085286","15.525944229215","-1.618090715564","15903414","2316341.51","43","15","3188","1252","224","0.06275863421522289","0.0007259256600473724","53","sell"
"457","TREE","Treehouse","0.04593686508612778","-0.526365035768","3.285734922424","-29.521027511105","7173185","5841763.72","43","48","2161","1066","22","0.006163794431852249","0.0003274264919322927","100","hold"
"458","H","Humanity","0.262717","14.047252230460336","-65.53927386599389","","479457806","176320347","42.9","57","14","16","158","0.04426725091966615","0.02188528351745198","71","hold"
"459","WPOL","WMATIC","0.0754063581543943","0.226","0.8236880391364909","","18280392.74","11464.63","42.9","42","2155","2104","1","0.0002801724741751022","0.0008344249961492353","","hold"
"460","AVICI","Avici","0.74237","2.9407097956297346","-2.1182888402903397","","9576221","571019","42.9","57","226","1932","32","0.00896551917360327","0.00043711523514287616","80","hold"
"461","WIBE","Wibegram","4.349339397352029","1.296761325528","9.003314304098","48.385754632208","58335766.9","182168.53","42.8","42","1664","1650","1","0.0002801724741751022","0.002662788637160056","","hold"
"462","ALT","AltLayer","0.006307819558696746","0.009647399442","11.50815291909","-7.704727119778","40876592","14931027.36","42.8","45","687","223","219","0.06135777184434738","0.0018658488691853927","33","hold"
"463","ANVL","Anvil","0.00043086","0.07300930324548947","3.1419292621787345","","35011224","83412","42.8","70","1420","1384","9","0.00252155226757592","0.0015981188624823832","33","hold"
"464","BROCCOLI","CZ'S DOG","0.01309955","-0.573253716604419","15.9869911774131","","12622265","6822488","42.8","42","2045","1451","32","0.00896551917360327","0.0005761546578249078","50","hold"
"465","SN75","Hippius","4.5","-1.1882944951804975","13.132702311730643","","19125252","147495","42.7","42","5446","1091","1","0.0002801724741751022","0.0008729893582392012","","hold"
"466","DIA","DIA","0.12249115946545294","-0.756964556667","-2.187375540382","-35.113850683713","14779222","1939382.1","42.7","36","1656","645","288","0.08068967256242944","0.0006746109033781456","57","hold"
"467","SN66","FakeNews","2.44","13.56178731202806","38.87313910682317","","10572823","1320352","42.7","34","1005","1054","2","0.0005603449483502044","0.000482606031311204","","hold"
"468","AQT","Alpha Quark","0.38774488491101955","0.089050410439","-16.081316370473","-26.476558538618","10298018","191995.08","42.7","42","3292","561","2","0.0005603449483502044","0.000470062309503464","","hold"
"469","INJ","Injective","5.000167733469108","-4.935638568668","-5.548502389584","4.246875963404","507628091","72378356.25","42.6","51","2324","485","995","0.2787716118042267","0.02317114155600569","73","hold"
"470","FTRB","Faith Tribe","0.005095955552332696","-0.516642094096","1.983114261093","-1.36669543566","16614465","291520.66","42.6","39","2341","2048","19","0.0053232770093269415","0.000758382223556462","83","hold"
"471","BNBX","Stader BNBx","676.6040449963813","0.31474802526","2.630795898567","-10.087622284539","12213236.1","119.39","42.6","48","847","2016","8","0.0022413797934008176","0.0005574841651740246","0","hold"
"472","SN50","Synth","1.61","-3.502293947608212","13.995391040269894","","7470946","90535","42.6","42","5579","812","1","0.0002801724741751022","0.000341018061042005","","hold"
"473","SAND","The Sandbox","0.0509309239419153","-2.237096110762","-3.013193101452","-31.437903274569","137897874","13294013.98","42.5","37","2148","658","205","0.057435357205895946","0.006294472696402131","12","hold"
"474","USDTE","Tether Avalanche Bridged","1.0005798953165177","0.145889692232","-0.005357233744","0.078455846936","18306560.59","19053.78","42.5","42","3167","1650","2","0.0005603449483502044","0.000835617673786758","","hold"
"475","BOBA","Boba Network","0.02252055","1.4028514937113268","-2.059199449985428","","11124759","251485","42.5","46","181","1173","119","0.03334052442683716","0.0005077996472922699","34","hold"
"476","WRX","WazirX","0.021439130879591286","1.610367492134","-4.575433577723","-21.553250945007","9976593","4551.82","42.5","34","1393","2081","2","0.0005603449483502044","0.00045539057579391414","","hold"
"477","BADGER","Badger","0.35386038332214853","1.658666","1.66439809","","7074403","880955.01904486","42.5","42","888","1449","4","0.0011206898967004088","0.0003229174985456652","","hold"
"478","BILL","Billions Network","0.07341994318383667","6.691103359864","-7.041078264992","-64.753599393891","179339053","103183486.78","42.4","31","38","862","238","0.06668104885367432","0.008186092647861378","41","hold"
"479","TRAC","OriginTrail","0.36236986237142094","-0.74383715804","7.29540271316","8.722764565505","161790745","2898226.97","42.4","45","1823","234","147","0.041185353703740026","0.007385084319233664","37","hold"
"480","XAUM","XAUM","4187.57","0.06340928756151855","-2.244968068033207","","64347708","369311","42.4","55","1294","1149","13","0.0036422421642763286","0.0029372091050660935","100","hold"
"481","TPT3","TokenPocket Token","0.00639887","0.35882533179502857","-0.11991990878118215","","20823273","56320","42.4","42","1880","2242","1","0.0002801724741751022","0.0009504970565987674","","hold"
"482","ANKRETH","Ankr Staked ETH","2033.385939109447","0","1.406328971479","-26.103298828181","19655604.7","16578.77","42.4","42","3255","2287","1","0.0002801724741751022","0.0008971977850465149","","hold"
"483","GFI","Goldfinch","0.07753145027538084","-23.407427439054","-30.040398769552","-50.327765437084","7345589","761364.91","42.4","48","2953","737","737","0.20648711346705034","0.0003352960278379044","66","sell"
"484","FOOM","FOOM","4.044782608118397e-8","-0.05833732069","7.304435306773","-28.147729856365","7043671","27.29","42.4","42","4968","2754","2","0.0005603449483502044","0.0003215147087179857","","hold"
"485","WETH","WETH","1661.5751088903253","-1.008583914808","2.196928424797","-25.170214929953","7617173973.07","328787354.09","42.2","57","1380","533","19","0.0053232770093269415","0.3476927686153744","100","hold"
"486","FLR","Flare","0.00790405","-0.4307000787757923","13.565768754140167","","675905586","4299364","42.2","64","1565","99","84","0.023534487830708585","0.030852319423160086","95","hold"
"487","PPC","Peercoin","0.23977104760831855","3.111308719677","7.759244547111","-18.173075586726","7631474","9684.19","42.2","51","758","2319","5","0.001400862370875511","0.0003483455062280565","","hold"
"488","WEETH","Wrapped eETH","1816.5539024595948","-1.252143696855","1.64944363908","-25.070537191366","4296055446.02","3576239.97","42.1","35","4442","1358","4","0.0011206898967004088","0.19609732132057794","100","hold"
"489","SBTC","sBTC","63917","7.625876461736761","-0.659251026546","","312223368.04","73313.82","42.1","61","33","344","197","0.055193977412495134","0.014251716928619897","84","hold"
"490","SOSO","SoSoValue","0.2738466060864505","-0.934561021697","-24.525017351049","-24.722915421504","93351412","3892635.55","42.1","73","1418","975","986","0.27625005953665077","0.004261109304735084","75","hold"
"491","PYTHIA","PYTHIA","0.019697165856382662","-0.444740706616","-13.609227123279","-57.19126018296","19215435","49060.56","42.1","65","3129","840","10","0.002801724741751022","0.0008771058425236483","100","hold"
"492","AO","ao Computer","1.93","0.20886781924124545","-2.3681529179564413","","11842352","242610","42.1","38","530","1576","17","0.004762932060976738","0.000540554826285307","","hold"
"493","EITHER","Eitherway","0.100367","-4.3321985093753606","8.291287112691757","","10042456","1379830","42.1","47","2844","1339","257","0.07200432586300126","0.000458396951767507","88","hold"
"494","SN1","Apex","2.32","-2.5432206240708237","19.804673226030157","","10438393","68004","41.8","41","5372","2378","2","0.0005603449483502044","0.00047646985284787737","","hold"
"495","EGLD","MultiversX","2.852459900011845","-2.206654412532","-3.384303212027","-31.487680924258","86909067","3760450","41.7","40","2168","320","347","0.09721984853876046","0.003967042663045577","23","hold"
"496","MOG","Mog Coin","1.0572054225649212e-7","-3.490202972641","-1.743194838226","-30.659017917588","41694061","7724308.37","41.7","52","2404","396","334","0.09357760637448413","0.0019031629781806854","21","hold"
"497","ADA","Cardano","0.16598124653297136","-4.47035197745","1.872638578364","-35.975541096129","6232763064","293984407.63","41.6","56","1379","65","4316","1.209224398539741","0.2845000854000961","71","hold"
"498","USDG","Global Dollar","0.9998540575800227","-0.012055746946","-0.038189603603","0.037226368197","2642352121","54555574.85","41.6","45","909","640","108","0.030258627210911035","0.12061254316302772","20","hold"
"499","BBSOL","Bybit Staked SOL","77.215178267708","-1.741131154088","3.08860580076","-24.735589651875","119292010.9","553867.48","41.6","41","4862","1364","3","0.0008405174225253065","0.00544519131244152","","hold"
"500","LQTY","Liquity","0.19636633854325306","-3.121327539472","-3.956663104187","-31.642461669515","19682656","3418764.12","41.6","39","3067","684","87","0.02437500525323389","0.0008984325660066055","0","hold"
"501","FUL","Fulcrom Finance","0.0009219991858491961","2.131487300158","3.112737515609","-15.039365177559","15391365.71","1043.47","41.6","36","500","2352","11","0.0030818972159261243","0.000702552754525679","50","hold"
"502","ROSE","Oasis","0.00617002800341681","-4.075745156388","-7.560464354534","-40.029748548231","48639149","1940096.99","41.4","45","2540","660","419","0.11739226667936782","0.0022201777770463308","43","hold"
"503","HIVE","Hive","0.04895230442614625","-2.120380050741","-2.93700975491","-18.896032775088","27181933","2055793.19","41.4","58","2125","439","318","0.0890948467876825","0.0012407438210681337","53","hold"
"504","FLOKI","Floki","0.000024567124452296332","-1.687675940455","0.440341146105","-25.388552415919","238973733","14194594.35","41.3","49","1799","160","558","0.15633624058970702","0.01090817134371334","44","hold"
"505","UPUMP","Unit Pump","0.00153741","-0.9062276393025712","3.75332513726579","","49046076","144709","41.3","38","4931","1114","1","0.0002801724741751022","0.0022387523265780286","","hold"
"506","XVS","Venus","2.4718413665282974","-0.061656631597","6.124291183024","-9.179740873469","41631016","2943047.44","41.3","54","1375","1446","10","0.002801724741751022","0.001900285232355941","67","hold"
"507","GLMR","Moonbeam","0.009240795448161341","-1.952611435321","0.135450457551","-39.724896935199","11001954","2761392.73","41.3","41","2458","411","129","0.03614224916858818","0.0005021941024273674","12","hold"
"508","AVAX","Avalanche","6.507221957158945","-2.474136867591","-3.403918433535","-31.39225058395","2832995655","174048693.27","41.2","57","1200","139","1428","0.4000862931220459","0.12931463903079005","67","hold"
"509","VBNB","Venus BNB","15.146515787490593","-0.149288061962","2.561225709868","-9.994082140916","340843724.55","340801934.32","41.2","47","1818","1108","4","0.0011206898967004088","0.015558118886734858","","hold"
"510","SATS","SATS (Ordinals)","9.373097675743443e-9","-3.262341996533","-1.150758187791","-31.211444827719","19943934","2566493.91","41.2","76","2227","174","632","0.1770690036786646","0.000910358835712334","76","hold"
"511","SN81","Patrol","1.94","-0.8952187607615488","21.17972736302371","","7461242","42115","41.2","41","4957","1097","1","0.0002801724741751022","0.00034057511321928597","","hold"
"512","ATOM","Cosmos","1.9353023917308858","-1.886957146072","14.748348368505","-1.044176685582","993504441","27434201.81","41.1","53","1928","132","457","0.1280388206980217","0.04534940529705891","50","hold"
"513","KTA","Keeta","0.157147","-6.51308424281588","8.229041588024073","","87108102","1886407","41","51","2716","1028","441","0.12355606111122007","0.003976127794939115","43","sell"
"514","SENTIS","SentismAI","0.09881772919211214","4.535968340793","-0.641648472077","31.99707541998","19357165","2981721.83","41","57","376","743","9","0.00252155226757592","0.0008835752360638348","0","hold"
"515","SN63","Alpha Trader Exchange (ATX)","2.22","-1.7894176934450474","23.72052153214243","","9971011","112308","41","41","5494","2468","1","0.0002801724741751022","0.00045513578037486863","","hold"
"516","DODO","DODO","0.015383558044429464","3.648223283783","6.482621465709","-14.327341766379","15466069","1343520.65","40.9","22","127","1656","118","0.033060351952662055","0.0007059626535008902","8","hold"
"517","NCT","PolySwarm","0.0059503849520490815","0.172651149348","-3.675130709825","-28.298750926501","11307062","189117.67","40.8","59","532","1397","29","0.008125001751077963","0.0005161210319712838","100","hold"
"518","BORG","SwissBorg","0.1568835923947728","-1.590783085348","-0.641245985378","-14.72629053506","153737078","118144.62","40.7","52","3561","815","12","0.003362069690101226","0.0070174674331501645","","hold"
"519","AVNT","Avantis","0.10560073106965745","-5.582480123004","1.925017885871","-24.581303109325","34597144","15846524.51","40.7","58","2866","438","245","0.06864225617290004","0.0015792178078212634","14","sell"
"520","UTYA","Utya","0.0193212","-1.561124407118662","1.0346950463602467","","19324887","390806","40.7","36","2215","1311","121","0.03390086937518737","0.0008821018776733026","66","hold"
"521","LUCIC","Lucidum Coin","0.07909425547695748","-0.85067772666","2.068271242768","-17.285822649815","12979794.04","19921.96","40.7","40","4984","1830","2","0.0005603449483502044","0.0005935114057587465","","hold"
"522","ESPORTS","Yooldo Games","0.070557","-66.9679688903309","12.744961894705579","","10710535","18596220","40.6","39","2819","958","618","0.17314658904021316","0.0004888920196214148","49","sell"
"523","MATT","MATT","0.00015573986411438037","1.388683783278","10.628432493114","54.442738534207","9823435.15","10459.3","40.6","51","624","1476","7","0.0019612073192257153","0.00044839954774467355","","hold"
"524","FOLKS","Folks Finance","1.71938087614151","-8.18","0.6688502436550253","","28679948.12","1815452.28","40.5","37","2900","1009","272","0.0762069129756278","0.001309122070841858","43","sell"
"525","AUDIO","Audius","0.015136465728221938","-0.413389975011","0.63242192065","-26.059605776603","21715793","2088857.84","40.5","50","1710","1110","60","0.01681034845050613","0.0009912369361054871","83","hold"
"526","SD","Stader","0.14288199295363357","2.780659209717","-5.620048686181","-23.835238322461","10286807","1491036.37","40.5","20","84","827","89","0.024935350201584095","0.00046955057330802877","14","hold"
"527","SRX","StorX Network","0.05408866171058325","0.150432354928","-1.265931438192","-11.295988902002","45109943.87","2251477.49","40.4","27","2889","2468","2","0.0005603449483502044","0.0020590840292863954","","hold"
"528","FRXETH","Frax Finance","1653.999247982209","-1.190793851187","1.647195133259","-25.168247562917","86587053.52","75316.36","40.3","32","4955","1739","2","0.0005603449483502044","0.003952344067636242","100","hold"
"529","LINEA","Linea","0.002447110755583678","-5.606429646862","-3.022815332263","-32.295696668843","75786545","13104802.14","40.3","48","2727","52","382","0.10702588513488905","0.003459345125633709","22","sell"
"530","ORDI","ORDI","3.2491725756253533","-3.30738180747","8.900351003819","-24.917961149367","69362531","16646536.44","40.3","54","2387","350","242","0.06780173875037473","0.0031661152189543284","32","hold"
"531","CATI","CATIZEN","0.06000317116044688","3.013859437037","34.296721819581","5.994186254366","27239328","4997830.14","40.3","44","124","301","124","0.03474138679771267","0.0012433636675525691","27","hold"
"532","SN68","NOVA","5.52","-1.245949232653095","26.46509285548407","","24229746","253395","40.3","40","5450","2087","1","0.0002801724741751022","0.0011059885857106016","","hold"
"533","AIXBT","aixbt by Virtuals","0.02302219","-3.8757490789703954","7.147713690219107","","22902158","7851903","40.3","48","2438","47","321","0.08993536421020781","0.0010453896353738393","29","hold"
"534","BNKR","BankrCoin","0.00048101","-3.5025789446807636","-14.065914170179946","","48110778","2063465","40.2","55","2440","79","304","0.08517243214923106","0.0021960598067209095","55","hold"
"535","COOKIE","Cookie","0.009177531984069367","-0.349315130123","-5.896859693301","-46.166450348118","7159576","2025772.85","40.2","22","1783","1324","98","0.027456902469160018","0.00032680529686640407","8","hold"
"536","SENT","Sentient","0.01538815656760905","-6.117815371092","20.190716339479","-1.070984037771","113325520","18534053.07","40.1","35","2978","360","157","0.043987078445491046","0.005172845459862374","31","sell"
"537","DUSK","Dusk","0.0882617037423078","-2.88379117068","-5.094174502562","-38.663975918123","52497810","3515688.04","40.1","26","2566","796","240","0.06724139380202453","0.002396309834812296","16","hold"
"538","PROM","Prom","1.0425557622186628","-2.579543691373","2.676475360658","-39.284360882036","19026642.66","865657.89","40.1","36","3808","1596","14","0.0039224146384514305","0.0008685002924835471","100","hold"
"539","EGL1","EGL1","0.01170991","-0.8446256735267461","-9.90072164317903","","11193073","1430796","40.1","36","3495","1182","6","0.001681034845050613","0.000510917901369066","","hold"
"540","B","BUILDon","0.2363131444873484","1.662679067278","-16.828279372335","-48.425626983941","238220629","6715397.49","40","72","316","1065","17","0.004762932060976738","0.010873795233132033","100","hold"
"541","HUMA","Huma Finance","0.02404832819631658","5.725822050562","-2.003195411957","-4.417251775771","41932522","13330102.61","40","38","23","108","320","0.0896551917360327","0.0019140477453646724","25","hold"
"542","OHO","OHO Blockchain","0.00076953","-0.20493062829221487","3.5933328814961683","","17674868","131870","40","62","2494","1361","11","0.0030818972159261243","0.0008067852738506449","100","hold"
"543","SHIBTC","ShibaBitcoin","103.9086453509339","0","0","","12114039.87","35.44","40","40","1797","3058","3","0.0008405174225253065","0.0005529562638858508","","hold"
"544","ENS","Ethereum Name Service","4.8340760569776","-1.735308176752","3.707309377432","-27.631033533249","196833670","6690651.34","39.9","81","2501","199","36","0.01008620907030368","0.008984650202421738","75","hold"
"545","UAI","UnifAI Network","0.29107583916666346","7.827964596146","0.139118384336","23.349808231704","69101216","4988638.36","39.9","37","17","1058","318","0.0890948467876825","0.0031541872603502654","67","hold"
"546","HT","Huobi Token","0.089518","-2.3042685682677284","-18.286026446776244","","9793019","43153","39.9","58","2472","257","169","0.047349148135592274","0.0004470111751748058","56","hold"
"547","MORPHO","Morpho","1.9201980508448704","-1.108038645016","12.235361175889","4.708766617248","1256476257","9702941.2","39.8","51","1827","358","244","0.06836208369872494","0.05735299076013345","19","hold"
"548","SN11","Dippy","2.4","-1.8592766568143868","20.97070990283048","","9877610","349315","39.8","28","3366","778","5","0.001400862370875511","0.00045087240758119774","100","hold"
"549","KLED","KLEDAI","0.00796318","-6.6142861860345485","-10.723239773301966","","7961508","618423","39.8","50","3489","622","40","0.011206898967004088","0.0003634102054987964","70","sell"
"550","XSGD","XSGD","0.7784867485114139","-0.029823524554","0.63175520832","-0.414411345969","15021819","247214.91","39.5","43","1295","1177","12","0.003362069690101226","0.000685684462008419","","hold"
"551","PUNDIX","Pundi X","0.09950575738494863","-2.290001364652","-1.654412668722","-31.910852123806","25929741","2054525.44","39.4","68","2583","248","34","0.009525864121953475","0.0011835863890786228","100","hold"
"552","KEEP","Keep Network","0.05459779963090697","56.157295225287","195.975672476516","-45.332696913683","9989150","11283.88","39.3","81","483","873","6","0.001681034845050613","0.0004559637513720143","100","hold"
"553","TTC","Tongtongcoin","0.059287756419899994","0.013833811151","19.981579009903","23.458328860806","9576241.72","1.26","39.3","35","2599","1898","4","0.0011206898967004088","0.00043711618092594364","","hold"
"554","ORCA","ORCA","1.087957386977392","-5.140727753242","5.576031253356","-21.908690106768","66746905","17141279.32","39.2","67","2652","53","428","0.11991381894694372","0.00304672261366297","60","sell"
"555","TRILLIONS","trillions","0.02269223","0","0","","22692226","3283449","39.2","49","816","633","70","0.019612073192257152","0.0010358071000977618","56","hold"
"556","VELO","Velodrome Finance","0.013504887907385287","-3.609013890505","5.396216954486","-18.220920910271","16479811","1687452.46","39.2","43","2368","172","559","0.15661641306388213","0.0007522358204113248","57","hold"
"557","FAR","FARCANA","0.00280129574007058","0.020167758006","20.298996393956","3.388573032142","13650628","256450.61","39.2","65","1396","2231","7","0.0019612073192257153","0.000623095213452982","","hold"
"558","ADS","AdShares","0.39417322971728674","-1.300316788322","-0.958901067075","-33.458223639951","15319275","35663.83","39.1","61","3548","1642","10","0.002801724741751022","0.0006992621091183448","","hold"
"559","CTK","Shentu","0.1250039318660808","-1.598008353612","-0.426415385384","-33.932464523386","20232815","1407051.88","39","48","3650","1017","8","0.0022413797934008176","0.0009235450692217015","100","hold"
"560","HOT","Holo","0.00030779646233053485","-1.502497176016","-1.335310722155","-26.564917232635","55327740","2379302.57","38.9","67","1902","291","221","0.06191811679269758","0.00252548453925864","87","hold"
"561","KONET","KONET","0.04559085816053937","3.086722320614","-1.065631290202","33.725706409785","20582565","1696929.68","38.9","23","542","2293","5","0.001400862370875511","0.000939509723075369","","hold"
"562","PARTI","PARTI Token","0.060461","2.918779112832013","7.880641988872468","","14087095","16920239","38.9","32","78","899","267","0.07480605060475229","0.0006430181428984393","11","hold"
"563","KCS","KuCoin","6.8898420934962115","-0.579919638179","7.313872206778","-15.867753980465","934056291","1782186.19","38.8","64","2640","409","15","0.004202587112626533","0.042635840931109226","100","hold"
"564","NILA","MindWaveDAO","0.07845493438962288","-0.757037069559","-0.299279333547","-0.49140078915","66135959","229667.91","38.8","62","3101","1346","10","0.002801724741751022","0.003018835433067451","100","hold"
"565","BSOL","BlazeStake Staked SOL","87.23460387066497","-1.470083680114","3.585483891638","-24.303943998866","93813987.95","135790.43","38.7","41","3542","1015","8","0.0022413797934008176","0.0042822240007258814","","hold"
"566","RPL","Rocket Pool","1.3472815191943102","-2.766745698541","1.037996956695","-28.159303116338","30667915","7548745.73","38.7","38","2832","576","85","0.023814660304883686","0.0013998646101177844","6","hold"
"567","ASTER","Aster","0.621757","-2.8945039583390284","-1.0763458215547965","","1664808418","43903384","38.6","46","2107","128","684","0.1916379723357699","0.07599168013164166","55","hold"
"568","HNT","Helium","0.2882583396478749","-3.453200364864","-41.426856801816","-66.502298278301","53062435","5052970.46","38.6","47","2544","524","206","0.05771552968007105","0.0024220826516303854","18","hold"
"569","AGI","Delysium","0.005401132052375151","-1.186097347684","3.496696867487","-36.9144356417","13998742","657070.59","38.6","68","3134","932","11","0.0030818972159261243","0.0006389851906127121","50","hold"
"570","FTN","Fasttoken","4.256965020895001","0","1.690772053345","1.353446656574","1838873525.17","31","38.5","35","1236","2559","4","0.0011206898967004088","0.08393703877058542","","hold"
"571","OHM","Olympus","16.3","-1.5585985194324552","-5.918416905107124","","242720932","15040.64","38.5","56","2884","463","40","0.011206898967004088","0.011079215618068763","36","hold"
"572","COW","CoW Protocol","0.14923804121869758","1.940270523944","8.328457368245","-15.318970576275","87022764","3940936.73","38.5","55","321","508","19","0.0053232770093269415","0.003972232465044721","0","hold"
"573","SHX","Stronghold","0.0042330039185419195","-2.410530116177","-9.441086351548","-9.109411101424","75267713","318341.12","38.5","42","2471","1082","107","0.02997845473673593","0.0034356625715573517","79","hold"
"574","SN14","TAOHash","3.38","-1.8849262941975742","32.32360844604094","","14157312","45252","38.5","38","4838","2369","4","0.0011206898967004088","0.0006462232611247236","","hold"
"575","SN41","Sportstensor","2.1","12.129164216613054","68.42264037959163","","8853122","570560","38.5","26","420","487","4","0.0011206898967004088","0.0004041087298192649","100","hold"
"576","SEI","Sei","0.05248571776734372","-3.148056904728","5.838418670748","-17.324136899025","354731536","28204275.94","38.4","48","2172","25","460","0.128879338120547","0.01619204055245108","42","hold"
"577","DRV","Derive","0.10021107286449722","-1.791572976989","0.569278607925","29.094990581116","100164997","94938.33","38.4","32","3125","1747","25","0.007004311854377555","0.0045721215306894535","67","hold"
"578","NPC","Non-Playable Coin","0.004894037670881672","-1.425305632761","-0.803532767872","-37.171331519015","39723214","3577015.48","38.4","34","1814","878","351","0.09834053843546087","0.0018132018912513392","44","hold"
"579","NYM","Nym","0.018014054165682906","-0.579131775599","-5.857159193183","-34.212042178396","14980049","1194983.27","38.4","40","3150","2021","7","0.0019612073192257153","0.000683777832726167","100","hold"
"580","HFT","Hashflow","0.009940136630645734","-1.00346794531","-3.330251770286","-31.20901188848","8413506","4214640.89","38.4","33","2082","1514","99","0.02773707494333512","0.00038404206143174843","11","hold"
"581","FF","Falcon Finance","0.06996925286809288","-10.8296783197","-27.650964512058","-17.976352467078","202954711","22750092.57","38.3","47","3066","649","147","0.041185353703740026","0.009264050633555707","42","sell"
"582","OSAK","Osaka Protocol","1.7209504196072964e-8","-2.01887588282","14.344128094375","-38.682847670432","13144264","78522.99","38.3","50","4404","1639","4","0.0011206898967004088","0.0005999817724695411","","hold"
"583","EPS","Ellipsis","0.013704128489151429","0.515313737084","3.237264242438","-9.774331595779","9552435","3.44","38.3","38","1280","1662","3","0.0008405174225253065","0.00043602950174312393","","hold"
"584","LDO","Lido DAO","0.256406429521311","-3.198076812489","-4.03130632713","-29.806980384236","218304909","29062995.27","38.2","45","2331","365","284","0.07956898266572902","0.009964724250868811","11","hold"
"585","VRSC","Verus","0.4096998272263746","-8.070607332791","-5.812941831577","-46.043445325602","32954806","161.08","38.1","38","5409","1622","4","0.0011206898967004088","0.001504251810163724","","sell"
"586","GCB","Global Commercial Business","0.0143401142210122","-0.902071562933","-11.710686943354","-15.098116504513","17235511","344.26","38.1","38","4836","1617","2","0.0005603449483502044","0.000786730427751472","","hold"
"587","9BIT","The9Bit","0.0435969","-0.4771907973662058","-0.34157700626218335","","357506598","6315338","38","31","3237","1925","3","0.0008405174225253065","0.016318710757604663","","hold"
"588","DEEP","DeepBook Protocol","0.016713164795241302","-5.189103020837","0.445065459788","-50.745296117549","89115818.89","4302866.42","38","55","3407","257","33","0.009245691647778373","0.004067975401392595","75","sell"
"589","SOL","Solana","66.98232968513855","-1.76511262959","3.137480161459","-24.878667566433","39246044839","1416842261.45","37.9","56","1077","57","34318","9.614958968741156","1.7914210749968436","82","hold"
"590","EURS","STASIS EURO","1.208124331619049","0","-0.410959482822","0.00952209684","149822480","272.82","37.9","41","1732","2698","5","0.001400862370875511","0.006838782080623333","","hold"
"591","DOLA","DOLA","0.9961659930211705","-0.006197548064","0.172236696775","0.264744249346","90039475.33","96070.86","37.9","30","1762","2145","4","0.0011206898967004088","0.0041099329715776345","","hold"
"592","EVER","Everscale","0.0059602059117953325","14.642771715255","18.125238399023","99.181044642872","11587368","28152.07","37.9","21","649","1473","5","0.001400862370875511","0.0005289158518800933","","hold"
"593","GNS","Gains Network","0.5790161233841674","-3.046074406275","22.549524792156","6.858771903428","13902160","911513.28","37.8","69","2830","723","79","0.022133625459833075","0.000634576618208152","67","hold"
"594","BERT","Bertram The Pomeranian","0.01407318707692513","-0.221819952647","-5.785489261948","-7.401302647714","13748363","788108.56","37.8","61","1453","497","231","0.06471984153444861","0.0006275564155813257","59","hold"
"595","LSETH","Liquid Staked ETH","1821.9947214849576","1.608517778274","3.385781097138","-27.638768152677","780144773.05","10711.67","37.7","45","662","2061","5","0.001400862370875511","0.03561041102928144","100","hold"
"596","SFRXETH","Frax Staked Ether","1937.4295514070868","-0.195818556836","3.432755429779","-27.224236134405","233864386.24","15342.6162844","37.6","37","4671","1862","2","0.0005603449483502044","0.010674950607639696","","hold"
"597","REQ","Request","0.05564798103859572","-3.685888448003","-2.051435838652","-18.381667433663","41649355","2426377.29","37.5","51","3068","719","96","0.026896557520809806","0.0019011223325332742","0","hold"
"598","SOPH","Sophon","0.0054897577628178805","-6.213175471337","1.433286736079","-34.783699607501","19191334","6713747.39","37.5","70","3226","138","61","0.017090520924681236","0.0008760057306650999","73","sell"
"599","CROSS","CROSS","0.08983145214360165","-3.856400796169","-2.114969520468","-8.15391911717","39216799","2775341.78","37.4","24","2912","836","126","0.035301731746062874","0.0017900861223269502","39","hold"
"600","GMT","GMT","0.007988077752013184","-4.562227075109","0.893959590844","-31.067918758572","25177104","3869117.68","37.4","51","3063","1167","101","0.028297419891685324","0.0011492315951330539","25","hold"
"601","HDX","Hydration","0.003726521683895062","-1.933650636671","7.395603654834","-22.212841464844","22293372","1418.75","37.4","2","5418","2135","2","0.0005603449483502044","0.0010176010499243502","","hold"
"602","SAITAMA","Saitama","0.00017052808173820535","-0.009411479574","0.006611030835","-0.118543604177","7641831.25","67120.5","37.4","37","2013","1770","6","0.001681034845050613","0.0003488182722355645","","hold"
"603","SYS","Syscoin","0.0019106574269007563","2.189793209027","3.269751338976","-65.635238112606","11099510","119211.55","37.3","48","213","1931","117","0.03278017947848696","0.0005066471339394428","7","hold"
"604","USDE","Ethena USDe","0.9994638353978875","-0.001685926291","-0.001707076268","-0.042837927419","4485358243","102832535.31","37.2","70","848","502","42","0.011767243915354293","0.20473821803913914","100","hold"
"605","UNP","UNIPOLY","0.1375348757335932","0.4774360328","4.479777364591","-14.856072799545","38519580","244793.77","37.2","57","588","901","18","0.00504310453515184","0.0017582609329196593","67","hold"
"606","MLK","MiL.k Alliance","0.03667586735285185","-3.582388190915","-3.907475299183","-27.368474897918","20374306","2378688.37","37.2","43","4716","1357","5","0.001400862370875511","0.0009300035533915636","","hold"
"607","ETN","Electroneum","0.0008298310960981045","-1.220408463486","-5.026011350049","-18.888666596108","14949501","237218.59","37.2","65","2251","558","89","0.024935350201584095","0.0006823834417442603","77","hold"
"608","OSETH","StakeWise Staked ETH","1763.0278325795273","-0.649470405341","3.213071444579","-26.347454505705","316815109.22","3551.43","37.1","37","5422","1953","1","0.0002801724741751022","0.014461311091663017","","hold"
"609","TBTC","tBTC","63983.77395671883","-0.161842494846","2.933294789538","-19.056050480248","542200200.26","4574206.76","37","63","1765","544","25","0.007004311854377555","0.024749216630564858","100","hold"
"610","NBASIS","Nest Basis Vault","1.062","0","0.0376666986833564","","25524423","17.77","36.9","36","2989","1735","1","0.0002801724741751022","0.0011650852838015367","","hold"
"611","CXO","CargoX","0.15173499906808705","-0.486094780974","-3.033883942747","4.052383367315","25399695","18474.64","36.9","56","2974","1480","17","0.004762932060976738","0.0011593919618691274","100","hold"
"612","TAG","TAGGER","0.0009934599161612536","-0.719291217368","-7.27917816111","-15.498245842886","108863370","3830782.63","36.8","48","1857","889","140","0.039224146384514304","0.004969166602984197","8","hold"
"613","DBR","deBridge","0.015808309428596387","1.70520466024","9.021580023834","15.134162519192","84882685","5013986.01","36.8","36","593","970","5","0.001400862370875511","0.0038745466310075435","","hold"
"614","CBK","Cobak Token","0.19701112631620524","-0.792574213605","-0.179475264073","-21.349481437422","19667166","2996502.54","36.8","36","4880","2014","2","0.0005603449483502044","0.0008977255110010492","","hold"
"615","WMON","WMON","0.02132675","-0.463","0","","9479804.1","779.7","36.8","61","3682","1457","5","0.001400862370875511","0.00043271419887656117","","hold"
"616","TT","ThunderCore","0.0006573578545191584","-2.114094764022","-0.839414136484","-23.938487591459","9107593","264222.18","36.8","79","3631","1828","8","0.0022413797934008176","0.00041572428787729656","100","hold"
"617","VITA","VitaDAO","0.30367961726449416","-0.811219693583","10.376754240873","-36.742131244181","7733225","1664.69","36.8","49","2765","1187","9","0.00252155226757592","0.0003529900222945741","33","hold"
"618","ENSO","Enso","0.6186983829545561","-1.081235626463","9.591378037045","-25.55344614856","12832942","23066443.2","36.7","30","1751","812","299","0.08377156977835556","0.0005857711992971853","9","hold"
"619","CHILLGUY","Just a chill guy","0.008601373950199609","-1.954979468425","-1.574709399335","-43.410836550979","8698361","5213638.96","36.7","43","2400","196","184","0.0515517352482188","0.0003970445245439327","20","hold"
"620","SDEX","SmarDex","0.0008306699599134765","1.555275171104","-27.490592193065","-48.288519778165","8008024","225389.4","36.6","21","630","2397","7","0.0019612073192257153","0.0003655334702269085","","hold"
"621","USDC","USDC","0.9996756930709787","0.008529498838","0.000640002435","-0.012033183106","74821714083","4663324071.47","36.5","59","610","303","6356","1.7807762458569496","3.415304549172747","92","hold"
"622","MAGMA","Magma Finance","0.32748816240107775","-3.26475298217","-26.081877767717","52.727283353247","62288091","3625633.15","36.5","46","2656","1018","89","0.024935350201584095","0.0028431960315103287","86","hold"
"623","ETC","Ethereum Classic","6.993044742248783","-2.460298342795","-0.406024128923","-22.328211623921","1105194202","30067073.87","36.4","36","2320","730","237","0.06640087637949922","0.05044758506364602","22","hold"
"624","CKB","Nervos Network","0.001108932365603495","-2.790256098135","4.427442534952","-26.919037472606","54717554","2375936.97","36.4","43","2510","211","229","0.0641594965860984","0.002497632049547836","10","hold"
"625","AIC","AIC","0.02095578","-3.8332512987928884","-7.120977185486003","","21083361","1660726","36.4","36","4566","2107","6","0.001681034845050613","0.0009623690076823775","","hold"
"626","REZ","Renzo","0.00321889392682037","1.251311584123","-0.971116982488","-40.939415317263","28100677","12212205.18","36.3","38","159","447","225","0.06303880668939799","0.0012826807186810969","7","hold"
"627","DOGS","DOGS","0.00004264633339243299","-2.431901406801","5.301918608335","-24.716368278662","22296818","7849321.03","36.3","48","2316","239","136","0.0381034564878139","0.0010177583456989884","24","hold"
"628","SN93","Bitcast","3.38","4.212472020491656","30.985752502897146","","11543106","424083","36.3","33","463","742","4","0.0011206898967004088","0.0005268954730126994","","hold"
"629","RSS3","RSS3","0.007227743241905007","-2.296717082001","2.87962829333","-24.694140592099","10980880","1213334.99","36.3","54","3513","566","9","0.00252155226757592","0.0005012321607109637","50","hold"
"630","JITOSOL","Jito Staked SOL","86.31691270309972","-1.329631082839","3.639165647914","-24.215085546971","894540922.14","5664128.45","36.2","36","4686","1153","2","0.0005603449483502044","0.04083212631852913","","hold"
"631","MANTA","Manta Network","0.07843783006285421","-4.588931974331","-4.644260335708","-0.598158064252","37710937","5319091.72","36.2","43","2696","120","220","0.061637944318522486","0.0017213496946460601","10","hold"
"632","ADX","AdEx","0.05669948890600945","-1.074629200276","-0.000677514037","-22.840185632162","8376194","3452603.13","36.2","59","2051","594","54","0.015129313605455517","0.0003823389215758856","96","hold"
"633","DESO","Decentralized Social","3.248616764435586","2.488181843592","-11.163612159238","-13.999482173672","33527180","9523.68","36","46","755","1680","6","0.001681034845050613","0.0015303783370681958","100","hold"
"634","XYO","XY Oracle","0.003522338591982906","-3.590980681729","-5.302110339277","-11.957608924879","49228479","5946118.24","35.9","49","2579","168","212","0.05939656452512166","0.0022470782758471364","22","hold"
"635","OMI","ECOMI","0.00022535631848715087","-6.179843594976","10.079860290407","59.614762995886","61337425","877057.75","35.8","53","3071","356","185","0.05183190772239391","0.0027998020254475678","43","sell"
"636","UNI","Uniswap","2.4927827002354563","-2.484343742629","-1.357212902976","-30.146477806314","1562725492","68032911.01","35.7","52","2053","178","431","0.12075433636946904","0.0713320130038088","35","hold"
"637","REAL","RealLink","0.060053920818501964","0.408702691478","16.734536126706","-20.308984714239","198284904","6532208.76","35.7","58","347","366","27","0.007564656802727759","0.009050893085826092","89","hold"
"638","CHEEMS","Cheems Token","5.80784e-7","-1.4624646212892496","20.537222325816348","","118263384","1041622","35.7","69","2879","276","22","0.006163794431852249","0.005398238710860188","100","hold"
"639","MANA","Decentraland","0.06525940438424142","-2.182184564223","-3.399562074228","-28.630128820658","127860832","8946347.66","35.6","40","2160","618","193","0.054073287515794724","0.005836322871542312","12","hold"
"640","C98","Coin98","0.014117722345145583","-3.624024364772","-2.820761342926","-30.967682207247","14260302","9243466","35.6","50","4045","1197","8","0.0022413797934008176","0.0006509243324625055","100","hold"
"641","PENDLE","Pendle","1.2874236940230985","-2.697251441333","2.945952892483","-34.262359531954","221979411","31082856.99","35.5","39","2226","71","273","0.0764870854498029","0.010132450205163618","23","hold"
"642","HASUI","Haedal Staked SUI","0.8034695771550154","-2.93105523682","-0.583123390057","-31.769200532342","70661324.09","48673.65","35.5","40","4522","1070","4","0.0011206898967004088","0.003225399799681663","100","hold"
"643","HP","Hippo Protocol","0.010343028795475818","-1.683272631583","-2.789018209165","-36.946116402355","14448718","161358.29","35.5","27","4875","2057","3","0.0008405174225253065","0.0006595247505339641","0","hold"
"644","W","Wormhole","0.009454140392732867","-2.4056271847","-2.198323814274","-27.573585214493","57628950","168658062.34","35.4","52","1289","28","364","0.1019827805997372","0.002630525342960136","35","hold"
"645","ELG","Escoin","0.27745768053673475","-1.399901152472","-2.525237597615","-0.982670100468","52629200","182587.07","35.4","35","4947","1991","2","0.0005603449483502044","0.0024023072497367653","","hold"
"646","SN3","?emplar","5.72","-1.3012500456661606","21.55875167386181","","26912673","65912","35.4","35","4761","1645","3","0.0008405174225253065","0.0012284532057811046","","hold"
"647","STO","StakeStone","0.049894074794372294","-4.991003788592","-6.318699081747","-32.343190861299","11348851","6192331.21","35.4","52","3028","961","80","0.022413797934008176","0.0005180285285256538","89","hold"
"648","TNSR","Tensor","0.028650087303316394","-3.382276227675","-3.765540752622","-26.693493698505","9678910","4433872.55","35.4","42","2768","435","131","0.03670259411693839","0.0004418025670644752","6","hold"
"649","LION","Loaded Lions","0.0015848610376771532","-0.311703547175","0.372869745127","-15.818249692833","48560088","30890.87","35.3","64","2231","985","32","0.00896551917360327","0.0022165689664721353","80","hold"
"650","ACE","Fusionist","0.08285808503743827","-2.247039607293","-6.886177664197","-31.091533109309","8574635","2430544.93","35.2","56","2241","628","218","0.061077599370172285","0.00039139693980426476","48","hold"
"651","CRV","Curve DAO Token","0.2316320167601759","-4.203993647655","20.155874315405","-7.359183427164","353908600","36077797.24","35.1","41","2313","660","429","0.12019399142111885","0.01615447689731535","62","hold"
"652","REUSD","Resupply USD","0.999397","0.04351545555410306","-0.027384987021127325","","33139517","32551","35.1","32","3916","2072","1","0.0002801724741751022","0.001512683110172201","","hold"
"653","AIAT","AI Analysis Token","0.22241120982695897","0.929016031614","3.168441360034","36.432756429228","24582067","363745.54","35.1","22","1304","2228","1","0.0002801724741751022","0.0011220705951755852","","hold"
"654","SPELL","Spell Token","0.00012229364536320194","-0.807807133309","-1.335075653466","-25.958692616471","21095782","4789206.91","35.1","38","1868","899","247","0.06920260112125023","0.0009629359754179497","12","hold"
"655","USDB","USDB","0.9957568691650189","0.427450079419","0.048261145344","-0.609996398441","18352013.26","5779.2","35.1","8","943","2426","5","0.001400862370875511","0.0008376941793104067","","hold"
"656","PIPPIN","Pippin","0.01700288146508626","-4.022455020053","18.642276817211","-26.148766923049","17361754","6581247.78","35.1","39","2437","912","491","0.1375646848199752","0.0007924929032238052","38","hold"
"657","PUFFER","Puffer","0.01487041","5.7075971181887795","0.10851298779563429","","7210988","2130073","35.1","54","216","1293","15","0.004202587112626533","0.00032915204392551696","100","hold"
"658","WBNB","Wrapped BNB","608.7196641378991","0.038851060996","2.844492455718","-9.772364021622","1060824650.69","161978525.03","35","55","1099","637","11","0.0030818972159261243","0.0484222969198099","100","sell"
"659","SN9","iota","8.21","-2.9493859968950926","10.056016436773826","","35697913","628165","35","35","5045","1432","1","0.0002801724741751022","0.0016294634005527791","","sell"
"660","STAR","Starpower","0.1452551810921449","-3.895950653657","-4.13933235163","-21.363762121643","27197466","4715352.88","35","58","2691","173","57","0.015969831027980826","0.0012414528388474304","86","sell"
"661","THOR","THORSwap","0.036266117518391136","0.081612374003","0.210410570123","30.695926885068","9228697","3191.7","34.9","11","2913","1841","3","0.0008405174225253065","0.0004212521890647006","","sell"
"662","ACS","Access Protocol","0.00013924218029984285","-1.123611644302","-3.830469614216","-25.101166400688","7205173","602552.26","34.9","52","2992","1115","10","0.002801724741751022","0.0003288866130115525","100","sell"
"663","WOCT","Wrapped OCT","0.0747794999030472","0.763","-0.2560393276361534","","46752347.56","173170.11","34.8","53","453","2197","10","0.002801724741751022","0.002134053025423168","100","sell"
"664","XT","XT.com Token","3.4342823697809237","-1.10623850978","2.88924970735","-19.982748226652","20901227.28","3423033.14","34.8","30","3700","1287","5","0.001400862370875511","0.0009540553499414747","","sell"
"665","INCO","InfinitiCoin","0.00934676","0.0016737251794970859","0","","9346760","26.25","34.8","24","2205","2858","5","0.001400862370875511","0.0004266412810673468","","sell"
"666","TGC","TG Casino","0.12022952657821262","-1.001397812741","-0.011859802717","-9.15399053174","9314711","26317.51","34.8","24","3685","1825","7","0.0019612073192257153","0.00042517837558812973","","sell"
"667","GALA","Gala","0.002567261162804352","-4.290049931369","-0.760285513311","-26.272822324373","125918643","11548194.09","34.7","40","2516","256","239","0.06696122132784943","0.005747669904842096","13","sell"
"668","AIOZ","AIOZ Network","0.05644032446876035","0.954734103043","-2.342673757796","-20.262940366995","70068938","3089470.86","34.7","55","237","486","114","0.03193966205596165","0.003198359802899454","8","sell"
"669","HEZ","Hermez Network","3.0283724589281587","-0.525070479009","-0.01310331915","-6.235403199834","33532882","4403.51","34.7","17","3905","1315","6","0.001681034845050613","0.001530638609995354","100","sell"
"670","HFUN","Hypurr Fun","9.772589427234228","0.473107347627","0.929547399134","-1.188477758918","9721669","26750.44","34.7","39","777","1803","5","0.001400862370875511","0.00044375434014275677","","sell"
"671","NEXO","NEXO","0.792043756558887","-0.400329870741","4.137934710628","-12.190010769947","794839381","5194102.63","34.6","58","2499","885","12","0.003362069690101226","0.03628115964811517","100","sell"
"672","MASK","Mask Network","0.36260653274013466","-0.403823418499","0.988402078593","-25.093462799634","36692093","11732376.92","34.6","62","1417","117","433","0.12131468131781925","0.001674843642349031","47","sell"
"673","CELR","Celer Network","0.002136385223092703","-2.240063794357","-1.839247656703","-20.221061539577","12187703","1222892.9","34.6","39","2893","566","65","0.018211210821381642","0.0005563186838207407","0","sell"
"674","ACT","Achain","0.00031425108890370003","0","-0.477899207935","-0.06827838152","8789015","179274","34.6","56","1035","377","24","0.006724139380202452","0.00040118250804772215","86","sell"
"675","CVX","Convex Finance","1.2950339381525653","-3.669656364284","5.256125726352","-26.299456410456","117624345","3706646.66","34.4","53","2523","746","268","0.07508622307892739","0.005369069199969569","32","sell"
"676","OUSD","Origin Dollar","0.9996052517054019","-0.016891270825","-0.014161993214","0.028636785103","7291737","57496.04","34.4","30","1720","2076","5","0.001400862370875511","0.00033283790478049857","0","sell"
"677","BWB","Bitget Wallet Token","0.1402840395833535","-4.886718535658","-7.953378562488","-14.101169377737","166918786.01","24.39020011","34.2","37","5334","2873","3","0.0008405174225253065","0.0076191583711909495","","sell"
"678","SN51","Celium","11.69","-0.4218518421419789","18.476316683241816","","47663621","217586","34.2","34","4468","1863","2","0.0005603449483502044","0.0021756489225944063","","sell"
"679","MED","MediBloc","0.0015485925262680095","-2.065416455962","0.778476037403","-25.885634533009","16532917","341047.46","34.2","35","4796","967","4","0.0011206898967004088","0.0007546598916266297","","sell"
"680","BOLD","Liquity BOLD","0.9992675556611631","-0.035343554713","-0.236642233481","-0.0043283325","31235884","769230.8","34.1","49","3069","2461","4","0.0011206898967004088","0.0014257900668286168","","sell"
"681","RECALL","Recall","0.0339151","-3.120577578361081","-10.752679832940908","","8599561","4988089","34.1","24","2836","1061","119","0.03334052442683716","0.0003925347095310882","6","sell"
"682","POLS","Polkastarter","0.0722194752809754","0.013621926609","-0.66438216547","-9.722700114592","7153784","75080.15","34","33","968","571","118","0.033060351952662055","0.00032654091580816124","9","sell"
"683","XDC","XDC Network","0.029898787957804977","-1.94585426802","0.340836882382","-13.634795392491","597816920","8049173.07","33.9","53","1998","330","345","0.09665950359041026","0.027287891910409128","45","sell"
"684","PORTAL","Portal","0.012223666889779486","-4.982555706532","-32.008712275338","29.954571495373","10003719","16959839.54","33.9","16","2761","1130","192","0.05379311504161961","0.00045662876650280507","29","sell"
"685","HDN","Hydranet","0.038626338652792434","1.055413475187","0.674274605897","-4.034370734712","7904853","118201.98","33.8","40","1027","1645","3","0.0008405174225253065","0.00036082413698105653","","sell"
"686","IAG","Iagon","0.024219055991527075","-12.017091134667","36.465673365326","-4.240949077785","9098712","94031.93","33.7","63","3505","281","84","0.023534487830708585","0.0004153189066310509","63","sell"
"687","DEXE","DeXe","17.86597088473707","2.388313879128","-10.033568022639","37.610901928935","841138449","34185752.01","33.6","25","50","1141","335","0.09385777884865923","0.03839452231964458","22","sell"
"688","A7A5","A7A5","0.01329701","0.634149903944791","1.1398578275618463","","521434615","412.58","33.6","33","1640","1689","2","0.0005603449483502044","0.023801352782831568","","sell"
"689","XDAI","xDAI","0.9965005804780529","0.940038812507","2.328097548954","-0.462870183715","74672105","262115.53","33.6","30","717","1951","11","0.0030818972159261243","0.0034084755077904466","","sell"
"690","ZAMA","Zama","0.03067592","-5.580607660463987","2.640309180627348","","67524045","7434654","33.6","22","2786","592","265","0.07424570565640208","0.0030821958691192642","14","sell"
"691","CET","CoinEx Token","0.01864899923341857","-0.048854852356","11.868267184181","-29.633089607893","46657030","50518.5","33.6","33","3771","1391","4","0.0011206898967004088","0.002129702169521592","","sell"
"692","SQD","Subsquid","0.03943422305083829","-3.923886382715","21.670963962598","0.831418107327","41003073.07","6411910.95","33.3","69","2673","51","148","0.04146552617791512","0.0018707522924537123","23","sell"
"693","GOHOME","GOHOME","76.55316917850959","-0.307757384334","0.893572325548","-11.017378120627","40330308","508231.62","33.3","51","2124","1219","27","0.007564656802727759","0.0018409132438364382","75","sell"
"694","ALICE","My Neighbor Alice","0.10769399609353657","2.178350172586","4.480627244923","-19.180257581729","10653094","5644142.51","33.3","50","165","482","81","0.022693970408183276","0.0004862700734255364","11","sell"
"695","EETH","ether.fi Staked ETH","1644.3711435748082","-1.667788840047","1.213051113888","-26.420573745333","462147280.23","1.49","33.2","35","5467","2618","2","0.0005603449483502044","0.021095128972940073","","sell"
"696","POPCAT","Popcat","0.04011615462607153","-2.579309551824","-1.863341241093","-33.225417989773","39673045","11312224.89","33.2","27","1984","451","693","0.19415952460334582","0.0018109118820470943","56","sell"
"697","STEEM","Steem","0.04365831620330843","-1.847068297677","-2.41287137803","-23.105143310382","24159040","2956146.23","33.2","44","2644","626","109","0.030538799685086142","0.0011027611466387576","10","sell"
"698","USD0","Usual USD","0.9985806477693647","-0.003596248291","-0.000201281583","0.041634996934","552790348","595464","33.1","33","1859","1856","4","0.0011206898967004088","0.02523261346524191","","sell"
"699","XAN","Anoma","0.00865097","-2.7135215483181354","9.76478624426887","","21620984","3379004","33.1","50","2855","393","95","0.026616385046634706","0.0009869092938832931","14","sell"
"700","BERA","Berachain","0.251032","-2.3840009390966994","4.50249729711822","","69486157","18861695","33","48","2184","176","281","0.07872846524320372","0.0031717582391039023","15","sell"
"701","BEAT","Audiera","5.459155201636456","-30.939440476068","102.986472815026","816.979822896702","1596427924","89860183.99","32.8","48","2715","175","1271","0.35609921467655486","0.07287039087630848","40","sell"
"702","RAIL","Railgun","2.833564319314043","-3.773496296695","12.443580837457","68.483131387657","163617217","71419.29","32.8","70","3550","1230","42","0.011767243915354293","0.007468455279214838","78","sell"
"703","BURN","BurnedFi","3.014113944584473","-0.329965896573","-4.782621503961","-33.013388435857","37080818","66593.72","32.8","36","2375","713","23","0.00644396690602735","0.001692587345191824","50","sell"
"704","STRAX","Stratis","0.009083317366782298","-2.892823967509","5.262112103516","-30.123604473382","19920694","1685705.29","32.8","47","3464","1274","23","0.00644396690602735","0.0009092980249744948","67","sell"
"705","MOVR","Moonriver","1.2805991794213283","-4.351842819373","-2.069461377117","-44.988835069473","15871904","4296871.08","32.8","48","2408","863","436","0.12215519874034457","0.0007244873577087618","66","sell"
"706","RUNE","THORChain","0.3692062770450973","-5.634540108235","8.808898653159","-27.168894307283","126671721","3514230.61","32.7","34","2951","522","260","0.07284484328552657","0.005782044828629979","17","sell"
"707","APE","ApeCoin","0.12259956677733808","-5.310577768422","-1.093200330205","-13.623679770647","124448806","9967600.61","32.7","69","2424","209","1575","0.4412716468257859","0.005680577870742559","71","sell"
"708","CKBTC","Chain-key Bitcoin","63318.42105263157","-0.092308085422","0.825511230305","-20.357223100441","20452773.28","62611.78","32.7","32","4524","1966","2","0.0005603449483502044","0.000933585263081453","","sell"
"709","AEVO","Aevo","0.019489564707859713","-1.507656203023","-0.105737815963","-34.009755102669","18145419","4078377.53","32.7","51","2351","375","118","0.033060351952662055","0.0008282639981837317","10","sell"
"710","POLYX","Polymesh","0.038756139878112675","-2.68480020082","-1.49639270943","-28.638172854204","50491953","1446091.27","32.6","59","3387","627","21","0.005883621957677146","0.0023047506848910496","75","sell"
"711","MVL","MVL","0.001021067256832989","-1.337857615953","4.40803888971","-20.277592649452","28609913","42761.37","32.6","48","3539","1468","8","0.0022413797934008176","0.0013059252546920367","","sell"
"712","CUSDO","Compounding OpenDollar","1.05","0.08608583544053224","0.9136227799354033","","18485562","27896","32.6","32","4368","1207","1","0.0002801724741751022","0.0008437901318670712","","sell"
"713","BAR","FC Barcelona Fan Token","0.2867727868919424","-1.247507341114","-0.239343372442","-31.175913327478","7306651","1795302.72","32.5","57","3124","1518","13","0.0036422421642763286","0.00033351866774711356","100","sell"
"714","ASTR","Astar","0.005804284356526201","1.129697410452","2.912661538901","-32.4242019551","51281144","3037267.97","32.4","45","354","1392","25","0.007004311854377555","0.002340774019099569","67","sell"
"715","LUNA","Terra","0.05090783237612782","-2.358285441756","-0.456989960139","-20.50452498288","36487133","4926269.56","32.4","50","2181","242","155","0.043426733497140844","0.0016654880584924257","59","sell"
"716","WILD","Wilder World","0.01920426156064843","-0.415534093615","-11.025305500618","-26.339479358091","9228136","203953.72","32.4","62","2282","1080","11","0.0030818972159261243","0.0004212265817142734","100","sell"
"717","WAVES","Waves","0.26569394716473693","-4.595520423346","0.747474459132","-34.017635829707","26717298","4835264.93","32.3","39","3088","1526","133","0.037262939065288596","0.0012195351378850067","6","sell"
"718","EL","ELYSIA","0.0013653043191094202","-1.267511432029","7.337337156929","-28.241462558016","9421743","386646.77","32.3","64","1746","105","1807","0.5062716608344097","0.0004300639476575099","56","sell"
"719","1INCH","1inch","0.07146546274485102","-1.701401521392","2.309248513031","-24.830585146003","101208884","6234670.87","32.2","27","3970","1238","5","0.001400862370875511","0.004619770693283716","","sell"
"720","PUFF","Puff The Dragon","0.07282477651628722","-0.007031508503","0.571742355839","-0.407954396538","64985098","12685.8","32","77","2428","935","10","0.002801724741751022","0.0029663033458660628","100","sell"
"721","XUSD","StraitsX USD","0.999749303667435","-0.022056803715","-0.033247161897","-0.003739218396","44553463.37","853708.51","32","32","1641","1622","5","0.001400862370875511","0.0020337066424516875","100","sell"
"722","PNKSTR","PunkStrategy","0.00880527","-1.4078398199161974","3.112999219265952","","8073443","7830.78","32","48","2994","733","31","0.008685346699428168","0.0003685195794204841","91","sell"
"723","ONT","Ontology","0.047422010054161114","-1.853746812884","1.45671551209","-19.268560240998","47803626","4764029.25","31.9","30","2086","232","230","0.0644396690602735","0.0021820395769554723","7","sell"
"724","LON","Tokenlon","0.18527884225276411","-3.380551878098","-3.354901265699","-20.64633389818","22979112","1293.24","31.9","54","3899","825","24","0.006724139380202452","0.0010489022700347548","100","sell"
"725","OZO","Ozone Chain","0.1301280517904671","-0.460945449025","-0.954632844369","-0.311864615269","125407331","133073.16","31.8","53","1497","415","563","0.15773710296058252","0.005724330607940805","85","sell"
"726","AVAIL","Avail","0.0034457869978663518","0.025994439012","-0.474730075284","-19.394623897825","13308983","510914.29","31.8","31","3192","1462","3","0.0008405174225253065","0.000607500519626431","","sell"
"727","COMP","Compound","17.25945212106692","-2.088811368994","5.291458364142","-22.480620908154","167702604","9120569.45","31.7","49","2206","459","274","0.076767257923978","0.007654936449517263","21","sell"
"728","VCNT","ViciCoin","16.532360084211394","-0.297283113492","-1.580143435491","-2.194763355736","80487135","105151.56","31.7","53","4070","2629","4","0.0011206898967004088","0.003673907791131953","","sell"
"729","T","Threshold Network","0.0037157164551910498","-3.497472546086","-3.547973555801","-35.931518203785","41712174","4008944.49","31.7","79","4081","782","7","0.0019612073192257153","0.0019039897623844067","","sell"
"730","UMA","UMA","0.3956256465325947","-1.517608140963","3.261727775924","-16.718879244438","36098417","2300496.28","31.7","42","2416","551","89","0.024935350201584095","0.0016477447664627412","5","sell"
"731","ASS","another stupid shitcoin","6.379717518318767e-10","1.799431413423","-30.417850811575","-18.158286572804","7416533.82","58419.21","31.7","29","387","1694","19","0.0053232770093269415","0.00033853436806381075","20","sell"
"732","IOST","IOStoken","0.0007895419088412484","-2.620848688692","-3.119879042652","-26.421472865556","27165271","4950695.34","31.6","60","3216","757","32","0.00896551917360327","0.0012399832690666763","88","sell"
"733","EWT","Energy Web Token","0.33984938338336723","-0.371838423253","26.386420703278","5.796559208127","20673798","278633.1","31.6","67","2244","403","26","0.007284484328552657","0.0009436741355558025","67","sell"
"734","OG","OG Fan Token","2.6459115267548468","-1.790908613357","-4.192472600449","-19.593190903426","12579871","4069308.02","31.6","48","2132","887","288","0.08068967256242944","0.0005742195455004693","33","sell"
"735","FDD","Fidelity Digital Dollar","0.9996878763037961","-0.016740240436","0.006640977999","0.09713050557","62581520.73","1725061.65","31.5","31","3446","1369","1","0.0002801724741751022","0.0028565899383493653","","sell"
"736","ARC","AI Rig Complex","0.08281207259434885","-6.452315516895","-0.144675236691","43.972070848236","82376827","4528713.5","31.4","63","2685","977","344","0.09637933111623516","0.003760164484970536","61","sell"
"737","OETH","Origin Ether","1655.0596387489456","-1.415534123101","2.371449485325","-25.024444251094","93143208.11","13429.47","31.3","31","4713","821","3","0.0008405174225253065","0.00425160565059688","","sell"
"738","SAHARA","Sahara AI","0.0146072","-3.8364701541626993","-58.55553195116836","","49766409","44117305","31.3","29","2446","954","191","0.05351294256744452","0.0022716325753396405","29","sell"
"739","ILV","Illuvium","3.312249170506877","-1.819327388813","-0.833640910542","-30.291657487619","27836002","2239152.36","31.3","58","2283","201","248","0.06948277359542535","0.0012705993898498762","10","sell"
"740","UQC","Uquid Coin","2.793098814936591","0.012602063453","-0.392806697577","-0.758925028123","27493601","25407.33","31.3","72","790","477","69","0.01933190071808205","0.0012549701877222147","83","sell"
"741","MYX","MYX Finance","0.16954155911105476","-7.168382894659","-25.741307803254","-15.012471415419","32232686","31735846.33","31.2","43","2735","1096","401","0.11234916214421597","0.0014712899921771325","37","sell"
"742","2Z","DoubleZero","0.069054","-3.5029685470207026","0.47645840176490156","","239508100","4866752","31.1","51","3688","621","7","0.0019612073192257153","0.010932563006860796","100","sell"
"743","DG","DeGate","0.0422913775982664","-0.066578315245","-0.8967643667","-3.340056933852","16377977","468.83","31.1","47","2808","2246","12","0.003362069690101226","0.0007475875157350292","","sell"
"744","WCT","WalletConnect Token","0.046584421119770285","0.008079216263","3.399143964027","-25.380624754768","8774773","15281521.99","31.1","15","756","636","223","0.062478461741047785","0.00040053241912653864","15","sell"
"745","RLUSD","Ripple USD","0.9998757910316668","-0.00511159749","-0.015730313253","0.004538842251","1638786895","100290119.35","31","33","653","442","314","0.08797415689098209","0.074803904270483","64","sell"
"746","ALCH","Alchemist AI","0.06598722859376072","2.218559334281","11.53930618192","-19.341666016455","56449237","9592550.86","31","57","280","287","25","0.007004311854377555","0.0025766762802248346","86","sell"
"747","BDCA","BitDCA","0.681716","0.28195350704543426","6.286242876891851","","56185590","211873","31","48","1591","2039","2","0.0005603449483502044","0.00256464187537978","","sell"
"748","GPRO","GoldPro Token","5.016479055354819","-0.009796081555","-0.033672541989","-0.013695410176","11088496.31","651.61","31","60","1153","1315","47","0.013168106286229803","0.0005061444041367222","93","sell"
"749","ELA","Elastos","0.3649134135142427","-0.1128775256","3.775415878735","-22.720554105346","8417529","129376.78","31","31","2037","1593","31","0.008685346699428168","0.00038422569489122895","88","sell"
"750","FEUSD","Felix feUSD","0.99914","0.09386430821367846","0.13890160507123966","","74931411","74059","30.9","30","4191","1687","1","0.0002801724741751022","0.003420311763779522","","sell"
"751","GXC","GXChain","0.28718790955506","-2.798400913764","-3.49366286811","-11.154617226291","21536737","1007.98","30.9","30","5042","1846","4","0.0011206898967004088","0.0009830637636668244","","sell"
"752","ARK","Ark","0.11981138863160302","-0.962322226026","0.062568763946","-28.678391929343","23790566","767097.22","30.8","65","2602","820","23","0.00644396690602735","0.001085941818935895","60","sell"
"753","MERL","Merlin Chain","0.019479602026723383","-5.013817316782","-5.503333745338","-42.410010009589","25176717","3908992.85","30.7","79","3722","352","19","0.0053232770093269415","0.0011492139301693904","75","sell"
"754","LMTS","Limitless","0.0859210861895255","0.350806727055","-20.349413810685","-38.921268408743","11254492","2180696.49","30.7","69","385","1480","37","0.01036638154447878","0.0005137214269588827","71","sell"
"755","MOC","Mossland","0.02046248","-0.9994193580004812","0.3433676767113779","","9179573","23897","30.7","52","3587","1381","7","0.0019612073192257153","0.0004190098798269377","100","sell"
"756","FORT","Forta","0.01286779332337933","-1.566339803574","6.696007190432","-22.18639773068","8166944","287181.81","30.7","48","3849","2353","7","0.0019612073192257153","0.00037278751680424894","","sell"
"757","TFUEL","Theta Fuel","0.008165562328745936","-2.522329030934","-4.159493765706","-26.505538833926","60570816","1649051.6","30.6","48","3409","1914","13","0.0036422421642763286","0.0027648094669740692","100","sell"
"758","POWR","Powerledger","0.048633206561291456","-0.936452644553","-1.7012327835","-23.876507939518","26035543","1897937.05","30.6","50","1994","539","219","0.06135777184434738","0.001188415816689847","9","sell"
"759","TST","Test","0.015129958272126192","-8.338090856177","7.734760641939","-19.497513643865","14135711","31414896.55","30.6","47","3107","1087","123","0.03446121432353757","0.0006452372640185248","31","sell"
"760","ETHW","ETHPoW","0.23575768388142218","-2.674019393149","4.218399549975","-18.906422172131","25419157.49","2051030.36","30.5","47","2821","311","75","0.021012935563132665","0.001160831822558796","0","sell"
"761","THE","Thena","0.0667274204202348","-1.318286427478","-1.931913018122","-33.302138840699","9002090","3168522.65","30.5","28","1917","882","237","0.06640087637949922","0.00041090850839045314","26","sell"
"762","EUSD","Electronic USD","0.9984557893334322","-0.104913665556","-0.111820878393","-0.189624336107","23030029","121749.39","30.4","29","2973","2079","4","0.0011206898967004088","0.0010512264223729024","","sell"
"763","GRND","SuperWalk","0.01714727064060552","-0.519745343786","-0.556358264083","-30.204431678841","12193266","52867.91","30.4","49","1978","1265","83","0.023254315356533484","0.0005565726119676684","53","sell"
"764","BANANA2","Banana Gun","2.895361226756004","-2.950892626552","-3.179334078152","-25.812164315434","11753857","4222877.51","30.4","30","4794","1278","3","0.0008405174225253065","0.0005365153922816465","","sell"
"765","BMX","BitMart Token","0.28961328369351547","-0.019888812533","-0.16718515889","-13.491194697421","98298328","9518442.56","30.3","30","3877","1827","3","0.0008405174225253065","0.004486915742428205","","sell"
"766","FXS","Frax Share","0.2765623110178555","-2.224858831731","-4.304936978034","-37.438405201145","26608750","389257.42","30.3","53","4393","1366","6","0.001681034845050613","0.0012145803666298016","0","sell"
"767","CGPT","ChainGPT","0.020262951749637135","-3.067997652754","2.107446716759","-50.393098277228","19189068","7411889.15","30.3","39","2632","322","143","0.040064663807039616","0.0008759022970535707","19","sell"
"768","MEW","cat in a dogs world","0.00035969694061932967","-2.692900989127","-0.490083164536","-37.794688944749","32342957","4124091.9","30.2","53","2676","511","113","0.03165948958178655","0.0014763234113196566","38","sell"
"769","SKL","SKALE","0.004148433351242239","-3.498500066232","-6.82994092987","-36.816872836163","25493994","3244847.96","30.2","53","2760","263","239","0.06696122132784943","0.001163696324681842","8","sell"
"770","ARDR","Ardor","0.02900493109434518","-0.992610693868","0.456477056845","-29.007822613855","29174162","1566321.64","30","9","4068","2552","3","0.0008405174225253065","0.0013316809086513733","","sell"
"771","IDRT","Rupiah Token","0.000013893766190880458","0","0","-28.58562317945","9694329","2.56","30","30","3429","1788","2","0.0005603449483502044","0.0004425063812110648","","sell"
"772","APYUSD","apyUSD","1.28","-0.14498398231000326","3.717099614316345","","192537853","580861","29.9","35","2678","1847","5","0.001400862370875511","0.008788563765184568","0","sell"
"773","VENOM","Venom","0.01166248244782655","-4.897115757824","-11.844225083728","-35.229035705407","25336315","105020.21","29.9","41","4477","2318","8","0.0022413797934008176","0.0011564989246675677","","sell"
"774","XBG","XBorg","0.020078795351977312","-13.565360630355","32.597312647754","4.610515201197","7345964","4550.91","29.9","44","4893","1476","5","0.001400862370875511","0.0003353131450507568","","sell"
"775","HASH","Provenance Blockchain","0.009988960288527363","-1.812787261738","20.198765514209","1.939476675655","582019739.49","3164.82","29.8","63","3589","1249","14","0.0039224146384514305","0.026566815373722776","100","sell"
"776","AB","AB (prev. Newton)","0.0010918899926639105","-0.021304758358","-3.529806407433","-24.493349499788","107929993","1172261.85","29.8","49","1003","1836","14","0.0039224146384514305","0.004926561768902783","50","sell"
"777","LUSD","Liquity USD","1.00434019514256","-0.133546744386","-0.147654846135","0.152160213724","28081263","25856.4","29.8","29","3395","1797","4","0.0011206898967004088","0.0012817945491602532","","sell"
"778","CHEX","CHEX Token","0.012465721302083694","-4.27012025337","-9.681886865395","-39.183855554687","15524838","158537.93","29.8","62","4265","680","11","0.0030818972159261243","0.0007086452174532166","50","sell"
"779","LAVA","Lava Network","0.018110026065334416","1.206559347688","7.807563646506","-27.437511003348","9712798","312263.63","29.8","55","659","871","8","0.0022413797934008176","0.00044334941535552043","","sell"
"780","SUPER","SuperVerse","0.09482424078791472","-2.864965970691","1.996561100797","-21.275869553623","61474331","4267157.57","29.7","51","2339","107","181","0.05071121782569349","0.002806051223161621","62","sell"
"781","BTY","Bityuan","0.06032179654575494","-3.544241057604","-9.653172911367","-36.470648545137","44251048","512515.14","29.7","49","4567","1278","3","0.0008405174225253065","0.00201987895348684","","sell"
"782","ZORA","Zora","0.008273309843201973","1.233760196163","-3.103943639186","-30.050837069001","37305554","13044386.58","29.7","35","221","1124","105","0.02941810978838573","0.0017028456223854133","8","sell"
"783","G","Gravity","0.0027289061340008535","0.395773566443","-1.191689799139","-25.077022855716","19787011","11064906.21","29.6","55","794","1219","4","0.0011206898967004088","0.0009031959439991701","","sell"
"784","GUN","GUNZ","0.0056855184842302805","-4.248589114463","-14.039340612798","-59.246548218654","13634493","11202702.88","29.6","42","2861","892","146","0.04090518122956492","0.0006223587168413197","29","sell"
"785","USX","USX Coin","0.999466","0.011870278735483998","0.01941709989602286","","508011087","2161924","29.5","71","976","1062","14","0.0039224146384514305","0.023188623753481998","100","sell"
"786","MMUI","MetaMUI","0.032604090936093844","0.07783520433","-3.216028610582","-17.263271969694","15517297","624846.74","29.5","29","3982","1575","1","0.0002801724741751022","0.0007083010017142302","","sell"
"787","QI","Benqi","0.0013540593594624326","-1.597722118863","-0.778514032843","-21.900750454297","9820650","409261.99","29.5","34","2527","1207","94","0.026336212572459605","0.00044827241706367124","10","sell"
"788","MBG","MultiBank Group","0.24548865865912292","0.270738734061","-11.229352720638","-18.605808029243","60913038.25","2600485.09","29.3","57","480","1797","12","0.003362069690101226","0.002780434391624353","100","sell"
"789","MINA","Mina Protocol","0.04140827665488307","-4.227045249358","-4.652359400136","-31.884697967118","53887077","3473394.5","29.3","50","2799","297","256","0.07172415338882616","0.0024597241786731188","5","sell"
"790","HYPER","Hyperlane","0.070464","-2.2896131400757334","3.3590236496103696","","23829906","14951905","29.2","44","2214","199","247","0.06920260112125023","0.0010877375286788636","20","sell"
"791","BIGTIME","Big Time","0.009027268978307194","2.173763762256","3.316992595425","-30.449728511345","17529092","14691666.55","29.1","36","599","1159","5","0.001400862370875511","0.0008001311969952562","","sell"
"792","WQUIL","WQUIL","0.0152760415105543","-2.648","-1.186672591707827","","13783349.23","9660.25","29.1","29","5143","1607","2","0.0005603449483502044","0.0006291533935701601","","sell"
"793","USDF","Aster USDF","0.998061","0.02151347090228582","-0.05805190517884094","","115169974","40223","29","36","1786","2109","5","0.001400862370875511","0.0052570372244342455","","sell"
"794","XNO","Nano","0.35157185026777643","-4.378366938217","-9.812056803658","-16.077991726452","47874535","119855.7","29","44","4833","965","4","0.0011206898967004088","0.002185276282145207","","sell"
"795","MBL","MovieBloc","0.0007190701098287429","-0.999407825591","3.363682840158","-22.265840192557","14049273","2926493.3","29","74","2916","729","9","0.00252155226757592","0.0006412917236330971","","sell"
"796","CJL","CJournal","0.01551787","0.33669453570996816","13.70396009306777","","10077557","56605","29","29","1621","1059","2","0.0005603449483502044","0.0004599991685363921","","sell"
"797","RETH","Rocket Pool ETH","1943.8099459301957","-0.521044128952","3.041445990115","-25.921301052583","882159847.56","11713.48","28.9","44","4475","2140","3","0.0008405174225253065","0.040266981014723154","","sell"
"798","QAI","QuantixAI","54.57478499651006","-1.386993157349","-1.040276983142","-10.417276317023","54575135","2662414.54","28.9","28","4806","1447","3","0.0008405174225253065","0.0024911312059819014","","sell"
"799","USDAI","USDAI","1","0.09272785249501883","-1.713777424109536","","198432283","41122","28.8","34","2756","2295","3","0.0008405174225253065","0.009057620333060687","","sell"
"800","ZEREBRO","zerebro","0.024672342774605237","-8.139529506611","3.880580283979","-9.018030968551","24974803","7212966.85","28.8","34","3190","1172","164","0.04594828576471676","0.0011399973837270473","30","sell"
"801","FAI","Freysa","0.002149303370069039","-2.872638500644","2.063537537257","-34.370194870335","17602149.81","381534.34","28.8","59","3992","657","10","0.002801724741751022","0.0008034655574819204","","sell"
"802","ETHX","Stader ETHx","1824.7666182779271","0.001764266812","3.465781721631","-24.373879590233","293685729.49","288.86","28.7","55","1273","1603","13","0.0036422421642763286","0.013405549715710244","100","sell"
"803","ALLO","Allora","0.3744605862298185","-2.31188859555","21.446255651561","357.478992279747","89333258","81241552.45","28.7","61","1976","515","487","0.13644399492327475","0.00407769704529054","64","sell"
"804","ANIME","ANIME","0.0028886616673861215","-3.16081237037","-4.659171370975","-36.184391499165","16132685","4639185.8","28.7","46","2719","587","215","0.06023708194764697","0.0007363909414017232","9","sell"
"805","PSG","Paris Saint-Germain Fan Token","0.5509489675714939","0.676598907048","-5.766149166124","-48.759254384462","8889242","4521863.19","28.7","24","272","823","122","0.03418104184936247","0.00040575745976120754","14","sell"
"806","RUJI","Rujira","0.238118","-2.274741622055818","7.875829882336295","","17739797","17372.17","28.6","43","4396","1738","8","0.0022413797934008176","0.0008097490165527602","100","sell"
"807","MELANIA","Melania Meme","0.078469","-4.776618961616416","8.396752774561838","","74716822","9683221","28.5","19","2698","921","126","0.035301731746062874","0.003410516655542768","40","sell"
"808","THBILL","Theo Short Duration US Treasury Fund","1.02","-0.43717478879035776","-0.4040835045354953","","124342501","113083","28.4","14","2929","2648","7","0.0019612073192257153","0.005675725483243162","100","sell"
"809","TDCCP","TDCCP","0.05158","0.7419833480792414","5.839045317212396","","33017984","12882.61","28.3","34","997","2355","3","0.0008405174225253065","0.0015071356268932935","0","sell"
"810","APX","APX","0.2198949856596759","-0.263321496562","-0.076038262688","-2.277177541796","8212102","3668.65","28.3","36","2519","1899","18","0.00504310453515184","0.0003748487943988849","86","sell"
"811","IOTA","IOTA","0.045795910309418805","-2.132428364747","-0.453057615373","-21.250191448481","207374396","6445020.21","28.2","38","2269","688","149","0.04174569865209023","0.00946579113725048","15","sell"
"812","APR","aPriori","0.1843779519714621","-0.908912846395","-24.505495709274","30.047034567708","45966710","5393765.41","28.2","18","1741","937","122","0.03418104184936247","0.0020981918911848834","31","sell"
"813","AITECH","AITECH","0.007112449816384992","0.528413016892","-0.16280264531","-31.484674068079","12745061","4040168.32","28.2","29","841","2254","5","0.001400862370875511","0.0005817597918767017","","sell"
"814","PC0000031","Tradable NA Rent Financing Platform SSTN","1","0","0","","202500000","0","28.1","28","2937","","2","0.0005603449483502044","0.009243294940293507","","sell"
"815","EZETH","Renzo Restaked ETH","1799.2404431626248","-0.527728429624","2.847114732203","-25.151407300533","188577565.95","25376.41","28.1","28","3911","1602","4","0.0011206898967004088","0.008607792894807407","","sell"
"816","FORM","Four","0.225543","-4.765320907660565","-15.186573110334134","","86127206","4076915","28.1","36","2628","84","238","0.06668104885367432","0.003931353913290946","46","sell"
"817","BARD","Lombard","0.15229512846450088","-6.974087005865","-2.414447872892","-41.613445728393","49591666","7573160.1","28.1","50","3140","218","212","0.05939656452512166","0.002263656273671731","4","sell"
"818","KERNEL","KERNEL","0.04727937","-1.3224125413454866","-4.544200763795809","","13607382","6009405","28.1","25","3413","2011","6","0.001681034845050613","0.0006211212108209429","100","sell"
"819","APXUSD","apxUSD","0.959675","-0.13889848774823857","2.784392698466335","","403175587","2091122","28","49","1929","1199","16","0.004482759586801635","0.018403312905515872","67","sell"
"820","BORA","BORA","0.02509773930326536","-0.226838602041","0.86107813559","-29.268396630431","28969472","243020.74","28","29","3221","1307","3","0.0008405174225253065","0.001322337649188022","","sell"
"821","PRIME","The Pink Panther","0.26888984480377737","-2.069567432356","-5.937142402998","-35.931999796483","16832597","885873.06","28","53","3031","1558","14","0.0039224146384514305","0.0007683390552202452","100","sell"
"822","EURR","StablR Euro","0.540769","-7.460226888257601","347.8649983931627","","9270264","250.74","27.8","49","4058","2001","79","0.022133625459833075","0.0004231495522290619","0","sell"
"823","TOKAMAK","Tokamak Network","0.37855932853631225","-0.715355784121","4.960768382786","-30.094594694595","23646573","284912.26","27.7","27","5290","2026","1","0.0002801724741751022","0.0010793691287218816","","sell"
"824","STORJ","Storj","0.07619005735677964","-1.513738277909","-1.639017554696","-24.91148941741","11050472","3596582.61","27.7","64","2748","578","33","0.009245691647778373","0.0005044087502491608","100","sell"
"825","BOTX","botXcoin","0.7027845085060187","0.028858761575","0.021115199126","0.196115272429","36684877","65565.99","27.5","27","2396","1646","4","0.0011206898967004088","0.00167451426152785","","sell"
"826","INIT","Initia","0.05746476592649319","-2.932251775663","4.550294569279","-35.681998797381","11520896","8670118.63","27.5","61","2806","409","107","0.02997845473673593","0.0005258816775528281","26","sell"
"827","PC0000023","Tradable Singapore Fintech SSL","1","0","0","","114500000","0","27.4","27","4350","","0","0","0.005226455657598057","","sell"
"828","TBK","TronBank","0.6216131451697754","0.579708826543","-0.491626372443","-0.263488271761","62202900","16098.24","27.4","33","886","2332","4","0.0011206898967004088","0.0028393074115633725","","sell"
"829","EURA","Angle Protocol","1.155341623829698","-0.069775479581","0.518442035817","-0.599871316307","31671633.2","748.65","27.4","27","5066","1672","1","0.0002801724741751022","0.0014456802316463796","","sell"
"830","TAI","TARS AI","0.012391695660400985","-0.298848788397","-5.306928157199","-34.518140198925","7271663","639604.99","27.4","45","2608","522","16","0.004482759586801635","0.0003319216089650346","0","sell"
"831","USDTB","USDtb","1.001","0.07646020712142519","0.035360725291291584","","916430462","4237391","27.3","25","1829","1770","4","0.0011206898967004088","0.04183129408659477","","sell"
"832","VSUI","Volo Staked SUI","0.7940971340308695","-2.905118981232","-0.585895850593","-31.731494898122","43049509.43","7171.68","27.3","27","5704","1757","1","0.0002801724741751022","0.001965033642945366","","sell"
"833","FLUID","Fluid","1.0525728269136359","-2.324947213081","-4.715037992019","-35.541426474059","83280729","2051698.98","27.2","25","2793","1350","77","0.02157328051148287","0.003801423906121752","0","sell"
"834","EURI","Eurite","1.1545907278635292","-0.085985091374","0.481550626189","-0.731263154941","57309579","5553041.25","27.2","27","4377","1437","2","0.0005603449483502044","0.002615947365931116","","sell"
"835","STETH","Lido Staked ETH","1657.8869568246428","-1.215642375778","2.110106123201","-25.129883973467","19793561250.95","9714671.53","27.1","47","2263","450","52","0.014568968657105314","0.9034949361051642","67","sell"
"836","PYUSD","PayPal USD","0.9997270210110599","0.00231605331","-0.001564196116","0.014448678533","2773739140","35869800.52","27.1","53","957","701","15","0.004202587112626533","0.12660982201706697","67","sell"
"837","KOGE","KOGE","63.50900001521621","-0.068289489589","-1.567192290275","94.751424237565","110958345.8","111131.16","27.1","13","3325","2238","4","0.0011206898967004088","0.00506479366082211","","sell"
"838","BRZ","Brazilian Digital Token","0.19627724298919905","0.026468067534","2.863111416569","-0.634972577227","52478994","24023.42","27","33","2104","1730","3","0.0008405174225253065","0.0023954509615402137","","sell"
"839","DEFI.SSI","DEFI.ssi","0.341538","-0.8800009005766978","3.203962045991423","","8710135","152038","27","27","5288","1788","1","0.0002801724741751022","0.00039758195938159694","","sell"
"840","USN","Noon USN","0.998494","-0.07343862508812177","-0.07194421868599166","","32980585","28317","26.9","26","3435","2768","3","0.0008405174225253065","0.001505428515844049","","sell"
"841","SKYAI","SKYAI","0.367744","5.940575458296293","49.3215275996127","","367145762","30826192","26.8","61","9","7","484","0.13560347750074947","0.01675869908269039","66","sell"
"842","LISUSD","Lista USD","0.998016","-0.01811453401345983","-0.07061683591419231","","75213842","23413","26.8","26","3637","1943","1","0.0002801724741751022","0.003433203581227828","","sell"
"843","LISUSD","lisUSD","0.9974364014029455","-0.050912824338","-0.067171558907","0.031160937969","75174147.57","499.33","26.8","26","5257","2040","1","0.0002801724741751022","0.0034313916932081894","","sell"
"844","FXSAVE","f(x) USD Saving","1.11","-0.0434763377639685","0.8697543337754117","","56785086","14.96","26.8","24","4750","2668","2","0.0005603449483502044","0.002592006410409539","","sell"
"845","ONYC","ONyc","1.11","0.10129452187581736","0.36548196980897174","","193624662","1388399","26.7","57","1219","1355","10","0.002801724741751022","0.008838172141138965","100","sell"
"846","PUMPCADE","PUMPCADE","0.01615384","-16.363901338587674","3.4967811482786013","","16125872","583584","26.6","88","3488","164","59","0.016530175976331028","0.0007360799558786209","95","sell"
"847","GAMA","GAMA Coin","0.21266427628672077","-1.169417365648","2.015505832074","-6.63743806354","15595111.8","41914.58","26.6","26","5495","1640","1","0.0002801724741751022","0.0007118529283666743","","sell"
"848","DESU","Dexsport","0.015817484976710573","-0.407091865955","80.352799397604","54.911683455049","9224053","13615.32","26.6","47","2692","2147","18","0.00504310453515184","0.0004210402095007365","100","sell"
"849","USDCE","USD Coin Bridged","1.0010762600667633","0.179219867737","0.105997696023","0.053043635746","1212775667.49","39629861.54","26.5","9","1146","1988","2","0.0005603449483502044","0.055359620769059384","100","sell"
"850","EURCV","EUR CoinVertible","1.1550675220240758","-0.056792119709","0.543132209922","-0.615033070535","137046651","11229394.28","26.5","38","3563","1841","2","0.0005603449483502044","0.006255617855666518","","sell"
"851","SN17","404—GEN","2.56","-1.5291920955355305","22.660495498362643","","12544370","18633.13","26.4","26","5255","2563","1","0.0002801724741751022","0.0005725990703712081","","sell"
"852","REDO","Resistance Dog","0.07089649571593354","0.960721940376","14.30387889674","-23.072014627249","7243217","138155.7","26.4","51","408","752","26","0.007284484328552657","0.00033062316566690326","80","sell"
"853","TPT","TokenPocket Token","0.0063842067406820555","0.343027343809","-0.232831465967","-20.206685906215","22130580.7","55655.57","26.3","26","1140","1881","3","0.0008405174225253065","0.0010101754172101643","","sell"
"854","QUAI","Quai Network","0.01346557","-4.501732476817736","-24.32209553864366","","13806987","86160","26.1","47","3662","1970","33","0.009245691647778373","0.0006302323608780158","100","sell"
"855","WUSD","Worldwide USD","0.9967681489049044","-0.079770250723","-0.16153740507","-0.162981556237","10645436","238686.74","26.1","43","4304","2307","3","0.0008405174225253065","0.00048592051711614","","sell"
"856","OSMO","Osmosis","0.045279260877379886","-2.284898707222","3.895846086056","-31.367566261596","35542587","5854842.4","26","44","2358","158","132","0.03698276659111349","0.001622373405343416","26","sell"
"857","QKA","Qkacoin","0.68845","2.9526714244380092","-0.344347440095606","","21801936","22.87","25.9","25","1745","2099","1","0.0002801724741751022","0.0009951690109501377","","sell"
"858","CTSI","Cartesi","0.023132334620089845","-1.609253799013","-10.826721837711","-24.035315243812","21615322","995642.08","25.9","42","2578","568","96","0.026896557520809806","0.0009866508467921726","17","sell"
"859","BGB","Bitget Token","1.780123558694988","-0.693906906738","-2.906847221126","-13.147523239558","1248341609","12938791.65","25.6","57","3105","1006","8","0.0022413797934008176","0.05698167742334595","","sell"
"860","BUCK","Bucket Protocol BUCK Stablecoin","0.9984074432077127","-0.008363344893","-0.296139776779","-0.084307566511","25916179","209912.02","25.6","17","3375","1203","4","0.0011206898967004088","0.0011829673393700783","","sell"
"861","ASM","Assemble Protocol","0.0059274017072241765","0.894654575554","0.216610719461","-18.39265755845","9082392","227870.51","25.6","43","596","1077","14","0.0039224146384514305","0.0004145739655277147","100","sell"
"862","BTSE","BTSE Token","1.13","3.01858981608491","8.388452820911215","","183707494","2566718","25.5","38","578","1286","6","0.001681034845050613","0.008385494073008393","","sell"
"863","USDN","Noble Dollar (USDN)","0.999803","0","0","","7067857","103483","25.5","24","2466","2069","2","0.0005603449483502044","0.0003226187004781138","","sell"
"864","YB","YieldBasis","0.0882169156330801","-1.623668003124","9.054441478096","-20.183210028392","19173912","3856968.13","25.4","47","2212","1078","119","0.03334052442683716","0.0008752104877789281","37","sell"
"865","SLP","Smooth Love Potion","0.000496671053067086","-1.217118917914","-2.458492162427","-28.510988445901","18204646","893078","25.2","39","2001","815","265","0.07424570565640208","0.0008309674679586885","7","sell"
"866","VBILL","VanEck Treasury Fund","1","0","0","","67076786","0","25.1","23","2262","","3","0.0008405174225253065","0.0030617803291108662","","sell"
"867","BAND","Band Protocol","0.16259088034065983","-2.627292300096","-6.683577720633","-25.367354450901","29199442","2592324.18","25.1","20","2625","875","127","0.03558190422023798","0.0013328348370271294","34","sell"
"868","QKC","QuarkChain","0.0024833628664352766","-0.241198690067","0.712762448182","-17.638933870668","18150860","526820.88","25.1","60","3372","1632","5","0.001400862370875511","0.0008285123575307447","","sell"
"869","KAG","Kinesis Silver","62.86","-9.446293159279376","-7.260812395992511","","237422786","209060","25","37","5032","1987","4","0.0011206898967004088","0.010837376970588583","","sell"
"870","DST","DAYSTARTER","0.03446580928669078","-0.352361071085","0.202616764568","6.115608326041","11627343.69","85.64","25","25","3448","2742","7","0.0019612073192257153","0.0005307405782658302","","sell"
"871","ASP","ASPECTA","0.025293073887126805","-0.707897938601","1.894544692393","-12.764404949533","8534774","955835.35","25","68","3179","2156","10","0.002801724741751022","0.00038957744854690654","100","sell"
"872","KMNO","Kamino Finance","0.017630946776100085","-4.10398880927","17.892136550523","-16.462484768114","85316880.89","5772083.84","24.9","69","2843","366","197","0.055193977412495134","0.0038948935191244695","79","sell"
"873","MSUSD","Metronome Synth USD","0.998351","0.03671727975416599","0.10072853149480626","","28117212","566838","24.8","42","2845","2183","1","0.0002801724741751022","0.001283435473653135","","sell"
"874","DKA","dKargo","0.004107703756368205","-0.502409777003","3.088018365598","-28.397383552559","20396612","1034703.47","24.7","24","4053","2202","3","0.0008405174225253065","0.000931021730857925","","sell"
"875","XAI","SideShift","0.07269320345838423","0.626476863985","1.077071503234","-16.566156746228","11610452","1458.97","24.7","26","883","2184","5","0.001400862370875511","0.0005299695418573858","","sell"
"876","AURORA","Aurora","0.0261404511099196","-2.224017341531","9.257823035981","-4.690808255813","18691688","446340.96","24.6","47","2847","1501","99","0.02773707494333512","0.0008531989388441721","10","sell"
"877","SN5","OpenKaito","4.41","-1.6214569228479148","21.804747034899375","","16569279","47437","24.6","24","5573","1671","1","0.0002801724741751022","0.0007563196678765998","","sell"
"878","MGO","Mango Network","0.010038603000456298","0.444151061909","0.329295405211","-33.584049499743","16008395","637083.99","24.6","30","799","2227","5","0.001400862370875511","0.0007307176123739253","","sell"
"879","FIRO","Firo","0.7739717588849567","0.11962631612","8.124593391724","-28.599949892683","14463745","275559.76","24.6","31","1164","1579","23","0.00644396690602735","0.0006602106714873852","50","sell"
"880","BLUR","Blur","0.01770161005230523","-3.988593805572","2.608933097811","-25.560027848024","50469425","11225288.3","24.5","50","2774","372","220","0.061637944318522486","0.0023037223740346798","4","sell"
"881","TSLAX","Tesla tokenized stock","405.410113683136","-0.281888756457","2.664829219056","-5.27350441291","158010557.19","3939865.17","24.1","64","1597","216","90","0.0252155226757592","0.007212558337852428","11","sell"
"882","B2M","Bit2Me","0.00594575453642274","0.157353037667","-4.534701921778","-22.837223574687","17391609","85860.7","24.1","24","3092","1042","2","0.0005603449483502044","0.0007938556615963606","","sell"
"883","ORDER","Orderly Network","0.03864157558567507","-3.989932051344","-1.082593514162","-28.74390472561","15304444","4433188.67","24.1","57","4192","810","8","0.0022413797934008176","0.0006985851347615078","","sell"
"884","USTBL","Spiko US T-Bills Money Market Fund","1.086","0","0.06484779651056569","","160011579","49.95","23.9","23","2645","2357","1","0.0002801724741751022","0.0073038726842423445","","sell"
"885","PORTO","FC Porto Fan Token","0.5453367797192764","-1.513387246594","-3.743920484874","-31.585850109145","7082946.63","2905032.16","23.9","34","2485","1435","77","0.02157328051148287","0.0003233074254592297","5","sell"
"886","BOUNTY","ChainBounty","0.015828479514989034","0.555203151076","5.556099342459","-21.707592163293","8240510","211974.18","23.7","50","728","1267","7","0.0019612073192257153","0.0003761455031527805","100","sell"
"887","XEC","eCash","0.000005369534091190276","-1.550181722285","-1.676138959708","-28.261363343236","108668703","2945141.03","23.6","38","2095","327","266","0.07452587813057719","0.004960280852385964","21","sell"
"888","C","Chainbase","0.08857036376319126","-6.984858398675","-12.915691863784","17.637466492043","14201001","7173089.67","23.6","50","3718","358","21","0.005883621957677146","0.0006482174848908792","100","sell"
"889","POKT","Pocket Network","0.008265558979060911","-2.549110059453","6.167885742358","-26.812913343047","16739719","421622.71","23.4","37","3333","1710","20","0.005603449483502044","0.0007640995552327659","100","sell"
"890","META","Metadium","0.00803926821402294","-0.555358023664","2.139940394561","-15.310937927727","13716416","181055.56","23.4","17","3876","1682","4","0.0011206898967004088","0.0006260981659840045","","sell"
"891","0G","0G","0.298334022758332","-0.693","1.8497791251599103","","63604730.72","20603.56","23.3","53","2744","609","19","0.0053232770093269415","0.00290329523774275","100","sell"
"892","BINK","BINK","0.00005957","-0.7878145332787773","4.604695900441198","","8910766","46.69","23.3","23","5285","2103","2","0.0005603449483502044","0.00040673994213303406","","sell"
"893","SN85","Vidaio","2","-2.0799397110218076","22.530864472007455","","8125195","508983","23.2","23","5247","2230","2","0.0005603449483502044","0.00037088184608591654","","sell"
"894","AVUSD","Avant USD","0.999112","0.010409818483738098","-0.12684021115982516","","103546541","4058.78","23.1","22","3810","2034","1","0.0002801724741751022","0.004726475153136761","","sell"
"895","BLESS","Bless Token","0.0050481107448935745","-7.051855533416","-28.042461313654","-12.646778587383","9801590.01","2622255.33","23.1","66","3196","614","74","0.02073276308895756","0.00044755780766150946","85","sell"
"896","CFX","Conflux","0.043973438455033535","-2.75517152792","-3.215645102356","-36.975065550196","231927776","7078704.12","23","60","3249","653","33","0.009245691647778373","0.010586552288465806","78","sell"
"897","RAD","Radworks","0.22060114723689828","-0.577696725804","4.782240691714","-34.509768891755","11082611","2537197.71","23","32","1707","843","124","0.03474138679771267","0.0005058757638594625","36","sell"
"898","KUB","Bitkub Coin","0.765406541273796","-1.483435158758","-0.559379487954","-10.13243302767","52859706","130499.37","22.9","22","4699","1677","3","0.0008405174225253065","0.002412828903778777","","sell"
"899","FLOW","Flow","0.02810046588311039","-2.008119791636","5.37423662552","-23.035785428334","47320735","3108644.59","22.9","54","2930","712","17","0.004762932060976738","0.0021599975822047895","100","sell"
"900","PRO","Propy","0.29795281085738623","-1.161334460127","4.847737465088","-13.517120494894","17168051","4577321.81","22.9","22","4472","1961","4","0.0011206898967004088","0.0007836511552740784","","sell"
"901","MEDXT","MEDXT","0.00071524","-0.5118767255965982","43.568273968980684","","14844275","11.21","22.9","22","5424","1771","1","0.0002801724741751022","0.0006775803061719772","","sell"
"902","LEO","LEO Token","9.701277280702937","1.860933502525","1.882493641452","-4.672773059117","8941164538","397610.37","22.8","32","759","1533","6","0.001681034845050613","0.4081275107872945","","sell"
"903","LSK","Lisk","0.09018497656584068","-2.041708640918","-4.806076649518","-25.638211721217","21252853","1581480.82","22.8","47","3738","1423","11","0.0030818972159261243","0.0009701056227244527","0","sell"
"904","BXN","BXN","0.0006010463365771487","0.137972446885","0.146009322593","-23.126479219969","9600834","397540.01","22.8","53","1405","2311","15","0.004202587112626533","0.0004382387177027055","100","sell"
"905","WBETH","Wrapped Beacon ETH","1818.7667905903854","-1.379332142984","1.787067849896","-25.04976250821","8323325493.77","5007754.58","22.7","40","5383","1966","1","0.0002801724741751022","0.37992569097768","","sell"
"906","LPT","livepeer","1.757821036413228","-3.775369039809","-2.044583983532","-16.399094292509","88083079","5502468.92","22.7","31","3061","461","91","0.0254956951499343","0.004020631498499621","19","sell"
"907","ALEO","ALEO","0.03134226927791523","-2.463446185439","0.267025104391","-34.422450207702","37314145","1333491.37","22.6","48","2814","535","97","0.027176729994984914","0.0017032377663203863","10","sell"
"908","MCUSD","Moola Celo USD","1.0070342749906724","1.049661698132","0.11592799845","0.94087681616","19482360.08","1268.11","22.6","17","2521","","0","0","0.0008892898782836553","","sell"
"909","SUSHI","SUSHI","0.17235746264402446","-1.912421792819","1.728158842975","-20.681560173092","47506395","5100407.67","22.2","27","2230","702","205","0.057435357205895946","0.002168472200173258","4","sell"
"910","ZRX","0x Protocol","0.08491034423003088","-4.834592237017","2.153542065549","-22.849877762157","72738042","5700680.07","22.1","61","3790","460","14","0.0039224146384514305","0.003320193459681267","80","sell"
"911","AXL","Axelar","0.04502641602718821","-4.112043726053","6.851624495836","-27.936405563274","53812249","23687249.41","22","50","2486","26","251","0.07032329101795065","0.0024563085871976017","15","sell"
"912","WAN","Wanchain","0.054445170819556875","0.987764132492","-0.560860467591","-10.260183049813","11109033","2458490.65","21.7","80","373","359","14","0.0039224146384514305","0.0005070818198540919","50","sell"
"913","KCT","Konnect","0.0013103722141548653","8.247148686117","89.288573943583","333.73351018805","9675280","436508.66","21.7","4","512","2619","5","0.001400862370875511","0.000441636872444064","","sell"
"914","ZENT","Zentry","0.0025827909792839137","-0.667291489561","-4.080520894871","-17.188633324791","20088298","1414824.26","21.6","28","1545","756","57","0.015969831027980826","0.0009169484605555958","0","sell"
"915","CARV","CARV","0.040368290612932255","-1.003918137283","7.306100703742","-30.187128680257","37111501.52","5234014.86","21.3","50","2917","675","13","0.0036422421642763286","0.0016939879221062263","100","sell"
"916","POND","Marlin","0.0015695385237489406","-7.011359219397","-12.566322299984","-1.468402305644","12939139","2852134.52","21.2","45","3346","1350","97","0.027176729994984914","0.0005906186570392808","5","sell"
"917","BNT","Bancor","0.2682167689276294","-2.091122859272","-0.140676896385","-19.78697707927","29311332","1487237.76","20.8","68","3198","783","13","0.0036422421642763286","0.0013379421568832748","0","sell"
"918","ALE","Ailey","0.25858806470599455","-0.084173998258","0.185646566646","-2.474174468007","125810276.48","112606.89","20.7","75","1485","604","71","0.019892245666432256","0.005742746075117302","100","sell"
"919","JOE","JOE","0.030551126251705536","-0.796962074537","-0.470530582231","-30.735832562626","14113086","4812730.65","20.6","32","1849","192","131","0.03670259411693839","0.0006442045255097635","13","sell"
"920","SN13","Data Universe","1.83","-1.338390528230306","23.018100647793243","","8897893","15458.53","20.6","20","5559","2078","1","0.0002801724741751022","0.0004061523424502371","","sell"
"921","WEMIX","WEMIX Dollar","0.24464193509927157","-1.371542945201","-7.130501937756","-14.3927299684","113411815","923414.54","20.1","54","2522","1682","12","0.003362069690101226","0.005176784472883967","25","sell"
"922","WECAN","Wecan Group","0.002119003826325486","-4.750217857649","1.836240082226","71.593415122885","12714022.96","32918.11","20.1","17","4747","2326","5","0.001400862370875511","0.0005810580486846378","","sell"
"923","MWC","MimbleWimbleCoin","2.755229202243446","-13.664846783445","22.485955827647","-58.976495852985","30367477","356.81","19.7","67","4737","715","14","0.0039224146384514305","0.0013861508469312565","100","sell"
"924","WXT","Wirex Token","0.002045576203663973","-3.040711052224","5.149204973188","-22.649808813057","20455762.04","338635.13","19.7","43","3509","2191","19","0.0053232770093269415","0.0009419275344118188","50","sell"
"925","CWU","Commonwealth","0.01829504","-6.997212154397994","-17.64331970553334","","16481559","54569","19.7","43","3593","1749","141","0.03950431885868941","0.0007523156094461674","3","sell"
"926","DEXT","DexTools","0.10996201966432848","-0.602737211328","-7.426112281882","-9.290187927354","7887286","18736.24","19.7","42","3830","2579","3","0.0008405174225253065","0.00036002227543924844","","sell"
"927","MNGO","Mango","0.02697578653894958","-5.389378090428","-13.319651233387","-14.0733952308","30184990","268.86","19.5","19","5669","1144","2","0.0005603449483502044","0.0013778210634064695","","sell"
"928","BREV","Brevis Token","0.0838473595928641","3.261","-9.37480741895519","","20962364.42","989212.91","19.5","27","589","1840","5","0.001400862370875511","0.0009568460097776526","","sell"
"929","RYZE","Ryze","0.095865","-0.514233462623863","-0.11379959918342755","","25284195","866.57","19.4","19","5410","1986","1","0.0002801724741751022","0.0011541198603105896","","sell"
"930","MOCA","Moca Coin","0.009447139868565413","-1.950059457142","8.422547983995","-30.226548635602","40348378","3590704.74","19.3","52","3273","676","11","0.0030818972159261243","0.0018417380652664189","67","sell"
"931","HEGIC","Hegic","0.012221874105360828","-0.981167500228","3.424519334481","-25.492543293585","13126489","24.57","19.3","19","5117","2091","3","0.0008405174225253065","0.0005991704165803376","","sell"
"932","SONIC","Sonic SVM","0.026790307571466353","-2.602167539088","0.451910522039","-34.752013774125","9709927","1078108.33","19.3","53","3702","663","13","0.0036422421642763286","0.0004432183659739225","100","sell"
"933","VINE","Vine Coin","0.01240470755562652","-1.539161571146","11.705887325029","-26.278751348812","12404634.42","4026186.2","19.2","29","1992","1099","239","0.06696122132784943","0.0005662067083969884","48","sell"
"934","SQGROW","SquidGrow","0.008570370879308687","6.143934894337","-0.382876335089","-15.370332638767","8578863","87068.35","19.1","53","349","1985","15","0.004202587112626533","0.0003915899306734379","100","sell"
"935","VR","Victoria VR","0.001519916718912669","-0.03430889734","-1.453927149372","-9.051099357012","25470485","1021581.28","19","59","1178","1312","17","0.004762932060976738","0.0011626232351966501","100","sell"
"936","AIH","AIHub","43.29197437768101","11.389274400471","73.480236124974","10.433512640383","45465592.7","4420.32869116","18.7","18","670","1478","4","0.0011206898967004088","0.0020753179405499033","","sell"
"937","ERA","Caldera","0.1004286961399528","-0.496987673399","0.594874549038","-23.367673210516","17625226","6551322.61","18.7","52","1802","405","106","0.02969828226256083","0.0008045193200361953","9","sell"
"938","JLP","Jupiter Perps LP","3.358050484368383","-0.811321855789","2.280731761225","-15.719771819103","760829674.92","2230383.79","18.6","18","4591","1117","3","0.0008405174225253065","0.034723647845153416","","sell"
"939","RUSD","Royal Dollar","1","0.016613917760327127","0.019823441092086613","","250034809","129786151","18.2","32","1612","1896","5","0.001400862370875511","0.011413064123096065","100","sell"
"940","CRVUSD","crvUSD","0.9993120330254962","-0.012056863618","0.001814649893","-0.011210887274","193386807","3963812.21","18.2","38","1213","1133","15","0.004202587112626533","0.008827315035370948","100","sell"
"941","ABEL","Abelian","0.07357986017457155","-5.154158948316","7.874887804937","-5.993641126757","10278792","13618.82","17.9","34","4284","2254","18","0.00504310453515184","0.00046918472141199686","67","sell"
"942","LHYPE","Looped Hype","61.73","0.4962024397538371","4.323378881905601","","10854357","4753.03","17.8","36","1618","2831","2","0.0005603449483502044","0.0004954569043863675","","sell"
"943","BTC.B","BTC.B","64219.8556890178","0.23","0","","165810100.62","5.76","17.7","30","1203","2078","5","0.001400862370875511","0.007568551427705695","","sell"
"944","HONEY","Hivemapper","0.0014839189128473403","-5.560854443872","-13.252480757706","-33.009992726321","8601810","348983.19","17.7","54","3759","1845","27","0.007564656802727759","0.00039263736716230164","67","sell"
"945","MCB","MUX Protocol","2.1131947229935912","-0.190198039038","-1.697967287349","64.559435276712","8017021","436.54","17.5","17","4675","1646","3","0.0008405174225253065","0.0003659441463976632","","sell"
"946","GHO","GHO","0.9988569585592715","-0.022402951136","-0.050495577845","-0.060136439164","598410866","363020.5","17.4","70","1100","1064","15","0.004202587112626533","0.02731500311068867","100","sell"
"947","HSK","HashKey Platform Token","0.08671916600205727","-1.948581831349","0.759572224084","-45.840185594557","31691317","2783359.72","17.4","72","3968","882","14","0.0039224146384514305","0.0014465787164312967","50","sell"
"948","TAC","TAC Protocol","0.016318575179290418","0.051832064685","-13.089010866169","-19.158478738991","75873366.36","2040851.03","17.2","59","1182","1517","14","0.0039224146384514305","0.0034633000882460093","","sell"
"949","ELEPHANT","Elephant Money","3.982104480027136e-8","1.02201227687","4.031938527704","-6.866763949286","19763073","2327.68","17.1","17","1103","1979","3","0.0008405174225253065","0.0009021032724224752","","sell"
"950","HANU","Hanu Yokia","5.240343427183807e-8","-0.063600956574","2.061692558603","-21.073758995978","7797348","14.79","17","17","3633","2044","10","0.002801724741751022","0.00035591697440053184","100","sell"
"951","BFUSD","BFUSD","0.9991","-0.0000018731985734628109","-0.010462165497148351","","1318812237","1255391","16.7","30","1466","2007","4","0.0011206898967004088","0.06019837272819388","","sell"
"952","FELY","Felysyum","0.239901","-4.821495095470986","-1.249481246774266","","10499818","17569.12","16.7","27","4828","905","4","0.0011206898967004088","0.00047927365231309964","100","sell"
"953","LISTA","Lista DAO","0.05111527218894807","-1.811714805826","-3.45520439424","-38.299450011594","19913980","3993906.16","16.6","36","2758","1103","23","0.00644396690602735","0.0009089915583955856","86","sell"
"954","CACAO","Maya Protocol","0.10647","1.72858196708738","-6.8452630068189695","","10647045","8671252","16.5","22","675","2548","7","0.0019612073192257153","0.000485993961370752","100","sell"
"955","JST","JUST","0.07587043449292784","-0.020438920561","-3.359044381696","-16.585779605064","647832911","26560339.03","16.3","66","769","95","236","0.06612070390532411","0.029570916880997104","23","sell"
"956","AGENTFUN","AgentFun.AI","0.5196757404618567","1.892090143474","4.653896324845","-17.885650297437","51679006","22.61","15.9","31","1177","2334","2","0.0005603449483502044","0.0023589347885392483","","sell"
"957","EURC","EURC","1.1556238878318301","-0.038389633047","0.509214416717","-0.608314876058","448601213","14700285.02","15.8","69","1940","1153","14","0.0039224146384514305","0.02047680653003669","67","sell"
"958","ARARA","Araracoin","0.00043613","-0.06977713272844144","-0.1381623176278944","","15809564","13160.04","15.4","15","4802","1410","2","0.0005603449483502044","0.0007216417922441796","","sell"
"959","METH","Mantle Staked Ether","1817.7617442081178","-0.916512378564","2.07486921854","-24.672153555574","548096127.52","92782.86","15.1","79","2802","982","17","0.004762932060976738","0.02501834154222262","75","sell"
"960","MAV","Maverick Protocol","0.010408103008013718","-1.736064249521","-2.678261091887","-28.772875336833","9774436","983039.81","15.1","60","3187","917","19","0.0053232770093269415","0.00044616293739764296","50","sell"
"961","DEP","DEAPCOIN","0.0010702283836355117","-0.215247791274","-0.245723780815","-2.690111642254","29467308","124942.67","14.6","43","3177","1850","3","0.0008405174225253065","0.0013450618219282486","","sell"
"962","KISHU","Kishu Inu","1.3019723452556768e-10","-1.374892220632","-7.576959361549","-62.629987975789","12424070","213662.79","14.6","14","4816","1212","3","0.0008405174225253065","0.0005671078684881598","","sell"
"963","LRC","Loopring","0.013170827147631193","-2.318864892236","0.245792484508","-23.03420797513","16491402","2126366.34","14.5","26","2477","1051","207","0.05799570215424616","0.0007527649020491171","5","sell"
"964","SN46","Neural3D","2.67","0.02587909922094921","16.054801454147892","","11419163","587689","14.5","14","2100","1282","4","0.0011206898967004088","0.0005212379831125275","","sell"
"965","UNS","UNS TOKEN","0.24968440737705383","-0.041816920192","22.567774881701","-12.935409093343","30059471.91","2533.73","14.4","14","4038","2149","4","0.0011206898967004088","0.0013720916771041865","","sell"
"966","NXPC","NEXPACE","0.34795029439660813","-1.10719267888","13.232278652693","1.901455189693","99558820","7248877.53","14.2","43","2279","855","132","0.03698276659111349","0.0045444520353955156","7","sell"
"967","VSN","Vision","0.03281238192809124","-2.218862327986","8.597647897214","-29.922345352766","121435739","4678111.25","14","63","3166","916","19","0.0053232770093269415","0.005543043712935816","80","sell"
"968","CVC","Civic","0.022593333788485007","-1.410395983916","-2.690940178805","-26.254158699731","18253787","1139062.25","13.9","71","3611","1012","8","0.0022413797934008176","0.0008332105531767673","100","sell"
"969","SN8","Proprietary Trading Network","8.02","-1.0587810746531547","27.908487522473592","","37303586","24538","13.6","13","5186","2264","1","0.0002801724741751022","0.001702755791252364","","sell"
"970","WAXP","WAX","0.004477230718529911","-3.035464390855","-7.58267054269","-31.193942249915","20931521","810918.32","13.6","43","3967","1897","9","0.00252155226757592","0.0009554381340836902","","sell"
"971","USDF","Falcon USD","0.9957381389117372","0.026175604968","-0.07362903076","-0.289685058782","1461661370","604429.05","13.5","26","1570","1969","6","0.001681034845050613","0.06671885010243692","","sell"
"972","MUBARAK","mubarak","0.01065885","-1.362952515215494","5.1397483125011325","","10658847","4662216","13.2","34","2224","512","120","0.03362069690101226","0.0004865326742936426","0","sell"
"973","MCOIN","MCOIN","0.06301292096068678","-11.456670686338","95.4751004576","132.977339375148","11206188","548892.88","13","35","4574","614","10","0.002801724741751022","0.0005115165473598904","0","sell"
"974","KAVA","Kava","0.045045115851934506","-0.961248066394","3.339685618251","-24.058750532752","48812993","9214238.3","12.3","38","2342","1224","25","0.007004311854377555","0.0022281130430492958","50","sell"
"975","BONE","Bone ShibaSwap","0.045052748197098265","0.39865595566","-4.759674770932","-22.707378553424","11237527","1193055.58","12.3","44","305","306","226","0.0633189791635731","0.0005129470442494404","15","sell"
"976","DEL","Decimal","0.001080143781303154","-5.922554291276","-10.991302082706","-18.447485344245","14587328.73","292034.84","12.2","12","4635","2012","5","0.001400862370875511","0.0006658517621847264","","sell"
"977","MORI","MORI COIN","0.00788061789875392","-0.928703958622","20.227028700995","46.341262547803","7150801","944388.82","12","73","2943","430","12","0.003362069690101226","0.000326404754085658","100","sell"
"978","L3","Layer3","0.0066499","-0.1336973954988841","-5.353884046565173","","10608541","2970049","11.9","47","3263","2035","4","0.0011206898967004088","0.00048423641160096894","","sell"
"979","SXT","Space and Time","0.008124441439375596","-4.663751855995","-3.705950334918","-37.200112026926","21323230","55368417.81","11.6","51","3270","785","52","0.014568968657105314","0.0009733180442948876","80","sell"
"980","SWFTC","SWFTCOIN","0.0029079429207822666","-2.543386945268","-1.396654943616","-17.005681166277","29185938","503232.1","10.2","67","3397","1162","25","0.007004311854377555","0.0013322184347808394","50","sell"
"981","TUSD","TrueUSD","0.9986190557793965","-0.003663982415","-0.093256419905","-0.070799237305","493888057","14347235.09","9.7","75","1571","1022","4","0.0011206898967004088","0.022543965325133287","","sell"
"982","ONG","Ontology Gas","0.04708141782967324","-1.901122599191","-3.838761776659","-27.454454896631","22532534","911598.37","9.4","53","3206","707","15","0.004202587112626533","0.0010285178148848957","0","sell"
"983","FCT","Firmachain","0.00823509","-0.05201125326804725","-5.54115486873785","","9785461","150346","8.9","44","3076","2135","5","0.001400862370875511","0.00044666618345550336","100","sell"
"984","FDUSD","First Digital USD","0.9975679021953207","-0.016473335278","0.005253376549","-0.024610417502","336794852","54959200.55","8","55","1496","981","9","0.00252155226757592","0.015373304451400002","100","sell"
"985","CUSD","Celo Dollar","1.0001099757200125","-0.001028651458","-0.045088188982","0.187337354276","15678072","164281.74","8","47","2245","2201","3","0.0008405174225253065","0.0007156397214378138","","sell"
"986","HOPR","HOPR","0.018074045648436583","-6.751350919877","10.879701619554","-20.217409853425","12187171","206020.27","7.8","66","4091","1723","21","0.005883621957677146","0.0005562944002014408","60","sell"
"987","XP","Xphere","0.02634411","0.8077219900839874","-26.097941881919574","","73225006","1006631","7.2","40","492","1221","24","0.006724139380202452","0.0033424213701864773","100","sell"
"988","XCM","Coinmetro","0.03855125604228","7.555961521","-7.806737707175","-12.039881800486","11665514","3242.81","7.2","27","809","1793","3","0.0008405174225253065","0.0005324828964549288","","sell"
"989","VEREM","Verified Emeralds","4.315878458582669","3.221186473805","-16.342817419123","-26.158540121244","10783851","3841817.44","7.1","24","548","2552","6","0.001681034845050613","0.0004922385944947115","","sell"
"990","CTC","Creditcoin","0.0924135288326847","-3.604617085594","3.54794963648","-37.591425975853","50296766","3025328.5","6.4","41","3180","1269","76","0.021293108037307766","0.0022958411984243285","13","sell"
"991","SATUSD","Satoshi Stablecoin","0.995155","0.08463190868896778","0.11974698721489704","","158398964","3141.22","5.7","12","4461","2744","1","0.0002801724741751022","0.0072302634196984355","","sell"
"992","AHT","AhaToken","0.00108987597374138","-0.928843614111","2.941392672744","-27.82747244778","7925530","41671.52","5.2","81","3766","800","5","0.001400862370875511","0.00036176795727478714","","sell"
"993","PAW","PAWSWAP","9.793126442724546e-10","-0.01300797916","-0.034293015797","272.294672983049","17252274","6.2","4.7","71","1468","661","8","0.0022413797934008176","0.0007874955899889245","100","sell"
"994","RSETH","Kelp DAO Restaked ETH","1775.5791122875391","-1.243040136244","2.020393013356","-25.04375718063","1514186490.35","5918.3","3.6","46","4417","1843","3","0.0008405174225253065","0.06911640654277994","","sell"
"995","SNT","Status","0.007241517709062811","-2.306545961131","-0.56789635923","-27.314390747162","29359179","1588501.83","3","29","3983","1524","6","0.001681034845050613","0.0013401261763055377","","sell"
"996","JMPT","JumpToken","0.5240352927198364","-0.929704323887","-5.672765823431","-15.683359516314","7731539","2489.61","2.3","2","4917","1970","3","0.0008405174225253065","0.0003529130633055897","","sell"
"997","MNDE","Marinade Finance","0.018328175958798806","-1.592422933048","-1.834218450036","-11.246756680736","10044992","914943.98","2.2","2","4698","1917","5","0.001400862370875511","0.0004585127097722901","","sell"
"998","XAVA","Avalaunch","0.27005390318181366","-0.427295555216","3.093601289182","-19.285719006415","11473076","127232.56","2","2","3240","1520","3","0.0008405174225253065","0.0005236988905698907","0","sell"
"999","SHARDUS","Shardus","0.026290487881023405","0","1.37610512438","-27.782482301759","11703298","1.67","0","","4540","","0","0","0.0005342075811760351","","sell"
"1000","MCEUR","Moola Celo EUR","1.1636828332206508","0.194699445204","1.176530010586","-0.077277159286","9387223.11","267.66","0","","3025","","0","0","0.0004284882561781198","","sell"