rank,symbol,name,price,percent_change_24h,percent_change_7d,percent_change_30d,market_cap,volume_24h,galaxy_score,galaxy_score_previous,alt_rank,alt_rank_previous,social_volume_24h,social_dominance,market_dominance,sentiment,signal
"1","ADCO","Advertise Coin","0.354767","-0.13541435382806974","0","","15964526","5087.5","100","100","5290","2393","1","0.00028167665210398373","0.0007287151723456007","","hold"
"2","SN77","Liquidity","2.01","-2.53107743481294","67.07962607454185","","9400351","876157","100","100","5693","","0","0","0.00042908749054460746","","hold"
"3","GVNR","GVNR","0.55681","0.0022500000000113918","-9.477383525049355","","8865937","14.8","100","100","4823","2295","1","0.00028167665210398373","0.00040469368203980736","","hold"
"4","NIL","Nillion","0.0413388","0.5680239134497784","2.494498440370281","","19285751","18176446","89.7","68","172","77","345","0.0971784449758744","0.0008803154796941257","48","hold"
"5","TAO","Bittensor","262.65229871227007","1.093007533191","25.408710768629","","2516567310","655941722.58","87","88","59","1","3355","0.9450251678088655","0.1148709821404002","80","hold"
"6","JELLYJELLY","jelly-my-jelly","0.07220412374841186","23.612396707998","24.414661721653","","73824995","10281351.04","86.8","46","107","1679","42","0.011830419388367317","0.0033698084086453994","80","hold"
"7","SPK","Spark","0.0195365189318295","0.11799616734","2.825741262687","","54645406","15320591.56","83.3","32","877","1101","31","0.008731976215223498","0.0024943387890868367","80","hold"
"8","BLUAI","Bluwhale AI","0.0142215611552125","10.416","1.068319636067837","","17464077.1","695612.54","83.2","39","25","423","236","0.06647568989654017","0.0007971635333102504","55","hold"
"9","AIOT","OKZOO","0.07996466063913331","7.656010718822","47.012238941425","","21149447","5561105.48","82.3","86","36","155","76","0.021407425559902764","0.0009653855626918799","92","buy"
"10","EIGEN","Eigenlayer","0.195166","5.582471581738859","14.201867489112866","","144488015","30294649","77.8","65","24","100","232","0.06534898328812423","0.006595285619666925","40","hold"
"11","XCN","Onyxcoin","0.003936011369290304","0.493714166561","4.201744821961","","151400471","9136472.28","77.3","62","203","125","356","0.10027688814901821","0.006910810901493105","32","hold"
"12","SYN","Synapse","0.03920454808573216","22.946632370713","-1.887371514951","","8755297","24696796","77.2","73","11","185","121","0.03408287490458203","0.0003996434195598366","79","buy"
"13","XION","XION","0.11638009191602677","-2.494863133631","-2.008621511851","","8322202","3264588.66","73.7","45","2662","1507","35","0.009858682823639432","0.00037987440809234815","67","hold"
"14","CAT","Simons Cat","0.0000014941727102375145","-1.611362403398","-1.149155140068","","10107698","2138899.76","73.1","46","2221","731","104","0.02929437181881431","0.0004613749816366163","98","hold"
"15","KNTQ","Kinetiq","0.2115537962248533","2.047507695285","-10.384981605514","","59367251","720572.88","72.6","56","77","1085","157","0.04422323438032545","0.0027098716582095537","93","hold"
"16","ANKR","Ankr Network","0.003894514722080795","-1.402526261799","0.614826490543","","39032154","5442274.24","72.4","27","1981","562","24","0.00676023965049561","0.0017816578349479355","60","hold"
"17","JASMY","JasmyCoin","0.005408496071141051","14.399856463331","13.851650508581","","261839516","44387961.87599193","72.3","39","2","275","470","0.13238802648887238","0.011951900609440498","44","hold"
"18","MAX","MAX Exchange Token","0.2709180929221818","0.31412372739","-1.979212608948","","18132861.27","10556.87","72.3","37","659","1910","73","0.020562395603590813","0.0008276907892841239","79","hold"
"19","UB","Unibase","0.12362629018894011","-6.561567537934","-2.747778119887","","313209513","8677929.73","71.8","36","1868","669","145","0.04084311455507764","0.014296730403776263","47","sell"
"20","AKT","Akash Network","0.7305421444851589","9.891189853416","20.457224942712","","212682238","20621838.81","71.8","70","5","81","350","0.09858682823639432","0.00970807236738617","63","buy"
"21","CAW2","A Hunters Dream","3.548227723017677e-8","3.319298466115","7.375359769928","","22554317","466941.48","71.6","59","308","946","24","0.00676023965049561","0.001029512119545066","100","hold"
"22","CHR","Chromia","0.015345063191139914","-1.053546879938","-4.873779734461","","14972831","1137610.93","71.6","62","2134","817","150","0.04225149781559756","0.000683448360613184","94","hold"
"23","SUSDE","Ethena Staked USDe","1.2345594488258402","0.000425822992","0.079800516649","","1869381170.1","10406.19","71.5","28","1856","1609","7","0.0019717365647278864","0.08532958770896437","","hold"
"24","SOMI","SomniaOFT","0.11106277572197996","-4.416095328338","0.54998901997","","17750494","8574046.15","70.8","42","1864","1134","77","0.021689102212006747","0.0008102372907551123","83","hold"
"25","TIA","Celestia","0.33442196072564934","-2.236201594947","6.565015465801","","311285615","26467014.81393123","70.4","57","1269","23","2496","0.7030649236515435","0.014208912346250135","85","hold"
"26","TEL","Telcoin","0.0024161409980269625","1.176096217712","-2.201304111332","","229812209","845478.39","70","51","117","937","674","0.18985006351808503","0.010489985326752462","52","hold"
"27","YELLOW","YELLOW","0.060462","1.006624512919667","8.836023049967192","","11610503","765662","70","80","290","369","53","0.014928862561511139","0.0005299718697983337","78","hold"
"28","GOMINING","Gomining Token","0.278731","3.139866416363385","6.9379870884492085","","112681583","10527810","69.7","75","263","401","49","0.013802155953095203","0.005143452375348952","92","hold"
"29","CREPE","CREPE","0.00001482","18.123671332210133","29.46780592608255","","10222525","458046","69.7","56","18","390","307","0.08647473219592301","0.0004666163635038216","78","buy"
"30","WBTC","Wrapped Bitcoin","64192.48544431811","0.275664225557","4.205530848456","","9351180560.98","69194169.14","69.5","57","669","392","119","0.033519521600374066","0.4268430615559379","47","hold"
"31","ZEC","Zcash","425.4706095288727","2.822101868313","2.459527216512","","7151440780","505934496.5282862","69.1","52","15","655","2501","0.7044733069120633","0.32643395742016124","74","buy"
"32","SHIB","Shiba Inu","0.000004913975019285721","-1.483504476971","5.456771683577","","2892673188","65040483.12326479","68.9","60","1121","36","1447","0.4075861155944645","0.132038673790435","82","hold"
"33","FET","Fetch","0.2020997459961866","-2.368852551852","-2.547202244395","","456011601","159341553.64","68.8","82","1303","9","565","0.15914730843875083","0.020815060366609586","72","hold"
"34","GOAT","Goatseus Maximus","0.013420625357970393","0.127972279258","1.778996356725","","13445103","5453133.09","68.8","46","646","312","325","0.09154491193379473","0.0006137138396623459","44","hold"
"35","PONKE","PONKE","0.025718377556278073","0.539530674015","-0.669835305958","","14273271","1380920.92","68.2","50","313","337","178","0.050138444074509105","0.0006515163141517928","20","hold"
"36","EIGEN","EigenCloud","0.19677823213941872","5.460192438723","15.556257657616","","155657664.47","28533294.56","68.1","33","39","140","173","0.04873006081398919","0.007105134332905953","21","hold"
"37","RIF","Rootstock Infrastructure Framework","0.09983349246285655","4.959665405564","49.903211617265","","99833492.46","28950932.47","67.1","79","16","43","293","0.08253125906646723","0.004556989707295545","65","buy"
"38","FT","Flying Tulip","0.098986","0.4565306646745181","0.37203387296906637","","121450248","113400","67","67","295","1297","788","0.22196120185793922","0.0055437059893125515","96","hold"
"39","NOS","Nosana","0.33160228975280776","2.031117271372","-0.873213484859","","33312650","440798.12","66.9","51","249","717","40","0.01126706608415935","0.0015205859219395974","67","hold"
"40","PEAQ","peaq","0.02181279828156072","-3.35045922188","-2.034861904697","","48552736","2129143.59","66.8","62","2690","225","102","0.028731018514606344","0.0022162333778084266","88","hold"
"41","STRK","StarkNet","0.03376462296781085","-2.885166227578","0.807764938603","","215274128","21245404.61","66.7","64","1417","245","596","0.1678792846539743","0.009826381521572823","77","hold"
"42","IDOL","MEET48","0.030048707851663744","-0.290461352707","0.096099240641","","56396690","4373946.36","66.5","56","994","878","90","0.025350898689358536","0.002574277725068155","80","hold"
"43","ESP","Espresso","0.07082964358458002","-5.776309783022","7.625995471686","","36868168","11444510.66","66.2","84","2018","145","60","0.016900599126239025","0.0016828807443569924","79","sell"
"44","GTC","Gitcoin","0.08126399756601822","4.979971317092","8.823676168566","","7121183","4574929.23","66.1","46","312","1823","17","0.004788503085767724","0.0003250528137916254","67","hold"
"45","XAI","XAI","0.007974060841705596","-1.776491476366","1.822396217606","","16478075","5096680.55","65.9","63","1556","83","79","0.022252455516214718","0.0007521565791272935","70","hold"
"46","WLD","Worldcoin","0.49958088851902915","-1.459233174598","12.441110561589","","1707178189","654967055.9772767","65.5","61","1109","13","879","0.2475937771994017","0.07792568650154633","59","hold"
"47","GWEI","ETHGas","0.166402","-4.243072857055848","24.44893506312075","","349338871","4774722","65.5","43","1776","297","166","0.0467583242492613","0.01594588750005998","33","hold"
"48","MX","MX Token","1.7178062876948808","1.458633123828","-1.327369447988","","158263901","5394145.19","65.3","74","148","461","88","0.02478754538515057","0.007224098347379814","68","hold"
"49","NOCK","Nockchain","0.040503269326634436","15.716788262323","1.988288662827","","89524646","1775239.89","65.3","34","17","1218","267","0.07520766611176366","0.004086433122979592","86","buy"
"50","TRUTH","Swarm Network","0.012192558177944356","7.668258374523","7.687485004812","","24570419","5259920.37","65.3","37","63","1409","119","0.033519521600374066","0.0011215389117214393","4","hold"
"51","USD1","World Liberty Financial USD","1.0001562255756826","-0.003777702293","0.073283382184","","4375954301.76","1174695648.15","65.1","67","712","356","106","0.029857725123022278","0.19974437657488303","99","hold"
"52","AUKI","Auki Token","0.00540709177423152","-5.041449008595","-9.980531899811","","23865254","50562.63","65.1","62","3382","1846","33","0.009295329519431463","0.001089351019985281","89","sell"
"53","HYPE","Hyperliquid","60.85107203839703","2.843480691798","4.151970408015","","13599082841","477252861.35","64.9","66","12","590","7633","2.150037885509708","0.620742388231346","78","buy"
"54","CARDS","Collector Crypt","0.27171479171620133","-1.502738987355","47.069622105736","","70732095","6036974.23","64.9","66","1203","24","564","0.15886563178664684","0.0032286302016289368","80","hold"
"55","ARRR","Pirate Chain","0.2911733216153253","12.516698073397","1.232067140767","","57138116","122682.23","64.7","57","156","2095","41","0.011548742736263334","0.0026081207828182887","83","hold"
"56","VVV","Venice Token","15.982187507171835","-4.816921714878","-4.573275232587","","756063414","52692832","64.6","71","1542","2","882","0.24843880715571368","0.03451119569959128","66","hold"
"57","COTI","COTI","0.0098619854217233","-1.40868131","0.99551205","","28349370","2301729.91565757","64.5","54","2540","544","40","0.01126706608415935","0.0012940325347234989","75","hold"
"58","TRX","TRON","0.31713605422232555","-0.036361728268","-3.466260564713","","30044757039","372891701.0246889","64.4","46","724","137","406","0.11436072075421741","1.3714200035601798","44","hold"
"59","ALGO","Algorand","0.09057745422993223","2.23333938628","-3.132416771511","","807117137","44248167.2","64.4","50","37","284","512","0.14421844587723967","0.036841588882253244","59","hold"
"60","PNUT","Peanut the Squirrel","0.043769057865699776","-1.696350665622","5.741556474862","","43715536","15690939.08","64.4","59","1268","33","456","0.1284445533594166","0.001995435025782808","74","hold"
"61","USDP","Pax Dollar","0.9995715399791274","-0.026375923892","-0.004415848807","","31934908","4273089.9","64.4","66","857","555","121","0.03408287490458203","0.0014576976470871044","86","hold"
"62","XAUT","Tether Gold","4209.541399931233","0.094834827527","-2.052100733021","","2579477885","669904764.5946883","64","50","654","285","251","0.07070083967809992","0.1177425920149111","37","hold"
"63","SN44","Score","10.5","5.184587786899608","29.848649863124187","","49845047","797175","64","26","535","1500","3","0.0008450299563119512","0.0022752220776977384","","hold"
"64","OMG","OMG Network","0.050429730880156745","1.368422415336","1.484210805147","","7203878","785352.5","64","36","171","864","78","0.021970778864110734","0.0003288275015698356","88","hold"
"65","SAUCE","SaucerSwap","0.016113433970720493","0.598459802997","-7.142100951899","","14571491","28366.74","63.8","48","409","1465","38","0.010703712779951382","0.0006651288347300365","92","hold"
"66","GNO","Gnosis","107.30641586148128","1.427023091719","15.548459222019","","283522663","10895274.9264954","63.6","35","216","152","124","0.03492790486089399","0.012941647389463906","25","hold"
"67","BSV","Bitcoin SV","11.950191383894289","0.752461181826","-0.075200477461","","239497575","8751237.30595216","63.6","57","174","240","214","0.06027880355025252","0.010932082583753404","41","hold"
"68","PHA","PHALA","0.03557623326430714","-0.695725102894","9.250107254852","","29697152","23493016.43","63.6","76","1028","40","241","0.06788407315706009","0.001355553258383838","56","hold"
"69","CLANKER","CLANKER","14.36","1.6939168872362094","-1.855889328591506","","14162362","1527817","63.6","62","127","399","264","0.0743626361554517","0.0006464537729244693","36","hold"
"70","IXS","IX Swap","0.062733265264024","3.393152887934","-0.137936397124","","11275886","79256","63.6","39","109","1527","266","0.07492598945965967","0.000514697975363587","11","hold"
"71","APEPE","Ape and Pepe","0.0000010774067045508378","-0.977370050488","2.692689311845","","226245376","25991922.47","63.5","55","1429","1504","73","0.020562395603590813","0.010327174020965937","92","hold"
"72","RAY","Raydium","0.6021055231184161","-1.230679122595","4.741560523207","","162115265","14560625.45","63.5","61","1113","30","750","0.2112574890779878","0.007399897327006621","78","hold"
"73","VEE","BLOCKv","0.006089039119500969","1.912535736211","1.730548002311","","11724838","1020.96","63.5","67","366","2335","22","0.006196886346287642","0.0005351907938822767","100","hold"
"74","DOT","Polkadot","0.961650458836395","-2.43803895","0.04211625","","1624342151","65568249.96774735","63.3","47","1339","66","706","0.19886371638541253","0.07414456091675936","59","hold"
"75","CRO","Cronos","0.06123271145388585","2.171449948142","2.611484003262","","2744408662","8061940.94","63.2","48","33","221","1616","0.4551894698000377","0.1252710059237643","78","buy"
"76","ON","Orochi Network","0.08734440077167946","14.158466320859","8.813200306872","","12555384","1554812.59","63.2","48","7","831","415","0.11689581062315325","0.0005731018143241582","93","buy"
"77","BBUSD","BounceBit USD","0.9817620300429273","0","-2.417677640191","","190032738.83","6619.55","63.1","63","3082","2344","2","0.0005633533042079675","0.008674215571938057","","hold"
"78","BSB","Block Street","0.261985","11.197437254361882","-2.0700129013922095","","58328175","6603179","63.1","19","10","1143","368","0.10365700797426602","0.002662442098044712","52","hold"
"79","LTC","Litecoin","43.98241792775227","0.20470005608","4.590206178422","","3391200400","193203652.20818967","63","59","538","38","1740","0.4901173746609317","0.1547943975251423","67","hold"
"80","CCD","Concordium","0.00441413496967809","1.255260937766","-10.190405691947","","55554795","127774.82","62.5","56","540","2080","22","0.006196886346287642","0.0025358486692965087","100","hold"
"81","PAXG","PAX Gold","4218.051290048784","0.089195524428","-1.926567176452","","1927507900","64440242.94651384","62.4","46","616","272","287","0.08084119915384334","0.0879828346639297","80","hold"
"82","QANX","QANplatform","0.010615848217081078","0.61746947","-5.84881355","","18044069","135708.98271303","62.3","69","436","1529","45","0.012675449344679268","0.000823637786123491","93","hold"
"83","USTC","TerraClassicUSD","0.006038667448709799","0.52928791616","5.380956760447","","33734947","1256970.36","61.8","53","346","444","77","0.021689102212006747","0.001539862048968739","80","hold"
"84","WKC","Wiki Cat","5.3993e-8","-6.873467622549205","-15.666022282244176","","29287835","132088","61.6","55","2735","420","494","0.13914826613936798","0.0013368696151488944","79","sell"
"85","QTUM","Qtum","0.7219912295367322","-1.02144742","2.77461266","","76528534","9142215.65841649","61.1","61","1607","296","53","0.014928862561511139","0.003493213882026072","79","hold"
"86","PYR","Vulcan Forged","0.18396902621753258","1.510001794669","-3.324972481724","","8336033","3406985.86","61.1","27","251","1095","56","0.01577389251782309","0.0003805057365482454","69","hold"
"87","ZEDXION","Zedxion","0.3967872723069023","0.051646394434","-1.26079053967","","224147515.46","67860.88","60.8","60","2686","2371","2","0.0005633533042079675","0.010231415286571746","","hold"
"88","GT","GateToken","6.697712974086685","1.258327299693","6.25886923843","","714896038","2315931.9702033","60.7","68","205","187","133","0.037462994729829835","0.032632073732747034","53","hold"
"89","BANK","Lorenzo Protocol","0.04077277","2.1119930600289196","23.198099295190744","","17356147","5839139","60.7","35","144","714","126","0.03549125816510195","0.0007922369666572362","73","hold"
"90","COL","Clash of Lilliput","0.11704622792481","0.385914134105","4.801258114933","","9604773","3060.11","60.7","41","1178","1982","3","0.0008450299563119512","0.0004384185169065071","","hold"
"91","SKY","Sky","0.056860735236543","1.513172181711","2.325865204107","","1326747532","12513566.05676251","60.6","54","54","629","647","0.1822447939112775","0.060560586417691346","67","hold"
"92","QNT","Quant","67.66117965208976","1.452465704186","-2.534932674664","","986549508","6837006.52554088","60.6","51","71","216","633","0.17830132078182173","0.04503194111429851","50","hold"
"93","DGB","DigiByte","0.002501582018127018","2.853302992103","-11.833328673725","","45816961","3083755.47","60.6","56","57","143","278","0.07830610928490749","0.0020913564631650614","53","hold"
"94","HUNT","HUNT Token","0.08269323977086389","-0.48539654","4.46986188","","16026147","48577.52631523","60.5","64","2496","573","16","0.00450682643366374","0.0007315279184074072","100","hold"
"95","QUBIC","Qubic","4.632030572493137e-7","6.838898994759","3.288185164425","","63843204","1564605.68","60.1","59","20","135","446","0.12562778683837675","0.0029141805654584007","75","buy"
"96","WHITE","Whiteheart","2851.05","0.09246999999999568","-6.027157726956779","","25340161","287.53","60","52","764","1193","92","0.025914251993566506","0.001156674478802582","47","hold"
"97","ZKC","Boundless","0.06464572381343688","32.429616561122","31.527810141703","","18342008","81784745.39","60","73","91","923","29","0.008168622911015529","0.0008372374802035705","100","hold"
"98","DASH","Dash","35.322066887627166","0.108831043004","-5.373596154676","","450893744","59679097.38","59.9","51","628","273","395","0.1112622775810736","0.02058145117296393","48","hold"
"99","SAVAX","BENQI Liquid Staked AVAX","8.31433367412086","-1.396179289265","-1.33301596359","","264547185.56","356595.4","59.8","37","3645","2414","4","0.001126706608415935","0.012075494625953755","100","hold"
"100","ICX","ICON","0.028254394965578238","-1.70262311","-3.88929414","","31030645","1859407.48681254","59.8","72","2903","867","23","0.0064785629983916265","0.0014164217477656495","100","hold"
"101","GRASS","Grass","0.3824437559899139","-1.735869009089","9.714043692917","","93279979.11","15983553.33","59.7","52","1311","112","255","0.07182754628651586","0.004257848686114306","47","hold"
"102","GIGA","Gigachad","0.002732596131400829","1.239126406602","9.760642716155","","26293044","6636615.71","59.6","40","120","98","384","0.10816383440792976","0.001200169681827726","40","hold"
"103","KNC","Kyber Network Crystal","0.11946054562361444","-1.047287131958","1.434283103657","","20301563","1528905.35","59.6","37","2362","1306","86","0.024224192080942602","0.0009266831336195055","13","hold"
"104","RARE","SuperRare","0.01300961424645716","-1.04763816","0.25472887","","10623429","6955533.67452448","59.6","68","1060","69","748","0.21069413577377982","0.00048491598777415955","91","hold"
"105","BTC","Bitcoin","64259.59086626804","0.22118438283","4.054503658991","","1288272440667","16368386504.485802","59.5","52","516","106","100612","28.340051321486015","58.80435621005851","79","hold"
"106","UFART","Unit Fartcoin","0.118117","-2.0015521068378006","6.583024780797508","","9461046","66.38","59.5","59","5717","1816","1","0.00028167665210398373","0.0004318579685021438","","hold"
"107","WIF","dogwifhat","0.15740584309170172","-2.666679841843","0.067675744202","","157443923","35744293.36","59.4","47","1384","86","491","0.13830323618305604","0.007186669712819064","69","hold"
"108","BAT","Basic Attention","0.08884353912604569","-0.271703614366","4.292921187103","","132989921","6879139.89692698","59.3","54","992","829","116","0.032674491644062116","0.006070444759947324","39","hold"
"109","MEME","MemeCoin","0.0006248063624094962","11.51428079069","0.35456151819","","39411818","26514518.59","59.3","48","8","798","461","0.12985293661993652","0.0017989879402823138","35","hold"
"110","SIGN","Sign","0.008572407510125245","-0.667626904625","-1.585350794518","","19766420","4349894.53","59.2","58","1589","1258","29","0.008168622911015529","0.0009022560492529205","100","hold"
"111","MIM","Magic Internet Money","0.7742329977031752","-11.757088092379","-21.865571580955","","103613624.41","58141.94","59.1","60","3137","565","165","0.04647664759715732","0.00472953723582432","86","sell"
"112","USDT","Tether","0.9993323766107686","-0.008082356761","-0.028933192674","","186487954064","41009044226.72108","59","65","634","299","991","0.27914156223504794","8.512410677656588","75","hold"
"113","SUI","Sui","0.7532795445689597","-1.983175563046","0.881382855472","","3038724910","248793566.68","58.9","60","1222","46","1507","0.4244867147207035","0.13870533622492268","79","hold"
"114","DOOD","Doodles","0.00158817","1.1965507855058473","-1.0575817834208046","","12387581","8702617","58.8","50","157","529","283","0.07971449254542741","0.0005654422952087703","7","hold"
"115","NMR","Numeraire","8.31463087468743","-0.942626125102","1.537322020209","","58460315","3204386.02","58.6","72","2132","1024","30","0.008450299563119512","0.002668473747394887","100","hold"
"116","MNT","Mantle","0.5544426021362022","1.467394261468","3.473370270832","","1835314716","19699621.09","58.4","57","101","247","273","0.07689772602438756","0.08377459371974821","24","hold"
"117","ATH","Aethir","0.004560250613678089","-1.017509885303","4.710074796215","","91863885","10803468.7","58.4","56","1404","154","49","0.013802155953095203","0.004193209794647924","78","hold"
"118","ZIL","Zilliqa","0.0031746118518274392","0.499972345785","4.124132260128","","62018273","3682308.74","58.4","48","270","315","274","0.07717940267649155","0.002830879945810575","23","hold"
"119","YLDS","YLDS","0.999677","-0.012446540140126293","-0.012424346431676087","","558234264","1940301","58.3","58","2073","1794","4","0.001126706608415935","0.025481105915702074","","hold"
"120","AZTEC","AZTEC","0.01606766","-3.2307808702720533","-0.3657127550153719","","47265545","4496997","58.3","58","1871","232","151","0.042533174467701544","0.002157478384931926","20","hold"
"121","EDGE","EdgeX","0.364805","-15.093948636743734","-21.676111144217323","","127491340","11148156","58.2","86","2223","194","37","0.010422036127847398","0.005819457076312292","83","sell"
"122","QRL","Quantum Resistant Ledger","1.0408784865744658","9.486329530357","-1.644850025638","","81618815","60203.03","58.2","67","170","873","49","0.013802155953095203","0.003725564344307416","91","hold"
"123","UFD","Unicorn Fart Dust","0.0126489","4.943234684889612","-0.23383062374621044","","12642823","184828","58.2","58","41","111","405","0.11407904410211342","0.0005770930462564265","91","hold"
"124","CHIP","USD.AI Coin","0.03602838375716645","9.623374501246","19.304646848968","","118888026.64","51635810.26","58.1","46","6","87","398","0.11210730753738554","0.005426751086928354","54","hold"
"125","ID","SPACE ID","0.028116773471568813","-4.18284972587","6.927367477667","","12096137","16781056.07","58.1","58","1730","1001","73","0.020562395603590813","0.0005521390712552942","74","hold"
"126","STRX","StrikeX","0.028778769341978743","0.489802705466","-3.855115656733","","25228938","3883.35","58","51","400","590","85","0.02394251542883862","0.0011515976047623633","90","hold"
"127","SDT","Stake DAO","0.10587828094972239","-1.32794129","21.70032251","","7296440","1753.56","58","58","5292","1896","2","0.0005633533042079675","0.000333052577452618","","hold"
"128","BBT","BabyBoomToken","0.070429","-1.0975049985958796","-20.199821117616136","","12085259","137779","57.9","29","3060","2531","16","0.00450682643366374","0.000551642535144872","100","hold"
"129","SUSD","sUSD (Optimism)","0.3647667681501641","1.327778831211","-33.461179647651","","12060343","40619.09","57.9","55","180","1324","165","0.04647664759715732","0.0005505052218770578","86","hold"
"130","ATM","Automatic Treasury Machine","1.0570575887402018","3.740305152449","14.556755503006","","8912797","5162751.48","57.9","66","164","294","30","0.008450299563119512","0.00040683264895784274","100","hold"
"131","DOG","Dog (Bitcoin)","0.0006423244308137967","1.466023561246","0.008421325957","","63934696","889211.14","57.8","52","80","119","1163","0.3275899463969331","0.002918356800227178","70","hold"
"132","XPR","XPR Network","0.0022342445010915288","0.406442679036","4.484197465769","","63749265","1440946.82","57.8","70","291","258","136","0.03830802468614179","0.0029098926351700245","85","hold"
"133","RED","RedStone","0.0932670684744504","-0.89306384248","-2.419456617263","","38769997","13271767.58","57.8","42","1292","1359","127","0.035772934817205934","0.0017696914424952812","21","hold"
"134","BRISE","Bitgert","1.953909468609932e-8","0.864842207205","0.59563126443","","7716128","618412.73","57.8","39","204","1174","178","0.050138444074509105","0.00035220961432620766","34","hold"
"135","WOO","WOO Network","0.013179728803116656","-0.365713250829","-0.02868893397","","24899136","1186780.38","57.7","58","1834","531","312","0.08788311545644294","0.0011365434953406416","39","hold"
"136","SPX","SPX6900","0.32935989132489","1.872131050253","8.813619655159","","307353874","5489599.99","57.6","60","52","582","807","0.2273130582479149","0.014029444486043496","80","hold"
"137","JPYC","JPY Coin","0.006982796155590744","2.558304794344","1.785729067672","","17876670","232.19","57.6","67","277","626","22","0.006196886346287642","0.0008159967079520826","57","hold"
"138","SN64","Chutes","17.73","3.812807185155006","27.782051782473793","","92919631","1038636","57.5","52","680","932","3","0.0008450299563119512","0.004241400271981431","","hold"
"139","BNB","BNB","611.231769797599","0.450902715027","3.728455846538","","82373544553","791999315.33","57.4","58","135","213","1044","0.29407042479655904","3.7600146547199342","65","hold"
"140","TWT","Trust Wallet Token","0.39715323594975266","1.2769694801","9.260711474431","","165497357","10068986.91818837","57.2","45","132","393","340","0.09577006171535447","0.007554275963407645","20","hold"
"141","PTGC","The Grays Currency","0.00006557","5.274772137414405","-6.327357169130854","","18943164","12800.22","57.1","58","195","802","31","0.008731976215223498","0.0008646777874288895","60","hold"
"142","SYRUP","Syrup","0.132433","1.1559514976713527","1.2322069685887551","","157899303","5839975","56.9","72","213","507","64","0.01802730573465496","0.0072074559431889946","75","hold"
"143","PEOPLE","ConstitutionDAO","0.005406183775644648","-1.686592401048","0.508546908131","","27302691","4053101.33","56.9","44","1533","183","112","0.03154778503564618","0.0012462559287738126","4","hold"
"144","PROVE","Succinct","0.199608","1.959789179882684","11.046105581636684","","38927383","8001667","56.8","71","124","190","146","0.04112479120718163","0.0017768754682605799","33","hold"
"145","BITCOINALT","HarryPotterObamaSonic10Inu (ERC-20)","0.012005925082454598","1.937754070904","-3.192111615036","","12010356","2737003.55","56.8","34","126","1079","135","0.03802634803403781","0.000548223520226784","71","hold"
"146","INV","Inverse Finance","10.15307985817441","-0.299103962042","-7.896123195567","","7176286","59699.73","56.8","66","2149","975","45","0.012675449344679268","0.00032756803987110683","100","hold"
"147","PHNIX","PHNIX","0.00001378","-1.6202810672794523","1.0471141309179877","","7300332","173761","56.7","49","2581","309","56","0.01577389251782309","0.00033323023129907544","47","hold"
"148","VIRTUAL","Virtuals Protocol","0.6118389677299286","-4.813004246033","8.367604228235","","402627606","59058587.24","56.6","53","1588","50","496","0.13971161944357596","0.018378299819073025","48","hold"
"149","BIO","Bio Protocol","0.03141388544453172","-1.544650753187","11.059184621404","","67299039","40989943.99","56.6","55","1521","149","82","0.023097485472526668","0.0030719252675324217","81","hold"
"150","BANANAS31","Banana For Scale","0.009375618791282632","23.159730554092","-12.756049019847","","96882018","41075300.85","56.5","63","60","142","55","0.015492215865719106","0.004422266996468268","75","hold"
"151","ARPA","ARPA","0.008396565503770248","0.030852760469","0.895656623572","","8257742","3115037.32","56.5","64","1310","791","13","0.003661796477351789","0.00037693207331777374","50","hold"
"152","PEPE","Pepe","0.000002803152315225074","-1.790171587339","2.162253986268","","1178719941","164856465.49","56.4","53","1183","109","1656","0.46645653588419705","0.053803733662559805","83","hold"
"153","DCR","Decred","12.100288249692989","0.594942912341","-2.459838514835","","211525099","1402645.31","56.4","50","301","791","241","0.06788407315706009","0.009655253715218682","11","hold"
"154","KSM","Kusama","3.6369548720475793","-1.74847402309","-0.320523830446","","66769459","3660343.71085514","56.4","61","1591","581","109","0.03070275507933423","0.003047752111312764","21","hold"
"155","GAL","Galxe","0.2784690481559226","1.53494672","-2.80451997","","28919408","1.66","56.4","47","818","2837","8","0.00225341321683187","0.0013200524328033755","","hold"
"156","EDGESOL","Edgevana Staked SOL","87.02044776202467","-0.438473884948","5.698193085233","","75791047.78","9.16","56.3","56","5482","2096","1","0.00028167665210398373","0.0034595506590835426","","hold"
"157","FLIP","Chainflip","0.2950155524167247","0.32277575361","-9.140537590653","","26343369","93312.35","56.3","39","748","1941","121","0.03408287490458203","0.0012024668117925177","19","hold"
"158","MAG7.SSI","MAG7.ssi","0.419615","-0.401956380437434","3.2792044307503607","","70801215","257242","56.1","61","3025","1417","7","0.0019717365647278864","0.00323178524630189","0","hold"
"159","SSV","SSV Network","2.3045940595944234","2.847760269159","13.360371968758","","33810745","7670511.02936661","56.1","48","118","623","31","0.008731976215223498","0.0015433219169681677","86","hold"
"160","KAS","Kaspa","0.03136676392897734","-0.737674853485","3.527370007346","","865634308","8022171.48","56","49","950","45","1775","0.4999760574845712","0.039512657872991956","73","hold"
"161","SAI","Single Collateral DAI","8.75","-0.7418856337661819","1.4641868540729144","","23250400","55.62","56","62","3930","1975","7","0.0019717365647278864","0.0010612854552088896","","hold"
"162","SIREN","SIREN","0.07184115241652889","-45.096717815171","-94.526435954585","","60097352","156805118.37","55.9","76","1796","922","1324","0.37293988738567446","0.002743197776131545","51","sell"
"163","KLK","Klickl Token","0.24572437146735676","0.057356417339","1.338596026341","","24572437.15","492712.68","55.9","40","2863","2326","2","0.0005633533042079675","0.0011216310319964206","","hold"
"164","CHZ","Chiliz","0.025283831428642614","-0.944410279721","1.542515195875","","264457290","56849850.74","55.8","34","1125","907","219","0.06168718681077245","0.012071391262127074","61","hold"
"165","XTZ","Tezos","0.23154316031680255","-3.09261869981","-3.794150468615","","251669963","10156439.75","55.8","54","1467","74","1338","0.3768833605151302","0.011487702200601255","82","hold"
"166","ENA","Ethena","0.0816526939826615","-3.994295585186","-8.918172195033","","761448021","135797186.69","55.7","57","1507","21","644","0.18139976395496554","0.034756980937312616","51","hold"
"167","SYRUP","Maple Finance","0.13267052434660534","1.453963420625","2.18026542346","","158011829.24","8835569.31","55.7","67","166","433","64","0.01802730573465496","0.007212592304793154","75","hold"
"168","AUCTION","Bounce","3.774617869989651","0.70836802","-0.58418745","","27932294","7722207.47600799","55.7","36","405","734","9","0.0025350898689358537","0.0012749947249431639","","hold"
"169","EARNETH","Lido Earn ETH","1681.02","-0.5611688657284762","3.0237580521568237","","71683355","9671.5","55.6","47","4723","2215","2","0.0005633533042079675","0.003272051321356856","","hold"
"170","PUMP","Pump.fun","0.00153546","-0.7545137892384554","3.669485155342694","","534817831","31826196","55.5","60","912","12","6213","1.750057039522051","0.024412241734622458","79","hold"
"171","FIUSD","Sygnum FIUSD Liquidity Fund","11913.01","0","0.06963624511959016","","47624164","0","55.5","55","3325","2008","2","0.0005633533042079675","0.002173847872281028","","hold"
"172","SN62","Ridges AI","3.46","4.086171882200903","25.934027772955346","","16407760","53524","55.5","55","810","1727","5","0.0014083832605199188","0.000748946987602717","","hold"
"173","HMSTR","Baby Hamster Kombat","0.0001689347382601477","-9.698758374069","-8.657163106814","","10827943","39406581.11","55.5","57","1821","993","376","0.10591042119109789","0.0004942512135589456","52","sell"
"174","HEI","Heima","0.08610360336032302","-0.664798940427","-9.297600484531","","8370080","6443330.13","55.5","58","1157","169","168","0.04732167755346927","0.0003820598425375401","42","hold"
"175","MON","Monad","0.0214665192546219","0.054073802913","-3.974498960116","","253523765","26331303.36","55.4","55","591","101","3153","0.8881264840838607","0.011572320663055111","76","hold"
"176","RAVE","RaveDAO","0.2899416725746152","-8.146031034457","-13.502618354788","","72897327","9143796.38","55.4","27","1741","782","523","0.1473168890503835","0.0033274641670124508","37","sell"
"177","TRUMP","Official Trump","2.0254829446576808","-8.785052375149","25.580751531071","","481242613","314974757.05","55.2","72","1641","6","2556","0.7199655227777825","0.021966752640970498","79","sell"
"178","WFI","WeFi","2.06","1.2823305878548772","2.552810914172029","","174643314","1395782","55.2","56","510","1653","7","0.0019717365647278864","0.007971751410628593","","hold"
"179","COAI","ChainOpera AI","0.359515","-24.354547798605996","64.01943551156322","","67540968","168558157","55.2","62","1785","3","1133","0.31913964683381363","0.003082968334700867","54","sell"
"180","ZETA","ZetaChain","0.03844781017512154","1.10755529282","7.645533088394","","55940533","3804204.17262368","55.2","51","98","547","663","0.18675162034494122","0.002553456027833195","70","hold"
"181","FLUX","Flux","0.051321590569842646","-1.946259901337","0.272142607859","","21136833","2628818.84","55.2","35","2468","450","139","0.03915305464245374","0.0009648097852974263","18","hold"
"182","EPIC","Epic Chain","0.021170300802315464","-0.675389838089","16.233368481818","","17354511","10230490","55.1","50","1082","72","345","0.0971784449758744","0.0007921622899632987","69","hold"
"183","CWEB","Coinweb","0.0011023176705374075","-0.496703164379","-6.922493076861","","7337440","79665.17","55.1","66","2756","1874","6","0.0016900599126239025","0.00033492405939114663","100","hold"
"184","QAIT","QAIT","0.0227322894349648","-6.056","-0.40213914797132005","","100015335.51","14917494.99","55","65","2103","147","77","0.021689102212006747","0.004565290097142422","86","sell"
"185","ONDO","Ondo","0.34910235703425674","-5.832711196907","1.51827170255","","1700442456","83749182.97788024","54.9","58","1605","29","896","0.25238228028516946","0.07761822790027192","49","sell"
"186","ZEN","Horizen","4.373426192911444","-0.009775922843","-1.517735794171","","79170061","18827856.67","54.9","49","825","323","173","0.04873006081398919","0.0036137887617976707","22","hold"
"187","STX","Stacks","0.18580091543101598","0.072388902813","0.271084892319","","342104249","6745076.69","54.8","61","606","171","582","0.16393581152451853","0.015615656660911654","49","hold"
"188","GOMINING","Gomining","0.27885486964127687","2.478038571847","6.880432133874","","112731768.04","10738349.93","54.8","68","44","97","281","0.07915113924121944","0.005145743116713448","86","hold"
"189","GPS","GoPlus Security","0.007487782677263529","3.452732487791","-3.279778846368","","33076595","5747092.79","54.8","22","123","845","94","0.026477605297774473","0.0015098109787932716","23","hold"
"190","ME","Magic Eden","0.0617772555302811","-0.775129255704","4.812865389233","","35033712","149176592.19","54.7","57","1017","113","307","0.08647473219592301","0.0015991453475027156","46","hold"
"191","POL","Polygon Ecosystem Token","0.07547875164154914","0.50575643207","-4.361277576482","","802616412","27897663.51","54.6","52","184","156","344","0.09689676832377041","0.03663614923474631","37","hold"
"192","TRIBE","Tribe","0.2807162991387179","-0.141339474125","2.500927907733","","10503274","21.94","54.5","54","4456","1794","5","0.0014083832605199188","0.00047943140454674734","100","hold"
"193","DYM","Dymension","0.016876828549206066","-5.581798715886","7.148135229328","","9160489","10693512.04","54.5","49","1924","171","138","0.03887137799034976","0.00041813877345340405","19","sell"
"194","IP","Story","0.287133406303184","-0.180708294591","-5.733774640369","","102426450","31331595.21","54.4","51","1112","270","69","0.01943568899517488","0.004675347590307288","84","hold"
"195","GEOD","GEODNET","0.2233594595799159","1.914459604047","43.808677798341","","99872739","856320.36602709","54.4","77","89","49","360","0.10140359475743414","0.004558781150972612","75","hold"
"196","MEGA","MegaETH","0.060233","15.763613852217809","34.13255879526765","","68681000","163668459","54.4","75","1","4","923","0.259987549891977","0.0031350061224409793","79","hold"
"197","ETH","Ethereum","1664.8106282461385","-0.890007967414","2.864653095246","","200954956031","5261787702.06","54.3","52","929","130","32042","9.025483286715847","9.172770016337019","77","hold"
"198","WOULD","would","0.08106","-3.092402180201089","-0.5363246070500188","","81013807","31487","54.3","65","3862","800","20","0.005633533042079675","0.0036979482090716775","67","hold"
"199","ROBO","Fabric Protocol","0.01942103058093177","-13.691143868849","-4.054268938517","","43320659","24281597.98","54.2","58","1885","60","254","0.07154586963441187","0.001977410509357434","45","sell"
"200","BFC","Bifrost","0.012210908276613516","-0.018701499046","-2.33788465334","","16937170","821670","54.2","63","789","268","255","0.07182754628651586","0.0007731123840192147","65","hold"
"201","MONA","MonaCoin","0.06950050435525759","-1.20477398","5.49329301","","7326848","7828.32549329","54.2","67","2522","1589","33","0.009295329519431463","0.0003344405780083931","100","hold"
"202","KGEN","KGEN","0.17227328513735835","3.26550251242","-20.260408540041","","33835287","2679488.7","54.1","19","111","1168","146","0.04112479120718163","0.0015444421586690304","28","hold"
"203","ICP","Internet Computer","2.4413381749436978","-0.901153815156","3.888881568013","","1339448511","128314111.7711963","54","51","955","5","1433","0.4036426424650087","0.06114033404696283","68","hold"
"204","VELVET","Velvet","0.397514","-3.9883495521272088","79.83772877398255","","169197008","56635518","54","58","1482","915","1359","0.3827985702093139","0.0077231498664651855","66","hold"
"205","HBAR","Hedera","0.078131314776442","-0.300455034089","-3.243259789841","","3391036209","46407056.11529233","53.9","39","787","474","773","0.21773605207637942","0.1547869028790211","71","hold"
"206","IO","Ionet","0.1707455395510272","-9.591374998495","26.289652043698","","59942282","31739380.06","53.9","59","1794","17","325","0.09154491193379473","0.0027361194662728224","82","sell"
"207","SN34","BitMind","3.36","3.471923633609917","24.901286914128956","","15358616","270310","53.9","53","1667","1692","1","0.00028167665210398373","0.0007010578645072143","","hold"
"208","JTO","Jito","0.5356235578790728","-2.542494861852","-16.817700419534","","257050357","31779716.61","53.7","43","1504","125","293","0.08253125906646723","0.011733295132141924","30","hold"
"209","WCFG","Wrapped Centrifuge","0.030061665114610548","-55.860042886892","-75.869024782734","","153609690.52","185.07","53.5","53","5188","2396","5","0.0014083832605199188","0.007011652716857124","","sell"
"210","OFT","ONFA","0.25482934126743806","0.986605302369","-13.557237131372","","27341529","54808.29","53.5","36","472","2313","17","0.004788503085767724","0.0012480287242745095","67","hold"
"211","XRP","XRP","1.134647983375286","-1.529872357833","0.895595936074","","70409723610","872604820.96","53.4","54","1104","65","8841","2.4903032812513204","3.213915269095197","78","hold"
"212","USDY","Ondo US Dollar Yield","1.1349544962801332","0.05901944","0.2588854","","2150261378","18847.94625872","53.4","71","1055","1290","17","0.004788503085767724","0.09815061785469603","75","hold"
"213","S","Sonic","0.03009624061183077","-2.867261396048","1.610860346599","","113417238","8897482.07","53.4","56","1399","286","2710","0.763343727201796","0.0051770320106047625","68","hold"
"214","MAGIC","Treasure","0.04643582512017357","-0.7698102","0.11914647","","15518435","4132466.80405644","53.4","66","1539","588","27","0.007605269606807561","0.0007083529467494995","88","hold"
"215","RBNT","Redbelly Network","0.0037074662993015744","1.446984713557","-2.737378127814","","9826175","175881.35","53.4","68","264","560","37","0.010422036127847398","0.0004485246106663632","100","hold"
"216","PCI","Paycoin","0.03850469949778699","-0.003475255135","-0.716783599778","","39343418","418695.5","53.3","34","2349","1882","5","0.0014083832605199188","0.0017958657606580368","","hold"
"217","THETA","Theta Network","0.15907562915536383","-0.437913528264","5.719642430909","","158789280","6787644.59","53.2","39","1080","260","224","0.06309557007129236","0.007248079745169624","20","hold"
"218","METAL","Metal Blockchain","0.13234736186121332","0.974102378601","0.766829262675","","67797112","544735.16","53.2","76","256","345","73","0.020562395603590813","0.003094660258351171","88","hold"
"219","TURBO","TURBO BOME","0.0008907607365164668","-1.520605641113","3.550817705811","","61402950","15481305.39","53.2","56","1296","195","381","0.10731880445161782","0.0028027929731066427","42","hold"
"220","ELF","aelf","0.06455106016044615","-0.691017711655","0.162729191745","","51430748","722381.19134546","53.2","48","1941","1041","148","0.041688144511389594","0.0023476028284637553","87","hold"
"221","HOLO","Holoworld AI","0.06545885658258334","5.008638540411","12.999164011625","","47542667.18","11051375.4","53.2","55","47","330","241","0.06788407315706009","0.0021701278765084058","14","hold"
"222","OPG","OpenGradient","0.211053","20.60444703073148","19.893501581185568","","40112867","62964217","53.1","52","4","42","221","0.06225054011498041","0.0018309879534902044","56","hold"
"223","NAWS","NAWS.AI","0.00695481","-0.03505389140301227","57.4270264858985","","13882961","307125","53.1","43","3366","1039","2","0.0005633533042079675","0.0006337002625560102","","hold"
"224","XLM","Stellar","0.18310427146242064","-2.817591722316","-10.321394061143","","6184502584","136813778.48729783","53","30","1358","551","877","0.24703042389519375","0.2822971923107127","59","hold"
"225","NOT","Notcoin","0.0004756545993847006","-1.45632331305","24.802435309754","","47026535","24741747.18","53","79","1617","308","29","0.008168622911015529","0.0021465685581483233","100","hold"
"226","SWETH","Swell Ethereum","1879.3408348817406","0.038815268537","3.894324935267","","34336596.51","4189.78","53","53","3748","1896","1","0.00028167665210398373","0.0015673248829026303","","hold"
"227","DAG","Constellation","0.006942065541807312","0.94966281","-4.25117941","","26916100","580291.49253797","53","64","259","215","79","0.022252455516214718","0.001228609634283625","75","hold"
"228","FUN","FUNtoken","0.002336479478736202","2.88724016","36.33769449","","24738023","808764.79736398","53","64","74","93","318","0.08957317536906684","0.0011291893473025403","54","hold"
"229","NAORIS","Naoris Protocol","0.03528484","-6.112903986100679","9.66880283083746","","21168161","1995262","53","33","2791","1236","207","0.05830706698552463","0.0009662397800820658","42","sell"
"230","DOGE","Dogecoin","0.08644640826294904","-1.893606387709","2.964574679288","","13360072005","461685474.55","52.9","69","1189","100","5270","1.4844359565879943","0.6098325232877699","67","hold"
"231","TON","Toncoin","1.7372642122525173","1.537077236701","3.18029354018","","4640485026","132509367.29","52.9","56","46","555","892","0.2512555736767535","0.2118191198090547","68","hold"
"232","CNX","Cryptonex","32.964140348460454","0.347400056222","4.203660386766","","4306313419.06","1319121.18","52.9","65","1317","830","9","0.0025350898689358537","0.19656555574180412","100","hold"
"233","RSR","Reserve Rights","0.0013836883726464672","0.75386737","1.60654458","","86386314","5888640.5447373","52.9","54","247","351","140","0.039434731294557726","0.003943181131391635","18","hold"
"234","ARKM","Arkham","0.12528447109443827","-4.897231602216","9.018438517077","","80475795","29722768.23","52.9","73","1646","32","346","0.09746012162797837","0.0036733901666152965","33","hold"
"235","VANA","Vana","1.1043103422942042","-2.173956052563","-0.361835696463","","34002665","1440907.63","52.9","81","2983","546","17","0.004788503085767724","0.0015520822782765192","100","hold"
"236","EDU","Open Campus","0.029119782929345413","2.63231331","-2.85566303","","22508021","7424332.02624765","52.9","36","66","803","182","0.051265150682925045","0.0010273988969151603","67","hold"
"237","SAPIEN","Sapien","0.083937","1.9567160810788482","10.453856223492219","","20989154","5140678","52.9","49","238","778","29","0.008168622911015529","0.0009580688442925491","40","hold"
"238","XPIN","XPIN Token","0.0012601892140304764","-1.084662369361","3.374334865652","","19409026","4247775.82","52.9","69","1606","467","48","0.01352047930099122","0.0008859424781324697","91","hold"
"239","ACT","Act I  The AI Prophecy","0.010256973809039654","-4.081743066064","5.302130192303","","9684361","18153276.44","52.9","66","1948","161","137","0.038589701338245776","0.0004420513828704976","26","hold"
"240","XMR","Monero","339.75730918298075","-0.307057355878","10.502531456001","","6275299533","94129132.33964343","52.6","55","786","835","620","0.17463952430446994","0.2864417008503956","48","hold"
"241","BEAM","BEAM","0.0014252956881174424","-2.710821333319","-1.918989142686","","73032442","2903727.61636258","52.6","55","2599","407","62","0.017463952430446995","0.003333631612917921","71","hold"
"242","SN4","Targon","13.31","3.7169957322599645","19.782365238415444","","65321484","126579","52.6","26","525","830","5","0.0014083832605199188","0.0029816579878995716","","hold"
"243","FIL","Filecoin","0.7677673816517888","-2.502476500074","1.550543186995","","605338449","65721429.3175692","52.5","56","1388","35","543","0.15295042209246318","0.027631218878058365","67","hold"
"244","CORE","CORE","0.027824218114592385","-5.605940907198","3.993599456874","","34502304","3754145.65","52.4","79","1933","55","74","0.020844072255694797","0.0015748887505761403","100","sell"
"245","CC","Canton","0.15962451950681208","-1.192408255626","-5.494661123322","","6126290351","14447599.52","52.3","33","1085","622","524","0.14759856570248747","0.2796400424897147","73","hold"
"246","SERV","OpenServ","0.06372516731613814","4.821958885878","1.488711970918","","49699206","1181114.38","52.2","65","40","1164","230","0.06478562998391627","0.0022685650338587888","74","hold"
"247","TOKEN","TokenFi","0.0025690732746164063","0.274265301727","1.684797523799","","9637947","6768717.04","52.2","55","695","674","164","0.046194970945053336","0.0004399327740242814","82","hold"
"248","XVG","Verge","0.002498499803834425","-2.00046287","-1.77221084","","41268497","1985850.00023648","52.1","53","2286","199","420","0.11830419388367318","0.0018837377259931741","32","hold"
"249","CLASH","GeorgePlaysClashRoyale","0.01065451642269462","-0.596657722796","-1.028465576001","","10624935","742840.05","52.1","49","2080","291","72","0.02028071895148683","0.00048498473050097475","42","hold"
"250","HTX","HTX DAO","0.00000168","-0.33155546573878486","-4.95151756533179","","1525175245","61947677","52","41","1059","302","132","0.03718131807772585","0.06961799814898474","7","hold"
"251","BONK","Bonk","0.0000043996868666825425","-1.852295390996","1.735587600517","","387531913","24632200.03253772","51.9","50","1223","182","814","0.22928479481264277","0.017689243311778586","77","hold"
"252","BB","BounceBit","0.021442007157468874","-1.531595428508","4.79333836321","","8760745","7128446.92","51.9","54","1243","74","418","0.1177408405794652","0.0003998920984281562","70","hold"
"253","FRAX","Frax","0.9926151851276211","-0.05338749071","-0.067222204818","","240134142","194261.21","51.8","41","1629","568","232","0.06534898328812423","0.0109611392579769","16","hold"
"254","APTM","Apertum","0.1716366301192742","1.158585410043","1.261930093249","","17030768","689535.4","51.8","48","367","1216","7","0.0019717365647278864","0.0007773847490553707","100","hold"
"255","SFI","saffron.finance","99.71565961195464","-0.51017516","-3.1403138","","7961439","17129.51913845","51.8","27","3467","2575","6","0.0016900599126239025","0.00036340705593163156","","hold"
"256","KAIA","Kaia","0.037745198353932016","2.266449060918","2.381455459833","","221030678","10389088.45","51.7","47","151","928","98","0.027604311906190407","0.010089144432627374","28","hold"
"257","NFT","AINFT","2.659447372766829e-7","0.181830614754","-0.563150146256","","263788324","6680387.46","51.6","45","1168","1088","5","0.0014083832605199188","0.012040855706359033","100","hold"
"258","VSTR","Vestra DAO","0.00577576","-8.004222309091029","-18.843981985331197","","10106446","79083","51.6","49","3743","1826","34","0.009577006171535448","0.00046131783296863974","80","sell"
"259","ZANO","Zano","9.342034576572194","-0.023520692808","7.419727590567","","143228788","1407729.27830706","51.5","75","1029","322","41","0.011548742736263334","0.006537807068764303","83","hold"
"260","ZEST","Zest Protocol","0.269906","0.5296593131041307","-9.077671644819725","","39388563","7131120","51.5","58","245","381","125","0.03520958151299797","0.0017979264448559607","79","hold"
"261","OCEAN","Ocean Protocol","0.10137765957788275","-1.037308876782","-6.480219456442","","20212286","14594.39","51.5","42","2890","1787","15","0.004225149781559756","0.0009226080045213101","100","hold"
"262","TAIKO","Taiko","0.08525765193590865","0.631280153549","-1.357927758774","","16508219","4592056.52","51.5","54","690","1583","5","0.0014083832605199188","0.0007535325291652204","","hold"
"263","BCH","Bitcoin Cash","202.14946179421491","-3.392728817008","-9.547533212657","","4050029557","103894045.7828881","51.3","52","1487","91","536","0.1509786855277353","0.1848672479617642","38","hold"
"264","PURR","Purr","0.09177876552642304","2.633804813593","3.029571231193","","54897411","398914.34","51.3","64","75","867","172","0.048448384161885204","0.002505841784353151","73","hold"
"265","$FARTBOY","Fartboy","0.010659679633162616","-4.05638044049","-13.922422934917","","10599669","332148.57","51.3","79","3118","895","48","0.01352047930099122","0.00048383144116783175","89","hold"
"266","BIM","BIM","1.0761928468202897","-0.48169401","3.67277483","","43108211.95","191397.28132336","51.2","46","3392","1680","3","0.0008450299563119512","0.0019677131723581983","","hold"
"267","SINGULARRY","Singularry","0.02436123","-2.173264726913744","-16.87693474275947","","24232884","35551","51.2","39","3173","1858","38","0.010703712779951382","0.0011061318225477506","83","hold"
"268","REPPO","REPPO","0.02099311","12.754997414131955","49.19314920431863","","8388287","502371","51.2","54","27","78","293","0.08253125906646723","0.00038289091745594963","27","hold"
"269","VTHO","VeThor","0.0003951533220346167","-1.281511082745","-0.086458995296","","39675744","1308224.58","51.1","51","2318","444","124","0.03492790486089399","0.0018110350803337309","32","hold"
"270","AURA","aura","0.014347666741005674","0.953344946276","13.613509469239","","13790000","881879.8","51","57","142","144","557","0.15689389522191896","0.0006294569739587529","81","hold"
"271","DEGEN","Degen","0.0015181694648822225","-3.813513155859","-3.018242490517","","56333710","4345024.33","50.9","47","1788","890","280","0.07886946258911545","0.0025714029462269718","32","hold"
"272","OGN","Origin Protocol","0.017541479969156202","-0.17890167","0.73578822","","11652178","573761.29237253","50.9","54","2000","386","65","0.018308982386758942","0.0005318741627199965","90","hold"
"273","NEAR","Near Protocol","2.0907321832973755","1.002017319216","8.856737982641","","2727370459","302859462.54","50.7","49","73","598","1065","0.29998563449074267","0.12449328179743545","74","hold"
"274","CYS","Cysic","0.4682200720413713","-0.760826792014","5.050820499332","","75113318","3696091.98","50.7","42","1228","354","244","0.06872910311337203","0.003428615072681764","12","hold"
"275","B2","BSquared Token","0.43154","2.401351710100442","-11.854993811239877","","17909001","4010817","50.7","3","482","2531","5","0.0014083832605199188","0.0008174724855753647","","hold"
"276","KAITO","KAITO","0.4669206938976491","6.48490544219","3.196876642115","","112506025","47391852.87","50.6","46","22","85","310","0.08731976215223497","0.0051354388722717765","16","hold"
"277","XNY","Codatta","0.005736039874598479","-2.880593486775","16.561351038037","","14437130","2351176.55","50.6","26","2825","1461","50","0.014083832605199187","0.0006589958058338746","73","hold"
"278","LEND","Aave (Old)","0.389269","-0.08839369123111489","2.4631940875292186","","13993045","2.53","50.6","41","3761","2072","7","0.0019717365647278864","0.0006387251459150586","","hold"
"279","SUPRA","Supra","0.00030284265806958754","-0.74877333","-5.32041439","","10838042.19","487120.28350159","50.6","52","1966","132","251","0.07070083967809992","0.0004947122001852571","59","hold"
"280","PYTH","Pyth Network","0.039153872142248365","1.397476197473","24.745203628054","","306684648","23290600.67","50.5","56","61","69","598","0.1684426379581823","0.013998897062341208","46","hold"
"281","USUAL","USUAL","0.010136855074581199","-2.256307816183","5.960709993159","","18125839","16778209.76","50.5","19","1514","572","212","0.059715450246044556","0.000827370251443332","16","hold"
"282","SN24","OMEGA Labs","2.5","10.16099930731665","48.289315407869935","","11728130","615301","50.4","76","445","519","6","0.0016900599126239025","0.0005353410601881703","100","hold"
"283","ABT","Arcblock","0.20947168448057002","1.67595847","-1.7284386","","20386781","53889.37436324","50.3","66","359","765","25","0.0070419163025995934","0.0009305729860057866","60","hold"
"284","WAL","Walrus","0.03374927","-0.8007590190438878","-4.927899379784987","","80936457","9756229","50.1","56","1174","82","163","0.04591329429294935","0.00369441749863399","44","hold"
"285","MEY","Mey Network","0.04966402815118264","-0.837542428477","-0.043396623954","","13285705","160488.03","50.1","44","4146","1675","4","0.001126706608415935","0.0006064379743443563","100","hold"
"286","ZRO","Layerzero","0.923734097196316","-2.45717288","2.99921474","","233160286","19281684.89818089","50","67","1420","189","403","0.11351569079790545","0.010642811317833022","50","hold"
"287","FOGO","Fogo","0.012607261243908364","-2.483400000982","10.474759816966","","48238354","4488983.67","50","57","1554","151","243","0.06844742646126806","0.002201883128179195","9","hold"
"288","ONE","Harmony","0.0014916516567442227","-0.88016739","-1.50339974","","22107228","1259990.84988177","50","44","2374","632","51","0.014365509257303172","0.0010091043393398269","67","hold"
"289","SN19","Nineteen.ai","3","4.341012602587199","20.3728618317103","","13252525","71729","50","50","1669","1256","1","0.00028167665210398373","0.0006049234433511764","","hold"
"290","ERG","Ergo","0.22495000848760394","1.197138027632","7.366101244739","","18755286","124831.53","49.9","45","497","1476","14","0.003943473129455773","0.0008561019268521366","50","hold"
"291","CBBTC","CBBTC","64353.52052633185","0.432768336804","4.245348379318","","6137262295.38","142565084.33","49.8","59","470","472","16","0.00450682643366374","0.2801408667760003","100","hold"
"292","API3","API3","0.25698201294462336","0.20520266","0.42053815","","36581906","6663394.07245429","49.8","63","1407","1146","9","0.0025350898689358537","0.001669814057462186","0","hold"
"293","BLAST","BLAST","0.0003110834859462725","-1.57162997","-2.25876869","","19721288","2143472.43936294","49.8","36","2378","1305","109","0.03070275507933423","0.0009001959584517089","32","hold"
"294","GUA","SUPERFORTUNE","0.6195547658802703","1.442037118302","-14.693771655854","","27997609","1248848.79","49.7","45","230","1197","107","0.03013940177512626","0.0012779760869630417","19","hold"
"295","BICO","Biconomy","0.01860912629197758","-0.65875793322","-1.040615305384","","13351024","1298592.12","49.7","57","1945","329","287","0.08084119915384334","0.0006094195189478379","28","hold"
"296","WMTX","World Mobile Token","0.04093117153767461","0.40512301","0.5051571","","34628953","1522995.6077258","49.6","59","410","953","42","0.011830419388367317","0.001580669758284255","73","hold"
"297","MSOL","Marinade Staked SOL","93.69438369830121","-0.539450243478","5.156557274429","","286505714.79","256543.26","49.5","38","2227","542","103","0.029012695166710328","0.013077811475968305","0","hold"
"298","ZBCN","Zebec Network","0.002569879145032838","-2.258813325975","-3.718472454718","","250417821","8776141.04","49.5","69","1370","48","443","0.1247827568820648","0.01143054705090679","66","hold"
"299","VELO","Velo","0.0033529370439957704","-1.052089111469","-4.867511766535","","58823154","1543124.79","49.5","44","1911","318","548","0.1543588053529831","0.002685035860445954","56","hold"
"300","FARTCOIN","Fartcoin","0.11640213179367795","-3.988539821724","4.631175414826","","117039630","9313799.56","49.4","44","1534","59","1049","0.29547880805707893","0.0053423793570016006","63","hold"
"301","BRETT","Brett","0.006490328562057999","6.882291504888","21.037598445328","","64140352","17637593.84","49.4","53","14","44","433","0.12196599036102497","0.002927744153630837","34","hold"
"302","ELSA","Elsa","0.04718582","0.10955053061635521","5.689059355483756","","10786485","3164747","49.4","76","884","517","18","0.0050701797378717075","0.0004923588257977867","88","hold"
"303","ISLM","Islamic Coin","0.006529804200856433","-1.102598769478","-12.30048503838","","23925639","9701.7","49.3","14","3541","2801","9","0.0025350898689358537","0.0010921073477135259","100","hold"
"304","FIGR_HELOC","Figure Heloc","1.018","-1.2934584464338827","-1.5085354288036745","","19159318509","95054","49.1","78","2957","1097","10","0.0028167665210398376","0.8745443547343775","","hold"
"305","WLFI","World Liberty Financial","0.05977","0.8817321887741484","7.5625361646915055","","1895529867","31624457","49.1","61","93","695","548","0.1543588053529831","0.08652316853736455","80","hold"
"306","SNX","Synthetix","0.23819326954421693","-1.950144158529","-0.865652858019","","81914019","2864436.21","49.1","29","2535","876","128","0.03605461146930992","0.0037390391968484256","17","hold"
"307","CYBER","CyberConnect","0.3421060156917414","-0.206184432578","-4.508226554483","","22917421","9594020.26","49.1","40","987","805","85","0.02394251542883862","0.0010460863287598823","76","hold"
"308","NST","Ninja Squad Token","1.1902001281924695","-4.130205882814","-0.835590418828","","10249139.93","417650.94","49.1","59","3360","1201","14","0.003943473129455773","0.00046783122596211923","100","hold"
"309","OP","Optimism","0.10663158811837599","-4.233324512504","12.644650616496","","229555331","53159821.5826546","49","76","1579","11","460","0.12957125996783253","0.01047825989901087","61","hold"
"310","SN10","Sturdy","1.5","10.753383925007624","31.196396266215064","","7095433","258493","49","49","1271","2139","1","0.00028167665210398373","0.00032387743184242757","","hold"
"311","FRXUSD","Frax USD","0.999698","0.013674389872165365","0.0266357585246633","","124611692","916033","48.9","43","1120","1104","28","0.007886946258911546","0.005688012948963026","89","hold"
"312","AGT","Alaya Governance Token","0.01591400629155823","8.823044549173","10.878366445636","","36691757.17","20303738.27","48.9","54","43","167","140","0.039434731294557726","0.0016748283130861186","19","hold"
"313","CETUS","Cetus Protocol","0.018540310965848482","0.337208649979","-0.155563039105","","17606234","4597250.57","48.9","54","806","445","25","0.0070419163025995934","0.0008036524130855482","75","hold"
"314","GITLAWB","gitlawb","0.00008166","3.8034173393083592","-21.59976774401042","","8154798","281614","48.9","37","69","1245","160","0.0450682643366374","0.0003722331016914351","81","hold"
"315","GEKKO","Gekko HQ","6.279135683994898e-7","0.149742974115","0.923666287949","","52175646.15","35043.04","48.8","48","2801","1814","2","0.0005633533042079675","0.0023816043756288365","","hold"
"316","NIGHT","Midnight","0.03119863894367973","-7.939415211484","3.07535552532","","518128257.71","79683057.26","48.7","58","1708","97","375","0.1056287445389939","0.023650431125500904","52","sell"
"317","USDH","USDh Hermetica","1.001","0.3089619200216271","0.5579283843836759","","9221321","21538","48.7","54","2144","1795","2","0.0005633533042079675","0.00042091550489936917","100","hold"
"318","VET","VeChain","0.00498305115624462","-2.536901419722","3.728806499552","","428174705","11989795.73","48.6","63","1348","178","889","0.2504105437204415","0.01954442016932427","98","hold"
"319","DAO","DAO Maker","0.030997516299072228","-1.895145445902","7.719000780554","","7789724","1128632.05","48.6","59","3119","542","9","0.0025350898689358537","0.0003555689700517674","100","hold"
"320","OKB","OKB","73.85958084077679","-1.12616095","3.819569","","1550212480","11085413.04956095","48.5","51","1068","31","506","0.14252838596461578","0.07076084529759925","43","hold"
"321","USELESS","USELESS COIN","0.06535790360392028","-1.825958945813","-0.795462311156","","66151732","7808657.75","48.5","42","1277","18","808","0.22759473490001886","0.003019555405862973","33","hold"
"322","SCRT","Secret","0.059028409147622946","-1.144061256038","-1.5259358807","","20129190","6107350.22","48.5","55","1528","920","104","0.02929437181881431","0.000918815012736823","92","hold"
"323","USUALX","USUALx","0.01690298","-2.9844718645174053","-0.1975906401765772","","7856620","857.05","48.5","48","5503","2079","1","0.00028167665210398373","0.00035862249824103096","","hold"
"324","MTL","Metal","0.2546559156924205","0.36973697","2.75436051","","23160596","764568.29065745","48.4","48","568","405","269","0.07577101941597163","0.001057186270720899","51","hold"
"325","AERO","Aerodrome","0.3564580103416269","-2.272560378993","8.591653880566","","339572774.44","11150652.68","48.3","51","1433","90","269","0.07577101941597163","0.015500105223914469","56","hold"
"326","IOTX","IoTeX","0.003284448816299326","-2.325581818826","-4.810170543419","","31042785","14871670.42","48.3","36","1648","778","237","0.06675736654864416","0.0014169758890030576","10","hold"
"327","ARB","Arbitrum","0.08291551656944543","-3.945030684325","1.827718148622","","519189968","36118344.21","48.2","47","1541","63","421","0.11858587053577717","0.023698893848224926","51","hold"
"328","DOLO","Dolomite","0.02436611","-5.738030357778831","7.073677565285104","","11887225","4767403","48.1","51","2099","122","117","0.0329561682961661","0.0005426030947981752","19","sell"
"329","SUN","Sun Token","0.01681585471693586","-0.49590477724","-4.915199421855","","323144639","65959809.5","48","34","1898","1968","4","0.001126706608415935","0.014750228180995908","0","hold"
"330","B3","B3","0.00057816","6.439187863910391","0.16893101907590802","","26937988","24220653","48","61","158","1584","16","0.00450682643366374","0.0012296087317633935","100","hold"
"331","SANTOS","Santos FC Fan Token","0.6366930933625755","1.115541","3.03484253","","10235653","2831802.86690073","48","61","456","1755","20","0.005633533042079675","0.00046721560289135825","100","hold"
"332","DAI","Dai","0.9996120886089174","-0.001407122484","-0.011905669178","","4204478367","34335346.31","47.9","36","882","704","134","0.037744671381933825","0.191917203043282","8","hold"
"333","PUFETH","pufETH","1807.8339284340475","0.224089466545","5.699329552065","","62275669.56","1383.81","47.9","47","2855","1649","2","0.0005633533042079675","0.00284262904369056","","hold"
"334","STIMA","STIMA","0.9995974201107919","0","-0.3300297528","","31757816.02","0.71","47.8","47","5142","3213","1","0.00028167665210398373","0.0014496141241108053","","hold"
"335","SN52","Dojo","1.88","4.824564774881369","30.558381603754835","","8231729","22561","47.8","47","1701","2864","1","0.00028167665210398373","0.0003757446864966288","","hold"
"336","YFI","yearn.finance","1887.2603774077118","-0.342348758098","2.827283955802","","67607521","2978104.1","47.7","35","1872","827","209","0.0588704202897326","0.0030860062063461087","5","hold"
"337","LBT","Law Blocks","0.239877786706072","-0.027414929462","0.449503955837","","58696316","598853.85","47.7","47","2191","1589","3","0.0008450299563119512","0.002679246225662562","","hold"
"338","TOSHI","Toshi","0.0001310452818263035","2.440995352545","6.873813712293","","55118767","9026002.65","47.7","55","55","334","396","0.11154395423317756","0.002515945778401564","38","hold"
"339","WNXM","Wrapped NXM","44.51650441803365","-0.043833317814","0.25565568888","","24421134.99","54142.01","47.6","47","3962","1571","4","0.001126706608415935","0.0011147247085890948","","hold"
"340","REDO","REDO","0.0723893353876624","1.975","0","","7238933.54","30990.26","47.6","27","147","940","77","0.021689102212006747","0.00033042764327606403","32","hold"
"341","AAVE","Aave","65.89386101531025","-1.805200729789","5.526840748709","","1001393612","98546491.88","47.5","44","1252","39","518","0.14590850578986359","0.04570951361502143","20","hold"
"342","OUSG","OUSG","115.55","0","0.06465507237662399","","484049655","0","47.5","54","1931","2435","4","0.001126706608415935","0.022094882602036136","0","hold"
"343","MNEE","MNEE","0.9986513097457778","0","-0.036554800926","","100209951.51","143692.94","47.5","47","2971","2195","2","0.0005633533042079675","0.004574173519799708","","hold"
"344","AGETH","Kelp Gain","3239.91","0","54.96488825454221","","32258310","12.83","47.5","47","4476","1784","1","0.00028167665210398373","0.001472459622742812","","hold"
"345","DIFX","DigitalFinancialExch","0.08454478936066374","6.954788640287","-0.298784966165","","23078415.73","1548323.87","47.5","47","785","2331","2","0.0005633533042079675","0.0010534350782572793","100","hold"
"346","YOUSD","Yield Optimizer USD","1.052","0.01311805776698066","0.07828402929706252","","11965268","62.5","47.5","47","2300","1853","4","0.001126706608415935","0.0005461654378452139","100","hold"
"347","ANDY70B","ANDY70B","0.01196968","0","0","","11555329","16.75","47.5","22","4486","1187","2","0.0005633533042079675","0.0005274534028598856","","hold"
"348","AIO","OLAXBT","0.12338526844148734","-12.106380314166","-1.15504085825","","29179751","3350703.46","47.4","29","2014","549","187","0.052673533943444956","0.0013319360235917253","67","sell"
"349","TIG","The Innovation Game","0.9919218522509468","1.67885710139","-1.177168839829","","28967726","397766.16","47.4","67","160","112","125","0.03520958151299797","0.001322257951444981","77","hold"
"350","IMX","Immutable","0.14300073296604365","-0.580964027902","11.652643310317","","120268238","11666958.52","47.3","43","914","240","524","0.14759856570248747","0.005489752077942792","40","hold"
"351","MOVE","Movement","0.011765980846307207","-4.590652325297","0.663338945219","","46988628","11295646.26","47.3","44","1742","271","258","0.0726725762428278","0.0021448382589814015","28","hold"
"352","XCH","Chia","2.11824404805378","4.569505120736","-8.871600711272","","38980286","1603873.5","47.3","43","65","361","229","0.06450395333181227","0.001779290273357994","15","hold"
"353","AGLD","Adventure Gold","0.174901514308939","-1.361476243393","-9.791223087868","","15288714","5224052.55","47.3","73","1411","93","70","0.019717365647278863","0.0006978671247397259","96","hold"
"354","XRD","Radix","0.001104796735026318","0.567066500687","5.619423330744","","14847306","155083.42","47.3","50","709","2209","10","0.0028167665210398376","0.0006777186588977256","100","hold"
"355","EUL","Euler","0.9708084274020605","5.693748580626","9.836819737232","","23580827","6184301.03","47.2","48","50","309","237","0.06675736654864416","0.0010763680933186988","4","hold"
"356","TUT","Tutorial","0.01069103","0.6483844097540292","-2.4619973670703166","","8922521","3708225","47.2","47","350","325","139","0.03915305464245374","0.0004072765096985806","22","hold"
"357","GRT","The Graph","0.019767688054056664","-0.919744528137","0.063113627465","","213618861","13418299.24","47.1","44","1105","229","350","0.09858682823639432","0.009750825368062033","16","hold"
"358","AXS","Axie Infinity","0.9494283171423625","-1.997464914584","2.116828367328","","164393315","12567262.80036559","47.1","50","1424","212","251","0.07070083967809992","0.0075038809716423535","24","hold"
"359","ACX","Across Protocol","0.042400602037669655","-0.682432059847","0.712623592145","","29986861","2619952.22","47.1","54","3007","1178","11","0.003098443173143821","0.0013687772866991838","100","hold"
"360","ORBS","Orbs","0.00603724896377485","-1.71925791","4.7576401","","29831187","1584510.53132019","47.1","70","2492","231","104","0.02929437181881431","0.0013616714067162935","87","hold"
"361","LUMIA","Lumia","0.08865115827005696","0.294606938015","7.570706324437","","12331725","2441065.84","47.1","55","688","1129","141","0.03971640794666171","0.0005628926977658813","25","hold"
"362","KMNO","Kamino","0.01792185","-1.6770725749116886","18.788706913599274","","86747627","5247768","47","68","1238","159","786","0.22139784855373124","0.0039596735887978685","46","hold"
"363","ZIG","ZIGChain","0.056241","0.9662998291240414","10.193641291359775","","79239770","2715854","47","49","169","657","219","0.06168718681077245","0.0036169706919062777","54","hold"
"364","ICNT","Impossible Cloud Network Token","0.216696","6.968922095847837","-10.852024454853302","","54979475","2872810","47","37","222","1626","16","0.00450682643366374","0.0025095876695678684","67","hold"
"365","VANRY","Vanar Chain","0.003462940466543927","-1.528749676755","-2.071648134653","","7438205","815133.61","47","70","2713","607","32","0.00901365286732748","0.0003395235685993376","67","hold"
"366","CBETH","Coinbase Wrapped Staked ETH","1888.2463593720856","-0.654913491169","2.975999129764","","297876801.89","1716263.36","46.9","52","3878","1576","4","0.001126706608415935","0.013596854991311842","","hold"
"367","BABYDOGE","Baby Doge 2.0","3.3252771655846364e-10","-1.322948570815","0.051813504664","","60699596","2914952.83657989","46.9","44","2006","220","384","0.10816383440792976","0.002770687746097086","60","hold"
"368","WIN","WINkLink","0.00001754354222735128","-0.79051904","2.24253608","","20826596.53","6147607.21075267","46.9","58","1115","280","172","0.048448384161885204","0.0009506487621199176","86","hold"
"369","ALCX","Alchemix","3.5004625534052245","-1.997642352222","1.972243854748","","8847122","422430.11","46.9","72","2829","381","38","0.010703712779951382","0.00040383485441362654","75","hold"
"370","OPN","Opinion","0.07732668322945459","-7.461541895485","-41.641608831055","","13930414","23207625.07","46.8","37","1894","1041","148","0.041688144511389594","0.0006358662974933028","71","sell"
"371","GRIFFAIN","GRIFFAIN","0.008039187700474527","-4.45005786","-0.34647101","","8041517","4516651.28727551","46.8","30","1965","738","228","0.0642222766797083","0.00036706228838708253","11","hold"
"372","USYC","Hashnote USYC","1.13","0","0","","3007900705","562932","46.7","72","1299","1302","10","0.0028167665210398376","0.13729833761694704","100","hold"
"373","AR","Arweave","1.9875556480869465","-2.417630818588","0.286543696648","","130170770","23107860.07","46.7","50","1442","27","265","0.0746443128075557","0.005941762072667209","44","hold"
"374","ULTIMA","Ultima","2273.8449606944687","-0.409065360998","-0.666965411134","","192430330","15375171.78","46.6","52","1471","1428","8","0.00225341321683187","0.008783655780977825","67","hold"
"375","GMX","GMX","5.666396186969737","0.983480026529","1.851289358953","","58197159","3796906.85","46.6","44","190","348","256","0.07210922293861984","0.002656461754687194","4","hold"
"376","MOODENG","MOO DENG","0.03958114","-2.187505365736295","4.412484440473961","","39206924","11195759","46.6","48","1801","448","68","0.019154012343070896","0.0017896353690551707","83","hold"
"377","AGIX","SingularityNET","0.0886882335111857","-0.274990317137","-1.755655628766","","21570403","13637.89","46.6","77","2168","436","27","0.007605269606807561","0.000984600478567861","100","hold"
"378","BNX","BinaryX","30.487927607275022","0.064776449631","-1.546248586796","","19836541","16.07","46.4","63","2008","2100","28","0.007886946258911546","0.0009054567854727144","89","hold"
"379","SAFE","Safe","0.09114850972631193","-2.338683010592","-3.703806634248","","68245637","659121.59","46.3","48","2417","237","146","0.04112479120718163","0.0031151335860701594","77","hold"
"380","TORN","Tornado Cash","5.477643539459403","1.102269918843","0.519126469376","","20628517","78115.84","46.3","13","660","2208","10","0.0028167665210398376","0.000941607243515351","0","hold"
"381","MPLX","Metaplex","0.018629352133252623","-2.262898899194","-6.539513334697","","9549950","600976.1","46.3","64","2354","243","204","0.05746203702921269","0.0004359160716792888","89","hold"
"382","RESOLV","Resolv","0.01717083","0.9917550322397378","-3.134245845379313","","7164603","4096478","46.3","25","234","806","234","0.0659123365923322","0.00032703475881042804","48","hold"
"383","PIEVERSE","Pieverse","0.6327560845649324","-5.177530643277","4.393275664408","","172956166","23331868.6","46.2","48","1904","90","137","0.038589701338245776","0.007894740020149945","24","sell"
"384","RLB","Rollbit Coin","0.06022658826672048","1.407044047363","0.699253701445","","99826466","212710.44","46.2","21","214","1250","189","0.05323688724765292","0.004556668978198429","5","hold"
"385","GODS","Gods Unchained","0.026489566904604064","2.60621499421","-7.885739115225","","10447736","674496.98","46.2","48","427","2322","10","0.0028167665210398376","0.00047689632250035713","100","hold"
"386","LIT","Lighter","1.5686804092386146","-1.331708181669","11.674269618311","","392878822","37301948.47","46.1","50","1144","115","386","0.10872718771213774","0.01793330779032629","46","hold"
"387","TROLL","TROLL","0.080702","6.36142376844711","14.932524218257765","","80602785","3814887","46.1","51","9","22","1779","0.5011027640929872","0.0036791867395756317","35","hold"
"388","CORGIAI","CorgiAI","0.00003545126484135036","1.889288414431","7.754051290721","","12298030","10076.17","46.1","46","925","1978","4","0.001126706608415935","0.0005613546591337174","","hold"
"389","GAS","Gas","1.119282523126213","-0.450328683168","0.157604618013","","72584312","2120842.43","46","57","1603","146","313","0.08816479210854691","0.003313176315329803","97","hold"
"390","SNEK","Snek","0.0003933444644334401","-1.033912590864","33.6485550766","","29387692","2848307.1","46","68","2027","230","198","0.05577197711658878","0.0013414276778790318","62","hold"
"391","METIS","Metis","2.840045455931014","6.278708730476","11.858901832464","","21043843","5607582.68","46","57","42","184","285","0.08027784584963538","0.0009605651729690417","6","hold"
"392","PENGU","Pudgy Penguins","0.006583060708760732","-3.623982481561","-1.148575233149","","414322987","67332676.97","45.9","54","1469","102","875","0.2464670705909858","0.01891214602165132","69","hold"
"393","LCX","LCX","0.027596949286546334","-2.138869585173","2.339917534104","","26654566","79056.18","45.9","45","2371","94","274","0.07717940267649155","0.001216671679227256","26","hold"
"394","APT","Aptos","0.6548365998604635","-3.351600841898","-2.035082561202","","545072166","46285425.99757516","45.8","52","1508","39","514","0.14478179918144765","0.02488031009423517","44","hold"
"395","APEX","ApeX Protocol","0.2898809707982025","13.084279828163","14.091504635643","","40181090.99","2402874.02","45.8","48","72","597","42","0.011830419388367317","0.0018341020989794568","93","hold"
"396","AMP","AMP Token","0.0005241618865150622","-1.848654811011","-2.733181193947","","45544576","2014999.1","45.7","49","2146","274","490","0.13802155953095205","0.002078923204437595","45","hold"
"397","YGG","Yield Guild Games","0.024911580058207337","-1.10723194275","-2.546741693824","","19175498","5361991.91","45.7","58","1164","202","162","0.04563161764084537","0.0008752828821778185","54","hold"
"398","DRIFT","Drift Protocol","0.016094518173320096","-2.565153202123","-7.332266049992","","9846240","4880270.91","45.7","24","1867","908","37","0.010422036127847398","0.0004494404956687187","33","hold"
"399","SC","Siacoin","0.0007111717719329914","-2.904927994126","3.221157517278","","35391195","3621927.53312141","45.6","78","2209","469","38","0.010703712779951382","0.00161546298110835","75","hold"
"400","M","MemeCore","2.960723390348313","0.631327964229","-5.59434598099","","3879696346","8541417.54","45.2","48","325","1276","28","0.007886946258911546","0.17709223508571362","75","hold"
"401","XPL","Plasma","0.08741859215937442","-1.228254635415","26.660558448693","","220481191","118567733.69","45.2","61","1066","305","914","0.2574524600230411","0.01006406260345771","52","hold"
"402","WALLET","Ambire Wallet","0.01577086389903476","5.270523293703","18.601261740508","","11442297","25025.96","45.2","25","633","2068","4","0.001126706608415935","0.0005222939553848671","","hold"
"403","PUFFER","Puffer Finance","0.014820518910123072","5.200759699551","-0.061745446489","","7170395.94","3392485.95","45.2","53","227","1189","15","0.004225149781559756","0.00032729918277581784","100","hold"
"404","MBX","Marblex","0.028433878838475934","1.570313787983","0.557105373027","","7940748","798139.74","45","60","176","338","31","0.008731976215223498","0.00036246259659528785","21","hold"
"405","VVS","VVS Finance","0.0000010788193815409263","2.000886691639","2.394682637348","","46802235","47419.76","44.9","55","131","571","462","0.13013461327204048","0.002136330182567544","100","hold"
"406","ELON","Dogelon Mars","2.9766413342736393e-8","-1.603775922909","3.905864619494","","29544633","4347321.41","44.9","42","1357","314","389","0.10957221766844968","0.0013485913912184126","62","hold"
"407","SHELL","MyShell Token","0.02560485000861826","-1.309930150983","-2.115967712529","","10059861.07","6436491.05","44.9","52","1500","371","177","0.04985676742240513","0.00045919142186857595","5","hold"
"408","CSPR","Casper Network","0.0020627520407851137","-0.04122087","-6.35542014","","33087637","1244531.73101981","44.8","13","1548","1098","316","0.08900982206485887","0.0015103150008314481","13","hold"
"409","CPOOL","Clearpool","0.024112793106879134","-1.178854072466","7.548359874632","","24106667","876829.55","44.8","55","2055","192","189","0.05323688724765292","0.0011003705338688417","68","hold"
"410","RBTC","RSK Smart Bitcoin","64407.85106273464","1.224160502151","2.891544115758","","179951030.86","0.56","44.7","24","872","2428","6","0.0016900599126239025","0.008214026928636242","100","hold"
"411","CELO","Celo","0.06097950250931274","-0.783359005516","2.000768471085","","36741113","1528980.79","44.7","62","1721","225","1972","0.555466357949056","0.0016770812044130964","62","hold"
"412","IRYS","Irys","0.01804521","4.2063762740465505","0.412957036020969","","35958773","9186843","44.7","57","26","425","380","0.10703712779951383","0.0016413705902719147","43","hold"
"413","ZBT","ZEROBASE","0.120103","-4.477910783471149","-0.9825514214615113","","29421605","11994066","44.7","73","1784","67","140","0.039434731294557726","0.0013429756673176006","73","hold"
"414","DIAM","DIAM","0.006667884231903734","-0.262043417358","-0.030666766073","","13219584","402474.86","44.6","42","4174","2184","3","0.0008450299563119512","0.000603419821728321","","hold"
"415","SFP","SafePal","0.24114725550972724","-1.042333666277","9.539022965564","","121064501","2237385.08","44.5","76","1910","611","233","0.06563065994022821","0.0055260982199627565","98","hold"
"416","STG","Stargate Finance","0.2647663298723844","-33.859450439747","20.785172161233","","37312664","90917398.71768442","44.5","45","1847","972","574","0.1616823983076867","0.0017031701647410946","60","sell"
"417","IQ","IQ","0.0008010106334258542","0.559341340038","-3.481825258376","","21092179.54","482866.93","44.5","55","305","268","244","0.06872910311337203","0.0009627715378856505","18","hold"
"418","LUNC","Terra Classic","0.00007089305370027463","-3.702054144926","6.035303251575","","392641446","15115177.48269345","44.4","61","1512","71","572","0.1611190450034787","0.017922472548944822","60","hold"
"419","GLM","Golem","0.10981","-0.16672892095924435","-1.4006901623537424","","109822929","3954914","44.4","14","1975","2219","4","0.001126706608415935","0.005012966538044015","100","hold"
"420","FB","Fractal Bitcoin","0.4056477935959133","-2.353573679516","4.146062002054","","42325358","3345147.01","44.4","39","2974","1790","5","0.0014083832605199188","0.0019319790985062285","","hold"
"421","SHFL","Shuffle","0.2983535035069309","-1.326778317063","0.153755406449","","127179534","629170.23","44.3","44","4158","654","5","0.0014083832605199188","0.005805224410523882","0","hold"
"422","USDD","USDD","0.9992877556858264","-0.015766647124","-0.022427656135","","1361563600","53867912.95","44.2","35","828","604","136","0.03830802468614179","0.062149797208729936","37","hold"
"423","NEO","NEO","2.168400869823579","-1.918972946087","0.856524124636","","152819699","5971413.52","44.2","40","1436","202","284","0.07999616919753139","0.006975592842191984","21","hold"
"424","STABLE","Stable","0.03557187090226707","-0.72370438219","5.080387899719","","839057726.32","15284508.53","44.1","42","1151","498","255","0.07182754628651586","0.038299545858310274","51","hold"
"425","BDX","Beldex","0.07996648255716678","0.455554133333","1.758514757114","","618670013","7005477.19","44.1","70","384","122","72","0.02028071895148683","0.028239750127773914","86","hold"
"426","RVN","Ravencoin","0.004305827506993026","-2.317709955039","2.605287629146","","70155101","3222511.76794982","44.1","59","3147","493","21","0.005915209694183659","0.003202292790662123","60","hold"
"427","NEWT","Newton Protocol","0.05341932681704134","1.458026095017","-1.844130648087","","11457698","14453749.66","44.1","80","416","1480","8","0.00225341321683187","0.0005229969479052396","100","hold"
"428","LINK","Chainlink","7.870131997606493","-1.594289857521","2.048823533545","","5716541938","177388336.61","44","59","1132","104","1959","0.5518045614717042","0.26093670701970884","88","hold"
"429","WXTZ","Wrapped XTZ","0.2316198447729077","-3.041382389497","-3.670574931016","","388758238.87","12394.57","44","44","5698","1278","1","0.00028167665210398373","0.01774522006096042","","hold"
"430","SRX","StorX Token","0.054149","-0.03670493711423404","-1.035947996464359","","32876154","1693128","44","56","1949","795","32","0.00901365286732748","0.001500661668763013","75","hold"
"431","ASR","AS Roma Fan Token","1.0792377937092263","4.366710442911","5.380110321826","","9342263","3963903.38","44","77","219","387","29","0.008168622911015529","0.0004264360114508209","100","hold"
"432","TLM","Alien Worlds","0.0011137388825314181","11.662262882288","5.985193006611","","7309075","7800413.17","44","45","81","253","94","0.026477605297774473","0.0003336293134109914","25","hold"
"433","ETHFI","Ether.fi","0.3092017997866528","-3.432523293862","3.403912390395","","272401406","34849981.44","43.9","46","1736","133","139","0.03915305464245374","0.012434007594116727","24","hold"
"434","RSWETH","Restaked Swell Ethereum","1792.2378612486693","0.988300514012","3.607445868672","","23227852.33","1117.85410745","43.9","43","1670","1937","2","0.0005633533042079675","0.001060256246497648","","hold"
"435","RENDER","Render","1.7355936405300665","-3.649635997386","5.071697353311","","902127545","46527440.04","43.8","45","1485","8","807","0.2273130582479149","0.04117842455406372","42","hold"
"436","ZK","zkSync","0.01125257193200778","-4.669936332167","8.876815507261","","108926068","21461410.84347226","43.8","64","1568","14","878","0.24731210054729774","0.004972028509681316","68","hold"
"437","BOME","BOOK OF MEME","0.00042532349677016425","-3.168563282138","3.966351425637","","29413598","7865295.76","43.8","42","1729","292","252","0.0709825163302039","0.0013426101805887763","23","hold"
"438","MARSMI","MarsMi","0.01327184","1.2961131833648867","7.2922879291371405","","13271831","321288","43.8","44","667","1456","7","0.0019717365647278864","0.0006058046831147186","100","hold"
"439","DFI","DeFiChain","0.0007484927973935223","6.583279171339","-8.538832504897","","12328319","142.12","43.8","40","788","2515","2","0.0005633533042079675","0.0005627372278272805","","hold"
"440","TRB","Tellor Tributes","13.426846841695214","0.33416547","2.81754422","","37436691","9351540.61594428","43.7","49","686","377","228","0.0642222766797083","0.0017088314888969456","11","hold"
"441","WSTETH","Lido wstETH","2060.657208443463","-0.618329418643","3.059411347794","","9591072136.25","2907767.87","43.5","50","3556","1612","6","0.0016900599126239025","0.437793128636986","100","hold"
"442","CAKE","PancakeSwap","1.3528719768819477","0.320134508215","9.318305015805","","475121413","20978251.45207441","43.5","44","608","225","320","0.0901365286732748","0.02168734495213828","30","hold"
"443","TRIA","TRIA","0.021606","-4.005271697279474","-22.65509473726223","","46623553","4778915","43.5","37","1845","1302","147","0.04140646785928561","0.002128174081695833","42","hold"
"444","ALI","Artificial Liquid Intelligence","0.0013761667711750384","-2.177081019195","-0.987489420178","","12950811","111571.43","43.5","40","2776","1540","41","0.011548742736263334","0.0005911514359950494","40","hold"
"445","BABY","Babylon","0.01523383","7.382148073980344","-1.3671152504041009","","56473780","57936869","43.4","65","116","417","19","0.005351856389975691","0.002577796567571598","100","hold"
"446","RLC","iExec RLC","0.34786659852028473","-1.297789136731","2.165967947973","","25142558","2124259.53","43.4","41","2790","1733","27","0.007605269606807561","0.0011476547118391901","75","hold"
"447","BTT","BitTorrent","2.634550511387839e-7","-0.707297776552","-2.52767265788","","260408417","4622686.39","43.3","57","1210","432","64","0.01802730573465496","0.011886576806251563","94","hold"
"448","TIBBIR","Ribbita by Virtuals","0.11659","-2.9206824910861227","4.750939622988342","","116578354","798601","43.3","43","2437","118","422","0.11886754718788113","0.005321323998399729","40","hold"
"449","RIVER","River","4.575166880161917","-2.798197529403","-12.022351170676","","89099601","7344452.73","43.3","50","1455","858","512","0.14421844587723967","0.004067031561014668","73","hold"
"450","GUSD","Gemini Dollar","0.9991785345891918","-0.051509156196","-0.0153119495","","39451163","752987.23","43.2","25","2560","1739","13","0.003661796477351789","0.0018007838782547873","100","hold"
"451","RSC","ResearchCoin","0.10144157150852755","1.588180089017","-6.222688743737","","22420308","763620.55","43.2","43","539","1357","10","0.0028167665210398376","0.0010233951580060348","50","hold"
"452","ENJ","Enjin Coin","0.03053577620799735","-4.458906917843","0.444714214816","","60193661","10952396.59905503","43.1","43","1862","694","153","0.04309652777190951","0.0027475938872051483","48","hold"
"453","SVL","Slash Vision Labs","0.007539841868491961","1.445847444385","-2.3865187219","","12817989","321578.98","43.1","50","283","690","109","0.03070275507933423","0.0005850886561404338","12","hold"
"454","PLUME","Plume","0.01034852767940617","-3.482811659089","-8.903840441987","","59426627","9082479.56","43","37","1656","138","263","0.07408095950334773","0.0027125819292237504","23","hold"
"455","RON","Ronin","0.05706928528412912","-2.641592445491","-11.676721582941","","44065872","3636850.7","43","48","1697","378","152","0.04281485111980553","0.0020114264281344265","39","hold"
"456","SN56","Gradients","5.03","3.4714715404577996","24.915294671610972","","23139512","58357","43","29","1045","1263","1","0.00028167665210398373","0.0010562238725454857","","hold"
"457","POWER","Power Protocol","0.07623927477626785","-10.748739638755","20.177997531377","","15955742","2256973.06","43","15","3015","1252","224","0.06309557007129236","0.0007283142187517462","53","sell"
"458","TREE","Treehouse","0.0461662871495943","-0.213568859659","4.702389661779","","7195989","5785148.8","43","48","1396","1066","22","0.006196886346287642","0.0003284674010573221","100","hold"
"459","H","Humanity","0.245986","6.544869148508696","-67.27658358266505","","443012138","159135410","42.9","57","21","16","158","0.044504911032429435","0.020221688166242018","71","hold"
"460","WPOL","WMATIC","0.0747903192403793","-0.068","-0.07384460213960983","","18087269.78","11311.16","42.9","42","5231","2104","1","0.00028167665210398373","0.0008256097246478897","","hold"
"461","AVICI","Avici","0.743941","2.9067025327399896","-1.9027902425389849","","9596199","581182","42.9","57","255","1932","32","0.00901365286732748","0.0004380271489518499","80","hold"
"462","WIBE","Wibegram","4.348600642150275","1.28508924735","9.104868434242","","58335766.9","178292.73","42.8","42","1990","1650","1","0.00028167665210398373","0.002662788637160056","","hold"
"463","ALT","AltLayer","0.006461016797528155","2.006350174365","15.120027213121","","41218687","14746794.79","42.8","45","56","223","219","0.06168718681077245","0.0018814641036673666","33","hold"
"464","ANVL","Anvil","0.000432","0.33445930434741966","2.9934915798376354","","35104071","82606","42.8","70","1191","1384","9","0.0025350898689358537","0.0016023569474469333","33","hold"
"465","BROCCOLI","CZ'S DOG","0.01314055","-0.41274338458423393","14.253270648221456","","12685545","6829272","42.8","42","1395","1451","32","0.00901365286732748","0.0005790431304363733","50","hold"
"466","SN75","Hippius","4.55","3.791592381709835","13.902678830199559","","19344246","155489","42.7","42","1668","1091","1","0.00028167665210398373","0.0008829855366695945","","hold"
"467","DIA","DIA","0.12372747189190746","0.35897977","-0.48863179","","14756504","2007498.82680473","42.7","36","596","645","288","0.08112287580594732","0.000673573919800597","57","hold"
"468","SN66","FakeNews","2.42","17.864975596939274","37.29911761293674","","10462283","1417000","42.7","34","1049","1054","2","0.0005633533042079675","0.0004775603334213273","","hold"
"469","AQT","Alpha Quark","0.3883675150434483","-0.165114565798","-18.921777634042","","10317265","193265.69","42.7","42","4778","561","2","0.0005633533042079675","0.0004709408561588508","","hold"
"470","INJ","Injective","5.078271744907854","-3.72058147618","-2.79356049322","","511209829","70562542.94","42.6","51","1476","482","992","0.2794232388871519","0.023334633213945723","71","hold"
"471","FTRB","Faith Tribe","0.0050969491813952295","-0.475484698027","2.015596004188","","16563910","291025.18","42.6","39","2466","2048","19","0.005351856389975691","0.0007560745950344544","83","hold"
"472","BNBX","Stader BNBx","676.6040449963813","0.312657039541","2.115820627351","","12213236.1","147.25","42.6","48","1356","2016","8","0.00225341321683187","0.0005574841651740246","0","hold"
"473","SN50","Synth","1.63","1.309413783012545","14.092940995984089","","7557871","92048","42.6","42","1810","812","1","0.00028167665210398373","0.00034498583098119024","","hold"
"474","SAND","The Sandbox","0.05172050113637245","-0.992218911744","-0.484636397085","","137690630","13023436.16","42.5","37","1176","658","205","0.057743713681316665","0.00628501285730778","12","hold"
"475","USDTE","Tether Avalanche Bridged","0.9996633793412775","0.071148307427","0.306720110793","","18289792.06","18331.38","42.5","42","2726","1650","2","0.0005633533042079675","0.000834854036578856","","hold"
"476","BOBA","Boba Network","0.02254921","1.634658743859077","-2.57114558001","","11134977","252077","42.5","46","208","1173","119","0.033519521600374066","0.0005082660571080719","34","hold"
"477","WRX","WazirX","0.02174773018618979","0.68169603","-4.72769806","","9933989","4625.39168049","42.5","34","1890","2077","2","0.0005633533042079675","0.00045344587783027827","","hold"
"478","BADGER","Badger","0.3541124774428712","1.67893243","1.5626755","","7102993","848972.20888558","42.5","42","966","1449","4","0.001126706608415935","0.0003242225148535318","","hold"
"479","BILL","Billions Network","0.07420773567271771","7.68223368119","-7.229299348378","","182174734","103126946.85","42.4","31","28","862","238","0.06703904320074813","0.008315529861884026","41","hold"
"480","TRAC","OriginTrail","0.3621549325033684","-0.711344231321","8.174428350553","","161816915","2843675.56","42.4","45","2052","234","147","0.04140646785928561","0.0073862788724612565","37","hold"
"481","XAUM","XAUM","4193.98","0.20553994824873933","-3.1437369858929283","","64442435","371399","42.4","55","1150","1149","13","0.003661796477351789","0.0029415330043244107","100","hold"
"482","TPT3","TokenPocket Token","0.00639912","0.1575564571874397","0.11682007068360827","","20824233","55956","42.4","42","3231","2242","1","0.00028167665210398373","0.0009505408766636695","","hold"
"483","ANKRETH","Ankr Staked ETH","2033.385939109447","0","1.406328971479","","19655604.7","16578.77","42.4","42","3436","2287","1","0.00028167665210398373","0.0008971977850465149","","hold"
"484","GFI","Goldfinch","0.07872534155261515","-22.253440333609","-28.930451388588","","7450118","764265.86","42.4","48","2816","737","737","0.20759569260063604","0.0003400673482172325","66","sell"
"485","WETH","WETH","1667.7856099548765","-0.61985413258","3.089721335867","","7617173973.07","311918058.25","42.2","57","1427","533","19","0.005351856389975691","0.3476927686153744","100","hold"
"486","FLR","Flare","0.00791853","-0.2652922641672785","12.936256980796603","","677217265","4232801","42.2","64","1001","99","84","0.023660838776734635","0.030912192192858796","95","hold"
"487","PPC","Peercoin","0.24779918091049496","5.60010499","11.36203339","","7714955","10785.98710679","42.2","51","749","2325","5","0.0014083832605199188","0.0003521560716844054","","hold"
"488","WEETH","Wrapped eETH","1826.4559977527645","-0.713361323485","3.050396449049","","4296055446.02","3570096.77","42.1","35","2833","1360","4","0.001126706608415935","0.19609732132057794","100","hold"
"489","SBTC","sBTC","63917","7.625876461736761","-0.659251026546","","312223368.04","73313.82","42.1","61","38","341","194","0.05464527050817285","0.014251716928619897","85","hold"
"490","SOSO","SoSoValue","0.2728543452584522","-0.69729780115","-24.26940906215","","92559459","3881794.99","42.1","73","975","975","986","0.277733178974528","0.004224959896548169","75","hold"
"491","PYTHIA","PYTHIA","0.019727711072783316","-0.162854895883","-10.864529877856","","19016738","49485.15","42.1","65","2906","840","10","0.0028167665210398376","0.0008680361389446285","100","hold"
"492","AO","ao Computer","1.94","0.682553648318256","-2.3614925153548345","","11860705","243812","42.1","38","489","1576","17","0.004788503085767724","0.0005413925655052539","","hold"
"493","EITHER","Eitherway","0.100485","-3.624872386223865","7.432915457827953","","10051007","1381185","42.1","47","2679","1339","257","0.07239089959072383","0.00045878726986644256","88","hold"
"494","SN1","Apex","2.35","2.216920478560598","19.409607435478424","","10559887","73460","41.8","41","1451","2378","2","0.0005633533042079675","0.00048201555593664776","","hold"
"495","EGLD","MultiversX","2.883182730621842","-1.063308274665","-1.496120215592","","86863174","3727899.86434246","41.7","40","1232","320","347","0.09774179828008235","0.003964947835713751","23","hold"
"496","MOG","Mog Coin","1.0687526169556598e-7","-2.295799751591","0.836937179014","","41780281","7752930.96584572","41.7","52","1503","395","340","0.09577006171535447","0.0019070985677597085","18","hold"
"497","ADA","Cardano","0.1675515153388984","-3.762330837648","3.344873368269","","6235580518","287126923.27","41.6","56","1432","64","4370","1.230926969694409","0.2846286906262823","71","hold"
"498","USDG","Global Dollar","0.9999967188491536","-0.003691636197","-0.018886044279","","2642513539","53477874.76","41.6","45","917","638","102","0.028731018514606344","0.1206199112330656","19","hold"
"499","BBSOL","Bybit Staked SOL","78.05019619296299","-0.565451479387","4.905450417119","","119292010.9","498735.24","41.6","41","4543","1364","3","0.0008450299563119512","0.00544519131244152","","hold"
"500","LQTY","Liquity","0.19878687703218167","-2.094863666265","-1.912591690566","","19632153","3430772.52","41.6","39","1964","684","87","0.024505868733046585","0.0008961273110714468","0","hold"
"501","FUL","Fulcrom Finance","0.0009148176083266244","1.335971203399","2.068223360249","","15271480.26","62.32","41.6","36","668","2352","11","0.003098443173143821","0.000697080475150865","50","hold"
"502","ROSE","Oasis","0.006232732404206457","-3.612754340956","-5.707908024741","","48572057","1938229.2","41.4","45","2510","660","419","0.11802251723156919","0.002217115302260483","43","hold"
"503","HIVE","Hive","0.04939088355771273","-1.54310600127","-1.611383019758","","27110270","2058339.02","41.4","58","2102","439","318","0.08957317536906684","0.0012374726988690907","53","hold"
"504","FLOKI","Floki","0.00002474438708526549","-1.157912642881","2.329442187793","","239191215","13992332.09","41.3","49","1107","160","558","0.15717557187402295","0.010918098505541513","44","hold"
"505","UPUMP","Unit Pump","0.00153424","-0.9300927977072545","2.403702165030631","","48947059","140593","41.3","38","5008","1114","1","0.00028167665210398373","0.0022342326064046804","","hold"
"506","XVS","Venus","2.4853262765903508","0.749593166572","6.963732394395","","41916772","2916603.24","41.3","54","685","1448","10","0.0028167665210398376","0.0019133288224248719","67","hold"
"507","GLMR","Moonbeam","0.0092529475815747","-1.943852204577","0.137493980131","","10896060","2693719.48","41.3","41","2576","411","129","0.0363362881214139","0.0004973604753932566","12","hold"
"508","AVAX","Avalanche","6.57409359325601","-1.573620198711","-1.235445573341","","2840012565","169956736.54","41.2","57","1138","139","1436","0.4044876724213207","0.129634932209553","67","hold"
"509","VBNB","Venus BNB","15.240584743340756","0.466364911664","3.762508956355","","342960568.7","342964910.51","41.2","47","934","1108","4","0.001126706608415935","0.015654744145110585","","hold"
"510","SATS","SATS (Ordinals)","9.48168513641809e-9","-2.450328607223","0.719567326907","","19966535","2550779.37","41.2","76","2220","174","632","0.17801964412971774","0.0009113904787194727","76","hold"
"511","SN81","Patrol","1.97","4.034983856212227","24.154156074701493","","7548576","42392","41.2","41","1171","1097","1","0.00028167665210398373","0.0003445615523319555","","hold"
"512","ATOM","Cosmos","1.9330921738971678","-2.081086549109","15.678091161835","","993682276","26832563.40961379","41.1","53","1353","132","457","0.12872623001152056","0.04535752273585252","50","hold"
"513","KTA","Keeta","0.157962","-6.094308983798693","9.314693260537625","","87509331","1892075","41","51","2603","1028","441","0.12421940357785684","0.003994442254127257","43","sell"
"514","SENTIS","SentismAI","0.09859115839000059","3.174621718421","-1.075441045309","","19491611","2977274.4","41","57","435","743","9","0.0025350898689358537","0.0008897121448615767","0","hold"
"515","SN63","Alpha Trader Exchange (ATX)","2.25","3.0853841667193938","26.82301757398665","","10086849","113979","41","41","1686","2468","1","0.00028167665210398373","0.00046042331024792404","","hold"
"516","DODO","DODO","0.015217836596192615","2.82809235116","6.136407342814","","15277603","1074601.85","40.9","22","185","1660","115","0.03239281499195813","0.0006973599531343847","8","hold"
"517","NCT","PolySwarm","0.00596969237979131","0.624954426772","-3.349670014171","","11321087","183380.74","40.8","59","490","1397","29","0.008168622911015529","0.0005167612157319635","100","hold"
"518","BORG","SwissBorg","0.1582047385387842","-0.538283941536","1.183234757477","","153935820","120985.91","40.7","52","2883","815","12","0.003380119825247805","0.007026539190794726","","hold"
"519","AVNT","Avantis","0.1065242641270773","-5.202528332997","3.721026440641","","34430077","15694132.21","40.7","58","1895","438","245","0.06901077976547602","0.001571591884088967","14","sell"
"520","UTYA","Utya","0.01930091","-2.1077424027776663","-0.49475061055945263","","19300587","392571","40.7","36","2513","1311","121","0.03408287490458203","0.0008809926822804674","66","hold"
"521","LUCIC","Lucidum Coin","0.0797094960316476","-0.053547240822","3.194784188221","","13080758.33","19905.76","40.7","40","4743","1830","2","0.0005633533042079675","0.0005970829989476105","","hold"
"522","ESPORTS","Yooldo Games","0.069391","-65.95646997148347","13.084204278486968","","10479333","19272488","40.6","39","1875","958","618","0.17407617100026196","0.00047833859603234953","49","sell"
"523","MATT","MATT","0.0001556604342917933","1.372132407913","10.613203587261","","9823435.15","10092.59","40.6","51","678","1476","7","0.0019717365647278864","0.00044839954774467355","","hold"
"524","FOLKS","Folks Finance","1.71938087614151","-8.18","0.6688502436550253","","28679948.12","1815452.28","40.5","37","2775","1009","272","0.07661604937228358","0.001309122070841858","43","sell"
"525","AUDIO","Audius","0.015201533713436546","0.25919284383","1.264371287455","","21721846","2000764.52","40.5","50","766","1110","60","0.016900599126239025","0.0009915132307438753","83","hold"
"526","SD","Stader","0.14270710053958022","3.06533928","-3.22134473","","10306851","1465755.98030991","40.5","20","104","827","89","0.025069222037254552","0.0004704654997464645","14","hold"
"527","SRX","StorX Network","0.0540369968389751","-0.148583351977","-1.345128244952","","45066855.36","2247448.76","40.4","27","4561","2468","2","0.0005633533042079675","0.0020571172154272956","","hold"
"528","FRXETH","Frax Finance","1659.7250919899104","-0.829763823016","2.94159147134","","86589941.07","90223.01","40.3","32","4903","1739","2","0.0005633533042079675","0.003952475872457501","100","hold"
"529","LINEA","Linea","0.0024812678422018847","-4.052122763226","-0.476524800128","","76012188","13151174.46","40.3","47","1690","53","366","0.10309365467005806","0.0034696448036594506","20","hold"
"530","ORDI","ORDI","3.317181838841769","-2.610505759936","11.943498377788","","69666087","16782070.72","40.3","54","1559","350","242","0.06816574980916407","0.003179971306059986","32","hold"
"531","CATI","CATIZEN","0.06001769655856894","3.122235127561","34.595400863171","","27264262","4972792.68","40.3","44","139","301","124","0.03492790486089399","0.0012445018024466001","27","hold"
"532","SN68","NOVA","5.58","3.5957708015279874","29.119575485928024","","24513969","263422","40.3","40","1661","2087","1","0.00028167665210398373","0.001118962200613392","","hold"
"533","AIXBT","aixbt by Virtuals","0.02321593","-3.025827071647159","6.402900403890248","","23091543","7924242","40.3","48","1584","47","321","0.0904182053253788","0.0010540342843233085","29","hold"
"534","BNKR","BankrCoin","0.00048164","-3.790699118192865","-14.487857911276421","","48138291","2148111","40.2","55","2527","79","304","0.08562970223961106","0.002197315662393464","55","hold"
"535","COOKIE","Cookie","0.009311754999763312","1.044865125844","-3.018242912019","","7184248","1976648.49","40.2","22","329","1324","98","0.027604311906190407","0.00032793147253438884","8","hold"
"536","SENT","Sentient","0.01570733888766005","-4.53450419993","23.580372115319","","113642698","18674842.59","40.1","35","1913","360","157","0.04422323438032545","0.005187323335430632","31","hold"
"537","DUSK","Dusk","0.08935447284806704","-1.851703173184","-3.024149427051","","52540184","3355491.67","40.1","26","1613","796","240","0.0676023965049561","0.0023982440342187154","16","hold"
"538","PROM","Prom","1.0542477373650054","-1.97685973","4.74806493","","19240021.21","854833.33186174","40.1","36","3587","1597","14","0.003943473129455773","0.0008782281022297914","100","hold"
"539","EGL1","EGL1","0.01168081","-1.0287126566703542","-10.178901884677954","","11164845","1323203","40.1","36","3586","1181","6","0.0016900599126239025","0.0005096294088773396","","hold"
"540","B","BUILDon","0.23807305914127644","1.432830013905","-16.035377364008","","238512086","6785211.7","40","72","361","1065","17","0.004788503085767724","0.010887099050482222","100","hold"
"541","HUMA","Huma Finance","0.024517759013322423","7.718494015497","-0.389239582031","","42314713","13140377.55","40","38","19","108","320","0.0901365286732748","0.0019314931978907251","25","hold"
"542","OHO","OHO Blockchain","0.00077002","-0.04251456173189406","2.4429483284220193","","17683975","132760","40","62","2472","1361","11","0.003098443173143821","0.000807200971070503","100","hold"
"543","SHIBTC","ShibaBitcoin","103.9086453509339","0","0","","12114039.87","35.44","40","40","3453","3058","3","0.0008450299563119512","0.0005529562638858508","","hold"
"544","ENS","Ethereum Name Service","4.879664900024436","-1.223102895844","5.457699139381","","197284621","6673201.74","39.9","81","1582","199","36","0.010140359475743415","0.009005234267096405","75","hold"
"545","UAI","UnifAI Network","0.2903654082360318","6.702200720303","-0.126742146074","","68348255","4925464.56","39.9","37","23","1058","318","0.08957317536906684","0.0031198176771327917","67","hold"
"546","HT","Huobi Token","0.089287","-2.528219592472091","-18.640969263480834","","9767657","43135","39.9","58","2563","257","169","0.04760335420557325","0.0004458535038351726","56","hold"
"547","MORPHO","Morpho","1.9461383049408714","0.356203898366","14.807807950979","","1257232321","9810999.28","39.8","51","645","358","244","0.06872910311337203","0.057387501982581544","19","hold"
"548","SN11","Dippy","2.43","2.6543126705667","20.974219233615525","","9996506","381469","39.8","28","395","778","5","0.0014083832605199188","0.0004562995226193268","100","hold"
"549","KLED","KLEDAI","0.0080374","-6.188309614868564","-10.832250884687268","","8035720","616042","39.8","50","3242","622","40","0.01126706608415935","0.000366797679099335","70","sell"
"550","XSGD","XSGD","0.7781247190924399","-0.06299837","0.67473456","","15027630","239325.56743082","39.5","43","2446","1177","12","0.003380119825247805","0.0006859497103387798","","hold"
"551","PUNDIX","Pundi X","0.10042216054038099","-1.561834058318","-0.206344107854","","25944445","2043598.32","39.4","68","2441","248","33","0.009295329519431463","0.0011842575664060403","100","hold"
"552","KEEP","Keep Network","0.055947677851798314","61.758078024674","203.319265637303","","9982105","11240.83","39.3","81","491","876","6","0.0016900599126239025","0.0004556421759998939","100","hold"
"553","TTC","Tongtongcoin","0.059287756419899994","0.013833811151","21.47913265768","","9576241.72","1.26","39.3","35","2694","1897","4","0.001126706608415935","0.00043711618092594364","","hold"
"554","ORCA","ORCA","1.0994616742076577","-4.667233446215","7.541603487479","","66904248","17412836.1654988","39.2","67","1733","53","428","0.12055760710050505","0.003053904676654528","60","hold"
"555","TRILLIONS","trillions","0.02269223","0","0","","22692226","3283449","39.2","49","895","633","70","0.019717365647278863","0.0010358071000977618","56","hold"
"556","VELO","Velodrome Finance","0.01361885151878504","-2.801688647903","7.712515961047","","16519840","1653083.99","39.2","43","2347","172","559","0.15745724852612691","0.0007540629801800409","57","hold"
"557","FAR","FARCANA","0.002801053283387904","0.10095939163","20.265714279987","","13700124","258459.47","39.2","65","1440","2231","7","0.0019717365647278864","0.0006253545029658945","","hold"
"558","ADS","AdShares","0.39500552100278036","-1.225921648568","0.108214631529","","15302996","33778.86","39.1","61","3413","1642","10","0.0028167665210398376","0.000698519039496947","","hold"
"559","CTK","Shentu","0.12589019887632974","-1.63475561","1.00098955","","20184677","1400867.73931256","39","48","3629","1017","8","0.00225341321683187","0.0009213477668422653","100","hold"
"560","HOT","Holo","0.0003104246729631491","-0.825301919997","0.059692017758","","55055072","2369013.32","38.9","67","1840","270","216","0.06084215685446049","0.0025130383627412086","91","hold"
"561","KONET","KONET","0.045835375789598586","4.4689548185","0.274765524965","","20527912","1690750.86","38.9","23","504","2293","5","0.0014083832605199188","0.0009370150376513105","","hold"
"562","PARTI","PARTI Token","0.060636","2.996345359282838","8.119326476503124","","14144844","16216259","38.9","32","86","899","267","0.07520766611176366","0.0006456541480318073","11","hold"
"563","KCS","KuCoin","6.936162672126533","0.110633736436","9.137912127176","","934360903","1774841","38.8","64","1241","409","13","0.003661796477351789","0.04264974522028628","","hold"
"564","NILA","MindWaveDAO","0.07849090077456397","-0.70800636471","-0.458820967647","","66146779","235331.49","38.8","62","3075","1346","10","0.0028167665210398376","0.003019329321715619","100","hold"
"565","BSOL","BlazeStake Staked SOL","87.96572034280553","-0.562236287433","5.264277883435","","93813987.95","156665.12","38.7","41","2951","1015","8","0.00225341321683187","0.0042822240007258814","","hold"
"566","RPL","Rocket Pool","1.3599780758609","-2.254621947557","2.721786267624","","30615508","7588568.19","38.7","38","1879","576","85","0.02394251542883862","0.0013974724453872363","6","hold"
"567","ASTER","Aster","0.625205","-2.1671596577474204","-1.8420629513518978","","1673961875","45776708","38.6","46","1326","128","700","0.19717365647278864","0.07640949792311967","55","hold"
"568","HNT","Helium","0.2884975690822147","-3.63378096427","-40.834119643447","","52643005","5042487.27613916","38.6","47","1753","524","206","0.058025390333420655","0.002402937391399238","18","hold"
"569","AGI","Delysium","0.005448459745871586","1.196468076516","5.591909900891","","14027973","674435.01","38.6","68","593","931","11","0.003098443173143821","0.0006403194659430811","50","hold"
"570","FTN","Fasttoken","4.256965020895001","0","1.690772053345","","1838873525.17","31","38.5","35","2493","2559","4","0.001126706608415935","0.08393703877058542","","hold"
"571","OHM","Olympus","16.22","-3.935269117613458","-6.542278411205338","","242912711","14887.48","38.5","56","3142","463","40","0.01126706608415935","0.011087969543305081","36","hold"
"572","COW","CoW Protocol","0.15030045165697004","2.705922865295","10.75521974326","","87423106","3907890.33301484","38.5","55","316","508","19","0.005351856389975691","0.003990506436318731","0","hold"
"573","SHX","Stronghold","0.004240698747522228","-2.38060895","-9.06569423","","75278344","295407.99717075","38.5","42","2528","1082","107","0.03013940177512626","0.0034361478331302424","79","hold"
"574","SN14","TAOHash","3.42","3.757845654455677","31.903977770618592","","14317213","45756","38.5","38","913","2369","4","0.001126706608415935","0.000653522086330886","","hold"
"575","SN41","Sportstensor","2.07","14.446479098865526","61.47082522403602","","8652150","547503","38.5","26","433","487","4","0.001126706608415935","0.0003949351818156072","100","hold"
"576","SEI","Sei","0.05275077773178933","-3.132320849657","7.177621382498","","355411073","28273002.93330665","38.4","48","1490","25","460","0.12957125996783253","0.016223058631037957","42","hold"
"577","DRV","Derive","0.10023203581655267","-1.372077043486","1.075520217745","","100101495","89330.51","38.4","32","2921","1747","25","0.0070419163025995934","0.0045692229246879785","67","hold"
"578","NPC","Non-Playable Coin","0.004928915493430579","-0.05216040942","5.782540749335","","39786909","3457179.87","38.4","34","807","875","397","0.11182563088528155","0.0018161093069116948","34","hold"
"579","NYM","Nym","0.018010420432459845","-0.847717090118","-6.592138226993","","15049222","1154907.88","38.4","40","3344","2021","7","0.0019717365647278864","0.0006869352966318703","100","hold"
"580","HFT","Hashflow","0.010036282325103861","-0.018268231191","-1.147738137445","","8378218","4165954.24","38.4","33","1063","1514","99","0.02788598855829439","0.0003824313088793876","11","hold"
"581","FF","Falcon Finance","0.07058998319018102","-10.308177617679","-25.080915861905","","203848305","22231747.95","38.3","47","2041","649","147","0.04140646785928561","0.009304839536760038","42","sell"
"582","OSAK","Osaka Protocol","1.7233368111937906e-8","-1.891829453023","16.206300558297","","13155848","78355.56","38.3","50","4507","1639","4","0.001126706608415935","0.0006005105345860269","","hold"
"583","EPS","Ellipsis","0.013704128489151429","0.515313737084","3.237264242438","","9562290","4.59","38.3","38","1466","1662","3","0.0008450299563119512","0.0004364793420968849","","hold"
"584","LDO","Lido DAO","0.259321230986907","-2.454642684008","-1.987022092138","","218810421","29078933.53","38.2","45","1497","365","284","0.07999616919753139","0.009987798801544653","11","hold"
"585","VRSC","Verus","0.40967742698544474","-8.082880836041","-5.018364995458","","32944126","182.34","38.1","38","5395","1622","4","0.001126706608415935","0.0015037643119416876","","sell"
"586","GCB","Global Commercial Business","0.014340575011939796","-0.899893064221","-11.723304847751","","17235883","344.27","38.1","38","4868","1617","2","0.0005633533042079675","0.0007867474080266216","","hold"
"587","9BIT","The9Bit","0.04368935","-0.4503888620271082","-0.4401929411794469","","358109595","6361591","38","31","2190","1925","3","0.0008450299563119512","0.016346235098933612","","hold"
"588","DEEP","DeepBook Protocol","0.0169468822374929","-4.106069038239","2.888126164771","","90362017.41","4358458.06","38","55","2245","257","33","0.009295329519431463","0.004124655695410206","75","hold"
"589","SOL","Solana","67.69217915286742","-0.631647354309","4.987885272628","","39249064670","1400793563.8654766","37.9","56","851","57","34616","9.750518989231502","1.791558917903524","82","hold"
"590","EURS","STASIS EURO","1.208124331619049","0","-0.410959482822","","149858690","272.88","37.9","41","2525","2699","5","0.0014083832605199188","0.006840434918696361","","hold"
"591","DOLA","DOLA","0.996142823639322","-0.004558874085","0.174050063354","","90039965.87","4539.35","37.9","30","2200","2145","4","0.001126706608415935","0.004109955362717882","","hold"
"592","EVER","Everscale","0.005837417873839581","13.230185079917","15.398576039474","","11574255","28576.68","37.9","21","677","1474","5","0.0014083832605199188","0.0005283172971810707","","hold"
"593","GNS","Gains Network","0.5792209871564321","-2.171502936137","23.072554062093","","13836097","922429.73","37.8","69","2610","723","79","0.022252455516214718","0.0006315611130543712","67","hold"
"594","BERT","Bertram The Pomeranian","0.014032411843911926","-0.386494338272","-3.703751657226","","13702708","787624.6","37.8","61","1715","497","231","0.06506730663602024","0.0006254724519739228","59","hold"
"595","LSETH","Liquid Staked ETH","1822.0554539226205","1.60978175803","2.41047468474","","780144773.05","10710.65","37.7","45","698","2062","5","0.0014083832605199188","0.03561041102928144","100","hold"
"596","SFRXETH","Frax Staked Ether","1937.4295514070868","-0.195818556836","3.430795559484","","233864386.24","15342.6162844","37.6","37","4718","1862","2","0.0005633533042079675","0.010674950607639696","","hold"
"597","REQ","Request","0.05577770231560834","-3.18513598636","-2.327691894926","","41617920","2479689.18820677","37.5","51","2912","719","96","0.02704095860198244","0.001899687453637234","0","hold"
"598","SOPH","Sophon","0.005571308608381617","-4.946728030208","4.185149344661","","19221730","6681008.28","37.5","70","2081","138","61","0.01718227577834301","0.0008773931834700638","73","hold"
"599","CROSS","CROSS","0.09020839255142728","-4.586527814598","-1.12554208535","","39240222","2788496.3","37.4","24","2875","836","126","0.03549125816510195","0.0017911552862646615","39","hold"
"600","GMT","GMT","0.00809580433842232","-3.32368428","3.06073263","","25112096","3810600.91044558","37.4","51","1982","1167","101","0.028449341862502357","0.0011462642464047646","25","hold"
"601","HDX","Hydration","0.003726521683895062","-1.933650636671","7.395603654834","","22293042","1418.75","37.4","2","5447","2135","2","0.0005633533042079675","0.0010175859867770402","","hold"
"602","SAITAMA","Saitama","0.0001705333499351848","-0.011035508649","0.005651641461","","7641831.25","67122.57","37.4","37","2396","1770","6","0.0016900599126239025","0.0003488182722355645","","hold"
"603","SYS","Syscoin","0.0018827485532909348","-20.797330395886","1.779636979749","","11101051","118447.37","37.3","48","3657","1931","117","0.0329561682961661","0.000506717474272791","7","sell"
"604","USDE","Ethena USDe","0.99947835826711","-0.008561570646","0.001718699375","","4485453718","101569576.31","37.2","70","891","502","42","0.011830419388367317","0.20474257608153135","100","hold"
"605","UNP","UNIPOLY","0.13746894986861555","0.85850321636","4.793144806883","","38546434","243203.47","37.2","57","581","901","18","0.0050701797378717075","0.0017594867079434942","67","hold"
"606","MLK","MiL.k Alliance","0.03675851848123307","-3.64924461","-3.71443827","","20434415","2287866.77095856","37.2","43","4737","1356","5","0.0014083832605199188","0.0009327472828511492","","hold"
"607","ETN","Electroneum","0.00083088396374465","-1.65393801","-5.29198827","","14957949","241719.89120072","37.2","65","2482","558","89","0.025069222037254552","0.0006827690583153991","77","hold"
"608","OSETH","StakeWise Staked ETH","1782.662759875032","0.457001307308","4.362560474933","","316815109.22","2.61","37.1","37","2641","1953","1","0.00028167665210398373","0.014461311091663017","","hold"
"609","TBTC","tBTC","64287.24579917168","0.299868470308","3.38888565524","","542200200.26","3275208.78","37","63","865","544","25","0.0070419163025995934","0.024749216630564858","100","hold"
"610","NBASIS","Nest Basis Vault","1.062","0","0.0376666986833564","","25524423","17.78","36.9","36","4959","1735","1","0.00028167665210398373","0.0011650852838015367","","hold"
"611","CXO","CargoX","0.15229806385145653","-0.08597811591","-2.644709656528","","25393493","20635.1","36.9","56","2651","1485","17","0.004788503085767724","0.001159108865991499","100","hold"
"612","TAG","TAGGER","0.0010046357697419226","-0.015170856761","-4.280560547524","","109214064","3824019.16","36.8","48","971","889","140","0.039434731294557726","0.0049851743465683515","8","hold"
"613","DBR","deBridge","0.015924661549518382","3.463496265281","10.421938608507","","84008488","4848288.3","36.8","36","530","970","5","0.0014083832605199188","0.0038346431213437423","","hold"
"614","CBK","Cobak Token","0.1980946706120894","-0.273913835208","1.669659646019","","19637089","2878521.18","36.8","36","4756","2014","2","0.0005633533042079675","0.0008963526192384852","","hold"
"615","WMON","WMON","0.02132675","-0.463","0","","9499045.47","779.7","36.8","61","3631","1457","5","0.0014083832605199188","0.0004335924885455257","","hold"
"616","TT","ThunderCore","0.0006627869576524214","-1.33151131","0.07102335","","9152846","246074.9242142","36.8","79","3381","1828","8","0.00225341321683187","0.0004177899018325218","100","hold"
"617","VITA","VitaDAO","0.30367961726449416","-0.811219693583","10.375589253152","","7742393","1676.88","36.8","49","2752","1187","9","0.0025350898689358537","0.0003534085039143895","33","hold"
"618","ENSO","Enso","0.6249180463497779","0.054674067714","11.645256313129","","12889287","22894427.67","36.7","30","711","812","299","0.08422131897909114","0.000588343117585634","9","hold"
"619","CHILLGUY","Just a chill guy","0.008715069028200215","-1.660858368202","1.537233957349","","8706456","5149885.59","36.7","43","1590","196","184","0.05182850398713301","0.0003974140281120397","20","hold"
"620","SDEX","SmarDex","0.0008312397120918598","1.69024437899","-27.997724390514","","8014575","224513.57","36.6","21","662","2398","7","0.0019717365647278864","0.0003658324965239646","","hold"
"621","USDC","USDC","0.9996791005992066","-0.009203359738","-0.003998331464","","74835403414","4617378070.592473","36.5","59","631","306","6446","1.8156876994622793","3.415929411019504","92","hold"
"622","MAGMA","Magma Finance","0.3284355021700484","-3.359747187669","-25.861796804596","","61634745","3677744.41","36.5","46","1823","1018","89","0.025069222037254552","0.0028133734647149654","86","hold"
"623","ETC","Ethereum Classic","7.059338765083204","-1.708094118145","1.289089093683","","1105881648","29623732.09","36.4","36","1475","730","237","0.06675736654864416","0.05047896415566343","22","hold"
"624","CKB","Nervos Network","0.0011187404914543126","-2.229163313367","6.357202158627","","54610898","2379906.8","36.4","43","2470","211","229","0.06450395333181227","0.002492763640337209","10","hold"
"625","AIC","AIC","0.02094874","-4.9197839413828115","-7.463772781687086","","21101058","1636311","36.4","36","4629","2107","6","0.0016900599126239025","0.0009631768031913078","","hold"
"626","REZ","Renzo","0.003282571798600236","2.899359220786","1.584201895066","","28309724","12319986.82","36.3","38","84","447","225","0.06337724672339634","0.0012922228573348429","7","hold"
"627","DOGS","DOGS","0.000043338932597368855","-1.398148127382","7.693855412722","","22214244","7848050.68","36.3","48","1376","239","148","0.041688144511389594","0.001013989181074792","21","hold"
"628","SN93","Bitcast","3.41","10.52778361850817","30.286062074751364","","11663396","446447","36.3","33","545","741","4","0.001126706608415935","0.0005323862184367384","","hold"
"629","RSS3","RSS3","0.007219017993144268","-4.00439578","3.21484285","","10992799","1215274.79966564","36.3","54","3883","566","9","0.0025350898689358537","0.0005017762142042642","50","hold"
"630","JITOSOL","Jito Staked SOL","86.92069642178001","-0.559766012096","5.251033927875","","894540922.14","5839780.46","36.2","36","2902","1151","2","0.0005633533042079675","0.04083212631852913","","hold"
"631","MANTA","Manta Network","0.07953503475639338","-3.739381264768","-3.886624091784","","37730679","5427902.97","36.2","43","1757","120","228","0.0642222766797083","0.0017222508360224121","10","hold"
"632","ADX","AdEx","0.05641796478912664","-1.51853557","-0.11546771","","8315236","3398227.85306276","36.2","59","1576","593","58","0.016337245822031058","0.0003795564387464021","92","hold"
"633","DESO","Decentralized Social","3.253669072067469","2.663521661042","-11.226406654435","","33544281","9536.34","36","46","814","1682","6","0.0016900599126239025","0.001531158927620166","100","hold"
"634","XYO","XY Oracle","0.003525789210581375","-3.708163787586","-1.531523656925","","49209121","5706639.21656307","35.9","49","1833","168","212","0.059715450246044556","0.0022461946624967454","22","hold"
"635","OMI","ECOMI","0.00022665460750481882","-4.72427063733","12.760883629283","","61688226","880877.52","35.8","53","2828","356","185","0.05211018063923699","0.0028158146531431227","43","hold"
"636","UNI","Uniswap","2.520427084704927","-1.409167381565","0.296739687642","","1566722120","67214036.9","35.7","52","1184","178","431","0.12140263705681699","0.07151444268958972","35","hold"
"637","REAL","RealLink","0.0605188535392179","1.256550305394","18.037423413168","","198523326","6510278.2","35.7","58","265","366","27","0.007605269606807561","0.009061776072819943","89","hold"
"638","CHEEMS","Cheems Token","5.82348e-7","-1.6161948823330459","19.01888830766684","","118608617","1033945","35.7","69","2583","276","22","0.006196886346287642","0.005413997182179311","100","hold"
"639","MANA","Decentraland","0.06616551254102626","-1.218625941805","-1.433062643396","","127886729","8781477.84","35.6","40","1262","618","193","0.05436359385606887","0.005837504963438948","12","hold"
"640","C98","Coin98","0.014144245272311376","-3.49129341","-1.70058322","","14161966","9279054.80751543","35.6","50","2759","1198","8","0.00225341321683187","0.0006464356971476971","100","hold"
"641","PENDLE","Pendle","1.3031039967899563","-1.459825471148","4.865520622319","","222862595","31235057.72","35.5","39","1282","71","273","0.07689772602438756","0.010172763934539164","23","hold"
"642","HASUI","Haedal Staked SUI","0.812000007069104","-1.795682593475","0.962778648967","","70661324.09","47864.08","35.5","40","4080","1070","4","0.001126706608415935","0.003225399799681663","100","hold"
"643","HP","Hippo Protocol","0.010441393606952976","-1.332586089724","-2.065040380296","","14532859","164206.24","35.5","27","4844","2057","3","0.0008450299563119512","0.000663365442284933","0","hold"
"644","W","Wormhole","0.009566238907803499","-1.898596686042","-0.159283742095","","57707174","167431661.44","35.4","52","1287","28","417","0.11745916392736123","0.0026340959479152445","32","hold"
"645","ELG","Escoin","0.2787651673945067","-0.982670927403","-1.848824967521","","52700263","180475.06333838","35.4","35","4891","1991","2","0.0005633533042079675","0.002405550984395245","","hold"
"646","SN3","?emplar","5.78","3.5473483425664267","23.725643013389917","","27224819","67356","35.4","35","963","1645","3","0.0008450299563119512","0.0012427013911758347","","hold"
"647","STO","StakeStone","0.05032374537311972","-4.447683909756","-4.728690256481","","11272338","6197161.75","35.4","52","2020","961","80","0.0225341321683187","0.0005145360237070529","89","hold"
"648","TNSR","Tensor","0.028893110493959585","-2.451479163496","-1.809806585029","","9664196","4487512.5","35.4","42","1764","435","126","0.03549125816510195","0.00044113093327804813","6","hold"
"649","LION","Loaded Lions","0.0015925282129955537","-0.022927247986","1.295357293611","","48775152","31039.47","35.3","64","1336","985","32","0.00901365286732748","0.002226385756511836","80","hold"
"650","ACE","Fusionist","0.08389733824821081","-1.43992840608","-4.657804500792","","8519882","2413762.69","35.2","56","2135","628","218","0.06140551015866846","0.0003888976897901122","48","hold"
"651","CRV","Curve DAO Token","0.23190064517425144","-3.101577431743","21.470922071607","","352342821","37722416","35.1","41","1470","659","426","0.11999425379629709","0.016083005504187856","64","hold"
"652","REUSD","Resupply USD","0.999381","0.05857742682083525","-0.023094512900628614","","33139060","32551","35.1","32","3352","2072","1","0.00028167665210398373","0.0015126622499954713","","hold"
"653","AIAT","AI Analysis Token","0.2229536883325068","0.758980122511","2.294558662546","","24441328","360929.9","35.1","22","1560","2228","1","0.00028167665210398373","0.0011156464367232297","","hold"
"654","SPELL","Spell Token","0.00012338607617436872","0.176675457432","0.316070281299","","21171521","4686584.73","35.1","38","723","899","247","0.06957413306968399","0.0009663931503092233","12","hold"
"655","USDB","USDB","0.993698270573851","0.00360643","-0.44398987","","18352013.26","5845.69815638","35.1","8","1943","2427","5","0.0014083832605199188","0.0008376941793104067","","hold"
"656","PIPPIN","Pippin","0.017334637589903036","-2.89646832","22.84254199","","17172413","6529578.04672497","35.1","39","1563","912","491","0.13830323618305604","0.0007838502626939775","38","hold"
"657","PUFFER","Puffer","0.01488276","4.785367130718238","0.7427456959419234","","7186525","2022975","35.1","54","240","1293","15","0.004225149781559756","0.0003280354082508286","100","hold"
"658","WBNB","Wrapped BNB","611.1531681863563","0.425501393724","3.823953899064","","1060824650.69","158941747.24","35","55","518","634","11","0.003098443173143821","0.0484222969198099","100","sell"
"659","SN9","iota","8.31","2.0837268104816706","10.83798729485747","","36105631","660347","35","35","995","1432","1","0.00028167665210398373","0.0016480740559921205","","sell"
"660","STAR","Starpower","0.146124485773974","-3.440089359669","-3.194712459288","","27254063","4709569.85","35","58","1804","173","57","0.016055569169927075","0.0012440362599029158","86","sell"
"661","THOR","THORSwap","0.036262593712816475","0.072600462271","-0.169037487895","","9228727","3191.69","34.9","11","2459","1841","3","0.0008450299563119512","0.00042125355844172875","","sell"
"662","ACS","Access Protocol","0.0001393114336028694","-1.083552718177","-3.867000062595","","7175807","602995.15","34.9","52","2945","1113","11","0.003098443173143821","0.0003275461754845567","100","sell"
"663","WOCT","Wrapped OCT","0.074971456315717","1.297","-0.1406985285106648","","46850624.23","173969.4","34.8","53","448","2197","10","0.0028167665210398376","0.0021385389525666733","100","sell"
"664","XT","XT.com Token","3.4608859490634907","-0.27541338512","4.109295217862","","20918149.46","3299515.89","34.8","30","2171","1287","5","0.0014083832605199188","0.0009548277780934387","","sell"
"665","INCO","InfinitiCoin","0.00934676","0.0016737251794970859","0","","9346760","26.25","34.8","24","2325","2858","5","0.0014083832605199188","0.0004266412810673468","","sell"
"666","TGC","TG Casino","0.12079118004706191","-0.180694521862","-0.183996170067","","9317721","25389.02","34.8","24","3032","1827","7","0.0019717365647278864","0.0004253157697499583","","sell"
"667","GALA","Gala","0.002597815808780535","-3.455465357947","0.989776457839","","125914802","11230022.12","34.7","40","1631","256","239","0.06732071985285212","0.005747494578936587","13","sell"
"668","AIOZ","AIOZ Network","0.05650491106798285","0.917188377769","-0.81597199109","","70429558","3043995.97719833","34.7","55","287","485","113","0.031829461687750166","0.0032148206276963365","8","sell"
"669","HEZ","Hermez Network","3.0319970299140975","-0.55272605","0.66718638","","33773626","2695.02","34.7","17","3943","1315","6","0.0016900599126239025","0.0015416275867711862","100","sell"
"670","HFUN","Hypurr Fun","9.808267704172236","1.214621405158","1.557169479541","","9748449","26836.06","34.7","39","743","1803","5","0.0014083832605199188","0.0004449767373699224","","sell"
"671","NEXO","NEXO","0.794752805157611","-0.344462194285","3.931781765417","","793590440","5185050.73","34.6","58","1802","885","12","0.003380119825247805","0.03622415061094962","100","sell"
"672","MASK","Mask Network","0.366395798708063","0.38118624","2.82183688","","36643963","11548874.78411587","34.6","62","560","117","433","0.12196599036102497","0.0016726467051368025","47","sell"
"673","CELR","Celer Network","0.0021536760860413214","-1.59166064","-0.16541501","","12159337","1209215.20331635","34.6","39","2661","566","65","0.018308982386758942","0.0005550238921946845","0","sell"
"674","ACT","Achain","0.00031425108890370003","0","-0.100783466718","","8622999","179726","34.6","56","1246","377","24","0.00676023965049561","0.0003936045581573134","86","sell"
"675","CVX","Convex Finance","1.3017836204256494","-2.912934298774","6.724304602381","","117590033","4034598.97751085","34.4","53","1635","745","281","0.07915113924121944","0.005367502997816526","33","sell"
"676","OUSD","Origin Dollar","0.9997405248102563","0.00322242","0.01066957","","7292139","57360.25960904","34.4","30","1952","2076","5","0.0014083832605199188","0.0003328562544326763","0","sell"
"677","BWB","Bitget Wallet Token","0.1402840395833535","-4.886718535658","-7.953378562488","","166918786.01","24.39020011","34.2","37","5351","2873","3","0.0008450299563119512","0.0076191583711909495","","sell"
"678","SN51","Celium","11.81","4.340661867419964","18.038236984788007","","48453239","221406","34.2","34","945","1863","2","0.0005633533042079675","0.0022116917476026274","","sell"
"679","MED","MediBloc","0.00155474847051199","-0.943675037091","1.541207093996","","16484786","328238.64","34.2","35","4532","968","4","0.001126706608415935","0.0007524629087684999","","sell"
"680","BOLD","Liquity BOLD","0.9992493716164369","-0.037103859735","-0.187632433106","","31224227","304490.76","34.1","49","3139","2461","4","0.001126706608415935","0.0014252579725613625","","sell"
"681","RECALL","Recall","0.03388512","-3.4621376685129017","-10.613572331805997","","8564418","4988454","34.1","24","2004","1061","119","0.033519521600374066","0.00039093057563436363","6","sell"
"682","POLS","Polkastarter","0.07260267473461646","0.31543989","-3.95815625","","7209381","74325.56062333","34","33","755","571","118","0.03323784494827008","0.0003290786909627069","9","sell"
"683","XDC","XDC Network","0.030004944997499942","-1.596136871518","1.235656116687","","598010579","7823710.81","33.9","53","1327","330","360","0.10140359475743414","0.02729673164993921","41","sell"
"684","PORTAL","Portal","0.012458769291772503","-3.962181222383","-30.250766044856","","10018235","16778201.04","33.9","16","1779","1130","192","0.05408191720396488","0.000457291362400846","29","sell"
"685","HDN","Hydranet","0.03866500094944034","0.886301715142","0.798209666907","","7908187","118374.55","33.8","40","1211","1645","3","0.0008450299563119512","0.00036097632041478953","","sell"
"686","IAG","Iagon","0.02429355716818959","-10.181798163946","36.533433260957","","9117548","95060.78","33.7","63","3213","281","84","0.023660838776734635","0.0004161786928211515","63","sell"
"687","DEXE","DeXe","17.947108507356788","0.724061780952","-8.782013052282","","845064816","34685646.21434835","33.6","25","153","1142","335","0.09436167845483455","0.03857374487877957","22","sell"
"688","A7A5","A7A5","0.01329682","0.6319146379169943","1.1410939164154275","","521430980","412.57","33.6","33","1989","1689","2","0.0005633533042079675","0.023801186859981654","","sell"
"689","XDAI","xDAI","0.9779450720169212","-1.203715300197","0.50968736439","","74679059","259545.84","33.6","30","3701","1954","11","0.003098443173143821","0.0034087929293855814","","sell"
"690","ZAMA","Zama","0.03100408","-4.578283293048868","4.135552352880456","","68226453","7126201","33.6","22","1818","592","265","0.0746443128075557","0.0031142579151065323","14","sell"
"691","CET","CoinEx Token","0.018663665175536758","-0.12123543","12.03454654","","46659590","51307.57938797","33.6","33","3881","1391","4","0.001126706608415935","0.0021298190230279977","","sell"
"692","SQD","Subsquid","0.039440799027011066","-4.016120835713","20.474818753208","","41009910.66","6320439.45","33.3","69","1838","51","148","0.041688144511389594","0.001871934319533169","23","sell"
"693","GOHOME","GOHOME","76.67832299886419","-0.0876409606","1.173124692062","","40245656","506104.37","33.3","51","2148","1219","27","0.007605269606807561","0.001837049227030089","75","sell"
"694","ALICE","My Neighbor Alice","0.1046394847898638","-0.886580849635","2.584692929879","","10373354","3392762.19","33.3","50","1456","479","96","0.02704095860198244","0.0004735010890966588","8","sell"
"695","EETH","ether.fi Staked ETH","1664.6469779351885","-0.455308535002","2.490484204046","","462147280.23","1.5","33.2","35","5269","2618","2","0.0005633533042079675","0.021095128972940073","","sell"
"696","POPCAT","Popcat","0.040593685355019435","-1.557288432319","0.068614016644","","39784590","11453274.75","33.2","27","1173","452","689","0.1940752132996448","0.0018160034540674157","58","sell"
"697","STEEM","Steem","0.04393321582844064","-1.257562231907","-1.278919469998","","24178398","2925214.37","33.2","44","2430","662","130","0.036617964773517885","0.0011036447599891488","7","sell"
"698","USD0","Usual USD","0.9985806477693647","-0.004158674635","0.007459046502","","552843504","614732","33.1","33","2189","1856","4","0.001126706608415935","0.02523503981875226","","sell"
"699","XAN","Anoma","0.00869375","-0.2604598355519762","10.994441839186031","","21724369","3358289","33.1","50","1229","393","95","0.026759281949878456","0.000991628395351946","14","sell"
"700","BERA","Berachain","0.251895","-2.1659691691245095","4.813355375099128","","69700173","19004776","33","48","1489","176","281","0.07915113924121944","0.0031815271922394175","15","sell"
"701","BEAT","Audiera","5.374405438670885","-37.742933557972","101.368631372052","","1598759253","91028989.9","32.8","48","1811","175","1271","0.35801102482416336","0.07297680648890038","40","sell"
"702","RAIL","Railgun","2.847333735387533","-3.186304730904","13.210103954607","","163796336","13620.13","32.8","70","3373","1230","42","0.011830419388367317","0.0074766313273452595","78","sell"
"703","BURN","BurnedFi","2.983941843307968","-1.355587884012","-6.426741670292","","37073235","62484.37","32.8","36","3049","713","23","0.0064785629983916265","0.001692241212324998","50","sell"
"704","STRAX","Stratis","0.009169369144754278","-2.614632751739","6.988902546421","","20008867","1681921.19","32.8","47","3246","1326","28","0.007886946258911546","0.0009133227609980529","71","sell"
"705","MOVR","Moonriver","1.3088385616721692","-1.615168408018","0.60356805411","","16027945","4262025.74","32.8","48","1278","863","436","0.12281102031733691","0.0007316099897372968","66","sell"
"706","RUNE","THORChain","0.37343705773383573","-4.64843964848","10.663190990587","","126488118","3481837.55","32.7","34","1935","522","260","0.07323592954703577","0.005773664104279743","17","sell"
"707","APE","ApeCoin","0.12463053786447623","-4.251361678966","1.388776555786","","124694697","9571131.05","32.7","69","1567","210","1393","0.3923755763808494","0.0056918017869705285","68","sell"
"708","CKBTC","Chain-key Bitcoin","64368.42105263158","2.088996382783","3.872940377102","","20452773.28","63650.06","32.7","32","1270","1965","2","0.0005633533042079675","0.000933585263081453","","sell"
"709","AEVO","Aevo","0.019725819574845666","-0.328149183714","2.191849538919","","18012401","3984490.22","32.7","51","1152","374","134","0.037744671381933825","0.0008221922717325319","8","sell"
"710","POLYX","Polymesh","0.03922295873506787","-1.987123454957","0.487508872798","","50455066","1399553.91045896","32.6","59","3107","627","21","0.005915209694183659","0.002303066944543086","75","sell"
"711","MVL","MVL","0.00103205833169442","-0.607927219682","7.044115910321","","28747020","37141.22","32.6","48","3034","1468","8","0.00225341321683187","0.001312183627232179","","sell"
"712","CUSDO","Compounding OpenDollar","1.05","0.0838773648639114","0.9046418189799674","","18486637","27896","32.6","32","3666","1207","1","0.00028167665210398373","0.0008438392012105814","","sell"
"713","BAR","FC Barcelona Fan Token","0.28883103679652095","-0.622935513667","1.082774295698","","7327934","1777411.79","32.5","57","2714","1518","13","0.003661796477351789","0.0003344901494568136","100","sell"
"714","ASTR","Astar","0.005904144656992168","2.827083571605","5.331072033168","","51047671","2957977.23","32.4","45","271","1392","25","0.0070419163025995934","0.0023301169336694696","67","sell"
"715","LUNA","Terra","0.051481927803874346","-1.38305785","1.303605","","36635385","4868771.64443717","32.4","50","1313","237","151","0.042533174467701544","0.0016722551545985413","59","sell"
"716","WILD","Wilder World","0.019244854745444226","-0.841314546433","-10.347345271039","","9210003","204009.14","32.4","62","2685","1080","11","0.003098443173143821","0.00042039888459253344","100","sell"
"717","WAVES","Waves","0.2668062860258348","-4.641459776824","2.053867986517","","26729404","4780300.49","32.3","39","2087","1526","133","0.037462994729829835","0.0012200877271617827","6","sell"
"718","EL","ELYSIA","0.0013836748891754122","0.130676357304","9.547846960902","","9412894","375038.24","32.3","64","561","105","1807","0.5089897103518987","0.00042966002708009435","56","sell"
"719","1INCH","1inch","0.07218147799121617","-0.820011240276","3.980530486368","","101250587","6005148.97","32.2","27","2453","1239","5","0.0014083832605199188","0.004621674264290604","","sell"
"720","PUFF","Puff The Dragon","0.07292398934324916","-0.061442898545","0.703822914943","","65012611","12654.53","32","77","2438","935","10","0.0028167665210398376","0.002967559201538617","100","sell"
"721","XUSD","StraitsX USD","0.9997514929128989","-0.025727480003","-0.030160711265","","44553560.93","849668.22","32","32","2012","1622","5","0.0014083832605199188","0.002033687428722605","100","sell"
"722","PNKSTR","PunkStrategy","0.00882345","-4.823114361592517","4.169362165431529","","8072397","7688.75","32","48","3678","733","31","0.008731976215223498","0.0003684718338081011","91","sell"
"723","ONT","Ontology","0.04782049714865744","-0.878766424661","3.535120089627","","47820446","4844533.43835621","31.9","30","1187","232","230","0.06478562998391627","0.0021828073410092783","7","sell"
"724","LON","Tokenlon","0.18605992100429558","-2.98949537","-1.99693497","","22965868","380.44939437","31.9","54","3787","825","24","0.00676023965049561","0.0010482977357227088","100","sell"
"725","OZO","Ozone Chain","0.1304805545021858","-0.308629981321","0.203306148457","","125138887","134596.56","31.8","53","1599","415","563","0.15858395513454285","0.005712077239708942","85","sell"
"726","AVAIL","Avail","0.0034486069632153533","0.351846924047","-0.727301741491","","13300665","504569.63","31.8","31","1707","1462","3","0.0008450299563119512","0.0006071208370224144","","sell"
"727","COMP","Compound","17.386044740660193","-1.07163053","6.67383549","","168060913","9129338.20433147","31.7","49","1318","459","274","0.07717940267649155","0.0076712917866370725","21","sell"
"728","VCNT","ViciCoin","16.551000049124962","0.231590899272","-1.711530070446","","80424391","50015.09","31.7","53","2184","2629","4","0.001126706608415935","0.0036710437847233906","","sell"
"729","T","Threshold Network","0.0037520806346617586","-2.314495967995","-1.7892491386","","41885054","3977825.33","31.7","79","2608","784","7","0.0019717365647278864","0.0019118810257388655","","sell"
"730","UMA","UMA","0.39860653939917196","-0.83461416","4.85845795","","36112350","2300553.586401","31.7","42","2313","551","89","0.025069222037254552","0.0016483807508005342","5","sell"
"731","ASS","another stupid shitcoin","6.380922378158422e-10","1.849843554774","-30.437964688448","","7416533.82","57981.25","31.7","29","438","1694","19","0.005351856389975691","0.00033853436806381075","20","sell"
"732","IOST","IOStoken","0.0007999364680881613","-1.888205623032","-0.552273121826","","27153990","5047846.77","31.6","51","2050","784","30","0.008450299563119512","0.0012394683376581752","86","sell"
"733","EWT","Energy Web Token","0.341561210931959","1.08213846","27.44786745","","20682573","290502.31907534","31.6","67","451","403","26","0.007323592954703578","0.0009440746783365485","67","sell"
"734","OG","OG Fan Token","2.6717709349820558","-0.778356581107","-5.150864340836","","12590911","4029757.65","31.6","48","1177","887","288","0.08112287580594732","0.0005747234762468438","33","sell"
"735","FDD","Fidelity Digital Dollar","0.9994065744021616","-0.02929167194","-0.018077479236","","62563910.93","1656762.94","31.5","31","3684","1369","1","0.00028167665210398373","0.002855786080712309","","sell"
"736","ARC","AI Rig Complex","0.08252111076950519","-6.733797752597","-0.258851808408","","82752379","4517279.79","31.4","63","1787","966","415","0.11689581062315325","0.00377730689436025","51","sell"
"737","OETH","Origin Ether","1673.8382081850166","-0.04067929668","3.534193156737","","93143208.11","353.22","31.3","31","4171","821","3","0.0008450299563119512","0.00425160565059688","","sell"
"738","SAHARA","Sahara AI","0.01463918","-3.558151315534825","-56.83156160353461","","49727659","43787147","31.3","29","1628","954","191","0.05380024055186089","0.0022698637966782264","29","sell"
"739","ILV","Illuvium","3.3452114647526563","-0.699629954851","0.62573138318","","27643037","2213109.91","31.3","58","2038","201","248","0.06985580972178798","0.001261791328575043","10","sell"
"740","UQC","Uquid Coin","2.793203215334978","0.016332298171","-0.38713335887","","27509592","25408.28","31.3","72","878","477","69","0.01943568899517488","0.0012557001113241417","83","sell"
"741","MYX","MYX Finance","0.16686302151164778","-10.25120813847","-24.932933882323","","31916375","31460126.51","31.2","43","1878","1096","401","0.11295233749369749","0.0014568516916049884","37","sell"
"742","2Z","DoubleZero","0.069125","-2.9101088101024613","0.6843289556476329","","239869270","4913399","31.1","51","2454","630","7","0.0019717365647278864","0.010949048936903195","100","sell"
"743","DG","DeGate","0.0422913775982664","-0.066578315245","-0.8967643667","","16377965","468.83","31.1","47","2813","2246","12","0.003380119825247805","0.000747586967984218","","sell"
"744","WCT","WalletConnect Token","0.047149050990900464","0.94393452752","5.563007791043","","8754604","15309227.04","31.1","15","199","636","223","0.06281389341918837","0.0003996117869504854","15","sell"
"745","RLUSD","Ripple USD","0.9998576478389632","-0.015013076196","-0.012495911341","","1638828041","97947079.08","31","33","701","442","341","0.09605173836745846","0.07480578241672306","61","sell"
"746","BDCA","BitDCA","0.681416","0.10130473132086865","4.797231158414253","","56160822","209917","31","48","2904","2039","2","0.0005633533042079675","0.002563511317705305","","sell"
"747","ALCH","Alchemist AI","0.06619480901426732","5.649935251129","12.991854309433","","55970655","9534922.96","31","62","231","295","21","0.005915209694183659","0.002554830973661301","80","sell"
"748","GPRO","GoldPro Token","5.0166403653432905","-0.011486454777","-0.034668751821","","11088296.2","651.63","31","60","1387","1315","47","0.013238802648887237","0.000506135269935485","93","sell"
"749","ELA","Elastos","0.366260148909751","0.54021906","4.09024046","","8444802","127647.27273528","31","31","543","1593","31","0.008731976215223498","0.00038547059554755795","88","sell"
"750","FEUSD","Felix feUSD","0.998924","0.24567157770738277","0.11999786053536121","","74915153","77536","30.9","30","3492","1687","1","0.00028167665210398373","0.0034195696527220443","","sell"
"751","GXC","GXChain","0.28718790955506","-4.703247480403","-3.49366286811","","21551657","876.75","30.9","30","5291","1846","4","0.001126706608415935","0.0009837448005088451","","sell"
"752","ARK","Ark","0.1206721674000767","-0.307621510465","1.98078041017","","23824132","736117.03","30.8","65","2365","820","23","0.0064785629983916265","0.0010874739692468378","60","sell"
"753","MERL","Merlin Chain","0.01985579152145308","-3.50859617","-2.35432409","","25210320","3851513.360081","30.7","75","2328","355","20","0.005633533042079675","0.0011507477693786675","80","sell"
"754","LMTS","Limitless","0.0856181013365736","-0.596954249268","-19.924964987304","","11257453","2186370.11","30.7","69","2125","1480","37","0.010422036127847398","0.0005138565844715651","71","sell"
"755","MOC","Mossland","0.02043619","-1.122590889860022","0.7891678345277444","","9164441","29114","30.7","52","3547","1381","7","0.0019717365647278864","0.00041831916605391785","100","sell"
"756","FORT","Forta","0.012922900227897209","-0.48891238","7.4311831","","8199654","290182.61227243","30.7","48","3127","2352","7","0.0019717365647278864","0.00037428059422398724","","sell"
"757","TFUEL","Theta Fuel","0.008235699320132487","-1.260072678194","-2.706043439717","","60805476","1630960.27","30.6","48","2926","1914","13","0.003661796477351789","0.002775520734088584","100","sell"
"758","POWR","Powerledger","0.04896891518115192","-0.317322602159","-0.037884237817","","26012367","1898270.96","30.6","50","1907","539","219","0.06168718681077245","0.001187357927289668","9","sell"
"759","TST","Test","0.015035146827409253","-10.365919520003","7.113650014083","","14273882","30035053.72","30.6","47","2095","1087","123","0.03464622820879001","0.0006515442037972669","31","sell"
"760","ETHW","ETHPoW","0.23878752532349706","-1.088049122526","6.665675995752","","25745831.97","2042597.18","30.5","47","2425","311","75","0.02112574890779878","0.0011751916957133224","0","sell"
"761","THE","Thena","0.06755456541894572","-0.143840338653","-0.039576057484","","8963878","3184645.65","30.5","28","1601","882","237","0.06675736654864416","0.00040916428722374457","26","sell"
"762","EUSD","Electronic USD","0.9995295833103695","-0.001960397938","-0.024042112082","","22971918","117086.95","30.4","29","1863","2079","4","0.001126706608415935","0.0010485738934233942","","sell"
"763","GRND","SuperWalk","0.017187290524604763","0.343505000736","0.592794484689","","12166089","52736.77","30.4","49","734","1265","83","0.02337916212463065","0.0005553320933178296","53","sell"
"764","BANANA2","Banana Gun","2.9326837313006355","-1.917623323369","-1.189275256709","","11774251","4173481.38","30.4","30","3324","1278","3","0.0008450299563119512","0.0005374462947854112","","sell"
"765","BMX","BitMart Token","0.2896949528487301","-1.892923466107","-0.037325610278","","98285530","9535810.82447992","30.3","30","3789","1827","3","0.0008450299563119512","0.004486331566187979","","sell"
"766","FXS","Frax Share","0.27907514726256977","-1.44720531","-2.70155879","","26658850","365863.75940841","30.3","53","3957","1368","6","0.0016900599126239025","0.0012168672262668817","0","sell"
"767","CGPT","ChainGPT","0.020647499008884726","-1.770518186651","3.715447356208","","19310010","7363596.23","30.3","39","1595","320","137","0.038589701338245776","0.0008814228036050223","19","sell"
"768","MEW","cat in a dogs world","0.00036450775017496124","-1.58661237","1.76111475","","32373329","4059530.52432685","30.2","54","1545","506","125","0.03520958151299797","0.0014777097686229977","31","sell"
"769","SKL","SKALE","0.0041872606427814756","-2.69084906","-5.54419984","","25530509","3156052.23586567","30.2","53","2601","263","239","0.06732071985285212","0.001165363084754656","8","sell"
"770","ARDR","Ardor","0.02920564651706166","0.16314582355","2.152881696873","","29108445","1568918.93","30","9","2092","2552","3","0.0008450299563119512","0.0013286811969793176","","sell"
"771","IDRT","Rupiah Token","0.000013893766190880458","0","0","","9694329","2.56","30","30","4735","1788","2","0.0005633533042079675","0.0004425063812110648","","sell"
"772","APYUSD","apyUSD","1.28","0.1250577936469965","3.9811311427112175","","193071526","581912","29.9","35","1450","1847","5","0.0014083832605199188","0.008812923750076772","0","sell"
"773","VENOM","Venom","0.011707991827238298","-1.972906609285","-12.185935702066","","25383210","114763.36","29.9","41","3741","2318","8","0.00225341321683187","0.001158639489192136","","sell"
"774","XBG","XBorg","0.020079726738657964","-13.886963347087","32.668899460428","","7372225","4551.44","29.9","44","4862","1476","5","0.0014083832605199188","0.0003365118520553348","","sell"
"775","HASH","Provenance Blockchain","0.009988960288527363","-1.812787261738","20.198765514209","","582019739.49","3105.84","29.8","63","3468","1249","14","0.003943473129455773","0.026566815373722776","100","sell"
"776","AB","AB (prev. Newton)","0.0010923809115536743","0.075055447276","-3.322014518382","","108037202","1200557.84450891","29.8","59","920","1706","14","0.003943473129455773","0.0049314554202966295","100","sell"
"777","LUSD","Liquity USD","1.0065996963954997","0.091126506121","0.131488227616","","28080994","14445.08","29.8","29","1799","1797","4","0.001126706608415935","0.0012817822704129004","","sell"
"778","CHEX","CHEX Token","0.012456535176894675","-4.220790874566","-9.487577301283","","15538287","159273.33","29.8","62","4041","680","11","0.003098443173143821","0.0007092591091749549","50","sell"
"779","LAVA","Lava Network","0.01810265436590767","0.966847361967","7.7669878384","","9711721","313138.68","29.8","55","731","872","8","0.00225341321683187","0.0004433002547202084","","sell"
"780","SUPER","SuperVerse","0.09603116285502881","-1.605990527485","3.954784857267","","61517338","4224985.15123803","29.7","51","1386","107","192","0.05408191720396488","0.0028080143164233356","59","sell"
"781","BTY","Bityuan","0.0604516395580443","-4.83825575819","-10.472770214733","","44271112","527871.94","29.7","49","4594","1278","3","0.0008450299563119512","0.0020207947928432943","","sell"
"782","ZORA","Zora","0.008361959023893894","1.826010709332","-1.71201111651","","37304168","13042421.16","29.7","35","187","1124","105","0.029576048470918295","0.001702782357166711","8","sell"
"783","G","Gravity","0.0027345749025794327","0.43972223","-0.08547514","","19613550","10825252.43455333","29.6","55","867","1219","4","0.001126706608415935","0.0008952781603762652","","sell"
"784","GUN","GUNZ","0.005835515676821312","-1.93138189499","-11.323981862765","","13699657","11064597.15","29.6","42","1626","892","146","0.04112479120718163","0.0006253331863301557","29","sell"
"785","USX","USX Coin","0.999391","-0.0038818017831644437","0.003259738499087749","","507908831","1928954","29.5","71","1142","1062","14","0.003943473129455773","0.023183956186235505","100","sell"
"786","MMUI","MetaMUI","0.03260511685161115","0.073004140502","-3.216814580975","","15517550","625084.33","29.5","29","3648","1575","1","0.00028167665210398373","0.0007083125501271679","","sell"
"787","QI","Benqi","0.001363233413930956","-0.809438193796","0.515726497074","","9835816","407237.77","29.5","34","2363","1207","94","0.026477605297774473","0.00044896468279732307","10","sell"
"788","MBG","MultiBank Group","0.2452815480680537","-0.398495052373","-11.318403060346","","60861647.95","2568358.21","29.3","57","2256","1797","12","0.003380119825247805","0.002778084753353875","100","sell"
"789","MINA","Mina Protocol","0.04183574100096714","-3.395471718758","-2.668405545206","","53978968","3424642.58","29.3","50","1850","297","256","0.07210922293861984","0.002463918626156371","5","sell"
"790","HYPER","Hyperlane","0.070949","-1.8341246251218764","4.189973760059971","","24001791","15045594","29.2","44","1462","199","247","0.06957413306968399","0.0010955833743618876","20","sell"
"791","BIGTIME","Big Time","0.009110085668339174","2.995931816037","5.269590492795","","17256120","14551249.27","29.1","36","570","1159","5","0.0014083832605199188","0.0007876711441239387","","sell"
"792","WQUIL","WQUIL","0.0154594951017431","0.416","1.3791337729444428","","13948876.73","9661.88","29.1","29","1531","1607","2","0.0005633533042079675","0.0006367090454379597","","sell"
"793","USDF","Aster USDF","0.998047","0.023197110541445784","-0.06319876617322256","","115169053","40222","29","36","1758","2109","5","0.0014083832605199188","0.00525699518455948","","sell"
"794","XNO","Nano","0.3503952604953962","-3.860622504367","-9.920508975738","","47772301","120651.6431824","29","44","4798","965","4","0.001126706608415935","0.0021806097191085353","","sell"
"795","MBL","MovieBloc","0.0007223120286951456","-1.224531629228","4.724626790666","","14067561","2952542.46","29","74","2979","729","9","0.0025350898689358537","0.0006421264958694828","","sell"
"796","CJL","CJournal","0.01551892","0.349652940681781","11.92729783963408","","10078242","56630","29","29","2729","1059","2","0.0005633533042079675","0.0004600304359785359","","sell"
"797","RETH","Rocket Pool ETH","1943.9324375386948","-0.514003484533","3.013869349967","","882159847.56","8149.6","28.9","44","4475","2139","3","0.0008450299563119512","0.040266981014723154","","sell"
"798","QAI","QuantixAI","54.690650504343736","-0.843927617009","-0.484452575149","","54652813","2666095.1","28.9","28","4702","1447","3","0.0008450299563119512","0.0024946768882750975","","sell"
"799","USDAI","USDAI","0.998659","-0.03814811668453645","-1.8041841676493142","","198150231","41891","28.8","34","4153","2295","3","0.0008450299563119512","0.009044745815408838","","sell"
"800","ZEREBRO","zerebro","0.025054004158162422","-7.322561683034","5.28879054263","","25025886","7207531.03","28.8","34","2091","1172","164","0.046194970945053336","0.001142329113284751","30","sell"
"801","FAI","Freysa","0.002182974093424722","-1.027958070575","2.404930812755","","17877902.93","384864.41","28.8","59","3171","657","10","0.0028167665210398376","0.0008160529861527282","","sell"
"802","ETHX","Stader ETHx","1824.7666182779271","0.001764266812","3.465781721631","","293685729.49","288.86","28.7","55","1477","1603","13","0.003661796477351789","0.013405549715710244","100","sell"
"803","ALLO","Allora","0.3807060381216551","-0.182145612548","27.882978234624","","88681402","81487875.22","28.7","61","767","514","510","0.14365509257303172","0.004047942490887578","54","sell"
"804","ANIME","ANIME","0.0029200738344177506","-2.12150805","-2.62153534","","16183243","4633809.18358738","28.7","46","1703","587","215","0.06056048020235651","0.0007386987068614336","9","sell"
"805","PSG","Paris Saint-Germain Fan Token","0.5500649723728025","0.39191628","-5.58380962","","8904717","4406379.27671273","28.7","24","390","823","122","0.03436455155668602","0.0004064638300782497","14","sell"
"806","RUJI","Rujira","0.242127","-0.6328326040583566","9.200188536544891","","18038547","17353.25","28.6","43","3432","1738","8","0.00225341321683187","0.0008233857294585018","100","sell"
"807","MELANIA","Melania Meme","0.078345","-5.506639669070261","8.22534560808226","","74644674","9592854","28.5","19","1869","921","126","0.03549125816510195","0.003407223395081769","40","sell"
"808","THBILL","Theo Short Duration US Treasury Fund","1.023","-0.09132292186543593","0.08812394047233629","","124799806","113397","28.4","14","2683","2645","7","0.0019717365647278864","0.005696599581972401","100","sell"
"809","TDCCP","TDCCP","0.051335","0.6602929026036831","4.269872354361688","","32856584","12593.22","28.3","34","1161","2355","3","0.0008450299563119512","0.0014997683784816226","0","sell"
"810","APX","APX","0.22037115967054816","-0.269943531332","0.140426224141","","8263089","3699.76","28.3","36","2634","1899","18","0.0050701797378717075","0.00037717614195009844","86","sell"
"811","IOTA","IOTA","0.04616543740378367","-1.411104102735","0.746942511873","","206777328","6383450.3828466","28.2","38","1465","737","154","0.043378204424013495","0.009438537430468201","15","sell"
"812","APR","aPriori","0.1856261864925794","-0.706398459632","-23.768420139766","","45838372","5265410.16","28.2","18","1143","937","122","0.03436455155668602","0.0020923337875500816","31","sell"
"813","AITECH","AITECH","0.007144882993150359","0.824017055928","0.476164036823","","12752981","3941668.42","28.2","29","863","2255","5","0.0014083832605199188","0.0005821213074121444","","sell"
"814","PC0000031","Tradable NA Rent Financing Platform SSTN","1","0","0","","202500000","0","28.1","28","3411","","2","0.0005633533042079675","0.009243294940293507","","sell"
"815","EZETH","Renzo Restaked ETH","1801.080514988919","-0.396457216004","3.469739216929","","188577565.95","11946.55","28.1","28","3859","1602","4","0.001126706608415935","0.008607792894807407","","sell"
"816","FORM","Four","0.2282","-3.6625920653565034","-13.314218439838918","","87124297","4282620","28.1","36","1692","84","238","0.06703904320074813","0.0039768670303048335","46","sell"
"817","BARD","Lombard","0.15424066470988912","-5.905217690925","-0.044966627319","","49830262","7486264.53","28.1","50","2059","218","212","0.059715450246044556","0.0022745472030523445","4","sell"
"818","KERNEL","KERNEL","0.0473054","-1.4472945619351025","-4.272765236134107","","13604257","5965250","28.1","25","2414","2011","6","0.0016900599126239025","0.0006209785673805063","100","sell"
"819","APXUSD","apxUSD","0.962909","0.2289056641601225","3.3715464354129128","","404538914","2091821","28","49","974","1199","16","0.00450682643366374","0.01846554319470632","67","sell"
"820","BORA","BORA","0.025101684683092478","0.038874422923","1.064391628293","","28965712","239891.99","28","29","1781","1307","3","0.0008450299563119512","0.0013221660206004884","","sell"
"821","PRIME","The Pink Panther","0.2694432546656479","-1.655809346735","-5.70873061532","","16821833","911729.87","28","53","2915","1558","14","0.003943473129455773","0.00076784772274253","100","sell"
"822","EURR","StablR Euro","0.540772","-7.459492188882086","347.8675820539204","","9270493","250.74","27.8","49","3825","2001","79","0.022252455516214718","0.0004231600051403771","0","sell"
"823","TOKAMAK","Tokamak Network","0.3789933496804743","-0.6614438","5.38065808","","23670426","280770.46873219","27.7","27","5359","2026","1","0.00028167665210398373","0.0010804579203969968","","sell"
"824","STORJ","Storj","0.07685735241006462","-0.703937386918","0.196709827123","","11044791","3453764.22","27.7","64","1647","609","32","0.00901365286732748","0.0005041494358859223","100","sell"
"825","BOTX","botXcoin","0.7027027775398745","0.074052775845","-0.06926824814","","36684877","65585.78","27.5","27","2177","1646","4","0.001126706608415935","0.00167451426152785","","sell"
"826","INIT","Initia","0.05806334976638434","-2.503515666582","6.715924864804","","11465984","8598511.44","27.5","61","1883","409","107","0.03013940177512626","0.0005233751698404262","26","sell"
"827","PC0000023","Tradable Singapore Fintech SSL","1","0","0","","114500000","0","27.4","27","4697","","0","0","0.005226455657598057","","sell"
"828","TBK","TronBank","0.6216213891062592","0.538375285845","-0.46079613102","","62203869","13932.29","27.4","33","1013","2332","4","0.001126706608415935","0.0028393516424413835","","sell"
"829","EURA","Angle Protocol","1.1560893982522051","0.007215740779","0.676111252504","","31671633.2","23.3","27.4","27","4468","1672","1","0.00028167665210398373","0.0014456802316463796","","sell"
"830","TAI","TARS AI","0.012394545455239504","-1.00692126172","-5.035368009311","","7273469","621081.14","27.4","45","2928","522","16","0.00450682643366374","0.00033200404546213173","0","sell"
"831","USDTB","USDtb","1","0.06891567803659832","0.030295624160995595","","916502342","4237177","27.3","25","1944","1770","4","0.001126706608415935","0.04183457511395432","","sell"
"832","VSUI","Volo Staked SUI","0.8020519676625404","-1.798139460484","0.894410793105","","43049509.43","7018.19","27.3","27","5634","1757","1","0.00028167665210398373","0.001965033642945366","","sell"
"833","FLUID","Fluid","1.063356024245235","-1.422384887921","-1.434982843564","","83408865","1999702.83","27.2","25","2564","1350","77","0.021689102212006747","0.003807272789284564","0","sell"
"834","EURI","Eurite","1.1552717026293509","-0.008421031048","0.571403686633","","57329429","5340809.41","27.2","27","2749","1437","2","0.0005633533042079675","0.0026168534370647695","","sell"
"835","STETH","Lido Staked ETH","1664.1583686704596","-0.779057626985","2.838806629076","","19793561250.95","9904259.54","27.1","47","1460","450","52","0.014647185909407156","0.9034949361051642","67","sell"
"836","PYUSD","PayPal USD","0.9996151507288948","-0.008467164848","0.007904497418","","2773834616","34112926.29","27.1","53","1000","692","16","0.00450682643366374","0.12661418010510508","60","sell"
"837","KOGE","KOGE","63.5310027753467","0.011382358467","-1.137476274488","","110958345.8","115640.38","27.1","13","2042","2238","4","0.001126706608415935","0.00506479366082211","","sell"
"838","BRZ","Brazilian Digital Token","0.19634766841054915","0.071515475729","2.99495872213","","52488763","24554.38","27","33","1984","1730","3","0.0008450299563119512","0.002395896876346494","","sell"
"839","DEFI.SSI","DEFI.ssi","0.344133","0.5459922968517855","2.029089780409427","","8755342","148407","27","27","2173","1788","1","0.00028167665210398373","0.00039964547362537895","","sell"
"840","USN","Noon USN","0.998482","-0.05659911696078674","-0.07044490176892462","","32982186","28324","26.9","26","3331","2768","3","0.0008450299563119512","0.0015055015949314535","","sell"
"841","SKYAI","SKYAI","0.359023","1.653194756732117","37.73502428776462","","354488361","29546640","26.8","61","51","7","514","0.14478179918144765","0.016180940610490063","64","sell"
"842","LISUSD","Lista USD","0.998006","-0.017404567817831135","0.007589760552751538","","75217488","23139","26.8","26","3873","1943","1","0.00028167665210398373","0.003433370006182655","","sell"
"843","LISUSD","lisUSD","0.9973748111830574","-0.066082540255","-0.136731597828","","75169505.68","300.53","26.8","26","5330","2040","1","0.00028167665210398373","0.003431179809957077","","sell"
"844","FXSAVE","f(x) USD Saving","1.11","0.021237094887425357","0.8690030765689564","","56785086","14.96","26.8","24","3496","2668","2","0.0005633533042079675","0.002592006410409539","","sell"
"845","ONYC","ONyc","1.11","0.08514236871833128","0.4092244173307673","","193614989","1467379","26.7","57","1205","1355","10","0.0028167665210398376","0.008837730608339174","100","sell"
"846","PUMPCADE","PUMPCADE","0.01613677","-16.042243884979197","1.5302944722034966","","16108684","588315","26.6","88","3258","164","59","0.01661892247413504","0.000735295394133269","95","sell"
"847","GAMA","GAMA Coin","0.21266472569239786","-1.588781794551","2.392992744861","","15595111.8","42312.44","26.6","26","5586","1640","1","0.00028167665210398373","0.0007118529283666743","","sell"
"848","DESU","Dexsport","0.015849458543704762","-0.290120293137","81.068683577158","","9312600","11817.39","26.6","47","2649","2147","18","0.0050701797378717075","0.000425082017091246","100","sell"
"849","USDCE","USD Coin Bridged","1.0003700446269768","0.067904146682","0.076466831198","","1211920107.39","39908818.96","26.5","9","2238","1989","2","0.0005633533042079675","0.055319185168780004","100","sell"
"850","EURCV","EUR CoinVertible","1.1548014165034761","-0.087982713912","0.519845080535","","137036262","10869981.42","26.5","38","2385","1841","2","0.0005633533042079675","0.0062551436404016565","","sell"
"851","SN17","404—GEN","2.6","3.79315681728547","22.528926572116422","","12712901","19002.45","26.4","26","1341","2563","1","0.00028167665210398373","0.0005802918197024803","","sell"
"852","REDO","Resistance Dog","0.07157388006558865","1.817814363125","15.778936238512","","7168483","137600","26.4","51","378","752","26","0.007323592954703578","0.00032721186490607416","80","sell"
"853","TPT","TokenPocket Token","0.006407513906039326","0.263285225959","-0.220254500723","","22211374","55581.48","26.3","26","2023","1881","3","0.0008450299563119512","0.001013858177339095","","sell"
"854","QUAI","Quai Network","0.01342488","-3.555429541339799","-24.96515697747787","","13764433","92971","26.1","47","3326","1970","33","0.009295329519431463","0.000628289945209427","100","sell"
"855","WUSD","Worldwide USD","0.9968037302474659","-0.087007166942","-0.18425731548","","10647828","239278.41","26.1","43","4249","2308","3","0.0008450299563119512","0.0004860297021111878","","sell"
"856","OSMO","Osmosis","0.045850116150696126","-1.205718805803","8.141571737233","","35661747","5798151.73","26","44","1360","158","132","0.03718131807772585","0.0016278125708993933","26","sell"
"857","QKA","Qkacoin","0.68845","2.9526714244380092","-0.34445373967552523","","21801936","22.87","25.9","25","2037","2099","1","0.00028167665210398373","0.0009951690109501377","","sell"
"858","CTSI","Cartesi","0.02335738592053364","-0.78339858","-8.91530104","","21547679","991738.77606025","25.9","42","2334","568","96","0.02704095860198244","0.000983563221114907","17","sell"
"859","BGB","Bitget Token","1.7824966307680676","-0.477286285354","-2.852346038998","","1247808903","12879599.78","25.6","57","2153","1004","7","0.0019717365647278864","0.056957361578039954","","sell"
"860","BUCK","Bucket Protocol BUCK Stablecoin","0.9983091590713805","0.035317243494","-0.118368761989","","25858462","208595.68","25.6","17","2024","1203","4","0.001126706608415935","0.0011803327949055403","","sell"
"861","ASM","Assemble Protocol","0.005967520248441917","1.031143711491","2.348060825598","","9065386","228042.87","25.6","43","629","1077","14","0.003943473129455773","0.0004137977113363338","100","sell"
"862","BTSE","BTSE Token","1.13","3.099845625224977","7.826475244075791","","183549860","2593670","25.5","38","605","1285","6","0.0016900599126239025","0.008378298727059662","","sell"
"863","USDN","Noble Dollar (USDN)","0.999803","0","0","","7067857","103483","25.5","24","2835","2069","2","0.0005633533042079675","0.0003226187004781138","","sell"
"864","YB","YieldBasis","0.08920419008896774","-0.94982310642","11.017359612732","","19129983","3873300.8","25.4","47","1362","1078","119","0.033519521600374066","0.0008732053089965473","37","sell"
"865","SLP","Smooth Love Potion","0.0005010170542277081","-0.70619527","-0.88880374","","18167991","889513.36682743","25.2","39","2015","814","273","0.07689772602438756","0.000829294317459743","9","sell"
"866","VBILL","VanEck Treasury Fund","1","0","0","","67076786","0","25.1","23","2781","","3","0.0008450299563119512","0.0030617803291108662","","sell"
"867","BAND","Band Protocol","0.16435552887108612","-1.601917286448","-4.426883482059","","29126909","2560866.03","25.1","20","2424","877","132","0.03718131807772585","0.0013295240028942685","32","sell"
"868","QKC","QuarkChain","0.002501787871408358","0.462338603887","2.07863706087","","18119883","503015.58","25.1","60","1004","1633","5","0.0014083832605199188","0.000827098384457335","","sell"
"869","KAG","Kinesis Silver","62.93","-9.243512500900081","-6.838236407939083","","237682149","208652","25","37","5031","1987","4","0.001126706608415935","0.010849215828394012","","sell"
"870","DST","DAYSTARTER","0.034466917569858584","-0.350168061835","0.200930173726","","11627343.69","85.64","25","25","3383","2742","7","0.0019717365647278864","0.0005307405782658302","","sell"
"871","ASP","ASPECTA","0.02535563179567229","-0.923622620654","1.837021864867","","8552136","960410.54","25","68","3196","2154","10","0.0028167665210398376","0.000390369952679022","100","sell"
"872","KMNO","Kamino Finance","0.017891682040168812","-2.510423883808","20.545553646996","","86578589.62","5816399.55","24.9","69","1737","366","197","0.055490300464484804","0.0039519577252952786","79","sell"
"873","MSUSD","Metronome Synth USD","0.998069","-0.01068747796894971","0.07904672368710634","","28112644","565291","24.8","42","2658","2183","1","0.00028167665210398373","0.0012832269631776424","","sell"
"874","DKA","dKargo","0.0041095852848637175","-1.10804914","2.68554803","","20514027","994316.23728699","24.7","24","4261","2202","3","0.0008450299563119512","0.0009363812443167624","","sell"
"875","XAI","SideShift","0.07269320345838423","0.626476863985","1.12343291176","","11609339","1753.83974967","24.7","26","1002","2185","5","0.0014083832605199188","0.0005299187379696399","","sell"
"876","AURORA","Aurora","0.02619002180299602","-1.96659795","9.99976501","","18672292","437550.94763769","24.6","47","2763","1501","99","0.02788598855829439","0.0008523135909495453","10","sell"
"877","SN5","OpenKaito","4.46","3.297441421129308","24.114138223844165","","16761984","49514","24.6","24","1777","1671","1","0.00028167665210398373","0.0007651158612171887","","sell"
"878","MGO","Mango Network","0.010067983023554978","0.697168526811","0.7094976821","","15979635","635353.65","24.6","30","833","2223","5","0.0014083832605199188","0.0007294048362628989","","sell"
"879","FIRO","Firo","0.7722869649751429","-0.00143744","5.16580963","","14472035","276699.43699317","24.6","31","1300","1579","23","0.0064785629983916265","0.0006605890760061755","50","sell"
"880","BLUR","Blur","0.01788402685412751","-3.248739077224","4.890540631213","","50365123","11297170.61027184","24.5","50","1817","372","220","0.061968863462876424","0.002298961415274865","4","sell"
"881","TSLAX","Tesla tokenized stock","406.1034088484358","0.112096114973","2.920818774471","","158280772.34","3935828.11","24.1","64","803","216","90","0.025350898689358536","0.007224868454894175","11","sell"
"882","B2M","Bit2Me","0.005945709465996501","0.157281598678","-4.51902291615","","17447746","85511.04","24.1","24","2684","1042","2","0.0005633533042079675","0.0007964180855374138","","sell"
"883","ORDER","Orderly Network","0.03928183510660534","-2.887668132946","1.746342250592","","15420846","4365182.21","24.1","57","2718","810","8","0.00225341321683187","0.0007038984089226931","","sell"
"884","USTBL","Spiko US T-Bills Money Market Fund","1.086","0","0.06484779651056569","","160011579","49.95","23.9","23","4623","2357","1","0.00028167665210398373","0.0073038726842423445","","sell"
"885","PORTO","FC Porto Fan Token","0.5501245581581412","-0.632051268525","-2.21841042967","","7145131.28","2581462.48","23.9","34","2257","1435","77","0.021689102212006747","0.00032614595460818207","5","sell"
"886","BOUNTY","ChainBounty","0.01578314128089037","0.510212301251","6.070316660116","","8206678","200840.23","23.7","45","827","1267","7","0.0019717365647278864","0.00037460121103218783","100","sell"
"887","XEC","eCash","0.000005429030432142473","-0.711277088601","-0.043062945545","","108369573","2924545.43","23.6","38","1946","327","266","0.07492598945965967","0.004946626794037866","21","sell"
"888","C","Chainbase","0.08868465951699511","-7.221525486532","-14.026097279872","","14199036","7145796.57","23.6","50","2503","358","21","0.005915209694183659","0.0006481277906955327","100","sell"
"889","POKT","Pocket Network","0.008293665101594265","-2.28228012564","6.423894134917","","16746832","415396.97","23.4","37","3185","1710","20","0.005633533042079675","0.00076442423452615","100","sell"
"890","META","Metadium","0.008057534519309363","-0.279531449943","2.290798312276","","13711447","179370.98","23.4","17","3712","1682","4","0.001126706608415935","0.0006258713515022349","","sell"
"891","0G","0G","0.298334022758332","-0.693","1.8497791251599103","","63604730.72","20603.56","23.3","53","2702","606","21","0.005915209694183659","0.00290329523774275","100","sell"
"892","BINK","BINK","0.00005956","-0.5057924613139584","3.553881013616593","","8905967","46.69","23.3","23","5246","2103","2","0.0005633533042079675","0.00040652088745442446","","sell"
"893","SN85","Vidaio","2.03","1.8225135875464396","22.93914125390075","","8219310","543445","23.2","23","1447","2230","2","0.0005633533042079675","0.00037517781005285837","","sell"
"894","AVUSD","Avant USD","0.999159","0.12235891970383855","-0.07782262963610304","","103551303","5584.23","23.1","22","3639","2034","1","0.00028167665210398373","0.004726692518917036","","sell"
"895","BLESS","Bless Token","0.0050845483617271954","-3.49237835354","-22.71139601965","","9872338.57","2657784.02","23.1","66","2792","614","74","0.020844072255694797","0.0004506317884096071","85","sell"
"896","CFX","Conflux","0.044491418531025353","-1.850498446854","-1.27016409104","","232000441","7075676.2","23","60","2056","654","33","0.009295329519431463","0.010589869147857593","78","sell"
"897","RAD","Radworks","0.2222310252328357","-0.01704778","5.93416081","","11071622","2496334.01160137","23","32","916","843","124","0.03492790486089399","0.0005053741610540359","36","sell"
"898","KUB","Bitkub Coin","0.7653360963334707","-1.439948962186","-0.928336724501","","52789409","131599.83","22.9","22","4851","1677","3","0.0008450299563119512","0.0024096201338804175","","sell"
"899","FLOW","Flow","0.028316538824533586","-1.350595041836","7.153710842272","","47315018","3110775.93","22.9","54","2688","712","17","0.004788503085767724","0.0021597366245891167","100","sell"
"900","PRO","Propy","0.2966038615096597","-1.60269878","3.87039845","","17185857","4394042.12212472","22.9","22","3333","1961","4","0.001126706608415935","0.0007844639261862111","","sell"
"901","MEDXT","MEDXT","0.00071524","-0.5118767255965982","42.0571207747093","","14844275","11.21","22.9","22","5487","1771","1","0.00028167665210398373","0.0006775803061719772","","sell"
"902","LEO","LEO Token","9.702709803155596","1.342614660578","1.898149293818","","8938887660","395187.41680534","22.8","32","904","1534","6","0.0016900599126239025","0.40802358063965466","","sell"
"903","LSK","Lisk","0.09097411776200459","-1.559626484932","-3.655145965311","","21201380","1520577.12","22.8","47","3548","1424","11","0.003098443173143821","0.0009677560912653824","0","sell"
"904","BXN","BXN","0.0006032911611453781","0.445874937475","0.624426632878","","9600251","397762.85","22.8","53","768","2311","15","0.004225149781559756","0.00043821210614245767","100","sell"
"905","WBETH","Wrapped Beacon ETH","1828.953695364199","-0.888447647466","2.949224260733","","8323325493.77","4933058.08","22.7","40","4463","1966","1","0.00028167665210398373","0.37992569097768","","sell"
"906","LPT","livepeer","1.775093920507592","-2.669299337964","-0.316710790412","","88042730","5440416.89878936","22.7","31","1963","460","91","0.025632575341462523","0.004018789732042604","19","sell"
"907","ALEO","ALEO","0.031321842399783716","-2.4257182","0.00210377","","37272366","1333794.2108749","22.6","46","2789","536","102","0.028731018514606344","0.001701330726225026","8","sell"
"908","MCUSD","Moola Celo USD","0.9961982452317454","-0.44463241378","-0.692276130528","","19514522.44","1029.86","22.6","17","5545","","0","0","0.0008907579581822031","","sell"
"909","SUSHI","SUSHI","0.17428122214039923","-0.87570733042","3.821380894269","","47506818","5087653.58355499","22.2","27","1263","702","205","0.057743713681316665","0.0021684915083893556","4","sell"
"910","ZRX","0x Protocol","0.08587426096113264","-3.95590908342","4.321292200169","","72764301","5737560.61378999","22.1","56","2504","484","14","0.003943473129455773","0.0033213920753940433","80","sell"
"911","AXL","Axelar","0.045696056221083685","-3.635664750637","9.420113536278","","53969885","23945848.84","22","50","1632","26","251","0.07070083967809992","0.0024635040244381356","15","sell"
"912","WAN","Wanchain","0.05462390694133311","1.36193387","0.09165761","","11083787","2332217.53730934","21.7","80","387","359","14","0.003943473129455773","0.0005059294434389676","50","sell"
"913","KCT","Konnect","0.0013117206016773143","8.743516537332","90.990732593429","","9721916","432593.98","21.7","4","514","2619","5","0.0014083832605199188","0.0004437656146802888","","sell"
"914","ZENT","Zentry","0.0025844437358687536","-0.507330834959","-4.062247191691","","20137322","1388894.87","21.6","28","1855","756","57","0.016055569169927075","0.0009191862052032648","0","sell"
"915","CARV","CARV","0.04067664206715865","-0.53275873884","8.746984218119","","37111501.52","5096318.71","21.3","50","1852","675","13","0.003661796477351789","0.0016939879221062263","100","sell"
"916","POND","Marlin","0.0015750147840719003","-7.26208247","-12.38052638","","13008194","2914860.19464288","21.2","45","3176","1350","97","0.027322635254086423","0.0005937707347286734","5","sell"
"917","BNT","Bancor","0.2705234084694284","-1.0460991","1.56556043","","29314100","1415377.96814544","20.8","68","2748","783","13","0.003661796477351789","0.001338068504737076","0","sell"
"918","ALE","Ailey","0.25883649081208504","0.045680663829","0.33832809169","","125931142.68","112608.61","20.7","75","714","602","71","0.019999042299382846","0.005748240463997154","100","sell"
"919","JOE","JOE","0.0308512160649827","0.133777092903","1.358385675602","","14158807","4855955.33","20.6","32","774","192","131","0.03689964142562187","0.0006462915017466286","13","sell"
"920","SN13","Data Universe","1.85","3.5124870330229228","22.671296786905067","","9005741","21346","20.6","20","1795","2078","1","0.00028167665210398373","0.0004110751615747841","","sell"
"921","WEMIX","WEMIX Dollar","0.24465755940370804","-1.341309863412","-7.13499826789","","113155301","920823.93","20.1","54","2612","1682","12","0.003380119825247805","0.005165075660250315","25","sell"
"922","WECAN","Wecan Group","0.0021243981800315778","-4.495281105679","1.978910215187","","12746389.08","32881.62","20.1","17","4682","2327","5","0.0014083832605199188","0.0005818204132848218","","sell"
"923","MWC","MimbleWimbleCoin","2.7553155821322823","-13.664879327883","21.937335516274","","30382669","356.82","19.7","67","4638","715","14","0.003943473129455773","0.0013868442994583328","100","sell"
"924","WXT","Wirex Token","0.002055685231288998","-3.34457023","5.20047442","","20556852.31","340049.70860211","19.7","43","3753","2192","19","0.005351856389975691","0.0009383360441747352","50","sell"
"925","CWU","Commonwealth","0.01832152","-6.775649134519289","-17.22045402465872","","16498475","54769","19.7","43","3323","1749","141","0.03971640794666171","0.0007530877555064638","3","sell"
"926","DEXT","DexTools","0.11111906226355009","0.10981191","-3.90830808","","7652387","17781.83280344","19.7","42","1812","2579","3","0.0008450299563119512","0.0003493000989544089","","sell"
"927","MNGO","Mango","0.026978113083470222","-5.43935674","-13.17548283","","30646057","268.8612936","19.5","19","5654","1144","2","0.0005633533042079675","0.001398866882015044","","sell"
"928","BREV","Brevis Token","0.0838473595928641","3.261","-9.37480741895519","","20962364.42","989212.91","19.5","27","620","1839","5","0.0014083832605199188","0.0009568460097776526","","sell"
"929","RYZE","Ryze","0.095916","-0.4610230845831385","0.248293066069869","","25293976","846.88","19.4","19","5440","1986","1","0.00028167665210398373","0.0011545663228676808","","sell"
"930","MOCA","Moca Coin","0.009566056285141122","-1.297996539168","9.313145764571","","40402185","3438851.12","19.3","52","2129","676","11","0.003098443173143821","0.0018441941342582824","67","sell"
"931","HEGIC","Hegic","0.012243337919676694","-0.7311962","3.69868667","","13141846","24.88803625","19.3","19","5111","2091","3","0.0008450299563119512","0.0005998714006810689","","sell"
"932","SONIC","Sonic SVM","0.027028422006108384","-2.374135430988","2.510866576128","","9717533","1072137.93","19.3","53","3641","663","13","0.003661796477351789","0.00044356554869647","100","sell"
"933","VINE","Vine Coin","0.012416552278067776","-1.594953213937","12.015305529429","","12416479.07","3908280.84","19.2","29","1444","1099","239","0.06732071985285212","0.0005667613736493394","48","sell"
"934","SQGROW","SquidGrow","0.008616836961260829","6.485282232382","-0.369541301744","","8594750","89089.83","19.1","53","370","1985","15","0.004225149781559756","0.00039231510710166723","100","sell"
"935","VR","Victoria VR","0.00151600921210476","-0.22975859","-1.82628882","","25464020","1003763.57561794","19","59","2392","1312","17","0.004788503085767724","0.0011623281344470748","100","sell"
"936","AIH","AIHub","43.56954436077036","12.062263564097","75.369603834506","","45465592.7","4420.32869116","18.7","18","702","1478","4","0.001126706608415935","0.0020753179405499033","","sell"
"937","ERA","Caldera","0.10131495165242464","0.364259626071","2.213905602819","","17649096","6389170.79","18.7","52","771","405","106","0.029857725123022278","0.0008056088876916266","9","sell"
"938","JLP","Jupiter Perps LP","3.37928678423249","-0.173293789417","3.366046381483","","765641159.2","2196821.5","18.6","18","4122","1117","3","0.0008450299563119512","0.03494838050821637","","sell"
"939","RUSD","Royal Dollar","0.999965586024387","0.06566551","-0.05815394","","250024667","129913820.94085127","18.2","32","1775","1896","5","0.0014083832605199188","0.011412601182368736","100","sell"
"940","CRVUSD","crvUSD","0.9994024201227734","0.001372908775","0.028316536905","","193378908","2704403.56","18.2","38","1392","1133","15","0.004225149781559756","0.008826954478399424","100","sell"
"941","ABEL","Abelian","0.07306887480278325","-5.815784648238","7.283002364324","","10210201","14558.91","17.9","34","4033","2254","18","0.0050701797378717075","0.0004660538234206405","67","sell"
"942","LHYPE","Looped Hype","62.58","3.358307475148635","3.9361121750263286","","11021101","5207.52","17.8","36","1437","2831","2","0.0005633533042079675","0.0005030680844926602","","sell"
"943","BTC.B","BTC.B","64219.8556890178","0.23","0","","165810100.62","5.76","17.7","30","2480","2082","5","0.0014083832605199188","0.007568551427705695","","sell"
"944","HONEY","Hivemapper","0.0014839531884313958","-5.008629328273","-13.716621652478","","8661741","345195.58","17.7","54","3557","1845","27","0.007605269606807561","0.00039537297165152005","67","sell"
"945","MCB","MUX Protocol","2.1132160809703175","-1.51056945","-1.69977538","","8019701","436.74","17.5","17","5174","1646","3","0.0008450299563119512","0.0003660664774121816","","sell"
"946","GHO","GHO","0.9989743349120206","-0.007838217002","-0.030024518618","","598402200","165473.65","17.4","70","1275","1066","16","0.00450682643366374","0.027314607543311123","100","sell"
"947","HSK","HashKey Platform Token","0.09209954180206997","1.589356450231","6.718057041383","","31701004","2703346.65","17.4","72","459","882","14","0.003943473129455773","0.0014470208882736999","50","sell"
"948","TAC","TAC Protocol","0.01630378054423118","-0.095135451873","-12.968219135835","","75804347.15","2038365.05","17.2","59","2298","1517","14","0.003943473129455773","0.0034601577208091235","","sell"
"949","ELEPHANT","Elephant Money","3.982104480027136e-8","1.021500754412","4.031938527704","","19782971","1173.05","17.1","17","1297","1979","3","0.0008450299563119512","0.0009030115345593737","","sell"
"950","HANU","Hanu Yokia","5.2656262895581424e-8","0.404932525514","2.554897908459","","7797348","1","17","17","1225","2044","10","0.0028167665210398376","0.00035591697440053184","100","sell"
"951","BFUSD","BFUSD","0.9985694229811884","-0.03079146","-0.06557014","","1318812237","1262130.4143865","16.7","30","1859","2007","4","0.001126706608415935","0.06019837272819388","","sell"
"952","FELY","Felysyum","0.240107","-5.637527819480158","-0.5647150640245006","","10508904","19777.85","16.7","27","4827","905","4","0.001126706608415935","0.000479688390969038","100","sell"
"953","LISTA","Lista DAO","0.052114578052371616","-0.072505438784","-0.411572292634","","19982579","3925749.76","16.6","36","1267","1103","23","0.0064785629983916265","0.0009121228215541496","86","sell"
"954","CACAO","Maya Protocol","0.106686","1.7321189149608527","-8.1196745134511","","10668599","8689192","16.5","22","703","2548","7","0.0019717365647278864","0.0004869778131196068","100","sell"
"955","JST","JUST","0.07578451368805447","-0.170091866466","-4.80949285611","","647761521","26043034.14","16.3","66","956","95","236","0.06647568989654017","0.02956765822012902","23","sell"
"956","AGENTFUN","AgentFun.AI","0.5196757404618567","1.769148098166","4.549570556204","","51730171","22.61","15.9","31","1359","2334","2","0.0005633533042079675","0.002361270261060829","","sell"
"957","EURC","EURC","1.155890625318869","-0.013640405947","0.591519408415","","448541198","14090708.35","15.8","69","1340","1153","14","0.003943473129455773","0.020474067091291792","67","sell"
"958","ARARA","Araracoin","0.00043623","-0.0462280958851205","-0.1590174645991678","","15813410","13342.92","15.4","15","4818","1410","2","0.0005633533042079675","0.0007218173463791937","","sell"
"959","METH","Mantle Staked Ether","1822.1078901575588","-0.630255597683","2.901625767573","","548096127.52","67774.24","15.1","79","2703","982","17","0.004788503085767724","0.02501834154222262","75","sell"
"960","MAV","Maverick Protocol","0.010514643908592018","-0.695198693151","-0.724588237965","","9738055","1003067.88","15.1","60","2704","917","19","0.005351856389975691","0.00044450229387555496","50","sell"
"961","DEP","DEAPCOIN","0.0010704106932313583","-0.191879099133","-0.322098142276","","29452173","124321.27","14.6","43","3157","1850","3","0.0008450299563119512","0.001344370971217526","","sell"
"962","KISHU","Kishu Inu","1.30437679702766e-10","-0.28306597","-6.20100449","","12458485","211634.57849817","14.6","14","4382","1212","3","0.0008450299563119512","0.0005686787721690003","","sell"
"963","LRC","Loopring","0.013250874230106834","-1.658222","1.17932649","","16594094","2131465.28427969","14.5","26","2410","1025","219","0.06168718681077245","0.0007574523709084189","2","sell"
"964","SN46","Neural3D","2.71","4.0411106478575","15.94560346831509","","11537668","603280","14.5","14","756","1282","4","0.001126706608415935","0.0005266472506033892","","sell"
"965","UNS","UNS TOKEN","0.24967104813524701","-0.546976765451","24.023383139335","","30059471.91","1826.56","14.4","14","4550","2149","4","0.001126706608415935","0.0013720916771041865","","sell"
"966","NXPC","NEXPACE","0.3505392337517787","-0.696536764618","15.770249938572","","99752844","7405969.33","14.2","43","1372","855","133","0.037462994729829835","0.004553308435679445","7","sell"
"967","VSN","Vision","0.03283951036338792","-2.102071734926","9.253628323593","","121463961","4575029.99073929","14","63","2194","916","19","0.005351856389975691","0.005544331931552138","80","sell"
"968","CVC","Civic","0.02277861676392921","-0.7552","-0.76032682","","18255164","1116892.22298491","13.9","71","3206","1041","8","0.00225341321683187","0.0008332734075823614","100","sell"
"969","SN8","Proprietary Trading Network","8.12","3.8756714394032747","27.566413778513994","","37756650","24601","13.6","13","1403","2264","1","0.00028167665210398373","0.0017234363057157178","","sell"
"970","WAXP","WAX","0.004511923799353826","-2.17817962","-6.0227299","","20858104","790953.3444596","13.6","43","3711","1897","9","0.0025350898689358537","0.0009520869489743988","","sell"
"971","USDF","Falcon USD","0.996047827622861","0.074770046193","-0.033983278736","","1461516294","591234.31","13.5","26","1549","1973","6","0.0016900599126239025","0.06671222797771219","","sell"
"972","MUBARAK","mubarak","0.01069955","-0.7470628687453964","4.001330279810872","","10707471","3604466","13.2","34","1385","512","120","0.03380119825247805","0.0004887521605809356","0","sell"
"973","MCOIN","MCOIN","0.0635059602867527","-9.463398307924","97.505377788172","","11216383","557592.89","13","35","4509","613","10","0.0028167665210398376","0.0005119819073199709","0","sell"
"974","KAVA","Kava","0.04522130942686214","-0.697105696187","4.299742591604","","49047558","9244983.33","12.3","38","1557","1224","25","0.0070419163025995934","0.002238819973803221","50","sell"
"975","BONE","Bone ShibaSwap","0.0450078337921657","0.15165186","-4.88670118","","11234118","1149634.31779476","12.3","44","740","306","226","0.06365892337550033","0.0005127914373731368","15","sell"
"976","DEL","Decimal","0.0011219562562685675","-2.286644206825","-7.437706432748","","14587328.73","295288.85","12.2","12","4049","2012","5","0.0014083832605199188","0.0006658517621847264","","sell"
"977","MORI","MORI COIN","0.007923318164387372","-0.45508565478","21.89827760264","","7149085","945903.67","12","73","2619","430","12","0.003380119825247805","0.00032632642571964546","100","sell"
"978","L3","Layer3","0.00665253","-0.37360361652157076","-10.38611198929431","","10626381","2943571","11.9","47","3493","2035","4","0.001126706608415935","0.0004850507344737336","","sell"
"979","SXT","Space and Time","0.008201786596795324","-3.006205259927","-1.392823161332","","21511007","55767657.26","11.6","51","2029","785","52","0.014647185909407156","0.0009818892946356454","80","sell"
"980","SWFTC","SWFTCOIN","0.002921278448569064","-2.401728509504","-0.555925416157","","29192249","500039.45","10.2","67","3282","1162","25","0.0070419163025995934","0.00133250650606167","50","sell"
"981","TUSD","TrueUSD","0.9986846023043885","-0.00275542673","-0.081667621807","","493972114","14627838.48","9.7","75","1832","1025","4","0.001126706608415935","0.02254780218262858","","sell"
"982","ONG","Ontology Gas","0.047644262547486","-0.968274024995","-1.950317343567","","22528036","912890.84","9.4","53","2804","707","15","0.004225149781559756","0.001028312499622469","0","sell"
"983","FCT","Firmachain","0.00823488","-0.0515528783928365","-4.980877555068876","","9787293","141691","8.9","44","3083","2136","5","0.0014083832605199188","0.00044674980674602494","100","sell"
"984","FDUSD","First Digital USD","0.9977425476475423","-0.007957586708","0.029145845091","","336800494","53833843.68","8","55","1684","981","9","0.0025350898689358537","0.015373561985573103","100","sell"
"985","CUSD","Celo Dollar","0.999775767823603","-0.018803556791","-0.029221554419","","15678683","151528.87","8","47","2381","2201","3","0.0008450299563119512","0.000715667611083288","","sell"
"986","HOPR","HOPR","0.018311985764932415","-5.771440485943","12.307202840631","","12396693","214548.2","7.8","66","3874","1723","21","0.005915209694183659","0.000565858220658133","60","sell"
"987","XP","Xphere","0.02634032","-0.5730931277252047","-28.869280916367245","","73258493","1001557","7.2","40","2611","1221","24","0.00676023965049561","0.003343949914471246","100","sell"
"988","XCM","Coinmetro","0.03855132957662805","7.546571223485","-7.807317270152","","11665897","3242.81","7.2","27","856","1793","3","0.0008450299563119512","0.0005325003788349886","","sell"
"989","VEREM","Verified Emeralds","4.315736637997713","1.628056732714","-16.350331828248","","10793096","3843772.36","7.1","24","666","2552","6","0.0016900599126239025","0.0004926605908488991","","sell"
"990","CTC","Creditcoin","0.09306973528831279","-2.081558296524","5.566412840841","","50469938","2946306.25","6.4","41","2765","1270","79","0.022252455516214718","0.0023037457903818614","13","sell"
"991","SATUSD","Satoshi Stablecoin","0.994192","-0.009732974948714435","-0.0099599477896271","","158269906","3198.47","5.7","12","3913","2744","1","0.00028167665210398373","0.007224372451014958","","sell"
"992","AHT","AhaToken","0.0010898806612695952","-1.117946025624","2.94095175821","","7937476","41657.96","5.2","81","3839","799","5","0.0014083832605199188","0.00036231324320741304","","sell"
"993","PAW","PAWSWAP","9.79347796181716e-10","-0.008311695016","-0.034295048608","","17252274","6.2","4.7","71","1760","661","8","0.00225341321683187","0.0007874955899889245","100","sell"
"994","RSETH","Kelp DAO Restaked ETH","1783.9240124400926","-0.481076307785","2.499870377856","","1514186490.35","2660.44","3.6","46","3804","1843","3","0.0008450299563119512","0.06911640654277994","","sell"
"995","SNT","Status","0.007266829980224518","-2.25076751","-0.36217668","","29375062","1531352.08081102","3","29","3935","1525","6","0.0016900599126239025","0.0013408511701501632","","sell"
"996","JMPT","JumpToken","0.5266841922560096","-0.471862402414","-4.976839925246","","7738064","2161.81","2.3","2","4790","1970","3","0.0008450299563119512","0.0003532109028092214","","sell"
"997","MNDE","Marinade Finance","0.018347918987353537","0.040379178665","-1.422675545518","","10044466","872155.26","2.2","2","2108","1917","5","0.0014083832605199188","0.0004584887000283959","","sell"
"998","XAVA","Avalaunch","0.27009624869703913","-0.408620723923","3.223684704532","","11475306","126778.34","2","2","3202","1520","3","0.0008450299563119512","0.0005238006809289862","0","sell"
"999","SHARDUS","Shardus","0.026290487881023405","0","1.37610512438","","11703298","1.67","0","","5266","","0","0","0.0005342075811760351","","sell"
"1000","MCEUR","Moola Celo EUR","1.1565973474031603","-0.013620204756","0.324803420643","","9455126.64","219.59","0","","4744","","0","0","0.00043158777398195723","","sell"