rank,symbol,name,price,percent_change_24h,percent_change_7d,percent_change_30d,market_cap,volume_24h,galaxy_score,galaxy_score_previous,alt_rank,alt_rank_previous,social_volume_24h,social_dominance,market_dominance,sentiment,signal
"1","BTY","Bityuan","0.05976034006126091","-9.619453720851","-13.258867930968","-21.170393888726","43957308","630881.97","100","49","5337","1278","2","0.0005417235476391687","0.001995306685441626","","sell"
"2","ADCO","Advertise Coin","0.354767","-0.13541435382806974","0","","15964526","5087.5","100","100","4995","2393","1","0.00027086177381958437","0.0007246605151003936","","hold"
"3","SN77","Liquidity","2.28","32.16519240769992","84.49945263085749","","10697461","523952","100","100","2900","","0","0","0.0004855783127244975","","hold"
"4","GVNR","GVNR","0.55681","0.0022500000000113918","-9.477383525049355","","8865937","14.8","100","100","4910","2295","1","0.00027086177381958437","0.0004024419186180434","","hold"
"5","AIOT","OKZOO","0.07325577494201382","19.248177728996","46.147230492825","-17.850427144843","19429496","3923089.36","88.8","71","43","1513","66","0.017876877072092567","0.0008819421622352606","95","buy"
"6","TAO","Bittensor","266.2073632896219","23.964146299466","33.684891301786","-12.950767824532","2547136894","689839121.23","87","54","1","131","2970","0.8044594682441656","0.11561943860013486","81","buy"
"7","NIL","Nillion","0.03856762","-1.267388644873486","-1.9427348917476197","","18052232","19261109","86","38","1104","107","290","0.07854991440767947","0.0008194255025067333","39","hold"
"8","EDGE","EdgeX","0.415221","-4.826431266254863","-10.459699131975514","","145304262","15232317","80.7","68","1940","558","36","0.009751023857505037","0.006595639691851956","83","hold"
"9","ICP","Internet Computer","2.4401624668185713","3.259993629403","3.5160257216","-13.638439525741","1350355513","135097520.58","79.6","68","48","22","1279","0.34643220871524844","0.06129523179198908","64","buy"
"10","NMR","Numeraire","8.449054806420804","0.515864989972","3.648345138023","-6.629280854312","59529199","3250240.62","79.1","58","676","892","32","0.0086675767622267","0.002702144743342448","100","hold"
"11","PUMPCADE","PUMPCADE","0.01762363","-6.8018738115570425","17.890274598500607","","17643509","619761","79.1","90","1929","364","60","0.01625170642917506","0.0008008727800699145","97","sell"
"12","COAI","ChainOpera AI","0.399799","13.041512417369574","80.70664368974398","","74953798","135178858","77.8","73","5","6","1034","0.28007107412945026","0.003402296934303646","59","hold"
"13","XCN","Onyxcoin","0.004036376347366941","4.263816129868","8.204288075816","-21.06475942262","154500949","9282366.73","77.3","49","68","550","347","0.09398903551539578","0.007013094988591559","31","hold"
"14","PHA","PHALA","0.03547743511625638","5.527311673516","11.245147125953","2.25519497794","29766874","34882408.2","77.2","49","42","620","242","0.06554854926433942","0.001351175615597263","49","hold"
"15","SYN","Synapse","0.04014080869798308","27.930466100581","-3.727958886659","-26.795089035635","8742744","13321130.04","77.2","74","29","689","84","0.02275238900084509","0.0003968499516008728","81","buy"
"16","USD1","World Liberty Financial USD","1.0002450503561655","0.000529013302","0.073000772137","0.078613527171","4349338407.85","1377535132.24","76.3","60","729","197","104","0.028169624477236775","0.19742132718256572","100","hold"
"17","ELSA","Elsa","0.04842425","2.953150256755546","8.016878661395827","","11087223","2379370","76.1","65","277","489","21","0.005688097250211272","0.0005032703589328572","92","hold"
"18","FET","Fetch","0.21038548924503275","11.535904551272","1.114761534439","-1.386943712162","476710078","193734578.69","75.8","58","7","683","507","0.13732691932652927","0.021638786561970512","67","buy"
"19","RIF","Rootstock Infrastructure Framework","0.11273101638519056","31.046308755984","71.063681640152","57.512452724864","112731016.39","30731175.8","74.7","72","9","61","241","0.06527768749051983","0.005114509026924706","57","hold"
"20","NOCK","Nockchain","0.042106561060813556","12.242385038093","10.832696898929","117.52639927601","91648132","1943037.7","74.6","55","28","995","270","0.07313267893128779","0.004160084837038623","88","buy"
"21","BONK","Bonk","0.000004499299948427662","1.409808288932","4.163516147431","-34.791299459736","395513106","29020481.46","74.4","44","197","323","953","0.25813127045006395","0.017953099961935393","66","hold"
"22","XPIN","XPIN Token","0.0012962508528048906","5.373315583273","8.418005250544","-10.852873227705","20085995","8450720.19","74.3","52","188","1562","50","0.013543088690979218","0.0009117419134776649","91","hold"
"23","GOHOME","GOHOME","77.6621361548625","1.558934031219","4.783857301965","-11.72411912847","40483063","489427.43","74","78","612","590","38","0.010292747405144206","0.0018376040282324503","82","hold"
"24","COQ","Cut Or Quit","1.1067295000052854e-7","-2.453338706721","27.228909107803","-32.861272692544","7690214","1191653.82","73.9","57","1877","449","172","0.04658822509696852","0.00034907359219260613","82","hold"
"25","ATM","Automatic Treasury Machine","1.0553928206369072","5.947725670049","18.902673415238","0.32573071124","8924331","5006997.97","73.1","75","138","254","33","0.008938438536046284","0.0004050925344971978","88","hold"
"26","TIG","The Innovation Game","1.009299718973973","16.215393993959","-5.254799212839","-26.877151942418","29934152","583867.29","72.9","66","59","416","127","0.03439944527508722","0.0013587686854851485","81","hold"
"27","SPX","SPX6900","0.3354781395329495","4.52589612778","9.298783250625","-22.170151018059","314057161","5552903.47","72.5","38","37","774","877","0.23754577563977552","0.01425565807974676","81","buy"
"28","ANKR","Ankr Network","0.003966189871047466","2.006980732929","2.252730306718","-21.772039755584","39676706","5263513.48","72.4","31","579","1589","28","0.007584129666948362","0.0018010019343791903","60","hold"
"29","AKT","Akash Network","0.7503959712765876","22.208724446202","22.487868317966","-8.411515373676","219423802","14830665.52","72.1","31","10","753","327","0.0885718000390041","0.009960068052293365","54","hold"
"30","ALGO","Algorand","0.09245195047756548","6.039986512239","-1.444213462872","-22.253910283669","827069370","33225763.65","71.9","59","26","520","511","0.13841036642180762","0.03754226813172894","53","hold"
"31","YELLOW","YELLOW","0.060173","0.693422957508723","14.256888662345753","","11669631","1010070","71.8","75","663","401","61","0.016522568202994647","0.0005297069773002669","84","hold"
"32","CAW2","A Hunters Dream","3.4814593346470506e-8","2.607958323162","8.994218845558","-0.482709395622","22204007","396993.62","71.6","61","500","2018","30","0.00812585321458753","0.0010078825484648116","100","hold"
"33","WBTC","Wrapped Bitcoin","64469.81583643043","1.295850965245","5.178819013112","-20.398881695177","9351180560.98","97285048.63","71.2","51","368","586","86","0.02329411254848426","0.42446805637176793","42","hold"
"34","LIT","Lighter","1.6028944578530249","4.95077020417","11.441952768261","75.639061892464","404611500","36868376.38","71.2","29","35","573","411","0.11132418903984917","0.018366093550509607","48","hold"
"35","ZETA","ZetaChain","0.03856614716031749","0.552585662242","4.88392941722","-31.236033795193","56335083","3948548.17","71.1","68","387","741","739","0.20016685085267288","0.0025571576797835042","77","hold"
"36","XCH","Chia","2.1547899424747374","7.82157414148","5.675413010545","-13.700721539506","40063428","1731628.82","71.1","29","80","1040","227","0.06148562265704565","0.0018185559891454048","13","hold"
"37","METAL","Metal Blockchain","0.132366569117366","1.833675003272","2.620441220256","-16.29773454361","67939805","504986.44","71","73","343","744","75","0.02031463303646883","0.0030839183128343614","88","hold"
"38","LMTS","Limitless","0.08709306600506289","1.187103818723","-12.410619347716","-40.3004478961","11463957","2228225.5","70.7","62","492","1731","39","0.010563609178963792","0.0005203710391845498","75","hold"
"39","TIA","Celestia","0.3452531268079363","5.242007747946","11.38406732329","-25.397341480499","320837864","29765015.96","70.4","61","18","116","2473","0.6698411666558322","0.014563447219789052","87","buy"
"40","OPG","OpenGradient","0.17976","13.955818000100384","14.39006285934736","","34090602","37875940","70.3","54","19","148","207","0.05606838718065397","0.001547437938677447","45","hold"
"41","USDP","Pax Dollar","0.9995054661694515","0.00101902281","0.054037459234","0.026027790176","31936311","5041869.89","70.3","58","812","400","99","0.026815315608138858","0.0014496505301608306","80","hold"
"42","GOMINING","Gomining","0.2790136049243494","2.403912133422","7.774539883175","-4.835421004373","112795939.44","10675508.48","69.9","61","113","16","398","0.10780298598019458","0.005128038091928283","87","hold"
"43","UB","Unibase","0.12910458191317434","-0.529186131941","14.711004737464","-44.163476316057","325929879","10923598.03","69.7","33","976","984","164","0.04442133090641184","0.014794583566261156","41","hold"
"44","ALE","Ailey","0.25904254913094243","0.127147034918","0.537967090496","-2.516279544897","126031395.78","112498.38","69.7","74","835","412","74","0.020043771262649245","0.005720807256335477","99","hold"
"45","GOMINING","Gomining Token","0.279116","2.4270308137832473","7.897988861397782","","112834142","10476649","69.7","87","331","619","139","0.03764978656092223","0.0051217585453292485","96","hold"
"46","STAR","Starpower","0.1507106252762956","0.863552588003","4.642815781256","-32.973145395837","28042844","4079358.2","69.7","61","461","211","64","0.0173351535244534","0.001272918580728296","89","hold"
"47","STRK","StarkNet","0.034765425694599894","1.840328173285","6.28678913518","-24.612461441475","220546191","20889134.99","69.6","55","147","561","592","0.16035017010119396","0.010011015445963743","77","hold"
"48","CREPE","CREPE","0.00001345","7.34114716437289","25.204479701897448","","9278380","390901","69.6","57","64","199","236","0.06392337862142192","0.00042116349900380313","70","hold"
"49","SFP","SafePal","0.24079276824318238","-1.545119191175","8.95757579728","-21.503151907509","120401120","2337308.9","69.4","61","1136","701","234","0.06338165507378274","0.005465238218652048","98","hold"
"50","IO","Ionet","0.17875724084339334","0.859479081095","26.785040439952","19.955337293044","62469673","43538849.98","69","59","330","344","339","0.09182214132483911","0.002835618509082772","82","hold"
"51","ESP","Espresso","0.07149451011717817","0.520845649306","4.375926884305","-1.704881544053","37016768","23489238.11","69","67","703","298","51","0.013813950464798804","0.0016802622368012534","78","hold"
"52","MEW","cat in a dogs world","0.0003716608546396756","0.625256832","1.605710945522","-40.731566334738","33019897","4041748.74","68.9","42","593","307","118","0.03196168931071096","0.0014988365810912232","28","hold"
"53","VVV","Venice Token","16.68566886276396","10.127074901742","2.739471542747","17.210351896567","784477879","123180177.95","68.8","33","8","705","855","0.23158681661574462","0.03560895850468747","58","hold"
"54","GOAT","Goatseus Maximus","0.013661608669090613","1.932827010668","3.658429878807","-40.711833152515","13658223","5323055.93","68.8","44","205","214","290","0.07854991440767947","0.0006199729897734542","31","hold"
"55","WLD","Worldcoin","0.5085774516314917","6.574887374632","8.386036474722","94.662168807156","1734222751","684218437.11","68.7","46","14","806","885","0.23971266983033218","0.07871970342486095","57","hold"
"56","H","Humanity","0.304403","37.11333793201553","-51.253663461052426","","559651195","67068692","68.6","52","11","10","158","0.04279616026349433","0.02540364325538076","73","buy"
"57","WOO","WOO Network","0.013222288533368801","0.156684290645","-1.155011990432","-30.687373654816","24954252","1185938.41","68.1","37","820","1067","263","0.0712366465145507","0.0011327214543209755","32","hold"
"58","NIGHT","Midnight","0.032421512601029844","-7.526085913784","4.132631518343","-1.795140256188","538437008.95","85193609.05","68","59","1450","24","375","0.10157316518234416","0.02445205746049144","55","sell"
"59","BERT","Bertram The Pomeranian","0.014396756192579144","3.077536113518","7.923347816021","-14.305836293394","14074951","743209.56","67.5","54","123","873","245","0.06636113458579818","0.0006388890745439483","54","hold"
"60","ALI","Artificial Liquid Intelligence","0.0013210998850141948","-5.971604885536","-4.438826639619","-13.767580905842","12615304","65131.36","67.5","29","2846","817","41","0.01110533272660296","0.0005726328921252066","50","sell"
"61","VET","VeChain","0.005089465375343719","0.314678375573","5.207483491665","-30.729300536142","438157521","13632543.47","67.2","63","458","72","805","0.21804372792476545","0.019888811911043993","98","hold"
"62","OP","Optimism","0.10663968777850197","5.728338784235","11.074264741009","-25.998854876615","229710643","75544774.42","67.2","48","27","34","440","0.11917918048061714","0.010427007534105467","56","hold"
"63","STO","StakeStone","0.050871069421507764","-2.951701343488","-5.100198639765","-35.683503622822","11469303","8676638.14","67.2","65","1732","1188","72","0.019502047715010074","0.0005206137043982696","89","hold"
"64","PROVE","Succinct","0.198888","5.003030239787929","13.32281605850775","","38735087","8378706","67","40","110","1247","139","0.03764978656092223","0.0017582600384050589","25","hold"
"65","MX","MX Token","1.697127977322474","0.482284517992","-2.368942480322","-4.745136076146","155871727","4998618.43","66.8","40","600","727","102","0.027627900929597608","0.007075317236315561","69","hold"
"66","PEAQ","peaq","0.022137746848676355","0.222750013674","-2.396989791788","-17.0777229315","49261401","2096301.19","66.8","56","808","1088","98","0.026544453834319272","0.0022360696598963882","91","hold"
"67","NOT","Notcoin","0.00047593521885721813","-1.249716401867","23.301319119523","-13.451013806774","47182195","54559184.25","66.8","77","1645","394","28","0.007584129666948362","0.002141690503824994","100","hold"
"68","IDOL","MEET48","0.03058842912990501","7.865255221258","6.06278446045","18.889385540115","57352569","4776291.13","66.5","36","57","1196","97","0.026273592060499687","0.002603343324685673","81","hold"
"69","MOODENG","MOO DENG","0.04035761","0.40012409751815586","7.840134410341785","","39996459","10895126","66.4","46","782","246","68","0.01841860061973174","0.001815516137537173","83","hold"
"70","QNT","Quant","68.70889034999453","3.264194448307","-0.074093925257","-12.534390340285","1000574797","6383518.71","66.3","33","70","811","659","0.1784979089471061","0.045418012898753884","54","hold"
"71","TOSHI","Toshi","0.00013604584427275837","6.331304468372","9.584272625525","-29.198022668037","57443760","9002056","66.1","45","41","401","406","0.10996988017075125","0.0026074826594227342","35","hold"
"72","ZBCN","Zebec Network","0.0025954397285840093","1.590456902079","-3.629131090018","-27.441724149335","253997888","8879180.85","66","49","199","127","477","0.12920106611194176","0.011529452258870204","64","hold"
"73","ZEC","Zcash","422.4471759511057","1.114851260644","11.150427306135","-22.679014606597","7108672622","477724727.73","65.9","57","225","544","2825","0.7651845110403258","0.32267631146321446","75","hold"
"74","XAI","XAI","0.008185299268328412","3.726733655266","2.873427924212","-32.915327845845","16733273","6306019.67","65.9","49","112","642","102","0.027627900929597608","0.0007595554187763237","65","hold"
"75","REDO","Resistance Dog","0.07329733634053137","8.593120999032","16.677134022206","-25.591159342023","7325429","154204.72","65.7","63","284","336","30","0.00812585321458753","0.00033251530001400363","100","hold"
"76","MEGA","MegaETH","0.066037","33.45579087995314","47.08133132552689","","74536043","152702823","65.3","61","2","37","923","0.2500054172354764","0.0033833342320295063","79","buy"
"77","FT","Flying Tulip","0.098555","-0.7843445286444253","2.5195223739237553","","120986024","110370","65.1","64","1264","512","480","0.1300136514334005","0.0054917881352561666","95","hold"
"78","MPLX","Metaplex","0.018962874591322832","0.742867996864","-4.355780748551","-25.878433757957","9738697","599862.8","65","54","416","684","245","0.06636113458579818","0.00044205817225181996","88","hold"
"79","TURBO","TURBO BOME","0.000906042558281707","4.447895107266","4.547513678014","-31.6125956234","61255038","14706848.94","64.7","48","67","491","382","0.10346919759908124","0.0027804838921978757","35","hold"
"80","AURA","aura","0.015318616755821617","9.977258936495","23.66637477116","-35.164549560472","14507539","792433.33","64.7","51","32","1009","496","0.13434743981451386","0.000658525075193529","73","buy"
"81","SHIB","Shiba Inu","0.000005022571783796202","3.054868068149","8.325842230689","-20.852978593538","2955947328","81318733.37","64.6","62","61","96","1645","0.4455676179332163","0.13417612983424076","78","hold"
"82","VIRTUAL","Virtuals Protocol","0.6439788101913951","4.348676218512","13.180421076448","-18.897134338949","423450689","69822498.98","64.6","66","38","29","523","0.14166070770764264","0.019221240543587488","45","hold"
"83","XAUT","Tether Gold","4212.68560853699","0.290782748005","-1.976142119267","-8.624239356052","2581914895","194606697.62","64.5","47","522","198","293","0.07936249972913823","0.11719807890043706","34","hold"
"84","KLED","KLEDAI","0.00817116","-3.472827973185557","-7.994674402518129","","8147342","627053","64.4","32","2047","1595","41","0.01110533272660296","0.00036982351060213574","75","hold"
"85","NEAR","Near Protocol","2.1630846927978196","7.46555290102","11.327343466907","38.455646840221","2789665110","310493614.65","64.2","37","12","567","1079","0.2922598539513316","0.12662826040498765","68","buy"
"86","SUPER","SuperVerse","0.09930227084459015","2.798341985288","7.414576450398","-23.691738999416","62617551","4594767.07","64.2","53","126","119","228","0.06175648443086524","0.0028423309756885466","57","hold"
"87","EL","ELYSIA","0.0013949568379091335","1.385775356863","12.384615507964","-26.119886923569","9491563","345060.37","64.2","60","248","74","1905","0.5159916791263083","0.0004308402850600035","70","hold"
"88","POPCAT","Popcat","0.04170208354845263","1.176714064339","1.36412644904","-35.05244907354","40831958","11280554.48","64","48","240","549","667","0.1806648031376628","0.0018534410427743135","66","hold"
"89","MNT","Mantle","0.5551148160915611","2.973953869072","6.860614414985","-19.704839072432","1834462872","19475493.55","63.9","48","115","490","257","0.06961147587163319","0.08326979515433577","23","hold"
"90","BSOL","BlazeStake Staked SOL","89.70262812406551","2.500845698678","9.516028386947","-24.646890933721","93813987.95","56519.27","63.9","54","911","1320","7","0.0018960324167370906","0.004258397200860779","","hold"
"91","LTC","Litecoin","44.45972914677341","2.331872864735","5.814013701236","-23.389978391678","3439921678","190256448.67","63.8","61","100","40","1760","0.47671672192246856","0.1561446556624663","67","hold"
"92","FARTCOIN","Fartcoin","0.11946001073100856","-0.015243640742","7.633110122306","-45.13580197791","119648291","10565514.15","63.8","49","566","52","926","0.25081800255693515","0.005431065863586666","63","hold"
"93","ARRR","Pirate Chain","0.30239667288174954","6.23322863112","7.42723010107","47.295170730545","58542194","117617.5","63.7","42","241","594","45","0.012188779821881298","0.002657342689607394","83","hold"
"94","DOG","Dog (Bitcoin)","0.0006515920104356929","3.332991379505","-0.342350389032","-22.920235834267","65190749","922904.1","63.6","56","86","62","1345","0.364309085787341","0.002959133377973168","62","hold"
"95","XVG","Verge","0.002525202439451571","1.798231954537","-0.162314404423","-31.157286895865","41641116","2717157.45","63.6","34","223","860","432","0.11701228629006045","0.0018901702794004182","30","hold"
"96","RAY","Raydium","0.6121598229372545","2.285580619894","7.345366913195","-22.184535879643","164752241","13312869.01","63.5","55","117","71","753","0.20395891568614705","0.007478420832977076","73","hold"
"97","CPOOL","Clearpool","0.024425653210263975","0.68468999678","8.851825585766","-29.922102713928","24318146","761733.29","63.5","47","510","120","188","0.05092201347808187","0.0011038473805389886","66","hold"
"98","AERO","Aerodrome","0.3611637157398157","0.464314272305","11.24124836045","-25.087255819635","344040614.96","8944681.32","63.4","62","498","149","255","0.06906975232399402","0.015616212420339112","56","hold"
"99","CHIP","USD.AI Coin","0.033728915230117174","5.602367890664","6.769010477662","-43.765834337629","118888026.64","37096348.84","63.4","54","406","823","7","0.0018960324167370906","0.00539655600324192","","hold"
"100","JASMY","JasmyCoin","0.005169292091219526","9.777412614764","10.186781377812","-20.234695029698","255809059","18981125.92","63.3","29","17","710","440","0.11917918048061714","0.01161166479119311","39","hold"
"101","KNTQ","Kinetiq","0.2091984386382246","-2.080825297605","-6.542980233872","17.550791096206","58727230","885191.86","63.2","40","1284","782","178","0.04821339573988602","0.0026657418292418632","90","hold"
"102","USDC","USDC","0.9997299142051086","-0.006861976675","-0.002387796711","0.004042425732","74806801797","4893651135.09","63.1","41","609","194","6977","1.8898025959392402","3.3956244941583025","93","hold"
"103","PENDLE","Pendle","1.3262031457944898","3.992261671048","6.186168231937","-34.994424951143","226379988","26802309.64","63.1","28","84","359","282","0.0763830202171228","0.010275822702941568","16","hold"
"104","BBUSD","BounceBit USD","0.9817620300429273","0","-2.417677640191","","190032738.83","6619.55","63.1","63","3814","2344","2","0.0005417235476391687","0.008625951212487383","","hold"
"105","RSR","Reserve Rights","0.001400494049870954","3.441539653102","4.243105760853","-28.075351682664","87437841","5352247.45","63.1","38","171","996","136","0.03683720123946348","0.003968971637386937","16","hold"
"106","BSB","Block Street","0.252882","-1.9034119723486427","14.87665513240333","","56372133","21650754","63.1","37","1224","1113","301","0.0815293939196949","0.0025588394504846494","30","hold"
"107","ENJ","Enjin Coin","0.03094636471900753","-5.059253204591","1.878845536593","-33.924287362153","61238180","24242637.98","63","78","1647","47","167","0.045233916227870596","0.0027797186751808744","34","sell"
"108","BTC","Bitcoin","64569.52939192654","1.256659118018","5.066927126616","-20.477630997978","1294079578065","17360034059.13","62.7","51","198","195","103662","28.078073197685754","58.74075895654421","78","hold"
"109","SOL","Solana","68.84931693881254","2.113415277906","8.343618527185","-24.980129595583","39963609172","1469428043.08","62.6","62","106","112","36008","9.753190751695595","1.8140250207148232","82","hold"
"110","GITLAWB","gitlawb","0.00008641","11.634671754546925","-19.992443697071273","","8682677","379491","62.6","39","51","1315","195","0.05281804589481895","0.00039412339503661683","82","hold"
"111","BCH","Bitcoin Cash","208.99257956621213","2.508135189939","-5.141458572075","-52.051070785642","4182310651","110997350.82","62.5","43","107","503","558","0.1511408697913281","0.1898431178391092","39","hold"
"112","AVAX","Avalanche","6.708527516561141","1.356081503573","-1.111371909551","-32.113266756265","2898554584","170670817.4","62.4","62","195","348","1456","0.3943747426813149","0.13157096288909845","68","hold"
"113","STX","Stacks","0.18623602946124504","3.027792751435","0.053372684733","-30.536016943529","343815681","5545069.25","62.4","52","88","724","585","0.15845413768445687","0.015606454491229655","53","hold"
"114","DGB","DigiByte","0.002543702308818544","5.58709122548","-11.012847237112","-32.747005037669","46536166","3287395.48","62.3","48","54","855","269","0.0728618171574682","0.0021123660060033992","45","hold"
"115","HEI","Heima","0.0838872982490453","-13.976429832244","-9.782943059124","-3.758125979818","8204669","12221979.97","62","63","1805","31","217","0.058777004918849816","0.00037242569330077395","33","sell"
"116","ASTER","Aster","0.636258","0.6473273857905388","2.4344225997508717","","1703334477","67106328","61.8","49","362","172","816","0.22102320743678086","0.07731762530820392","61","hold"
"117","USTC","TerraClassicUSD","0.006060171115839769","1.401235566818","-0.802014720934","-11.499685813524","33780228","1447675.78","61.8","60","447","204","77","0.020856356584107998","0.0015333494663536357","77","hold"
"118","HYPE","Hyperliquid","60.598571699215164","2.128131820393","4.520105967913","30.581710243087","13473685566","496777862.6","61.7","65","104","141","8379","2.269550802834298","0.6115964810078481","79","hold"
"119","IQ","IQ","0.0008109311462185245","1.221245141449","-4.156667505164","-28.110062359274","21353406.08","572734.13","61.7","48","420","270","236","0.06392337862142192","0.00096906650448052","19","hold"
"120","SERV","OpenServ","0.06678004556900798","9.418615677811","13.864736468923","83.063606675795","51619210","1320140.24","61.6","55","34","1205","292","0.07909163795531864","0.0023430951415454107","77","buy"
"121","CRO","Cronos","0.06025376687532174","1.59579717233","2.581320810042","-20.606870673938","2699383582","6871587.75","61.5","62","179","593","1603","0.43419142343279377","0.12253020834979161","78","hold"
"122","STABLE","Stable","0.036205461124361744","0.925142160175","5.351680016407","-7.451224665232","853443783.67","15315024.33","61.5","46","452","87","244","0.06609027281197859","0.03873945345345869","45","hold"
"123","DEEP","DeepBook Protocol","0.017524118770047302","0.726467946143","4.150825970611","-51.39374454914","93439884.88","5435231.02","61.5","50","795","238","39","0.010563609178963792","0.0042410036678170735","80","hold"
"124","ROBO","Fabric Protocol","0.02029074729927758","-4.83941078946","-1.522376627542","-2.756066166494","45202197","30392661.13","61.5","47","1453","945","247","0.06690285813343734","0.0020518145895273977","41","hold"
"125","XTZ","Tezos","0.23862346374659704","1.017538030258","-4.312540017769","-37.083352980999","259284630","9573636.88","61.3","59","286","244","1409","0.3816442393117944","0.011769427638090538","84","hold"
"126","UTYA","Utya","0.02069325","8.572367511459559","15.777947645738482","","20688621","406947","61.2","63","93","1473","118","0.03196168931071096","0.0009390962657191838","64","hold"
"127","FAR","FARCANA","0.002806568844855078","0.206945455743","20.478045125366","6.101355142555","13687587","248702.37","61.2","49","1778","2392","9","0.002437755964376259","0.000621305878163965","100","hold"
"128","$FARTBOY","Fartboy","0.01094706712715401","0.229939720924","-2.438333379417","-1.720357220426","10894430","339394.15","61.2","70","1029","1622","47","0.012730503369520467","0.0004945191141613087","89","hold"
"129","SOMI","SomniaOFT","0.11361683525164297","1.507258235664","1.251497188268","-36.541278924034","18147937","8212832.99","61","70","320","210","75","0.02031463303646883","0.0008237697363786116","83","hold"
"130","XDC","XDC Network","0.030321910134674165","-0.601864068646","0.844280126283","-11.26823363274","603099136","7836997.97","60.9","42","970","488","376","0.10184402695616374","0.02737582879381213","43","hold"
"131","CYBER","CyberConnect","0.34687473907745403","0.202018473295","-4.506523170494","-36.113203503939","23168652","8503520.27","60.9","56","741","863","85","0.023023250774664675","0.0010516696388293497","81","hold"
"132","ZEDXION","Zedxion","0.39571744192987424","0.401404125646","-0.167120016812","-12.765326456338","224147515.46","67187.21","60.8","60","3685","2371","2","0.0005417235476391687","0.010174486484078328","","hold"
"133","BAT","Basic Attention","0.08926014589457812","0.869631323674","5.508007638613","-15.728368219646","133500491","10038553.93","60.7","58","476","1104","105","0.02844048625105636","0.006059843842167031","42","hold"
"134","MAGMA","Magma Finance","0.3389376628956875","6.910501209299","-29.089430375447","61.688959816815","64521867","5335443.72","60.4","47","72","1297","96","0.026002730286680098","0.002928771538563631","77","hold"
"135","W","Wormhole","0.009786722693403579","1.334589948376","0.262190011026","-30.860626323183","58885123","183828295.58","60.3","57","232","23","464","0.12567986305228715","0.002672908895944047","32","hold"
"136","CLANKER","CLANKER","14.46","3.0014172847328475","1.1098864320192956","","14260262","1215555","60.3","64","128","904","354","0.09588506793213288","0.0006473006969569011","54","hold"
"137","EIGEN","Eigenlayer","0.199615","12.473455266560311","23.126319062518423","","147826962","21228074","60.2","40","33","953","220","0.05958959024030857","0.006710149892871628","36","hold"
"138","XPR","XPR Network","0.0022760076689274868","3.877778192758","10.190679632199","-17.899298929156","65482609","1330972.25","60.2","62","120","757","135","0.036566339465643895","0.0029723814642575465","87","hold"
"139","ARKM","Arkham","0.12798454825918276","4.4636305358","8.637087829779","-4.298031160034","82081512","39440391.07","60.1","40","39","477","387","0.10482350646817916","0.003725837570507207","27","hold"
"140","MTL","Metal","0.25435692193644777","0.851362330766","3.870988060479","-19.662782859714","23028081","765149.03","60.1","59","391","429","236","0.06392337862142192","0.0010452888509958633","49","hold"
"141","SUPRA","Supra","0.00030855682523468097","3.219946730052","-5.777453613318","-33.475954605849","10838042.19","528899.87","60.1","46","139","583","234","0.06338165507378274","0.0004919595631016667","59","hold"
"142","WHITE","Whiteheart","2851.05","0.09246999999999568","-6.027157726956779","","25340161","287.53","60","48","1238","1348","81","0.021939803679386336","0.0011502386054548005","36","hold"
"143","ZKC","Boundless","0.05099663394462397","2.911570802805","3.081355378715","-32.899414796404","14828756","11741856.65","60","56","446","940","18","0.004875511928752518","0.0006731057321249658","100","hold"
"144","PEPE","Pepe","0.0000028452348973551056","0.366222512575","3.770051923689","-30.341742655052","1196493902","180027794.2","59.8","54","412","65","2002","0.5422652711868079","0.05431115758387063","75","hold"
"145","SAVAX","BENQI Liquid Staked AVAX","8.462657924800114","1.564798756812","0.601733350439","-32.059755643215","264547185.56","513902.83","59.8","12","1228","2889","4","0.0010834470952783375","0.01200830514831878","100","hold"
"146","TFUEL","Theta Fuel","0.008489394935906835","2.158155202674","-0.520210564979","-26.763419583663","62437331","1678788.47","59.8","60","653","2119","15","0.004062926607293765","0.0028341504435492647","100","hold"
"147","GT","GateToken","6.7205076384847375","2.49725227587","8.239746107212","-8.518313364166","716474210","2536735.46","59.7","79","154","157","162","0.04387960735877267","0.03252214128216194","47","hold"
"148","BSV","Bitcoin SV","11.970060609656576","1.590989083941","0.296951245244","-28.328661187399","239109659","9121967","59.7","55","255","177","223","0.060402175561767316","0.010853646932982505","42","hold"
"149","FOGO","Fogo","0.012804159198677823","2.848088336512","9.552071226675","-35.010785796951","49114749","6109998.93","59.7","46","135","382","234","0.06338165507378274","0.0022294128437866895","3","hold"
"150","YGG","Yield Guild Games","0.02535764684744225","-0.136948502206","-2.342190803756","-39.888448746209","19410215","7278793.49","59.7","57","847","546","138","0.03737892478710265","0.0008810669605918388","6","hold"
"151","ETH","Ethereum","1683.5834803029677","0.626446380501","5.985844708691","-26.085302165816","203247439709","5562322581.83","59.5","48","315","250","33765","9.145647793018268","9.22579188084633","76","hold"
"152","QAIT","QAIT","0.0255198632152732","20.12","2.957720506227765","","112551375.68","14586189.54","59.5","56","85","1497","73","0.01977290948882966","0.0051089232386559245","85","hold"
"153","UFART","Unit Fartcoin","0.120967","1.8721110244272963","13.510781362322168","","9594515","126.69","59.5","59","4471","1816","1","0.00027086177381958437","0.00043551347418886434","","hold"
"154","CARDS","Collector Crypt","0.28164043836486446","20.638223257971","68.475893522174","104.831054800713","72630011","6943901.8","59.4","57","6","952","502","0.13597261045743136","0.0032968157766166844","82","hold"
"155","COTI","COTI","0.01005459420562287","0.550249839172","1.014162502654","-32.131972596837","28832650","2479927.26","59.4","49","834","496","45","0.012188779821881298","0.0013087693928845344","80","hold"
"156","PORTO","FC Porto Fan Token","0.5514256852582234","-1.08265040977","-1.006004565565","-33.07357006848","7162030.59","2559594.49","59.4","39","1642","1529","89","0.02410669786994301","0.00032511416986727323","4","hold"
"157","XRP","XRP","1.1527034635069475","1.161058745758","3.31457372336","-22.417859246093","71579668719","922874006.64","59.3","55","219","311","9269","2.510617781533728","3.2491387219780954","79","hold"
"158","B","BUILDon","0.2224661796213785","-6.650617103886","-10.283462515532","-53.813698894853","222523690","5780527.11","59.2","55","2430","295","19","0.005146373702572103","0.010100777925848868","100","sell"
"159","SIGN","Sign","0.008605960907398794","-0.684709588473","-3.010742554116","-45.535973919687","19821306","3981272.87","59.2","73","1754","911","26","0.007042406119309194","0.0008997271710993813","80","hold"
"160","SXT","Space and Time","0.00857412303579901","-0.112905647177","0.753941861607","-38.303702947747","22166706","67120403.18","59.1","49","1116","829","65","0.017606015298272985","0.0010061893843913052","83","hold"
"161","SUI","Sui","0.7678503185854956","1.564741961868","2.443322750009","-35.401981157112","3093563951","300704283.6","58.9","46","163","267","1575","0.42660729376584544","0.14042281281809862","79","hold"
"162","RARE","SuperRare","0.013307357971406244","3.488725264358","2.593796944223","-24.619568583926","10854800","6343207.08","58.9","55","66","393","859","0.232670263711023","0.0004927202323020271","91","hold"
"163","DOT","Polkadot","0.9802872911418935","1.12026188376","2.090656932182","-28.012947796281","1654640607","84867109.7","58.8","48","258","77","717","0.194207891828642","0.07510731697105494","53","hold"
"164","SCRT","Secret","0.05998417253435888","-0.0146495828","-1.900721496244","-37.247501928481","20446556","6080905.07","58.7","63","1147","1326","86","0.02329411254848426","0.0009281084701787603","93","hold"
"165","COL","Clash of Lilliput","0.11743994421288","1.211827435773","5.624154986894","1856.778542660568","9638813","3014.02","58.7","42","2195","1935","3","0.0008125853214587531","0.0004375242455389136","","hold"
"166","LINK","Chainlink","7.976339662345025","0.483484478022","5.713006422712","-23.711098048205","5801077532","182786363.74","58.5","58","367","223","2098","0.5682680014734881","0.26332205744639336","77","hold"
"167","SVL","Slash Vision Labs","0.0074978875687391295","4.375267791894","0.406865972095","0.598442913584","12751615","329546.29","58.5","25","238","1651","101","0.027357039155778022","0.0005788203103720026","7","hold"
"168","ATH","Aethir","0.004632099335340828","4.444508190047","5.260087807919","-31.034156047455","93115523","11492507.06","58.4","53","152","1083","50","0.013543088690979218","0.004226692534499461","67","hold"
"169","YLDS","YLDS","0.999661","-0.014100732164752623","0.0050769304456021016","","558135416","2379806","58.3","24","2629","1809","4","0.0010834470952783375","0.025334839133609885","","hold"
"170","ALT","AltLayer","0.006539326909573034","2.106008541454","13.271305746846","-11.775792885386","41860054","12622540.06","58.2","43","162","123","227","0.06148562265704565","0.0019001082959663376","29","hold"
"171","REPPO","REPPO","0.02153173","29.588167785896562","76.26509963945807","","8601794","544805","58.2","53","20","78","293","0.07936249972913823","0.00039045196022904005","23","hold"
"172","DOGE","Dogecoin","0.08785134887647904","1.35967941638","5.353132381481","-24.362981707185","13584521528","572758357.7","58","59","183","207","5824","1.5774989707252596","0.6166275383229584","63","hold"
"173","SDT","Stake DAO","0.10695245502746667","2.37448709937","29.345184767338","-20.701205068355","7285855","1170.38","58","58","3045","1896","2","0.0005417235476391687","0.00033071896010234054","","hold"
"174","PONKE","PONKE","0.026138829208421067","3.399404992574","2.186901024301","-24.145962643008","14445433","1343258.04","57.9","43","158","948","201","0.05444321653773647","0.0006557059645008078","17","hold"
"175","AUCTION","Bounce","3.8167959901955575","1.104182203399","-0.304834760952","-22.488774351574","28322648","6950472.61","57.8","54","709","663","9","0.002437755964376259","0.0012856194220039563","100","hold"
"176","CHR","Chromia","0.01588507754692448","1.192432875696","-2.271854235753","","15514085","1275232.76","57.8","49","434","1074","154","0.041712713168215995","0.0007042141324716619","95","hold"
"177","PLUME","Plume","0.01056999358793851","1.470361737838","-7.616796615901","-21.346002229541","60906714","9962309.64","57.7","43","278","751","284","0.07692474376476197","0.0027646727964433363","18","hold"
"178","CROSS","CROSS","0.09292504104020906","-1.19759844359","-2.767207701558","-15.262590316856","40361906","3359390.83","57.7","48","1407","84","127","0.03439944527508722","0.0018321044791679794","34","hold"
"179","WKC","Wiki Cat","5.5726e-8","-4.386127909760326","-10.95230811786434","","29946023","212259","57.7","61","2139","1038","461","0.12486727773082841","0.0013593075329883413","78","hold"
"180","WLFI","World Liberty Financial","0.059033","0.3313003549675872","5.632235365872358","","1874799022","31027817","57.6","51","455","325","714","0.19339530650718326","0.08510073051916694","82","hold"
"181","DAG","Constellation","0.006963825672179951","3.082586554294","-2.18187910664","-67.371889296217","27018642","639373.86","57.6","63","185","169","91","0.02464842141758218","0.0012264280836795987","68","hold"
"182","CETUS","Cetus Protocol","0.019083082188558115","4.936835958602","1.221872099608","-39.494755541692","17945722","4094089.57","57.6","49","230","1533","29","0.007854991440767947","0.0008145908089202564","75","hold"
"183","SKYAI","SKYAI","0.362556","24.358124301454076","3.714013607789651","","360228789","41459008","57.5","62","3","4","550","0.1489739756007714","0.01635147700537623","63","hold"
"184","SN64","Chutes","18.02","24.8148355198417","40.12015041936572","","93935818","1533047","57.5","25","749","2576","3","0.0008125853214587531","0.004263927300958189","","hold"
"185","INJ","Injective","5.268081078012362","2.415765315529","-0.899238717305","1.76422876519","525891350","92517783.01","57.4","45","99","725","1065","0.28846778911785736","0.023871219012568327","68","hold"
"186","QUBIC","Qubic","4.5002658401558865e-7","4.738727865945","-0.392233008534","-21.377218426516","62584713","1356946.33","57.4","59","52","156","440","0.11917918048061714","0.002840840395761847","74","hold"
"187","ELF","aelf","0.06434292985110777","2.382912612105","2.812596969091","-19.757635938136","51501152","720038.57","57.4","33","191","721","163","0.044150469132592254","0.0023377362620464687","86","hold"
"188","XION","XION","0.1184685426979323","-1.799164778183","3.019031272372","-20.453979750673","8446703","3096112.1","57.4","68","1737","1271","37","0.010021885631324622","0.000383412081691623","82","hold"
"189","BERA","Berachain","0.258988","1.003307388092683","7.752337503723887","","71678382","20244266","57.3","66","372","99","298","0.08071680859823614","0.0032536195075057524","8","hold"
"190","MVL","MVL","0.0010356927374762356","0.985132466296","8.053442037796","-21.102998736301","28945307","43318.44","57.3","28","1420","1538","8","0.002166894190556675","0.0013138831106140594","","hold"
"191","UFD","Unicorn Fart Dust","0.01262471","6.6005563045987685","8.353636373027864","","12624513","1590379","57.3","50","47","646","413","0.11186591258748836","0.0005730509063326788","93","hold"
"192","CAT","Simons Cat","0.0000015067809787231058","-0.294573344675","0.493298983078","","10190066","2235616.06","57.2","54","984","667","93","0.02519014496522135","0.0004625466785839434","98","hold"
"193","PEOPLE","ConstitutionDAO","0.0055045285285079916","1.395459567255","0.966411849083","-30.521376182275","27815536","4664912.92","56.9","44","332","256","98","0.026544453834319272","0.0012626006337772598","4","hold"
"194","QKC","QuarkChain","0.002497428714513485","1.083312187741","2.013393870496","-21.390171937102","18087280","468545.6","56.9","30","1372","1634","7","0.0018960324167370906","0.0008210163985805182","","hold"
"195","ADA","Cardano","0.17286121856500894","-0.063509863382","7.417164965106","-36.143529420811","6428531997","324113713.95","56.8","49","647","224","4664","1.2632993130945416","0.2918034214285712","71","hold"
"196","GRASS","Grass","0.3949394515443542","0.474428286325","13.953755142505","18.631540225007","96327742.87","16112808.1","56.5","56","490","214","237","0.06419424039524149","0.004372501367508968","49","hold"
"197","THE","Thena","0.06784362395859798","-0.539975897894","-0.570848564345","-36.767121564088","9008583","3425415.9","56.5","43","1034","468","227","0.06148562265704565","0.00040891689468917827","21","hold"
"198","KSM","Kusama","3.6957112401471033","0.48027995423","1.35355802516","-31.821085101571","67788146","3437452.86","56.4","43","679","559","96","0.026002730286680098","0.003077034219372419","20","hold"
"199","GAL","Galxe","0.2778756448894707","1.318580952069","-0.826976387602","-18.860405778667","28919408","0.05","56.4","51","1756","2075","10","0.0027086177381958443","0.0013127075052324411","100","hold"
"200","SYRUP","Syrup","0.130668","-1.223835740462264","0.5567640581566988","","155717948","5007279","56.3","75","1366","939","60","0.01625170642917506","0.007068336911979491","77","hold"
"201","EDGESOL","Edgevana Staked SOL","88.31133766029201","2.249159012039","10.220394429763","-24.745792297722","75791047.78","9.41","56.3","56","4253","2096","1","0.00027086177381958437","0.0034403013108095628","","hold"
"202","IP","Story","0.29707215166840917","1.002479479524","-5.318951221443","-44.619524834191","105643957","33591772.05","56.2","69","551","620","84","0.02275238900084509","0.0047953822303815246","83","hold"
"203","MAG7.SSI","MAG7.ssi","0.414198","-0.8656830339865896","4.559856924410657","","69833823","352485","56.1","39","2374","1721","8","0.002166894190556675","0.003169891429699179","0","hold"
"204","SSV","SSV Network","2.346963612422012","4.964037438799","15.15303764092","-18.028109362509","34360293","6708730.18","56.1","51","137","1177","31","0.008396714988407116","0.0015596797314483656","86","hold"
"205","KAS","Kaspa","0.0315772420622099","1.659244696579","4.081303093753","-16.749036556734","866813826","7615254.31","56","49","168","293","1738","0.4707577628984377","0.03934634536880725","71","hold"
"206","SAI","Single Collateral DAI","8.88","1.452362362891656","7.14556169134481","","23603850","60.52","56","57","1601","2302","9","0.002437755964376259","0.0010714241123947197","100","hold"
"207","KLK","Klickl Token","0.24476329205325087","-0.03768963421","0.60123181997","-17.410875355803","24476329.21","463505.96","55.9","33","3579","2271","2","0.0005417235476391687","0.0011110274347778258","","hold"
"208","NST","Ninja Squad Token","1.2785631902164836","2.988216579547","7.433141680516","-14.037428299174","11010058.51","430842.52","55.9","52","448","815","13","0.003521203059654597","0.0004997677144402579","100","hold"
"209","ARC","AI Rig Complex","0.08784242993000645","-1.643528954168","5.864279417947","52.14565833326","88088031","5319414.65","55.8","78","1121","20","388","0.10509436824199875","0.0039984850109949675","47","hold"
"210","GMT","GMT","0.008296102639835405","-2.883379502295","3.821062939317","-34.553861690588","25778084","3964017.36","55.8","41","1814","249","114","0.03087824221543262","0.001170116772006962","18","hold"
"211","SYRUP","Maple Finance","0.1306570983652346","-1.307902413786","0.251497634902","-45.242511404302","155613820.16","5748760.08","55.7","75","1368","833","64","0.0173351535244534","0.007063595087087498","77","hold"
"212","KTA","Keeta","0.158879","-7.47673859998212","21.247578334429825","","88049869","1739233","55.7","50","1541","1032","450","0.12188779821881299","0.003996752764476827","45","sell"
"213","EARNETH","Lido Earn ETH","1697.97","0.6902972547425518","7.543780144559868","","72352074","9671.5","55.6","42","3119","2706","2","0.0005417235476391687","0.003284199682058947","","hold"
"214","FIUSD","Sygnum FIUSD Liquidity Fund","11913.01","0","0.06963624511959016","","47624164","0","55.5","55","3793","2008","2","0.0005417235476391687","0.0021617523260925894","","hold"
"215","SN62","Ridges AI","3.49","22.778111753888748","38.43428584583736","","16583985","85150","55.5","55","982","1727","5","0.0013543088690979221","0.0007527789495608702","","hold"
"216","APT","Aptos","0.6701526993675985","2.9246500799","-0.69633309009","-36.201931815458","558753364","62845326.82","55.4","42","89","415","491","0.13299313094541593","0.02536288898087658","43","hold"
"217","ENA","Ethena","0.08442244598694328","7.839563172879","-10.502267053146","-30.221814515494","788960221","156168325.5","55.3","52","13","398","721","0.19529133892392034","0.03581242062204543","52","hold"
"218","ENS","Ethereum Name Service","4.953473361376691","1.748854768062","6.367055846322","-29.710727703375","199784336","8630062.38","55.3","59","353","239","42","0.011376194500422545","0.009068594948246514","86","hold"
"219","TRUMP","Official Trump","2.1018922834801423","-10.409439294995","30.112168051068","-11.159108235813","500548253","517063148.79","55.2","69","1416","1","2590","0.7015319941927236","0.022720847136431244","75","sell"
"220","WFI","WeFi","2.04","0.09907070996371514","1.287843784230592","","172981422","1354572","55.2","50","1592","2522","8","0.002166894190556675","0.007851959173063989","100","hold"
"221","EGLD","MultiversX","2.9180124509135443","0.863560347689","-1.654544686149","-34.210836255547","87904669","4238928.58","55.2","30","395","449","352","0.09534334438449371","0.003990161857437521","19","hold"
"222","G","Gravity","0.0028082689231623812","2.617933689864","1.459596139366","-27.138875675063","20159780","3755145.36","55.2","55","1312","1219","4","0.0010834470952783375","0.0009150911564246012","","hold"
"223","ELON","Dogelon Mars","3.035995512045855e-8","0.63890868233","8.050245767421","-25.890811707353","30334584","4158113.97","55.1","26","449","366","551","0.14924483737459102","0.0013769450634986695","56","hold"
"224","CWEB","Coinweb","0.0011056400114714743","0.139110739378","-6.620298394299","-15.11358006157","7374960","72614.17","55.1","29","1614","2568","6","0.0016251706429175061","0.00033476360729061414","100","hold"
"225","KAIA","Kaia","0.03706836846988072","0.569679292951","-1.369586987935","-21.824981558217","217255976","6110089.55","55","36","747","1020","99","0.026815315608138858","0.00986166626411575","29","hold"
"226","VANA","Vana","1.1265924128691458","1.170877944973","0.685942187402","-28.079475701117","34632131","1918503.17","55","41","706","1819","17","0.004604650154932935","0.0015720189806752993","100","hold"
"227","B3","B3","0.00059602","10.175923255041663","6.490597698115288","","27670773","8581207","55","62","293","1940","13","0.003521203059654597","0.0012560295630077625","100","hold"
"228","MON","Monad","0.021975394325106364","3.456692287563","1.296862223668","-26.677114978825","260214876","27416894.3","54.9","44","44","616","3106","0.8412966694836291","0.011811653291738512","76","hold"
"229","TRAC","OriginTrail","0.364605761830075","0.724808050719","8.376047455473","5.779154516384","162170759","2752594.59","54.8","64","525","94","158","0.04279616026349433","0.0073612424040126094","31","hold"
"230","VITA","VitaDAO","0.30477323409851004","4.145009074694","21.040417811698","-43.727150987284","7940870","7537.14","54.8","58","597","2784","9","0.002437755964376259","0.0003604513497328554","67","hold"
"231","TRB","Tellor Tributes","13.568743948346532","2.415069501957","3.232712725827","-28.854245011331","37569080","9273135.49","54.7","46","204","887","305","0.08261284101497324","0.0017053327398914252","6","hold"
"232","ME","Magic Eden","0.06286836670584023","-0.664363574784","4.055742816556","-44.410936651508","35541575","161346506.65","54.7","57","938","33","361","0.09778110034886997","0.001613300391566857","43","hold"
"233","MERL","Merlin Chain","0.020553991194826357","0.790412751477","-1.771568989478","-44.949096471451","26050327","5284592.75","54.7","69","844","1136","21","0.005688097250211272","0.0011824744049622076","100","hold"
"234","XMR","Monero","338.8912745547774","-1.854296114571","15.606961403815","-14.244822596478","6365163901","103478957.82","54.6","47","1062","858","618","0.16739257622050313","0.2889270217729666","44","hold"
"235","POL","Polygon Ecosystem Token","0.07589719674778392","1.658210635867","-4.869362490719","-19.699639022528","808641423","33125796.35","54.6","38","221","316","356","0.09642679147977204","0.03670578820333878","30","hold"
"236","AGT","Alaya Governance Token","0.015931974915143653","10.749853655035","4.912050311933","39.732224122025","36733186.11","23881691.19","54.5","50","83","1325","112","0.03033651866779345","0.0016673899098383015","20","hold"
"237","TRIBE","Tribe","0.2807162991387179","0.343848831432","-10.677318347263","-23.032594584616","10627195","75.67","54.5","54","3339","1794","5","0.0013543088690979221","0.00048238880395022865","100","hold"
"238","DYM","Dymension","0.017224331783909384","3.037834814682","9.936191087911","-28.479077967778","9367091","9505827.48","54.5","35","170","926","122","0.033045136405989294","0.000425190261774904","19","hold"
"239","BANK","Lorenzo Protocol","0.03918202","-2.706774120223327","22.21520027166552","","16642276","6562879","54.3","54","1555","1193","149","0.04035840429911807","0.0007554248900720835","80","hold"
"240","GAS","Gas","1.1268615825533193","0.433109734623","-0.05043278455","-33.159151337579","73216286","2088784.29","54.2","52","483","342","314","0.0850505969793495","0.0033234279255455338","96","hold"
"241","NEWT","Newton Protocol","0.05395699213155985","2.657351548577","-2.175737391608","-32.899511759536","11578299","6080846.35","54.2","27","580","2106","9","0.002437755964376259","0.0005255612423022376","100","hold"
"242","KGEN","KGEN","0.17205890043377636","2.149420491952","-15.213068804652","-29.836307941205","34093769","2633373.55","54.1","43","274","1276","159","0.04306702203731392","0.0015475816948936556","26","hold"
"243","OZO","Ozone Chain","0.1307705802963738","0.052291632239","0.456989003703","0.636840977609","125659436","154746.49","54","56","639","264","561","0.15195345511278685","0.0057039232871044804","86","hold"
"244","SN34","BitMind","3.41","22.933164002433543","35.54541369600614","","15609487","256317","53.9","53","2622","1692","1","0.00027086177381958437","0.0007085446125912474","","hold"
"245","WIF","dogwifhat","0.16003584961531567","0.406902394897","1.997857496517","-27.127525063469","159860283","41985806.42","53.8","35","464","322","487","0.1319096838501376","0.007256365458196172","43","hold"
"246","BABYDOGE","Baby Doge 2.0","3.377533775829949e-10","1.36254398605","2.286910523618","-24.932853091797","61584263","2955545.68","53.8","51","269","604","382","0.10346919759908124","0.002795428047638753","55","hold"
"247","BARD","Lombard","0.15963743944283454","-1.721864174544","2.104009296004","-41.151030934403","51576034","9706801.1","53.8","44","1451","157","222","0.06013131378794774","0.002341135299931574","3","hold"
"248","AAVE","Aave","67.38235103474368","3.923463412273","8.43795126544","-31.321627589746","1022980760","111645951.23","53.6","48","50","190","475","0.1286593425643026","0.04643506261816932","21","hold"
"249","WCFG","Wrapped Centrifuge","0.0491666005906289","-27.808002876963","-60.533190166068","-82.880328863831","153609690.52","0.37","53.5","53","5697","2396","5","0.0013543088690979221","0.006972639053400976","","sell"
"250","USDY","Ondo US Dollar Yield","1.1321922530902162","0.156195545082","-0.285565129014","-0.011596137049","2150862071","10026.64","53.4","59","1367","1154","18","0.004875511928752518","0.0976317628397335","67","hold"
"251","S","Sonic","0.030702681151190958","-0.084185386389","2.028532748065","-37.971120081122","116275462","10447321.82","53.4","27","673","353","2667","0.7223883507768316","0.005277966673514531","70","hold"
"252","ZORA","Zora","0.008388288688902179","-0.76517009139","-5.606770507333","-33.603115859885","37558099","12741464.13","53.4","37","1456","1267","97","0.026273592060499687","0.0017048342911985975","7","hold"
"253","MAGIC","Treasure","0.04721181804863961","2.434373115216","-0.7737903058","-32.581082291455","15723605","3642154.04","53.4","60","442","1485","21","0.005688097250211272","0.0007137246479184615","86","hold"
"254","HT","Huobi Token","0.09122","1.4185178211322358","-17.56320045583954","","9978612","1442.56","53.4","50","467","927","169","0.04577563977550976","0.0004529483751604632","52","hold"
"255","PCI","Paycoin","0.03845069955064098","-0.091000668421","0.79735914442","-24.577358542359","39207798","437910.4","53.3","53","2874","1655","5","0.0013543088690979221","0.001779717299131348","","hold"
"256","WMTX","World Mobile Token","0.040909231377180555","1.531327058512","1.072600678394","-34.681012708828","34845970","1459533.24","53","55","429","426","43","0.01164705627424213","0.0015817255438321728","80","hold"
"257","SWETH","Swell Ethereum","1882.5397695442534","0.744832849254","5.653152109233","-26.748953321355","34336596.51","17538.51733475","53","53","4713","1896","1","0.00027086177381958437","0.001558604102228339","","hold"
"258","CNX","Cryptonex","33.064700388300466","1.071712288699","5.11327278218","-20.297640276319","4306313419.06","1506904.09","52.9","60","977","1264","12","0.0032503412858350123","0.19547184178470173","100","hold"
"259","HOT","Holo","0.000314848627868899","0.427485142362","2.600748287318","-27.758656849507","56002318","2440529.17","52.9","74","507","554","218","0.0590478666926694","0.0025420528369396026","96","hold"
"260","HYPER","Hyperlane","0.073139","1.2805618012580253","7.501444899599072","","24712293","13910729","52.9","37","333","263","249","0.06744458168107652","0.0011217384703242584","15","hold"
"261","HMSTR","Baby Hamster Kombat","0.0001668024776040478","-15.384172925074","-7.597908255529","-0.316185617985","10775161","45937715.79","52.9","42","1632","988","423","0.11457453032568421","0.0004891052650451177","54","sell"
"262","AMP","AMP Token","0.0005342494962781187","0.058824666298","1.895879414415","-39.786650469758","46327410","1952892.41","52.8","53","561","150","520","0.14084812238618388","0.002102890169984823","37","hold"
"263","PUMP","Pump.fun","0.00154313","1.1110667235692118","8.229722160856904","","536440986","25598060","52.7","64","235","11","6669","1.8063771696028081","0.024350087264458902","79","hold"
"264","MSOL","Marinade Staked SOL","95.26523965100478","2.219847901183","8.766082882832","-24.736546153704","286505714.79","463802.29","52.7","34","422","666","88","0.023835836096123428","0.01300504498905435","0","hold"
"265","GEOD","GEODNET","0.21056684432484904","2.818247166331","36.04880804365","48.387257881992","94529052","1415630.7","52.7","86","156","69","206","0.055797525406834386","0.004290855332270554","65","hold"
"266","ACE","Fusionist","0.08496573029180292","-1.484823590179","-5.575510595833","-35.157234075589","8614957","2602644.2","52.7","57","1209","182","229","0.06202734620468482","0.0003910494540951445","48","hold"
"267","ABT","Arcblock","0.20957432768548645","3.788362620011","1.084210750506","-24.065856627779","20523581","55260.95","52.6","48","462","2059","22","0.005958959024030857","0.0009316047829521936","60","hold"
"268","JPYC","JPY Coin","0.007315724026978323","9.004904664931","2.984301081242","-4.230787273102","18197208","137.77","52.6","56","316","2601","18","0.004875511928752518","0.000826006241755565","75","hold"
"269","GODS","Gods Unchained","0.027456193090711144","6.999068532132","-3.2098782595","-27.176641189016","10825998","718399.62","52.6","27","475","2547","9","0.002437755964376259","0.0004914128541715445","100","hold"
"270","RESOLV","Resolv","0.01699286","-0.4021659723153711","-7.130152697007951","","7076701","3895531","52.6","48","1141","872","229","0.06202734620468482","0.00032122505809890445","29","hold"
"271","FIL","Filecoin","0.7776839678222408","1.866977176515","4.044176108169","-26.200348153488","613741535","72933711.54","52.5","55","177","471","493","0.1335348544930551","0.027858907736540768","53","hold"
"272","AB","AB (prev. Newton)","0.0010939166650031774","-0.91703586991","-3.101515782761","-24.338255738367","108097573","1626050.04","52.5","29","1797","1176","11","0.0029794795120154285","0.004906756575878444","","hold"
"273","BILL","Billions Network","0.07385381310731906","0.041556000012","-1.602514096163","-64.982645082123","178821642","142295475.68","52.4","51","668","56","265","0.07177837006218987","0.008117057982355265","46","hold"
"274","CC","Canton","0.1617112452942852","-0.499090025177","-1.239731698944","-4.08719009927","6272853316","15716648.46","52.3","47","852","309","489","0.13245140739777678","0.2847368669211834","72","hold"
"275","DCR","Decred","12.214005096548863","2.097284165199","-2.098006280038","-34.919213901458","213150708","1433227.3","52.3","42","280","914","251","0.06798630522871568","0.009675320260262885","10","hold"
"276","TIBBIR","Ribbita by Virtuals","0.120583","4.531687433546105","15.660257029242604","","120571812","1050287","52.3","62","65","82","450","0.12188779821881299","0.005472986256560816","39","hold"
"277","ALCH","Alchemist AI","0.06739095276282375","8.591283240409","13.654048782352","-18.611923929383","57037279","10341398.85","52.2","66","272","411","18","0.004875511928752518","0.0025890317056744975","67","hold"
"278","CORE","CORE","0.02847905379343427","-1.196204220188","5.587877804163","-30.978839667529","35336015","6807584.16","52.2","81","1199","57","81","0.021939803679386336","0.0016039696281302204","96","hold"
"279","TOKEN","TokenFi","0.0025788267956997923","0.011350589307","1.380311151505","-23.215474877014","9714456","7226630.51","52.2","62","710","716","292","0.07909163795531864","0.0004409578266764769","87","hold"
"280","OMI","ECOMI","0.00023138361783563486","-2.505142570544","22.791047497439","58.825242564317","62714069","864152.31","52.1","42","1536","1296","195","0.05281804589481895","0.0028467121131928144","47","hold"
"281","CCD","Concordium","0.004385670973383637","0.656802818292","-16.960189596204","-21.691913203609","55267153","138302.13","52.1","48","1043","1940","23","0.006229820797850441","0.00250868228478016","100","hold"
"282","CLASH","GeorgePlaysClashRoyale","0.010885044236424416","4.709702313313","0.73449904528","-36.609720406595","10911445","735421.02","52.1","36","203","861","53","0.014355674012437973","0.0004952914577100263","38","hold"
"283","TRUTH","Swarm Network","0.012133597637516626","5.673778462505","10.392882531275","-36.179854960808","25077234","1491625.84","52","20","178","1575","106","0.028711348024875946","0.001138303843642655","4","hold"
"284","YB","YieldBasis","0.0895164353855989","-0.819462534953","10.026416568338","-23.705546651587","19066606","3519047.93","52","44","1335","1148","118","0.03196168931071096","0.0008654698877483902","37","hold"
"285","BB","BounceBit","0.02187946976635958","1.453536058351","7.036034645272","-39.700832187779","8946364","7525101.1","51.9","67","212","516","502","0.13597261045743136","0.0004060926547092985","74","hold"
"286","VBNB","Venus BNB","15.203061197967541","0.717326326538","5.31701591324","-10.469475284311","342171417.52","342176041.5","51.8","65","1448","1219","5","0.0013543088690979221","0.01553464315464229","","hold"
"287","XPL","Plasma","0.08734369887970855","3.775462068649","25.282959275701","-9.153441581139","219981208","123589419.13","51.8","74","40","5","885","0.23971266983033218","0.009985369781832973","53","hold"
"288","NPC","Non-Playable Coin","0.005003656646662108","-2.308721652955","11.370572249062","-37.441182465068","40363605","3252599.66","51.8","25","1305","675","373","0.10103144163470497","0.0018321816000430467","34","hold"
"289","APTM","Apertum","0.16911169878510174","0.320425971122","0.477976979384","-8.806761439089","16787115","633154.65","51.8","49","1028","1762","7","0.0018960324167370906","0.0007619994106276343","100","hold"
"290","SFI","saffron.finance","100.64813815153634","1.053438196917","2.99924996742","-9.316875842919","8055866","15783.47","51.8","8","1874","2798","6","0.0016251706429175061","0.0003656712391673732","","hold"
"291","PNUT","Peanut the Squirrel","0.044324159416506435","2.922654844342","7.218364906079","-31.442479890852","44399900","17369474.84","51.7","50","97","184","503","0.13624347223125097","0.0020153967868764763","70","hold"
"292","OG","OG Fan Token","2.7025409234633107","-0.043298510163","6.497630780274","-17.431728406634","12717976","4011073.41","51.7","50","849","939","313","0.08477973520552992","0.0005772933715159751","26","hold"
"293","NFT","AINFT","2.6461722568420107e-7","-0.394384259049","-1.134422576093","-9.923978909209","262700658","6982354.66","51.6","24","1845","1595","4","0.0010834470952783375","0.01192448771379071","100","hold"
"294","SUSHI","SUSHI","0.17610340825331403","1.991340371817","0.811152252022","-23.46883596699","48120222","5984477.12","51.6","43","264","881","215","0.058235281371210645","0.0021842693520161697","5","hold"
"295","NOS","Nosana","0.3491035667355958","6.504532449127","16.76132137311","-3.238184715382","34881245","428112.88","51.6","56","233","443","33","0.008938438536046284","0.0015833267438721968","67","hold"
"296","VSTR","Vestra DAO","0.00627893","0.16928664587574851","-10.498232540742624","","11031735","10974.09","51.6","45","1392","1705","39","0.010563609178963792","0.0005007516519783326","67","hold"
"297","ONDO","Ondo","0.364365826222134","1.596663774731","8.413834688301","-6.820409549497","1772384811","83566298.18","51.5","47","167","596","901","0.24404645821144555","0.08045195266651661","50","hold"
"298","CHZ","Chiliz","0.025925247668962335","-0.579797390819","1.439115895252","-41.516128007015","270394705","51650945.27","51.5","55","973","934","226","0.06121476088322607","0.012273735293219415","65","hold"
"299","ZEST","Zest Protocol","0.278305","0.5118744990122398","3.0931502820242707","","40615948","6889084","51.5","61","530","143","141","0.0381915101085614","0.0018436359337553024","86","hold"
"300","OCEAN","Ocean Protocol","0.10174690716688743","-0.596979121522","-6.076084751853","-18.818221226761","20357365","17889.22","51.5","58","1946","2179","15","0.004062926607293765","0.0009240599192852155","100","hold"
"301","TAIKO","Taiko","0.08488589208420769","-0.405445295673","-1.850097580894","-27.977782909525","16677451","4499868.81","51.5","20","2123","2364","5","0.0013543088690979221","0.0007570215509199317","","hold"
"302","CYS","Cysic","0.4635510691758719","0.198024252117","3.669133607336","-3.290292511529","74444613","4815641.97","51.4","43","750","1060","180","0.04875511928752519","0.003379184048623145","11","hold"
"303","JELLYJELLY","jelly-my-jelly","0.05710349513043337","-2.482894272744","3.065393537035","-4.566153981507","57057168","4780215.85","51.3","39","2274","1406","25","0.006771544345489609","0.0025899345056063484","100","hold"
"304","HOLO","Holoworld AI","0.06491796789416265","5.450797995918","14.900026187695","-11.996658938043","47149820.56","10514974.96","51.3","42","77","579","268","0.07259095538364861","0.002140212080308861","8","hold"
"305","GIGA","Gigachad","0.002735715662377742","-0.334438515591","15.043319631959","-44.906732447548","26217866","6809730.35","51.3","54","889","39","410","0.1110533272660296","0.0011900793221416718","39","hold"
"306","WIN","WINkLink","0.000017666563833779585","-0.242033489752","2.640411277277","-15.847447326915","20826596.53","5812560.51","51.3","47","864","394","176","0.047671672192246856","0.0009453592401815045","90","hold"
"307","SATS","SATS (Ordinals)","9.672450786859467e-9","-0.793050330402","1.751228680369","-34.122391190296","20305980","2541043.7","51.3","72","935","113","794","0.21506424841275001","0.0009217274553856652","77","hold"
"308","XNY","Codatta","0.00583585878524364","-4.468709438144","17.600314514716","-41.639892773341","14538055","2146675.26","51.3","63","1980","1432","51","0.013813950464798804","0.0006599102550779054","64","hold"
"309","INIT","Initia","0.05925186623776029","-2.28745359205","8.399638186804","-38.639024958113","11709345","6990347.18","51.3","63","1725","171","106","0.028711348024875946","0.0005315096720809762","22","hold"
"310","XLM","Stellar","0.1883261700094215","0.001412056785","-11.848423054903","16.125484897686","6371466476","153279143.42","51.2","35","582","532","908","0.2459424906281826","0.28921310776424236","59","hold"
"311","DOGS","DOGS","0.000042972056378761944","-0.637545925474","4.2127061739","-28.638347205776","22179529","8144116.14","51.2","33","1110","556","141","0.0381915101085614","0.001006771445004012","21","hold"
"312","XYO","XY Oracle","0.0036025851725094648","-2.278464766948","3.050186792172","-13.173763303552","50170451","6095935.32","51.1","33","1500","262","253","0.06852802877635485","0.0022773331863707737","11","hold"
"313","BEAT","Audiera","7.31243968076839","-5.668825181925","216.496781116147","1160.746754062816","2105151750","125721010.18","51","41","1309","865","1508","0.40845955491993324","0.09555688352535459","42","sell"
"314","KAITO","KAITO","0.4683337730087502","11.697041926838","3.216655122196","0.115117524045","113941534","24497671.21","51","23","36","504","245","0.06636113458579818","0.005172025196349019","10","hold"
"315","PTGC","The Grays Currency","0.00006316","3.1477567437155662","-7.252148069281638","","18235770","12712.7","51","61","471","1813","28","0.007584129666948362","0.0008277566450424087","71","hold"
"316","TEL","Telcoin","0.0024139776191583273","-1.495444138677","2.040761684229","-25.334965954509","229479430","1195339.83","50.9","47","1127","683","708","0.19177013586426575","0.010416512331699965","51","hold"
"317","HIVE","Hive","0.05001983343282054","-1.576965473394","-3.250506082535","-21.455310761443","27526900","1976795.48","50.9","50","1158","928","313","0.08477973520552992","0.0012494988910486304","64","hold"
"318","OGN","Origin Protocol","0.01771997087399113","1.685508715684","1.685485288909","-25.106404629465","11764100","743445.46","50.9","53","477","687","82","0.02221066545320592","0.0005339951067568521","93","hold"
"319","METH","Mantle Staked Ether","1840.4494442851155","0.758622849441","6.113781710151","-25.955535898473","548096127.52","55181.57","50.8","50","1037","1393","22","0.005958959024030857","0.024879136536416692","67","hold"
"320","FLOKI","Floki","0.00002515357589597834","0.742267245111","5.004819769553","-27.839379203934","242631980","13966464.35","50.8","34","351","290","675","0.18283169732821947","0.011013531852222133","45","hold"
"321","EIGEN","EigenCloud","0.20032410470669199","12.799493422777","20.48481357919","-9.456508907095","158462559.28","19129744.88","50.8","35","49","1004","167","0.045233916227870596","0.0071882400550501106","14","hold"
"322","CELO","Celo","0.06170122440154171","0.003980842421","1.691929249526","-33.316439417189","37113908","1622407.07","50.8","58","562","499","2162","0.5856031549979415","0.0016846716080808548","55","hold"
"323","CSPR","Casper Network","0.002138070324720934","1.155936496921","-0.924278573833","-26.914360888757","34355849","1197464.8","50.8","29","308","703","339","0.09182214132483911","0.0015594780097480717","11","hold"
"324","BIO","Bio Protocol","0.031935434435620365","4.633452064942","19.083498084758","-31.149902055685","68758195","54343442.14","50.6","37","109","1088","95","0.02573186851286052","0.003121066607682139","79","hold"
"325","LEND","Aave (Old)","0.389269","-0.31512595997229503","5.9884863039962415","","13993045","2.53","50.6","35","2839","2481","6","0.0016251706429175061","0.0006351712038004127","","hold"
"326","CELR","Celer Network","0.0021978364607399005","0.46830967702","0.087918969104","-23.545358838668","12414106","1207371.69","50.6","44","836","1010","95","0.02573186851286052","0.0005635001282512795","0","hold"
"327","PYTH","Pyth Network","0.03798352530039744","-0.94079859558","18.474132949905","-24.667082843267","298247834","15358318.04","50.5","56","964","54","519","0.1405772606123643","0.013538042345511333","46","hold"
"328","MINA","Mina Protocol","0.04300619124714282","0.209038059663","-0.936754976128","-34.334000849475","55358196","3739537.95","50.5","35","766","869","252","0.06825716700253527","0.002512814901512801","4","hold"
"329","SN24","OMEGA Labs","2.4","22.516008054819515","48.496590810142735","","11281256","359698","50.4","54","430","2114","6","0.0016251706429175061","0.000512077889687386","100","hold"
"330","ZIL","Zilliqa","0.00322161339390152","2.10107862","4.28277898","","62759686","3917899.92514431","50.3","41","237","655","249","0.06744458168107652","0.002848782756487663","19","hold"
"331","SLP","Smooth Love Potion","0.0005084798143644113","0.353169214418","-1.87475830746","-30.664562032539","18457349","965181.65","50.3","38","723","929","248","0.06717371990725693","0.0008378145416736917","9","hold"
"332","ATOM","Cosmos","1.9422389933593787","-3.114431595564","16.811592108321","-4.267619465615","996726142","28233661.95","50.2","48","1281","571","509","0.13786864287416845","0.04524331505211918","45","hold"
"333","WAL","Walrus","0.03444362","0.04890864682213612","-2.5859860593554127","","82769367","9390127","50.1","65","711","88","156","0.042254436715855166","0.0037570606308482643","36","hold"
"334","MEY","Mey Network","0.049926743297516674","0.1328518587","-0.666099562179","-9.484343110856","13436447","144124.04","50.1","51","2724","1341","4","0.0010834470952783375","0.0006099061509335848","100","hold"
"335","SN19","Nineteen.ai","3.02","23.769391067705886","29.394028660240362","","13331576","144446","50","50","2648","1256","1","0.00027086177381958437","0.0006051458547068698","","hold"
"336","SAFE","Safe","0.09316839617467158","-0.210197021286","-3.851121097619","-37.356113571246","69792112","704482.87","49.9","53","858","268","282","0.0763830202171228","0.0031679980872507184","78","hold"
"337","DRIFT","Drift Protocol","0.016495197418142208","-0.076530212226","-9.282885191645","-50.09755746371","10088209","6101522.85","49.9","60","1068","191","42","0.011376194500422545","0.0004579231936094079","33","hold"
"338","HBAR","Hedera","0.07873373994909398","0.603781200859","-2.725818811682","-17.213369754105","3420805285","44785071.53","49.8","59","357","539","837","0.22671130468699213","0.1552769258471093","73","hold"
"339","API3","API3","0.2583042269000999","0.324588694723","-0.408073526659","-29.303069322667","36836990","6450691.62","49.8","25","1733","2153","8","0.002166894190556675","0.0016721017678913894","0","hold"
"340","LUNC","Terra Classic","0.00007315548965194211","-1.340723984773","9.028407854797","-6.491274037799","404074751","16609291.04","49.7","59","1002","18","555","0.15032828446986934","0.01834172948189776","60","hold"
"341","ROSE","Oasis","0.006440068654508175","0.966348233471","-1.954824323596","-45.500330129322","50043752","2182601.52","49.6","44","374","665","405","0.10969901839693168","0.002271582075275918","31","hold"
"342","UAI","UnifAI Network","0.26675549374547863","-4.744493571127","-3.063231816328","7.919990359496","63861347","5001772.49","49.5","54","1462","1079","305","0.08261284101497324","0.0028987892664038366","61","hold"
"343","METIS","Metis","2.7215026133831635","6.488353230471","6.108132543568","-29.80792927475","20468422","4357711.14","49.5","37","76","730","258","0.06988233764545278","0.0009291010099399275","6","hold"
"344","MASK","Mask Network","0.3682101616207378","1.287363632478","2.441028180338","-28.462109214639","36776092","9410670.3","49.4","70","283","120","465","0.12595072482610675","0.0016693374906401521","48","hold"
"345","FIGR_HELOC","Figure Heloc","1.018","-1.6781300452970653","-1.5085354288036745","","19162760760","95054","49.1","75","2283","932","11","0.0029794795120154285","0.8698345370909984","","hold"
"346","IMX","Immutable","0.14549466040161385","1.980146823061","13.009924158046","-28.336156606811","122456097","11613617.54","49.1","55","145","528","524","0.14193156948146224","0.00555851757385116","42","hold"
"347","BIM","BIM","1.0862677549138882","0.850037598448","6.379782521214","-25.242999208395","43108211.95","193511.36","49.1","31","1546","2297","5","0.0013543088690979221","0.0019567645839747416","","hold"
"348","BLAST","BLAST","0.00031573322731803924","-1.427404023092","-1.798446920554","-35.734217847813","19936268","2367160.44","49","33","1566","1362","139","0.03764978656092223","0.0009049455172085594","25","hold"
"349","XRD","Radix","0.001119803147109745","1.290695638928","7.017213723171","-7.526790971071","15067970","153686.49","49","62","1099","1912","11","0.0029794795120154285","0.0006839641152964565","100","hold"
"350","XAN","Anoma","0.00887999","-0.6997035401765048","13.011004526598194","","22167486","3478494","48.9","47","1478","275","101","0.027357039155778022","0.0010062247900902766","14","hold"
"351","ARPA","ARPA","0.008465873774953935","1.311704547755","0.022333937947","-27.423843593703","8302250","2978421","48.9","35","801","1448","11","0.0029794795120154285","0.00037685508241787086","50","hold"
"352","GEKKO","Gekko HQ","6.196627034291471e-7","0.318817698628","1.455445282412","-1.041648251724","50637108.81","25293.59","48.8","48","4691","1814","2","0.0005417235476391687","0.0022985156811701946","","hold"
"353","CKB","Nervos Network","0.0011473155342781442","1.255012569","7.67579487752","-28.641166135056","56038281","2739941.43","48.6","41","378","319","258","0.06988233764545278","0.0025436852666217966","6","hold"
"354","DAO","DAO Maker","0.030729807325272","0.721581790297","8.997891244952","-32.387740084353","7708638","1109495.03","48.6","63","1067","695","10","0.0027086177381958443","0.0003499098929590811","100","hold"
"355","OKB","OKB","75.05663358840724","1.502302231505","6.956387952345","-11.947605357012","1573182674","13459573.42","48.5","60","190","53","487","0.1319096838501376","0.07140978484972586","53","hold"
"356","SD","Stader","0.1452360202911321","4.188876855074","3.215901385936","-23.796597432474","10467698","1348031.36","48.5","40","124","362","88","0.023835836096123428","0.00047514892860554456","6","hold"
"357","USUALX","USUALx","0.01720825","-0.4391808878963584","6.557845930151577","","8001311","862.04","48.5","48","4477","2079","1","0.00027086177381958437","0.000363194882875849","","hold"
"358","ETHFI","Ether.fi","0.31651704672188796","0.07809702054","5.272221800865","-28.839551515946","278615867","32622504.11","48.4","52","791","158","147","0.03981668075147891","0.012646909635485749","33","hold"
"359","AIOZ","AIOZ Network","0.05770883964888312","3.224864155967","6.941398068836","-20.774243588303","71657186","2769013.45","48.4","53","220","1250","110","0.029794795120154285","0.0032526573803321637","6","hold"
"360","DASH","Dash","35.72919389665609","3.001535667469","6.896943708305","-21.574816715437","456034863","52732910.71","48.3","47","92","666","415","0.11240763613512753","0.02070029882035442","49","hold"
"361","LION","Loaded Lions","0.0015937136227174536","0.41410575292","2.987977792558","-16.696920517481","48826178","23803.9","48.3","65","1115","1516","46","0.012459641595700881","0.0022163140515329745","80","hold"
"362","CTK","Shentu","0.12844847495341952","1.980608904922","1.425741693196","-35.455674778749","20523520","1540670.94","48.3","38","1005","2116","7","0.0018960324167370906","0.0009316020140449664","100","hold"
"363","PHNIX","PHNIX","0.00001393","1.608047026807301","2.692504573593558","","7390328","182194","48.3","45","444","711","67","0.018147738845912153","0.00033546119034419576","45","hold"
"364","BRETT","Brett","0.00695979854526294","20.939789556894","29.237122377292","-23.282320239308","68074147","14790008.88","48.2","51","15","73","381","0.10319833582526165","0.0030900163543872154","34","hold"
"365","VEE","BLOCKv","0.006088676630128299","2.003559631883","9.108713899849","-50.780747228804","11862580","1192.55","48.2","47","670","2437","25","0.006771544345489609","0.0005384653032116097","88","hold"
"366","HNT","Helium","0.30992889957383185","2.740753235015","-36.286217141692","-65.017738296021","56646341","4702994.14","48.1","44","174","966","205","0.0555266636330148","0.00257128627856615","22","hold"
"367","WOCT","Wrapped OCT","0.0726094680119613","-3.761","0","","45395637.7","170344.27","48.1","75","3163","2677","9","0.002437755964376259","0.002060595234646669","100","hold"
"368","SUN","Sun Token","0.016888091051164206","-0.266291861521","-3.665513843895","-15.308095577562","324892224","57746794.38","48","34","2402","1968","4","0.0010834470952783375","0.014747482411689045","","hold"
"369","CVX","Convex Finance","1.3340763851689397","-2.413908218256","9.422810294195","-27.760342319827","120611344","3947589.28","48","47","1351","871","358","0.09696851502741122","0.005474780690011766","32","hold"
"370","SANTOS","Santos FC Fan Token","0.6401157498913351","0.593736184147","2.568898151853","","10275487","1883186.26","48","60","1017","1685","22","0.005958959024030857","0.0004664241019324594","100","hold"
"371","QI","Benqi","0.0013852928072576624","0.664939076648","3.819317587119","-23.452935276656","9951581","398166.49","48","42","813","1334","96","0.026002730286680098","0.0004517213861234145","12","hold"
"372","PUFETH","pufETH","1807.5104560949596","0.746901220226","6.867802653548","-26.154768161208","62275669.56","558.88","47.9","47","4122","1649","2","0.0005417235476391687","0.0028268123201134507","","hold"
"373","MOG","Mog Coin","1.0964533352540792e-7","0.084350012349","3.657147643891","-33.027155124656","42667883","7863491.03","47.8","38","692","571","361","0.09778110034886997","0.0019367772067284256","16","hold"
"374","APEX","ApeX Protocol","0.26674137080815297","5.207416933977","7.05171271575","-10.121030351493","36973642.92","1238147.86","47.8","63","134","1085","43","0.01164705627424213","0.0016783047065440729","90","hold"
"375","STIMA","STIMA","0.9995974201107919","0","-0.3300297528","-1.692806082397","31757816.02","0.71","47.8","47","5724","3213","1","0.00027086177381958437","0.001441548299994421","","hold"
"376","AGIX","SingularityNET","0.09032357075204124","8.73636168957","1.153528429442","-4.409631970743","21967949","13751","47.8","69","214","1684","30","0.00812585321458753","0.0009971674221983902","100","hold"
"377","SN52","Dojo","1.91","24.22946661538245","41.0732578670718","","8342014","37260","47.8","47","2783","2864","1","0.00027086177381958437","0.00037866004679466803","","hold"
"378","PYR","Vulcan Forged","0.1813762282574021","-1.128820618024","-3.971101968625","-35.755215388652","8242975","3166535.86","47.8","43","1662","908","55","0.014897397560077142","0.0003741644762556475","67","hold"
"379","ORCA","ORCA","1.1468511397269106","-5.150816600441","12.014734104747","-20.59050976498","69726096","31577133.13","47.7","78","1511","32","344","0.09317645019393704","0.003165001494143922","54","sell"
"380","YFI","yearn.finance","1903.435728340444","0.277624591738","5.087667499416","-29.679574195988","68084527","2327883.43","47.7","40","789","357","226","0.06121476088322607","0.0030904875225350663","2","hold"
"381","LBT","Law Blocks","0.23993933699675352","-0.102121969153","0.687584027287","18.137756729033","58706489","598716.36","47.7","47","2915","1589","3","0.0008125853214587531","0.0026648003553926746","","hold"
"382","CBBTC","CBBTC","64536.260476380434","1.41870325745","5.326987902811","-20.772773129564","6137262295.38","149245118.14","47.6","50","541","630","18","0.004875511928752518","0.2785821299220719","100","hold"
"383","APEPE","Ape and Pepe","0.0000010900504505554228","0.133747930103","4.49938846271","-10.495535117193","228928850","29320286.54","47.6","40","1058","1397","52","0.014084812238618388","0.010391520447418277","94","hold"
"384","WNXM","Wrapped NXM","44.63514149134081","0.489971107553","4.012358589664","-23.8297683625","24421134.99","61636.12","47.6","47","3377","1571","4","0.0010834470952783375","0.0011085222487150351","","hold"
"385","SOPH","Sophon","0.005774778142105701","-6.008369980675","6.118387438864","-34.438189624558","19886619","14212811.54","47.6","79","1855","919","67","0.018147738845912153","0.0009026918536851814","73","sell"
"386","DIA","DIA","0.12455560907341579","0.055056717058","-1.998074249252","-37.805466778691","14849178","2320386.23","47.6","63","625","611","327","0.0885718000390041","0.0006740327259511139","53","hold"
"387","RAD","Radworks","0.22276546304224173","0.853885371815","4.925796872195","-28.779149765363","11055061","3109971.1","47.6","51","539","673","126","0.034128583501267636","0.0005018104639452667","30","hold"
"388","REDO","REDO","0.0728333083633143","9.268","0","","7283330.84","49148.91","47.6","64","95","154","86","0.02329411254848426","0.0003306043836291151","77","hold"
"389","OGY","ORIGYN Foundation","0.0008623669054531953","3.195344757297","5.087572222809","-5.248141284881","7045887","188053.95","47.6","56","533","1071","17","0.004604650154932935","0.0003198263514218441","0","hold"
"390","OUSG","OUSG","115.55","0","0.06465507237662399","","484049655","0","47.5","37","1796","2511","4","0.0010834470952783375","0.02197194406689355","0","hold"
"391","MNEE","MNEE","0.9986513097457778","0","-0.036554800926","","100209951.51","143692.94","47.5","22","3457","2195","2","0.0005417235476391687","0.0045487222783452555","","hold"
"392","AGETH","Kelp Gain","3239.91","0","113.79164927286705","","32258294","12.83","47.5","47","5426","1784","1","0.00027086177381958437","0.0014642659573043345","","hold"
"393","DIFX","DigitalFinancialExch","0.07906112887877369","-3.051775357508","-6.765506534838","-6.733665811012","23078415.73","1548323.87","47.5","47","4232","2331","2","0.0005417235476391687","0.0010475736411217488","100","hold"
"394","YOUSD","Yield Optimizer USD","1.052","0.012830000000006107","0.07667099486799789","","11969284","62.5","47.5","47","2197","1853","4","0.0010834470952783375","0.0005433088028309077","100","hold"
"395","ANDY70B","ANDY70B","0.01196968","0","0","","11555329","16.75","47.5","47","5416","1187","2","0.0005417235476391687","0.0005245185898594494","","hold"
"396","ASP","ASPECTA","0.025956543558191804","1.010614391516","4.620534233252","-9.701537532538","8733167","1071137.72","47.5","57","1234","2553","11","0.0029794795120154285","0.0003964152331661935","100","hold"
"397","PURR","Purr","0.09219644216341204","1.699025059248","5.162095591371","25.208216569302","54831734","581799.42","47.4","66","249","122","238","0.0644651021690611","0.002488917779600081","78","hold"
"398","KMNO","Kamino","0.01764036","-3.13350039420546","20.573914178699205","","84501849","6674113","47.3","71","1196","3","791","0.21425166309129123","0.003835701318239933","38","hold"
"399","ERA","Caldera","0.10253627305947215","2.178358939074","2.170883087232","-26.576380034189","17878706","4846285.12","47.3","50","377","525","81","0.021939803679386336","0.000811548823891702","8","hold"
"400","ACX","Across Protocol","0.042856729484589434","1.239970933375","5.035117836882","0.925713104481","30135620","2358282.51","47.1","51","996","1397","14","0.003792064833474181","0.0013679137051779504","100","hold"
"401","ICNT","Impossible Cloud Network Token","0.20515","-0.07469792005837714","-12.842313002031954","","52108694","1903349","47","28","1660","382","15","0.004062926607293765","0.002365313760975352","100","hold"
"402","VTHO","VeThor","0.0003991981543723271","1.032967905311","0.161720207835","-31.045102165633","40136416","1410580.88","47","52","568","1085","102","0.027627900929597608","0.0018218690547306996","21","hold"
"403","VANRY","Vanar Chain","0.003512842074841632","0.415463094336","-2.704147170117","-38.73909931108","7539933","928831.85","47","68","1023","985","35","0.009480162083685453","0.00034225204879884667","63","hold"
"404","PAXG","PAX Gold","4222.57918599559","0.300924367334","-1.954380326605","-8.377562429495","1930005766","50724271.89","46.9","43","496","247","255","0.06906975232399402","0.0876066707233456","80","hold"
"405","CBETH","Coinbase Wrapped Staked ETH","1907.2586968434357","0.894041288206","6.408773738752","-26.133637163792","297876801.89","1637034.68","46.9","31","1970","2205","3","0.0008125853214587531","0.013521200485004395","","hold"
"406","HUMA","Huma Finance","0.022555605862026522","-2.663750278429","-6.068003237078","-12.1521708539","39128130","7255773.52","46.9","37","1323","46","328","0.08884266181282369","0.0017761010155087076","24","hold"
"407","VINE","Vine Coin","0.012463211624355711","-1.129090787169","13.742357413014","-30.991304101361","12463138.14","3922578.91","46.9","54","1189","38","257","0.06961147587163319","0.0005656543417054389","49","hold"
"408","SUSD","sUSD (Optimism)","0.3638694354180042","17.197366927778","-33.148502930995","-45.115039910765","11975116","56385.3","46.9","64","62","1423","162","0.04387960735877267","0.0005435735285186021","85","hold"
"409","USYC","Hashnote USYC","1.13","0","0","","3007900705","562932","46.7","71","1391","1041","10","0.0027086177381958443","0.13653439345810436","100","hold"
"410","SKY","Sky","0.056300404761405104","-0.118111934548","0.886376262273","-22.114936836202","1309640758","11801032.03","46.7","53","730","440","635","0.1719972263754361","0.059447110818620606","59","hold"
"411","JST","JUST","0.07434911305224466","-2.367746952392","-11.30728333077","-18.098492890345","637086974","31756339.14","46.7","41","1487","75","245","0.06636113458579818","0.028918602077042003","28","hold"
"412","AR","Arweave","2.0193062441665655","4.257790647321","3.399030052395","-14.359974023628","132902147","29135367.25","46.7","32","55","389","263","0.0712366465145507","0.0060326838581344815","52","hold"
"413","SPK","Spark","0.019239577417201073","-4.755764309742","-4.146385781837","-42.968144446704","53412817","16607933.54","46.7","31","1966","1287","33","0.008938438536046284","0.0024245104101545552","75","hold"
"414","ON","Orochi Network","0.07617367421038664","0.189497472599","-14.234082643021","-41.372272058342","10986206","722329.27","46.7","81","601","905","422","0.1143036685518646","0.0004986850031725987","96","hold"
"415","ULTIMA","Ultima","2283.3036927392955","-0.98670321819","1.185113998794","-22.846544183552","193060767","14241052.83","46.6","26","1844","1125","8","0.002166894190556675","0.00876339923026196","50","hold"
"416","GMX","GMX","5.614479980618372","-0.112990864723","0.938469422884","-21.211102279572","58722748","3578023.13","46.6","53","945","185","255","0.06906975232399402","0.002665538382648543","2","hold"
"417","TT","ThunderCore","0.0006707433850011705","-1.273890066861","1.304783302341","-24.453055525639","9097803","236317.39","46.6","70","2661","1276","8","0.002166894190556675","0.0004129667619484541","100","hold"
"418","BDX","Beldex","0.07956598725943555","0.499885384384","1.138606125263","0.555228121734","618710426","6798230.84","46.5","83","806","83","58","0.015709982881535894","0.028084455248038303","91","hold"
"419","SIREN","SIREN","0.13552881107856124","-67.46452412","-85.04824454","","97224260","321621140.1159689","46.5","30","1556","965","1243","0.3366811848577434","0.004413196002928906","52","sell"
"420","BFC","Bifrost","0.012228078134908968","0.197369301554","-1.145596670755","-24.164332391814","16998288","781613.07","46.5","60","649","149","255","0.06906975232399402","0.0007715849589211005","64","hold"
"421","BOBA","Boba Network","0.02226885","-0.5452348624403142","-1.6406663964502637","","10979791","734176","46.5","49","1288","1470","136","0.03683720123946348","0.0004983938139945192","37","hold"
"422","FRAX","Frax","0.9932485654399578","0.073356066237","0.042717750648","-0.077440097155","240240458","189938.64","46.4","42","877","550","231","0.062569069752324","0.010904976072714873","9","hold"
"423","ICX","ICON","0.0290293910787326","-0.805952473578","-2.434688869992","-25.714365013438","31721648","3846755.78","46.4","79","1815","290","23","0.006229820797850441","0.001439906564060428","100","hold"
"424","BNX","BinaryX","30.47025399725599","0.581226464416","-1.861441872548","-17.697665393413","19807187","14.7","46.4","61","2081","2231","28","0.007584129666948362","0.0008990862825560759","89","hold"
"425","PARTI","PARTI Token","0.060636","-1.0079651031069508","3.825166180988088","","14128113","16771300","46.3","32","1215","132","284","0.07692474376476197","0.0006413021998884632","8","hold"
"426","RLB","Rollbit Coin","0.060113045939027845","1.014155020714","2.099223180704","-6.579506599808","99166016","278643.36","46.2","34","581","1094","207","0.05606838718065397","0.004501336039354621","5","hold"
"427","AZTEC","AZTEC","0.01641755","0.19774802185918666","4.642373414518915","","48266653","4020432","46.2","54","819","210","132","0.035753754144185135","0.00219091613651116","20","hold"
"428","TROLL","TROLL","0.080388","9.364000959529845","15.95484872145066","","80627278","2562131","46.1","40","16","21","1560","0.4225443671585516","0.0036598270945609433","35","hold"
"429","BNKR","BankrCoin","0.00049345","0.5209266862081959","-11.752272071580874","","49380877","2313609","46.1","62","491","26","334","0.09046783245574119","0.002241492905140383","59","hold"
"430","CORGIAI","CorgiAI","0.000034938954184921603","0.986714427711","6.899508046549","-9.767529355528","12606298","12280.52","46.1","46","2394","1978","4","0.0010834470952783375","0.0005722240924778513","","hold"
"431","SNEK","Snek","0.0004000836239859382","4.046642528061","33.512249404134","-30.390481951219","29951508","2619697.1","46","61","98","67","194","0.052547184120999374","0.0013595565076791858","58","hold"
"432","FUN","FUNtoken","0.0021018751095247755","-9.299920381299","30.917880370158","212.262727803878","22320287","759672.5","46","61","1736","54","320","0.08667576762226702","0.0010131607211268671","44","sell"
"433","NEO","NEO","2.2099418268797426","0.713195699967","1.51143709171","-29.311538643154","155890251","6498395.73","45.9","33","417","363","288","0.0780081908600403","0.007076158076274212","18","hold"
"434","MBX","Marblex","0.028169285758792864","0.218426686568","-1.45062773954","-31.851592656004","7822609","771489.95","45.9","54","805","325","33","0.008938438536046284","0.0003550832556737967","31","hold"
"435","MIM","Magic Internet Money","0.8363790857247997","-5.790777415959","-15.858857287172","-16.30883592369","103613624.41","21591.85","45.7","58","2496","1513","162","0.04387960735877267","0.004703221532312911","83","sell"
"436","SC","Siacoin","0.0007252600344917903","-0.604823044618","3.142481282753","-25.530340103168","36080417","3657546.63","45.6","55","1704","738","37","0.010021885631324622","0.0016377594654709445","86","hold"
"437","ASR","AS Roma Fan Token","1.0489213738821548","2.397498850362","5.037343809381","-15.358284382728","9049448","5354201.57","45.6","71","407","376","32","0.0086675767622267","0.0004107718355718314","100","hold"
"438","BEAM","BEAM","0.0014595198598059142","0.074851719015","-1.13860420062","-24.85467913174","74737812","2591753.22","45.4","47","887","742","81","0.021939803679386336","0.0033924929146907576","80","hold"
"439","RSC","ResearchCoin","0.10173009663846785","4.616568165836","-16.818121029266","-30.81860785143","22276272","556479.43","45.4","50","469","1841","12","0.0032503412858350123","0.0010111627956906756","67","hold"
"440","AXS","Axie Infinity","0.9734849366390387","1.586978464686","3.509257540559","-23.192607372388","168371515","14145886.09","45.3","55","289","195","235","0.06365251684760234","0.0076427066352069365","45","hold"
"441","WALLET","Ambire Wallet","0.015783295888411864","5.368268753634","22.610176638956","71.528146822949","11472056","23206.5","45.2","34","906","1802","4","0.0010834470952783375","0.0005207386683588702","","hold"
"442","AEVO","Aevo","0.0199200616782825","0.754235902568","1.214685463442","-31.244210684821","18228525","3880658.74","45.1","32","631","917","112","0.03033651866779345","0.0008274277805692697","6","hold"
"443","TRX","TRON","0.3156105150384732","0.093042008559","-2.541072564","-10.512367982505","29949462446","368499094.74","44.8","29","555","305","362","0.09805196212268955","1.3594636560520652","46","hold"
"444","AUDIO","Audius","0.015304017908295824","1.724219678061","2.525658645525","-26.732182340872","21748419","2030139.13","44.8","41","379","1119","66","0.017876877072092567","0.00098720253361479","80","hold"
"445","MOVE","Movement","0.012070397619775766","0.349003579776","1.84682835152","-34.567084696867","48127105","12753591.23","44.7","29","583","1032","246","0.06663199635961777","0.002184581784613632","22","hold"
"446","IRYS","Irys","0.01981987","12.654171743757328","10.07892075183186","","39462673","17397493","44.7","60","30","760","278","0.07529957312184446","0.0017912865651894955","32","hold"
"447","ZBT","ZEROBASE","0.115336","-7.860317645460395","0.3189055443451365","","28262324","16518029","44.7","73","1747","41","151","0.04090012784675724","0.0012828811997158086","83","sell"
"448","REQ","Request","0.058437671590487926","3.157045708029","6.940616705821","-18.07920985778","43552032","1356753.57","44.6","44","292","592","88","0.023835836096123428","0.0019769104289591075","0","hold"
"449","DIAM","DIAM","0.006690557081475156","0.243685511723","0.330602075521","-9.807209166636","13253533","360030.04","44.6","43","3268","2162","3","0.0008125853214587531","0.0006016033329570865","","hold"
"450","IOTA","IOTA","0.04671003886042332","-0.057306303217","2.336734507583","-24.925465084935","209975922","6773485.53","44.5","43","952","206","160","0.04333788381113351","0.00953121062255153","13","hold"
"451","THETA","Theta Network","0.16183440162552878","3.079709448563","6.300470613737","-28.61294861497","161012383","6883704.83","44.5","29","151","830","259","0.07015319941927237","0.007308661491253913","12","hold"
"452","APE","ApeCoin","0.12804792310509308","-1.236327928928","1.026264560719","-16.293191060908","128078052","10875426.42","44.5","53","992","561","1579","0.42769074086112374","0.00581370891533986","71","hold"
"453","ALEO","ALEO","0.031571903709772565","0.416931892939","3.383184136089","-35.346399039472","37495698","1754950.05","44.5","36","855","392","88","0.023835836096123428","0.0017020017898889575","9","hold"
"454","QRL","Quantum Resistant Ledger","0.9700762413374399","2.370420997138","-5.346902090477","-8.278424089313","76230721","27547.26","44.4","66","521","2068","51","0.013813950464798804","0.003460258923211024","91","hold"
"455","FB","Fractal Bitcoin","0.4081209905670813","0.843302165531","4.965314106337","-10.240232946142","42415738","2945387.78","44.4","64","1176","846","10","0.0027086177381958443","0.0019253318606166786","100","hold"
"456","SKL","SKALE","0.004321325595582379","0.552226315619","-2.894861790627","-38.506927106438","26327576","3571052.49","44.4","34","599","587","280","0.07584129666948362","0.0011950592698777753","4","hold"
"457","SHFL","Shuffle","0.29357443072949263","-1.501956421881","-1.722303349396","-0.820753859799","125672708","628650.46","44.3","44","3493","654","5","0.0013543088690979221","0.005704525728690056","0","hold"
"458","ZEN","Horizen","4.460000368558213","3.093475190801","3.529993954241","-31.761712559408","80709247","19746056.8","44.3","50","149","732","156","0.042254436715855166","0.003663547824995549","20","hold"
"459","TRILLIONS","trillions","0.02269223","0","0","","22692226","3283449","44.3","44","816","478","76","0.020585494810288412","0.0010300437471137285","70","hold"
"460","SAHARA","Sahara AI","0.01532841","-1.8828314600030565","-53.09423707721891","","52168254","24248115","44.2","34","1269","951","214","0.05796441959739106","0.0023680173038352764","33","hold"
"461","LINEA","Linea","0.0025312993413413036","0.492214644768","0.61290041896","-35.155931677822","77588724","18172160.66","44.1","40","509","79","347","0.09398903551539578","0.003521901289134565","21","hold"
"462","RVN","Ravencoin","0.004398942465307926","0.069636377893","4.064318409292","-26.310215788473","71673119","3437009.31","44.1","51","1361","455","26","0.007042406119309194","0.003253380609821539","67","hold"
"463","BNB","BNB","609.2735805449012","0.590917769957","5.221125935528","-10.460708723436","82165468856","814305421.83","44","56","350","130","1174","0.3179917224641921","3.7296485335458316","68","hold"
"464","WXTZ","Wrapped XTZ","0.23830104150322784","1.713029651017","-3.166481954878","-37.166469960196","388758238.87","6899.75","44","44","4205","1278","1","0.00027086177381958437","0.017646483561682698","","hold"
"465","ZK","zkSync","0.011664753491612615","-2.29225407","11.21166905","","112861059","28336293.63097866","44","73","1129","18","736","0.1993542655312141","0.005122980359687216","64","hold"
"466","ERG","Ergo","0.2268712524411193","1.935014585326","7.252644641391","-25.713423349951","18892520","113863.83","44","46","811","1086","13","0.003521203059654597","0.0008575677896571742","0","hold"
"467","RSWETH","Restaked Swell Ethereum","1792.9474191842394","1.079475407015","8.183340690943","-27.267311769519","23236977.42","14233.6536034","43.9","43","3376","1937","2","0.0005417235476391687","0.001054771060948093","","hold"
"468","RENDER","Render","1.768640568213392","4.819958455104","7.303748082901","-7.433360440173","914579353","56034660.72","43.8","58","31","25","874","0.23673319031831674","0.041514514433135356","38","hold"
"469","CHILLGUY","Just a chill guy","0.00894249536599285","4.767223728709","7.491484271904","-47.268747800669","8973387","5352976.42","43.8","40","105","976","216","0.05850614314503023","0.0004073192806109731","12","hold"
"470","ZRO","Layerzero","0.9427722986811397","2.209084036094","1.9557268229","-33.337389068755","237797793","22798392.94","43.7","70","136","95","425","0.11511625387332336","0.010794098814153127","45","hold"
"471","TAC","TAC Protocol","0.016309929480759294","-0.367608811143","-11.764082393088","-27.424910958848","75830608.55","2100868.51","43.6","62","1863","1580","15","0.004062926607293765","0.0034420961931866177","","hold"
"472","WSTETH","Lido wstETH","2077.827172171819","0.710926619515","6.454694608095","-26.350462507743","9591072136.25","2441532.61","43.5","31","1773","1924","6","0.0016251706429175061","0.4353571959868998","100","hold"
"473","CAKE","PancakeSwap","1.3477188143532461","1.925313602427","9.53589402863","-11.820801718164","474466357","18445117.03","43.5","42","201","497","316","0.08559232052698866","0.02153693975389105","29","hold"
"474","PENGU","Pudgy Penguins","0.006802709868881236","0.054449004951","3.703260190107","-25.172424391116","427598709","69188574.52","43.5","55","532","382","1022","0.27682073284361525","0.019409527142879364","71","hold"
"475","BRISE","Bitgert","1.9460698755909008e-8","0.646909199144","1.24293789473","-19.687283144376","7651697","594190.03","43.5","53","695","420","177","0.04794253396606644","0.00034732523154224165","0","hold"
"476","MEME","MemeCoin","0.0005601415525244974","-3.101653993704","-6.168497977124","-5.37604310832","35620470","14173744.76","43.4","52","1304","785","643","0.17416412056599276","0.0016168815872339786","41","hold"
"477","RLC","iExec RLC","0.356173691819345","0.410170937414","2.86899914597","-23.879114587277","25714569","2007615.62","43.4","57","1079","1230","30","0.00812585321458753","0.001167233704096483","89","hold"
"478","RBNT","Redbelly Network","0.0036918672348400885","0.725078661548","-1.080498029267","-21.252757771735","9814723","169695.54","43.4","52","765","1001","35","0.009480162083685453","0.00044550913849541665","100","hold"
"479","PUNDIX","Pundi X","0.10409292278474261","2.242195132634","-0.68362583575","-32.719645356817","26464714","2053396.8","43.3","63","345","187","32","0.0086675767622267","0.0012012842272438656","100","hold"
"480","USDD","USDD","0.999525670993259","-0.002205762592","-0.034339709095","-0.020748882658","1363818655","51919645.72","43.2","38","862","375","135","0.036566339465643895","0.061906349680274","39","hold"
"481","USELESS","USELESS COIN","0.06738004997212275","0.418120278135","-0.571864149437","-0.694133147053","67337434","9914310.89","43.2","45","451","17","730","0.19772909488829662","0.0030565755355328908","31","hold"
"482","GUSD","Gemini Dollar","0.9991390266543879","-0.016565006055","-0.004912057618","-0.034645474705","39424598","637525.51","43.2","20","2483","2029","6","0.0016251706429175061","0.001789558267768548","100","hold"
"483","REAL","RealLink","0.06073810215995927","3.5074543587","20.387533304916","-21.812149905541","198899331","6432096.84","43.1","64","271","713","24","0.0065006825716700245","0.009028422870530807","80","hold"
"484","BITCOINALT","HarryPotterObamaSonic10Inu (ERC-20)","0.01272382427251456","8.605652699505","0.316992095064","-35.524265039375","12058050","2461662.61","43.1","32","69","1126","150","0.04062926607293766","0.0005473380621577052","71","hold"
"485","ETHW","ETHPoW","0.24101861530927143","2.15170300938","7.163616979607","-22.242075231235","25986385.86","1935600.93","43","43","327","290","83","0.022481527227025504","0.0011808807172852343","0","hold"
"486","TREE","Treehouse","0.04648982537411001","-0.467793388653","3.862003014083","-33.603960335212","7226902","5422030.1","43","59","1624","307","26","0.007042406119309194","0.0003280429701389233","86","hold"
"487","FF","Falcon Finance","0.07742521683768366","-3.25071161266","-17.970880919169","-2.982720990991","222741347","22816075.16","42.9","49","1550","151","137","0.03710806301328306","0.010110657795363014","40","hold"
"488","WPOL","WMATIC","0.0757514814631593","1.095","0.16117205301464607","","18417690.34","13045.8","42.9","42","4556","2104","1","0.00027086177381958437","0.0008360143588819327","","hold"
"489","WIBE","Wibegram","4.31689661029962","1.218696317397","9.391980565088","47.810245588888","58335766.9","186901.15","42.8","42","4209","1650","1","0.00027086177381958437","0.0026479725668354004","","hold"
"490","ANVL","Anvil","0.00043493","1.1350156382524175","5.998754253733412","","35351419","81252","42.8","42","1223","1327","8","0.002166894190556675","0.0016046688452929852","67","hold"
"491","TON","Toncoin","1.7161023291884134","1.631061881608","-2.146983336466","-18.33454040119","4605079574","146221382.32","42.7","71","169","346","913","0.24729679949728056","0.20903341171376721","63","hold"
"492","AIO","OLAXBT","0.1361269687912133","6.563310246406","15.379157477873","10.112563922049","31393093","5265208.18","42.7","25","45","1081","213","0.057693557823571474","0.001424992821207129","67","hold"
"493","SN75","Hippius","4.61","24.2421112508243","25.763241216482076","","19634131","191081","42.7","42","2604","1091","1","0.00027086177381958437","0.0008912309381442709","","hold"
"494","SN66","FakeNews","2.54","43.407706646710245","56.02099311085264","","11043103","1358653","42.7","42","1365","2449","2","0.0005417235476391687","0.0005012676673448809","","hold"
"495","AQT","Alpha Quark","0.39884220641734125","4.717983574976","-28.872435413234","-26.215735019879","10523515","187075.77","42.7","42","2279","561","2","0.0005417235476391687","0.0004776825695023278","","hold"
"496","BNBX","Stader BNBx","675.8379493196298","0.557137137786","4.898381844718","-10.977388209676","12213236.1","8.5","42.6","51","2233","1917","10","0.0027086177381958443","0.0005543822574668814","67","hold"
"497","SN50","Synth","1.67","20.190452215148895","28.58040608551301","","7724426","116800","42.6","42","2295","812","1","0.00027086177381958437","0.00035062654061980125","","hold"
"498","USDTE","Tether Avalanche Bridged","1.0001440828413715","0.145495021874","0.017830477388","-0.102971126691","18298586.99","21162.37","42.5","42","3559","1650","2","0.0005417235476391687","0.0008306080289375807","","hold"
"499","WRX","WazirX","0.021444030550316014","2.830850516667","6.958264393888","-21.687145536143","9798726","6280.48","42.5","27","2888","2865","2","0.0005417235476391687","0.00044478300392304914","","hold"
"500","TPT3","TokenPocket Token","0.00644188","1.899734091128464","0.8156188534966158","","20962640","6876.77","42.4","42","3704","2242","1","0.00027086177381958437","0.0009515345147274723","","hold"
"501","ANKRETH","Ankr Staked ETH","2033.385939109447","0","7.881881632369","","19655604.7","16578.77","42.4","42","4278","2287","1","0.00027086177381958437","0.0008922056706545323","","hold"
"502","HONEY","Hivemapper","0.001560761525313731","-0.552572302187","-4.447913324163","-29.395802034281","9115150","293008.44","42.4","28","2066","836","27","0.007313267893128778","0.00041375417561519536","67","hold"
"503","FOOM","FOOM","4.0689640529704356e-8","1.085499237753","7.945947233654","-27.918048858731","7109013","27.47","42.4","42","4091","2754","2","0.0005417235476391687","0.0003226917618747587","","hold"
"504","WETH","WETH","1683.5838488927445","0.886626099978","6.125295301824","-26.344171550026","7617173973.07","332254229.13","42.2","49","687","690","22","0.005958959024030857","0.34575816500497525","80","hold"
"505","TBTC","tBTC","64496.57290836407","1.407371463466","5.556670772793","-20.529676653356","542200200.26","459545.1","42.2","58","651","476","28","0.007584129666948362","0.024611509067538125","80","hold"
"506","REZ","Renzo","0.0031865377822651274","-0.448741619054","-3.345923203588","-45.606299291116","27385903","5171270.19","42.2","32","1149","772","235","0.06365251684760234","0.0012430987662564747","6","hold"
"507","PPC","Peercoin","0.2714558944254301","20.314936431549","19.947739724777","-9.439324297045","8256157","28047.81","42.2","72","823","1383","6","0.0016251706429175061","0.0003747628325682654","","hold"
"508","WEETH","Wrapped eETH","1845.496700777094","0.876000713984","6.188423069361","-26.118951328102","4296055446.02","2517448.93","42.1","58","2029","2016","4","0.0010834470952783375","0.19500621267507126","100","hold"
"509","PYTHIA","PYTHIA","0.01977173160637735","8.512167324932","-5.226586457582","-55.835077728762","19721633","319791.29","42.1","31","630","1237","7","0.0018960324167370906","0.000895202822081966","100","hold"
"510","HUNT","HUNT Token","0.08347889702084854","-0.586356441651","7.520772801426","-20.148945958074","16286415","38079.24","42.1","62","1808","604","21","0.005688097250211272","0.000739271675403252","100","hold"
"511","EITHER","Eitherway","0.102501","-1.7168614297890017","10.444572915985715","","10280323","1385508","42.1","34","1688","1621","84","0.02275238900084509","0.0004666436172660826","82","hold"
"512","BOME","BOOK OF MEME","0.0004337284254244367","-0.370998098209","4.502322108133","-31.346858160661","29897394","7741189.71","41.8","18","1022","813","272","0.07367440247892695","0.0013571001692251569","22","hold"
"513","SN1","Apex","2.37","21.205912554062785","31.256995460076663","","10672846","88735","41.8","41","2016","2378","2","0.0005417235476391687","0.0004844609905704169","","hold"
"514","DBR","deBridge","0.01592051953606883","3.942717160952","10.993647073677","12.603338227592","84760088","4590975.04","41.7","40","719","1270","6","0.0016251706429175061","0.0038474232827228755","","hold"
"515","STEEM","Steem","0.04458127909741742","0.361592595437","-1.234309875929","-24.934993874056","24491520","2591166.08","41.7","37","883","839","124","0.033586859953628465","0.0011117171595819127","6","hold"
"516","BBSOL","Bybit Staked SOL","79.37552308415184","2.147673261434","8.447498780927","-24.81964172778","119292010.9","668899.54","41.6","41","2140","1364","3","0.0008125853214587531","0.005414893625163426","","hold"
"517","SNX","Synthetix","0.24090454378996373","-0.099922292258","-0.351994906021","-27.563230403504","82901770","3854901.66","41.6","48","1077","1180","126","0.034128583501267636","0.003763070657464829","12","hold"
"518","SQD","Subsquid","0.04078423950846749","-2.587490584847","34.271747445373","0.741864412869","42406798.54","7806061.57","41.6","69","1437","58","150","0.04062926607293766","0.0019249259764924575","30","hold"
"519","MSUSD","Metronome Synth USD","0.997187","-0.08650705532413898","0.10982335089350004","","28119275","806618","41.6","54","3622","1948","1","0.00027086177381958437","0.001276387930700205","","hold"
"520","CHEX","CHEX Token","0.013127367357224464","8.228386969887","0.880289132294","-39.009237615303","16416958","207081.51","41.6","35","503","2352","11","0.0029794795120154285","0.0007451972730453462","50","hold"
"521","LRC","Loopring","0.01353121740094059","0.230930222499","1.355416129865","-23.960327166339","16833442","2192725.64","41.5","37","727","218","235","0.06365251684760234","0.0007641022821869312","1","hold"
"522","SBTC","sBTC","64423","7.625876461736761","-0.659251026546","","312223368.04","73313.82","41.4","60","73","640","200","0.05417235476391687","0.014172418693185517","84","hold"
"523","AGLD","Adventure Gold","0.17638868606584476","-0.911823201356","-12.637587937758","-32.861057217534","15424884","7672224.04","41.4","67","1202","85","75","0.02031463303646883","0.0007001651276588995","96","hold"
"524","GWEI","ETHGas","0.168795","-8.123855628593912","17.562270060222346","","354471503","16066682","41.3","44","1625","27","191","0.05173459879954062","0.016090142729724057","28","sell"
"525","TAG","TAGGER","0.0010295286325101782","3.901345126086","0.641016718629","-16.85284763062","112780601","4033663.17","41.3","54","150","328","140","0.03792064833474181","0.005119328216446387","12","hold"
"526","QTUM","Qtum","0.7405009522072332","2.50668485","5.21398206","","78507708","7448361.22237233","41.3","62","341","564","64","0.0173351535244534","0.003563615738959697","82","hold"
"527","UPUMP","Unit Pump","0.001544","1.1846601838318902","7.945629638450259","","48873930","143005","41.3","42","2457","1037","2","0.0005417235476391687","0.0022184816065807765","","hold"
"528","XVS","Venus","2.4714847259809773","0.056897529648","6.260669712055","-11.801321837817","41595541","2320349.6","41.3","42","1552","1685","12","0.0032503412858350123","0.0018881015425662837","67","hold"
"529","AO","ao Computer","1.95","0.7235730676411088","-1.2067104002800724","","11949240","249794","41.3","67","1004","717","17","0.004604650154932935","0.0005423989671511843","100","hold"
"530","SN81","Patrol","1.99","22.120542491087903","34.27505868475667","","7651176","87493","41.2","41","1770","1097","1","0.00027086177381958437","0.0003473015823510056","","hold"
"531","FLUX","Flux","0.05243937509773264","0.771694625165","-0.308635642489","-34.095093498261","21563198","2252060.28","41.1","39","576","1173","155","0.041983574942035584","0.0009787949964747953","14","hold"
"532","ACT","Act I  The AI Prophecy","0.01041226765597465","2.636398017317","3.515491746302","-32.427994396187","9859533","19376814.89","41.1","60","253","247","114","0.03087824221543262","0.0004475431505094062","24","hold"
"533","SN63","Alpha Trader Exchange (ATX)","2.32","23.089489290546517","38.2262004175111","","10449083","376520","41","41","2432","2468","1","0.00027086177381958437","0.0004743039579820138","","hold"
"534","GUA","SUPERFORTUNE","0.6182856049013299","-0.443241702224","-23.811072460658","-48.450081477815","28136514","1976221.93","40.9","50","1227","90","112","0.03033651866779345","0.0012771704420393964","19","hold"
"535","WOULD","would","0.083166","0.4920525947681874","3.1657444484650403","","83120636","15232.5","40.8","63","1502","1168","18","0.004875511928752518","0.0037730054058123814","75","hold"
"536","GLMR","Moonbeam","0.009474407144789348","1.439798132066","2.519844315959","-41.650250888322","11154340","3131880.52","40.8","14","460","582","147","0.03981668075147891","0.0005063169285455093","9","hold"
"537","AVNT","Avantis","0.11090396376946986","1.241579980618","6.003705917083","-27.375846126403","35906106","9421225.3","40.7","36","358","803","247","0.06690285813343734","0.001629847154197333","13","hold"
"538","OFT","ONFA","0.25437493425597857","5.09111123115","-12.636054829925","5.851736500004","27270700","48660.65","40.7","27","424","2449","14","0.003792064833474181","0.001237869480694153","100","hold"
"539","ARK","Ark","0.12205814345935177","0.028993380527","0.36367290924","-31.905290837535","24028376","706090.44","40.7","47","1233","1399","23","0.006229820797850441","0.0010906941633710852","80","hold"
"540","LUCIC","Lucidum Coin","0.08001114627039539","0.307692011896","4.275369957604","-17.773338201114","13130260.76","28141.78","40.7","40","4186","1830","2","0.0005417235476391687","0.0005965669349192462","","hold"
"541","PUFFER","Puffer Finance","0.014971427154170564","5.879396777401","-0.333922399366","-48.262608965866","7243407.68","3295479.33","40.7","78","234","1282","19","0.005146373702572103","0.0003287908206605793","100","hold"
"542","MATT","MATT","0.00015473887111103795","1.413812949759","10.906923726761","54.62912647328","9823435.15","10618.65","40.6","44","1440","1834","6","0.0016251706429175061","0.0004459045997265633","","hold"
"543","SENT","Sentient","0.015354352062189167","-3.653429300924","18.284059229341","-5.506739883433","111345147","18484785.51","40.5","42","1588","154","181","0.04902598106134477","0.005054170200790744","28","hold"
"544","SRX","StorX Network","0.054089458366802325","-0.114825926738","-1.665636156843","-10.813971295048","45110608.28","2290862.44","40.4","27","3984","2488","2","0.0005417235476391687","0.0020476572015152147","","hold"
"545","GPS","GoPlus Security","0.0074149147307143145","2.974129516969","-3.068720997253","-6.094357067775","32652620","4986593.86","40.4","54","226","937","97","0.026273592060499687","0.001482165172243599","19","hold"
"546","LDO","Lido DAO","0.2639422747273758","0.414743365198","0.906489701966","-31.9933527328","222475409","29194560.56","40.3","40","534","745","256","0.0693406140978136","0.010098586358474453","9","hold"
"547","FRXETH","Frax Finance","1682.0271030300785","0.976668493744","6.318152508683","-26.074457537531","87751789.62","429364.06","40.3","33","2640","2245","2","0.0005417235476391687","0.003983222368582103","100","hold"
"548","ORDI","ORDI","3.3018442258354237","-3.869210649794","10.5360641348","-29.047857363526","69255900","19064371.28","40.3","54","1480","64","236","0.06392337862142192","0.0031436583941008554","33","hold"
"549","SN68","NOVA","5.68","20.133346597149274","39.51763876553523","","24996275","448097","40.3","40","2617","2087","1","0.00027086177381958437","0.0011346289590490248","","hold"
"550","JOE","JOE","0.0308916925690787","-0.907396737198","0.215758163748","-34.550832380427","14169307","5155504.82","40.3","46","1331","138","133","0.036024615918004724","0.0006431720747133747","11","hold"
"551","BONE","Bone ShibaSwap","0.044976434389828845","0.936915469423","2.197174142113","-24.051494185999","11227325","1121453.3","40.3","40","572","276","231","0.062569069752324","0.000509629857955039","12","hold"
"552","JTO","Jito","0.5473859465155191","0.257110347783","4.58549619984","4.596183686408","262114110","34315757.1","40.2","50","603","111","274","0.07421612602656612","0.01189786317286722","28","hold"
"553","FORM","Four","0.229793","-0.1247030108371159","-15.32106048205925","","87751118","4409568","40.2","65","866","763","237","0.06419424039524149","0.003983191882459612","47","hold"
"554","FUL","Fulcrom Finance","0.0009093486724787994","1.916942240377","3.870409475036","-20.150235792827","15180103.64","160.67","40.2","36","1201","2527","14","0.003792064833474181","0.0006890540767098103","100","hold"
"555","COOKIE","Cookie","0.009543086646769823","3.584134210263","-2.335611180584","-46.613547183374","7304008","1779483.03","40.2","43","261","522","86","0.02329411254848426","0.00033154295965801906","12","hold"
"556","GUN","GUNZ","0.00592417145800226","-1.312699514494","-5.440071339887","-58.919147578377","13982679","8902188.3","40.1","34","1319","1029","168","0.04550477800169018","0.0006347006711394661","47","hold"
"557","EGL1","EGL1","0.01191706","0.47490256663042013","-9.208366963500046","","11386168","1410118","40.1","36","1858","878","6","0.0016251706429175061","0.0005168400469828931","","hold"
"558","STETH","Lido Staked ETH","1682.4365585172718","0.898902757626","5.882170161823","","19793561250.95","7578543.88","40","44","632","556","63","0.017064291750633818","0.8984677836213","70","hold"
"559","OPN","Opinion","0.0802184243467132","-9.211658776882","-40.448448410269","-57.182288542936","14573777","21755513.49","40","48","1706","980","149","0.04035840429911807","0.0006615317453069555","70","sell"
"560","SHIBTC","ShibaBitcoin","103.9086453509339","0","0","","12114039.87","35.44","40","40","3121","3058","3","0.0008125853214587531","0.0005498795499560027","","hold"
"561","KEEP","Keep Network","0.06200034565859741","152.210534498734","242.423033296199","-37.217230216989","10047669","10547.32","40","44","623","1886","6","0.0016251706429175061","0.0004560830051013263","100","hold"
"562","CATI","CATIZEN","0.06035369286046726","4.123284436108","25.009778778057","-1.575460022777","27338006","4160378.7","39.8","18","194","555","121","0.03277427463216971","0.0012409246293800173","22","hold"
"563","SN11","Dippy","2.45","23.39722920343585","47.76735578971532","","10058326","322599","39.8","32","588","1776","4","0.0010834470952783375","0.0004565667468115045","100","hold"
"564","KNC","Kyber Network Crystal","0.1213646413079215","0.030067261486","1.528996671821","-17.761106726208","20622876","1546582.95","39.7","45","1186","1373","71","0.01923118594119049","0.0009361119738231843","12","hold"
"565","MCOIN","MCOIN","0.08514883970981779","62.081195903735","166.674535305449","205.576851541207","14979456","577855.37","39.6","62","373","637","9","0.002437755964376259","0.0006799462947339421","","hold"
"566","XSGD","XSGD","0.7790615433582078","0.257032634255","0.723918186487","-0.597161145332","15047193","202678.36","39.5","56","1382","761","14","0.003792064833474181","0.0006830210073380843","","hold"
"567","LSETH","Liquid Staked ETH","1860.7865055168802","0.288632713478","7.376979372344","-25.79744422752","780144773.05","30120.15","39.4","59","2065","1095","5","0.0013543088690979221","0.03541227049843463","100","hold"
"568","MAV","Maverick Protocol","0.010657521346909447","-0.047276528847","-0.790365226868","-32.049602289295","9882043","948823.47","39.4","49","1513","890","18","0.004875511928752518","0.0004485649226681856","50","hold"
"569","BORG","SwissBorg","0.16052350195477574","2.789248083651","5.231905901238","-13.52796001629","158962363","151491.05","39.3","74","628","883","13","0.003521203059654597","0.007215607143810956","","hold"
"570","TTC","Tongtongcoin","0.059287756419899994","-0.064228402414","21.47913265768","8.563846834228","9576241.72","2886.52","39.3","34","2698","1213","4","0.0010834470952783375","0.00043468401489283676","","hold"
"571","SINGULARRY","Singularry","0.0246157","-1.0921399020545257","-16.695762571439033","","24619308","19697.33","39.2","56","1991","477","33","0.008938438536046284","0.0011175177024795625","91","hold"
"572","ALICE","My Neighbor Alice","0.10619822434588364","1.057660685766","3.316508989792","-24.796761181282","10513307","3440753.18","39.2","56","677","296","78","0.021127218357927583","0.00047721920876501897","9","hold"
"573","ARB","Arbitrum","0.08445027815268673","-0.323736577782","3.100689622634","-35.340050237221","528149499","42005074.82","39.1","65","818","80","443","0.11999176580207588","0.023973720735294916","46","hold"
"574","ADS","AdShares","0.3976110703674088","-0.044291904461","2.23441037182","-33.911534041177","15439695","32459.54","39.1","56","2164","2121","9","0.002437755964376259","0.0007008374274120616","","hold"
"575","KONET","KONET","0.0450293785992937","-2.201206846839","1.891120518447","32.547269534331","20096480","2593937.09","38.9","27","2971","1263","6","0.0016251706429175061","0.0009122178477773007","100","hold"
"576","ANIME","ANIME","0.002981620685316043","-0.891297566256","-2.592939762011","-37.792044343165","16491051","4789169.03","38.9","40","1355","574","183","0.049567704608983944","0.0007485604967041841","3","hold"
"577","CFX","Conflux","0.04519823030655175","-0.454214093326","0.753209742984","-40.082036345256","235416655","6745079.03","38.8","48","1609","983","42","0.011376194500422545","0.010686014384361404","83","hold"
"578","BLUR","Blur","0.01823003954453892","-0.445230014945","6.593351261899","-29.530029260751","51394653","12136970.65","38.7","39","1185","622","167","0.045233916227870596","0.002332902067771131","2","hold"
"579","POWR","Powerledger","0.04943788430768055","0.434100423578","-0.19161583038","-25.891163819694","26164188","1871598.55","38.7","35","725","957","215","0.058235281371210645","0.0011876427745655296","3","hold"
"580","ONYC","ONyc","1.11","-0.010500000000001177","0.33891483771583913","","193425977","874557","38.6","54","1620","999","9","0.002437755964376259","0.008779976814007311","100","hold"
"581","SOSO","SoSoValue","0.26963177815749295","-5.093328957766","-19.087343695533","-27.124567042976","92616130","3733581.06","38.6","61","1345","1007","1280","0.34670307048906807","0.004204024126516818","78","sell"
"582","QUAI","Quai Network","0.01395652","-3.7684723541991665","-22.990738232832687","","14298259","127851","38.6","40","2996","1981","33","0.008938438536046284","0.0006490254538079514","100","hold"
"583","USDH","USDh Hermetica","0.999621","-0.004075254100249052","0.2247311489547829","","9206942","31040","38.6","54","4018","1795","1","0.00027086177381958437","0.00041792079089723357","","hold"
"584","VSN","Vision","0.033978767489303854","1.452644785007","14.933535483899","-29.488263951704","126004526","3066716.22","38.5","53","781","402","19","0.005146373702572103","0.005719587585384054","80","hold"
"585","RED","RedStone","0.09362024913036333","-2.631449815972","-2.90654820871","-33.625706226506","38993717","6865472.68","38.5","41","1768","1170","101","0.027357039155778022","0.0017699997511294086","14","hold"
"586","EDU","Open Campus","0.029689497820418607","1.594907441493","-3.046889775721","-39.934873200208","22643434","3510550.02","38.5","58","279","110","189","0.05119287525190145","0.0010278289844672973","71","hold"
"587","SN14","TAOHash","3.47","22.83323117943493","45.08089903214144","","14546006","117235","38.5","38","1093","2369","4","0.0010834470952783375","0.0006602711662478057","","hold"
"588","RON","Ronin","0.05878313606146579","0.924416539615","-9.884914570187","-43.119475661579","45381391","3546475.87","38.4","30","432","918","168","0.04550477800169018","0.0020599485495549547","38","hold"
"589","NYM","Nym","0.018235482949719106","2.643223479058","-6.070156435589","-34.202294635752","15210786","1119496.29","38.4","23","867","2199","7","0.0018960324167370906","0.0006904468079942903","100","hold"
"590","RSETH","Kelp DAO Restaked ETH","1796.59","0.5965457450987486","5.27200372","","1514186490.35","1239.9398015","38.3","44","2191","2584","4","0.0010834470952783375","0.06873183469744658","","hold"
"591","OSAK","Osaka Protocol","1.774196318612145e-8","2.334728153575","27.7524996863","-38.478209949054","13596159","73739.34","38.3","48","1261","2146","4","0.0010834470952783375","0.0006171557855414469","","hold"
"592","EPS","Ellipsis","0.013652960445776508","0.637774473958","5.746734122638","-10.828375236695","9533257","6.02","38.3","32","3363","2163","3","0.0008125853214587531","0.0004327328558457942","","hold"
"593","VELO","Velo","0.0034296315207753944","1.212522227914","-3.600584212367","-15.776975068894","60334125","1582470.15","38.2","51","282","562","680","0.1841860061973174","0.002738681881355672","65","hold"
"594","VRSC","Verus","0.4090718116272181","-9.366334779114","-4.64703515342","-47.702658761928","32903460","196.47","38.1","38","5447","1622","4","0.0010834470952783375","0.0014935512818974516","","sell"
"595","GCB","Global Commercial Business","0.014372939615593699","-0.215354383969","-11.618904113379","-15.320931593165","17274627","5145.86","38.1","38","3644","1617","2","0.0005417235476391687","0.0007841285171878682","","hold"
"596","9BIT","The9Bit","0.04383219","0.44661539195669936","-3.014721592692881","","359388691","6242692","38","12","1447","1937","6","0.0016251706429175061","0.016313343342690925","100","hold"
"597","SAND","The Sandbox","0.05237895613602324","0.572766223621","-0.762043160567","-33.80469068385","139655452","13400805.37","38","42","564","518","238","0.0644651021690611","0.006339229350304437","10","hold"
"598","DOOD","Doodles","0.0015907","-0.5762823247581838","0.7171269370903668","","12406953","8920959","38","47","1090","208","292","0.07909163795531864","0.0005631754398349424","5","hold"
"599","EURS","STASIS EURO","1.208124331619049","-0.675233478479","-0.178922965397","-0.886317324885","150344757","753.44","37.9","41","3226","1974","5","0.0013543088690979221","0.006824437446515073","","hold"
"600","DOLA","DOLA","0.9962760136923764","-0.009719829476","0.232365141074","0.211715617842","90041340.88","97725.59","37.9","47","2429","2147","4","0.0010834470952783375","0.004087149500237647","","hold"
"601","MELANIA","Melania Meme","0.082146","-4.433450543690985","17.21028089791688","","78243199","9559928","37.9","52","1610","51","130","0.03521203059654597","0.0035516091671273296","34","hold"
"602","ALLO","Allora","0.37406173197774234","-4.744782807187","-16.872860640212","322.18104817459","88101098","67994813.72","37.8","34","1338","485","549","0.1487031138269518","0.003999078147236583","55","hold"
"603","ADX","AdEx","0.057587009335087376","0.834487172623","3.454051568905","-25.510855716364","8473040","2659323.55","37.8","69","585","716","54","0.014626535786257557","0.0003846075687349714","96","hold"
"604","GNS","Gains Network","0.5891401767642537","-1.728713472989","27.194674184118","3.51375817042","14081334","1068742.98","37.7","61","1526","70","111","0.03006565689397387","0.0006391788111805315","73","hold"
"605","SFRXETH","Frax Staked Ether","1937.4295514070868","0.464297218458","5.659066919131","-27.224236134405","233864386.24","15342.6162844","37.6","37","3796","1862","2","0.0005417235476391687","0.010615553922259628","","hold"
"606","NXPC","NEXPACE","0.3522502037399238","-0.656988755616","10.548957819107","-1.240377564024","100735006","13812967.03","37.4","38","1468","1530","115","0.031149103989252205","0.004572555510674181","7","hold"
"607","HDX","Hydration","0.003799001075576153","-0.004392789467","10.278832163993","-20.757300112457","22580612","13352.73","37.4","16","4174","2135","2","0.0005417235476391687","0.0010249773731585972","","hold"
"608","POND","Marlin","0.0015904146756588835","-9.900867070562","-16.633364696464","-7.925228590034","13088892","3067398.49","37.4","51","2230","1026","83","0.022481527227025504","0.0005941299615668778","5","sell"
"609","SAITAMA","Saitama","0.00017056268120555268","0.00681453","0.03445315","","7641831.25","67134.11669356","37.4","37","2765","1770","6","0.0016251706429175061","0.00034687740619015464","","hold"
"610","MLK","MiL.k Alliance","0.03727896930732392","-0.398790814558","2.519177365354","-29.366512949445","20713576","2147040.12","37.2","39","3041","1566","4","0.0010834470952783375","0.0009402290211266623","","hold"
"611","ETN","Electroneum","0.0008324804031904448","-1.63655649393","-5.13659432099","-17.571571669613","14963091","260239.62","37.2","71","1485","581","112","0.03033651866779345","0.0006792034559343675","76","hold"
"612","DESU","Dexsport","0.015994027566735","-1.976427789366","82.97951074202","56.30802373928","9359619","20923.58","37.2","61","3224","2189","16","0.00433378838111335","0.000424851093335526","100","hold"
"613","OSETH","StakeWise Staked ETH","1774.5530293321135","1.205752501056","8.067870436655","-26.756166740339","316815109.22","365.60369687","37.1","37","4677","1953","1","0.00027086177381958437","0.014380846649562453","","hold"
"614","KAG","Kinesis Silver","64.55","-6.962073441860478","-3.0432111726152877","","244272393","201253","37.1","37","5377","1987","4","0.0010834470952783375","0.011087993350769435","","sell"
"615","NBASIS","Nest Basis Vault","1.062","0","0.0376666986833564","","25524478","7.67","36.9","36","5698","1735","1","0.00027086177381958437","0.0011586051082975255","","hold"
"616","EWT","Energy Web Token","0.3260236296184723","2.107819900114","21.024371577646","-6.77231233738","19751457","311383.83","36.9","68","565","642","31","0.008396714988407116","0.0008965565907564856","75","hold"
"617","CBK","Cobak Token","0.1979636454855764","-0.60086759987","1.115541343884","-23.130182099787","19642712","2750209.27","36.8","36","4468","2014","2","0.0005417235476391687","0.0008916204462248791","","hold"
"618","HOPR","HOPR","0.018592010211941387","-8.539837058622","17.745341034385","-19.614634189642","12476185","335573.77","36.8","40","2651","2206","24","0.0065006825716700245","0.0005663180133621133","80","sell"
"619","DOLO","Dolomite","0.02494824","-2.748262860461698","13.0528378827986","","12175036","7392556","36.8","63","1655","87","104","0.028169624477236775","0.0005526482815165221","19","hold"
"620","WMON","WMON","0.02208225","3.094","0.8842001196050497","","9857512.03","710.23","36.8","58","1138","2767","6","0.0016251706429175061","0.00044745141479729034","","hold"
"621","PROM","Prom","1.0690315092587566","-1.657807775015","3.053399787555","-38.012141828349","19509825.04","929437.33","36.6","52","2464","1350","17","0.004604650154932935","0.0008855374557254416","100","hold"
"622","VENOM","Venom","0.01241357648954694","-0.498206474126","-3.246250516414","-32.994730852403","26934649","125142.94","36.5","57","2182","2422","15","0.004062926607293765","0.0012226154799953536","100","hold"
"623","EPIC","Epic Chain","0.02130204479908865","-0.292777828098","14.248571654275","-22.849177702153","17733674","20378631","36.5","46","901","1152","404","0.10942815662311209","0.0008049655426952517","72","hold"
"624","SDEX","SmarDex","0.0008166294358970977","-0.07632592061","-29.04506089371","-49.311167641612","8007288","228174.44","36.5","27","2292","2426","7","0.0018960324167370906","0.0003634661903921983","","hold"
"625","ACS","Access Protocol","0.00014035409787428125","-0.282954527823","-1.776367617437","-26.880410242964","7295552","607531.49","36.5","61","1933","897","11","0.0029794795120154285","0.00033115912556763076","100","hold"
"626","ONT","Ontology","0.04827603107807458","0.678928840142","3.612037411458","-22.85664648636","48234087","5571326.59","36.4","28","474","568","229","0.06202734620468482","0.002189437903187179","6","hold"
"627","AIC","AIC","0.02241665","-4.285702551195869","-3.1997966817654793","","22418513","127474","36.4","36","4508","2107","6","0.0016251706429175061","0.0010176193880334981","","hold"
"628","WILD","Wilder World","0.019071511297122878","-4.280555244736","-8.197390815457","-29.621785636262","9130185","200388.15","36.4","57","3288","776","12","0.0032503412858350123","0.0004144366431588315","100","hold"
"629","SN41","Sportstensor","1.99","35.704205748604984","79.12131645071014","","8395316","638853","36.3","64","426","389","5","0.0013543088690979221","0.00038107952700822915","100","hold"
"630","JITOSOL","Jito Staked SOL","88.39816084157836","2.315788677753","8.60986267647","-24.763603798201","894540922.14","6166841.15","36.2","35","1568","1385","3","0.0008125853214587531","0.040604931547379076","","hold"
"631","UNI","Uniswap","2.556355788923673","1.971959774377","1.927508547386","-31.147206690526","1588804065","81735994.33","36","39","166","353","409","0.11078246549221002","0.07211886980775371","36","hold"
"632","NILA","MindWaveDAO","0.07893546169139061","0.132575209892","0.369920898685","0.676586701134","66519310","243187.64","36","64","2062","1278","9","0.002437755964376259","0.003019439314936301","100","hold"
"633","UNP","UNIPOLY","0.13830935692513294","1.92309521614","5.894548345814","-16.510483258781","38622406","236413.69","36","57","797","1464","20","0.0054172354763916885","0.0017531452312694114","67","hold"
"634","DESO","Decentralized Social","3.2387517710217395","4.06183135009","-4.906387350173","-15.094662609286","33408863","9515.99","36","4","1326","2971","6","0.0016251706429175061","0.0015164924953298632","100","hold"
"635","HASH","Provenance Blockchain","0.010324953614733403","-0.556994182888","11.039608137864","0.588636438086","582019739.49","5571.97","35.9","78","1988","428","21","0.005688097250211272","0.026418994476717958","100","hold"
"636","STG","Stargate Finance","0.27436745420120345","-52.745938381377","32.34382496785","24.799535085003","38785354","85823735.43","35.9","30","1629","456","584","0.15818327591063727","0.0017605417541360832","55","sell"
"637","ORBS","Orbs","0.0061077642312165805","0.184227793391","5.153796428689","-30.221893053685","30404448","1587459.4","35.9","59","776","164","133","0.036024615918004724","0.0013801163247203914","90","hold"
"638","ONG","Ontology Gas","0.04823939368022181","-0.209294358243","-2.162376686994","-31.225050409634","22794310","973186.76","35.9","58","1818","680","15","0.004062926607293765","0.0010346775360545032","100","hold"
"639","HFUN","Hypurr Fun","9.834358318004686","1.204895828048","1.968290193852","-1.105792614855","9763184","24505.44","35.9","56","1806","1111","4","0.0010834470952783375","0.0004431696842399155","","hold"
"640","SEI","Sei","0.05350685035216508","1.084651379638","11.28224779052","-20.056027520892","361767034","47714299","35.8","63","291","14","470","0.12730503369520468","0.01642130090206133","45","hold"
"641","CHEEMS","Cheems Token","5.8858e-7","-5.858384078767392","22.527924618575355","","119569872","1232705","35.7","61","2131","506","22","0.005958959024030857","0.005427506274474302","100","sell"
"642","AURORA","Aurora","0.02664281119708863","0.459204836207","11.082177181615","-4.195953395291","18986139","385621.8","35.7","44","892","1504","99","0.026815315608138858","0.0008618173359802648","7","hold"
"643","USUAL","USUAL","0.010254874103503392","-0.979575729763","8.938685126753","-33.689684159675","18303545","17805389.07","35.7","50","1124","168","224","0.0606730373355869","0.0008308330825395777","16","hold"
"644","MANA","Decentraland","0.06723188591265297","-0.224078192796","-0.518019912312","-29.986045750515","130150541","9318917.77","35.6","48","1035","470","217","0.058777004918849816","0.005907783173872804","9","hold"
"645","RUNE","THORChain","0.38191341436351395","-2.360086761076","14.189975821539","-35.071642465312","129220425","3816601.36","35.6","16","1519","925","257","0.06961147587163319","0.005865563421174658","12","hold"
"646","FRXUSD","Frax USD","0.999506","-0.018336528043653363","-0.044712419361622846","","124588989","991432","35.6","57","1325","643","29","0.007854991440767947","0.00565533364063407","90","hold"
"647","C98","Coin98","0.014779619116072132","0.777589099153","0.988457674663","-32.848251878752","14726434","8613665.28","35.6","49","1425","1798","7","0.0018960324167370906","0.0006684611399068128","100","hold"
"648","ETC","Ethereum Classic","7.162517247784422","-0.333265538369","3.620860643021","-24.162497716671","1123059473","29334738.87","35.5","42","1025","736","238","0.0644651021690611","0.05097782772833698","23","hold"
"649","HASUI","Haedal Staked SUI","0.8284515308763271","1.697225294077","2.387732572973","-35.245969617106","70661324.09","74788.32","35.5","57","1204","1830","5","0.0013543088690979221","0.0032074532944313693","100","hold"
"650","HP","Hippo Protocol","0.010534851190772883","-0.311887201635","1.131083180567","-37.10666761735","14575605","137390.18","35.5","56","3420","1404","3","0.0008125853214587531","0.0006616147217399297","0","hold"
"651","TWT","Trust Wallet Token","0.393361779041438","0.524188638145","12.557614520563","-22.821536062161","163643648","8044448.54","35.4","44","554","315","302","0.08180025569351448","0.007428099666259273","19","hold"
"652","ELG","Escoin","0.28007095275769783","-1.167204902399","-2.004417316459","-1.087385727424","52896366","194490.59","35.4","35","4377","1991","2","0.0005417235476391687","0.0024010677067705577","","hold"
"653","SN3","?emplar","5.87","23.2550439105557","34.05150589701446","","27530450","166737","35.4","35","1184","1645","3","0.0008125853214587531","0.0012496600323708724","","hold"
"654","CTSI","Cartesi","0.023768796354401857","0.279142424806","4.079304231297","-26.554505983774","22020460","1202285.89","35.4","57","999","389","86","0.02329411254848426","0.0009995509974018405","11","hold"
"655","TNSR","Tensor","0.029584781559038886","0.310604175555","-0.57499022988","-29.67149004192","9893570","4856031.11","35.4","51","751","609","129","0.03494116882272639","0.0004490881553502936","5","hold"
"656","APX","APX","0.22062255058292213","0.427666907143","-0.181849448805","-2.01852641319","8270331","5164.98","35.4","59","1481","1525","21","0.005688097250211272","0.0003754062176672676","89","hold"
"657","LCX","LCX","0.026664463481583325","0.849339122442","4.40817461799","-30.358420245856","25006157","78044.23","35.2","56","386","174","280","0.07584129666948362","0.0011350775220198403","27","hold"
"658","USDT","Tether","0.9994977291336686","0.004363631776","-0.007387927425","-0.023689629359","186492524981","42667333231.68","35.1","65","577","144","1049","0.28413400073674405","8.465254102445915","72","hold"
"659","REUSD","Resupply USD","0.998624","-0.062202213330202094","-0.08491006406337241","","33113353","45292","35.1","28","3887","1564","1","0.00027086177381958437","0.0015030787285310672","","hold"
"660","IOST","IOStoken","0.0008139105101879724","-0.66853400783","-1.17446719747","-30.9034759962","27667750","4935941.4","35.1","51","1861","1485","29","0.007854991440767947","0.0012558923432282871","83","hold"
"661","AIAT","AI Analysis Token","0.22236767091735696","0.615631772909","3.104732987173","43.261802308841","24634717","366122.63","35.1","28","3437","1735","1","0.00027086177381958437","0.0011182171466019362","","hold"
"662","SPELL","Spell Token","0.00012408397845923292","1.145738972648","-0.280517124421","-28.487032800234","21259712","2100178.96","35.1","31","481","1065","222","0.06013131378794774","0.0009650191837080549","8","hold"
"663","LQTY","Liquity","0.20281213335670684","-0.906681835334","-1.638054046583","-33.679045374973","19990800","3217989.59","35.1","37","1726","546","73","0.01977290948882966","0.0009074208294858832","0","hold"
"664","PUFFER","Puffer","0.01502917","5.728228182089811","2.7479801759462834","","7279160","2906789","35.1","60","239","1365","19","0.005146373702572103","0.00033041506118616873","100","hold"
"665","TSLAX","Tesla tokenized stock","405.81313675257803","0.373793460868","2.97048829036","-7.577526169907","158167637.59","6421609.66","35","49","724","250","94","0.025461006739040934","0.00717945013318379","8","sell"
"666","SN9","iota","8.59","26.119071792532566","19.92161041620806","","37358787","768510","35","35","2343","1432","1","0.00027086177381958437","0.0016957871364891063","","sell"
"667","ORDER","Orderly Network","0.039880031364176505","-1.288715597455","1.74722451349","-29.664801262392","15641253","4291809.97","35","34","2521","852","8","0.002166894190556675","0.0007099865323778217","","sell"
"668","MUBARAK","mubarak","0.01073041","-1.471249381872124","7.310816260029375","","10730172","3576793","35","35","1569","612","128","0.0346703070489068","0.0004870631278771334","0","sell"
"669","SYS","Syscoin","0.0018968511840125536","1.174502557063","-15.162708100265","-68.962874209383","9706937","120894.61","35","37","682","1936","113","0.030607380441613034","0.0004406165248167762","6","sell"
"670","WCT","WalletConnect Token","0.047005626030919706","-0.740429073996","3.423285369764","-28.088577424803","8741385","14490562.92","35","40","1170","931","242","0.06554854926433942","0.00039678826397920327","17","sell"
"671","GRT","The Graph","0.020008731807947596","0.340983578677","-0.490308887172","-28.444849976574","216180698","16832385.7","34.9","46","591","179","322","0.08721749116990617","0.009812857329271325","18","sell"
"672","XT","XT.com Token","3.4883131983350517","1.21903867125","6.413973394336","-20.512386517723","21099374.64","3571313.32","34.8","28","1452","1872","5","0.0013543088690979221","0.000957741162808002","","sell"
"673","INCO","InfinitiCoin","0.00934676","0.0016737251794970859","0","","9346760","26.25","34.8","34","2187","1784","5","0.0013543088690979221","0.0004242673986136359","","sell"
"674","RBTC","RSK Smart Bitcoin","64234.80425612988","0.952198040477","5.806307073814","-18.617898379109","179467550.19","19.98","34.7","26","2278","2012","5","0.0013543088690979221","0.008146376996378792","100","sell"
"675","HEZ","Hermez Network","3.045895620520363","0.373775396446","1.00233391383","-6.396324393772","33774664","3292.53","34.7","17","2729","1315","6","0.0016251706429175061","0.0015330969057009724","100","sell"
"676","ID","SPACE ID","0.02778560499989021","-4.779997345512","7.423035765331","-16.44774332866","11965416","12451125.54","34.7","61","1577","1139","73","0.01977290948882966","0.0005431332268775466","84","sell"
"677","FLIP","Chainflip","0.2935459205568051","-8.875744036445","-10.272614447631","40.326047070075","26248596","109408.96","34.6","25","2936","1305","91","0.02464842141758218","0.0011914742158973045","16","sell"
"678","LUMIA","Lumia","0.09030411961160381","-3.936463463808","7.713463995077","-19.983018345345","12492642","3035830.02","34.6","49","1643","1195","149","0.04035840429911807","0.0005670650282184896","22","sell"
"679","ACT","Achain","0.00031425108890370003","0","0.246597019478","-0.06827838152","8922374","179705","34.6","60","1111","354","27","0.007313267893128778","0.00040500370250631676","89","sell"
"680","MORPHO","Morpho","1.9496029277219376","-1.739362617741","16.316630587335","-0.165867245369","1260996542","11456194.1","34.5","41","1327","104","263","0.0712366465145507","0.057239056371954616","16","sell"
"681","BABY","Babylon","0.0152097","9.846839638784013","-6.917953342849689","","56105656","194370912","34.5","62","144","1607","19","0.005146373702572103","0.002546743547350262","100","sell"
"682","ONE","Harmony","0.001502921440369684","0.173151251232","-3.062422894574","-35.390250556065","22254285","1155231.7","34.5","41","1001","799","49","0.013272226917159636","0.0010101647635069756","60","sell"
"683","M","MemeCore","2.9963607471442444","-1.034133769847","-3.024720232962","-10.724769313268","3929804237","8118220.69","34.4","63","1530","185","28","0.007584129666948362","0.17838136645135153","78","sell"
"684","UMA","UMA","0.40150122656997517","0.427285522742","5.277602550927","-19.568431641654","36320332","2275207.26","34.4","46","896","409","87","0.023564974322303842","0.0016486496683795879","8","sell"
"685","INV","Inverse Finance","10.211582830239067","4.074176625831","-9.197085467863","-32.130762250152","7260089","65156.96","34.4","58","275","1196","46","0.012459641595700881","0.00032954939184631614","100","sell"
"686","ILV","Illuvium","3.431671141206624","4.427144845082","1.879119364317","-32.339936493506","28323701","2302665.18","34.3","44","129","1091","224","0.0606730373355869","0.0012856672196975678","9","sell"
"687","BWB","Bitget Wallet Token","0.14887336180986047","7.216093332744","-0.209496164596","-10.609195285873","166918786.01","20.5","34.2","54","1482","3014","4","0.0010834470952783375","0.007576764474556837","100","sell"
"688","LPT","livepeer","1.8039904797151938","-1.643977169751","0.424233231836","-18.860802442945","89586637","5788685.69","34.2","47","1795","234","87","0.023564974322303842","0.004066509617293491","17","sell"
"689","SN51","Celium","11.92","23.377712383579293","29.989466578239682","","48659906","217156","34.2","34","1333","1863","2","0.0005417235476391687","0.002208766645918378","","sell"
"690","MED","MediBloc","0.0015755271860150746","-0.538961028665","1.086871391133","-25.988499543139","16736739","494197.44","34.2","61","3303","729","4","0.0010834470952783375","0.000759712747177138","","sell"
"691","EURR","StablR Euro","0.548282","-7.3176798479115455","332.78632422267714","","9399219","274.05","34.2","34","3223","2572","76","0.020585494810288412","0.0004266486134371547","0","sell"
"692","GALA","Gala","0.0026620263644957574","-0.756014327508","4.179805931669","-27.948905118476","129315098","11058935.83","34.1","42","1128","757","247","0.06690285813343734","0.005869860810583282","8","sell"
"693","BOLD","Liquity BOLD","1.0001724357741428","-0.055367149134","-0.110662191604","0.063589199417","31066951","25896.12","34.1","34","2541","1833","6","0.0016251706429175061","0.0014101886090610324","100","sell"
"694","SENTIS","SentismAI","0.09701248227479513","5.8560881443","2.087102577423","29.364795429507","18970279","2847677.12","34.1","13","418","1649","9","0.002437755964376259","0.000861097420101178","0","sell"
"695","RECALL","Recall","0.03509513","-0.48893705764229656","-7.598906321851545","","8898738","4886210","34.1","34","1263","1241","159","0.04306702203731392","0.00040393081904363754","4","sell"
"696","CARV","CARV","0.040879972942046955","-0.143813164869","8.071868940386","-34.496075441056","37111501.52","5057497.28","34","63","2012","544","12","0.0032503412858350123","0.0016845623733289822","100","sell"
"697","WAXP","WAX","0.004615431809199797","0.015606040602","-5.340646672592","-31.761975987326","21323802","933638.35","34","49","1738","1699","13","0.003521203059654597","0.0009679283519735447","100","sell"
"698","IXS","IX Swap","0.06210834523629655","-1.575723600371","2.686867045834","-28.576300718714","11195405","76862.57","34","40","1553","1435","202","0.054714078311556044","0.000508180947812514","9","sell"
"699","PORTAL","Portal","0.012886387026813982","-10.017952497247","-32.695502245262","28.070612360386","10225545","18477442.27","33.9","35","1791","880","201","0.05444321653773647","0.0004641571385760063","24","sell"
"700","XBG","XBorg","0.015035030860390979","-39.773552087489","6.561619350212","-21.467052886716","7447644","21488.23","33.9","58","4479","608","5","0.0013543088690979221","0.00033806287373169466","","sell"
"701","COMP","Compound","17.670045649986097","1.543456286364","8.807405970698","-22.696060380375","170536108","8494668.71","33.8","45","314","875","324","0.08775921471754534","0.007740961671301507","23","sell"
"702","HDN","Hydranet","0.03843590391227957","1.684376852752","-1.046052895153","-4.514563654179","7847442","104148.67","33.8","20","1990","2504","3","0.0008125853214587531","0.0003562104732668206","","sell"
"703","GFI","Goldfinch","0.0799572990892256","-20.118718847464","-26.280848845827","-49.849341383656","7679449","638958","33.8","52","1664","954","747","0.2023337450432295","0.00034858494815487805","66","sell"
"704","IAG","Iagon","0.025559234173077174","-8.65850958242","46.637601736999","-3.109839450151","9626414","75376.7","33.7","82","2605","100","127","0.03439944527508722","0.0004369614311010324","75","sell"
"705","DEXE","DeXe","17.722913639747905","-6.813308067638","-13.63311650905","36.493949720834","848146357","109845736.28","33.6","16","1584","1067","324","0.08775921471754534","0.038498993076533705","21","sell"
"706","A7A5","A7A5","0.01327775","0.4888230434707262","1.042660854749816","","520662572","1098.69","33.6","30","3775","2902","2","0.0005417235476391687","0.02363387473070079","","sell"
"707","XDAI","xDAI","0.9993086808217185","0.620562762674","1.947524257535","0.400508959918","74799424","286263.06","33.6","15","3168","2564","10","0.0027086177381958443","0.00339528960177413","","sell"
"708","CET","CoinEx Token","0.018511469922986443","-0.550341721182","11.151088683031","-31.193543569717","46280620","57151.63","33.6","41","3166","1707","4","0.0010834470952783375","0.002100766281965752","","sell"
"709","ZIG","ZIGChain","0.055645","-0.6664386280500761","8.838581558274305","","78399809","1943901","33.5","48","1057","532","222","0.06013131378794774","0.0035587179959938975","56","sell"
"710","POLYX","Polymesh","0.03986704792297575","1.188926928064","1.510143746995","-37.198667824835","51265801","1665371.55","33.3","62","831","430","23","0.006229820797850441","0.0023270532278687303","75","sell"
"711","EETH","ether.fi Staked ETH","1684.3306931483373","1.122978592478","8.308381904198","-26.411131558266","462147280.23","1265.45","33.2","7","3435","2864","2","0.0005417235476391687","0.02097775318501268","","sell"
"712","OHO","OHO Blockchain","0.00077603","1.7667309775601394","6.183629775507889","","17821982","131116","33.2","64","873","1721","15","0.004062926607293765","0.000808974012521884","100","sell"
"713","FTN","Fasttoken","4.256965020895001","0","1.690772053345","1.57805709777","1838873525.17","31","33.1","32","2300","2247","4","0.0010834470952783375","0.08347000317793143","","sell"
"714","USD0","Usual USD","0.9985905701950726","-0.003718992146","0.013456035772","0.036347531611","552863555","541888","33.1","26","2870","1980","4","0.0010834470952783375","0.025095539231577233","","sell"
"715","SHX","Stronghold","0.004345121878206621","-1.851634414735","-7.137040919774","-9.507602032799","77211688","375825.88","33.1","38","1442","627","121","0.03277427463216971","0.003504786900522501","87","sell"
"716","SUSDE","Ethena Staked USDe","1.2345944797681336","0.003056336826","0.10465708562","0.284995221033","1869381170.1","1304544.72","33","33","1939","1265","7","0.0018960324167370906","0.08485480380962407","","sell"
"717","NCT","PolySwarm","0.006107946883810158","1.485361579747","-2.367602923186","-25.612530995211","11482660","161578.15","33","57","680","1135","34","0.00920930030986587","0.0005212200042971953","86","sell"
"718","AXL","Axelar","0.04686306429487683","1.795148020686","10.325807335467","-31.035787286362","55208241","57960331.58","32.9","57","200","60","263","0.0712366465145507","0.0025060081558855346","12","sell"
"719","RPL","Rocket Pool","1.3943503537613966","0.250131083778","3.708525834582","-30.734097427047","31269110","7422120.42","32.9","32","925","417","82","0.02221066545320592","0.0014193649945717693","0","sell"
"720","USDE","Ethena USDe","0.999535232295591","-0.001994290211","0.008161363815","-0.04770088681","4485239634","82426255.76","32.8","74","991","272","48","0.013001365143340049","0.2035936465337675","100","sell"
"721","ZAMA","Zama","0.03183007","1.3997574293207102","11.16383812038547","","69990911","9123268","32.8","39","303","882","282","0.0763830202171228","0.0031770219559043474","10","sell"
"722","SAPIEN","Sapien","0.08271","0.29621253427638966","10.664441997995976","","20673504","3345057","32.7","40","1008","1228","26","0.007042406119309194","0.0009384100760379636","50","sell"
"723","CKBTC","Chain-key Bitcoin","62633.33333333332","-1.687029809378","1.103040086091","-22.508302343873","20452773.28","55624.71","32.7","31","4294","1881","2","0.0005417235476391687","0.0009283906844660698","","sell"
"724","CUSDO","Compounding OpenDollar","1.046","-0.12110394716249699","-0.3536550558948173","","18438816","11750.43","32.6","32","4939","1207","1","0.00027086177381958437","0.0008369732931877451","","sell"
"725","GNO","Gnosis","106.92464047729197","1.323449304888","16.457037493824","-15.724078720904","282717873","8630155.47","32.5","65","437","121","134","0.036295477691824306","0.012833107570889839","26","sell"
"726","CGPT","ChainGPT","0.020921436599878003","0.401138510619","4.65019651798","-44.6577448765","19486957","7634033.19","32.5","21","693","964","154","0.041712713168215995","0.0008845504274514145","17","sell"
"727","B2","BSquared Token","0.430713","0.30205873837250674","-10.735054374933584","","17898448","4605728","32.5","47","1766","2164","5","0.0013543088690979221","0.0008124449512110543","","sell"
"728","SHELL","MyShell Token","0.025698155834435656","-1.170898122032","-2.502091100992","-32.784507428089","10096519.89","6602217.17","32.5","36","1404","656","196","0.053088907668638545","0.0004584982325457379","3","sell"
"729","BAR","FC Barcelona Fan Token","0.2893398930631037","-0.498020159849","-2.180187344344","-31.308334649712","7333380","1828689.09","32.5","55","1859","1622","20","0.0054172354763916885","0.0003328762111839039","100","sell"
"730","0G","0G","0.299456990415566","3.766","-0.029665708463291966","","63844147.1","37857.67","32.4","44","457","1762","20","0.0054172354763916885","0.002898008529888786","100","sell"
"731","CTC","Creditcoin","0.09522129029776566","0.046318625303","6.555059414558","-37.259381429761","51655666","2957557.63","32.4","35","949","1393","84","0.02275238900084509","0.0023447499494450314","13","sell"
"732","ASTR","Astar","0.0058955250502654676","1.385174415452","2.893343277167","-33.826285054382","51149589","2852616.25","32.4","29","614","1617","29","0.007854991440767947","0.0023217781418573545","67","sell"
"733","LUNA","Terra","0.05220914001677554","-0.023959304783","2.32477397296","-23.056894317711","37102650","4951521.07","32.4","58","654","180","136","0.03683720123946348","0.0016841605858256999","54","sell"
"734","EUL","Euler","0.9276527121919214","0.202857194782","4.340868295157","","22372346","2752154.05","32.4","34","803","311","189","0.05119287525190145","0.0010155237791816827","0","sell"
"735","WAVES","Waves","0.2704309471638034","-5.385744158351","2.02794554122","-34.734024021132","26988588","6790621.3","32.3","63","2075","109","106","0.028711348024875946","0.0012250638748630745","7","sell"
"736","AIXBT","aixbt by Virtuals","0.02392885","-2.1384786054362297","14.746450465543557","","23790326","13421753","32.3","52","1230","45","374","0.10130230340852456","0.001079888616396521","21","sell"
"737","AGI","Delysium","0.005478087334828068","3.872483623635","2.20377288011","-39.191492105663","14062836","720717.74","32.3","50","594","2140","11","0.0029794795120154285","0.0006383391514118464","50","sell"
"738","1INCH","1inch","0.07274357849882639","0.800443484502","5.108093977688","-27.267824727387","102161598","6592652.8","32.2","30","1721","1547","5","0.0013543088690979221","0.0046373112631192025","","sell"
"739","SN4","Targon","13.49","23.344631512772228","30.994583320595837","","66275177","156023","32.2","19","662","2251","4","0.0010834470952783375","0.0030083576489016812","","sell"
"740","SWFTC","SWFTCOIN","0.002996970956430649","0.165539422173","5.817362139318","-17.94298293002","30005668","458413.34","32.2","60","1423","636","29","0.007854991440767947","0.0013620149341616154","40","sell"
"741","PUFF","Puff The Dragon","0.0728571609669508","0.121247220001","0.580661026398","6.85277804948","64756724","11728.6","32","77","1538","888","19","0.005146373702572103","0.0029394321491320206","100","sell"
"742","XUSD","StraitsX USD","1.0001054149962167","0.020856994262","-0.016823735788","0.043167337007","44569333.34","1392203.88","32","57","2118","1064","6","0.0016251706429175061","0.0020230400665846955","100","sell"
"743","NAORIS","Naoris Protocol","0.0357026","-23.47302828325193","19.41978428079921","","21295873","3951654","32","77","1896","28","205","0.0555266636330148","0.000966660600990757","38","sell"
"744","BLUAI","Bluwhale AI","0.0115304723312332","-12.188","1.719629178915313","","14072120.22","227662.05","32","35","2077","1119","168","0.04550477800169018","0.0006387605799996733","27","sell"
"745","PRIME","The Pink Panther","0.2770432164208838","2.632858988369","0.955424994965","-35.423971027791","17231365","706600.06","31.9","66","472","1728","13","0.003521203059654597","0.0007821647718687604","100","sell"
"746","TST","Test","0.015902278954910625","-8.170954079701","9.834534641266","-19.993300128595","14924347","7470020.66","31.8","65","1857","59","138","0.03737892478710265","0.0006774447913177637","24","sell"
"747","AVAIL","Avail","0.00344949996183185","-0.09798382783","1.366728274095","-18.955886931262","13335105","544573.56","31.8","31","4124","1462","2","0.0005417235476391687","0.0006053060427987548","","sell"
"748","VCNT","ViciCoin","16.554836698235388","-0.513762803674","-1.167982019465","-1.67245499752","80774485","203840.31","31.7","29","3708","2435","4","0.0010834470952783375","0.0036665091031872175","","sell"
"749","VVS","VVS Finance","0.0000010582174229079496","0.967268308064","2.170013755586","-22.685715173879","46100695","25510.88","31.7","49","529","1112","480","0.1300136514334005","0.0020925991404433892","100","sell"
"750","RSS3","RSS3","0.007209368322290064","-1.824432917249","5.689254467934","-26.13007810438","10952713","1429192.91","31.7","47","2564","472","7","0.0018960324167370906","0.0004971646915371479","100","sell"
"751","LAVA","Lava Network","0.01779568862721731","0.20552569","6.55864503","","9532337","359145.18664804","31.7","78","1802","432","11","0.0029794795120154285","0.0004326910952777765","100","sell"
"752","FDD","Fidelity Digital Dollar","0.999506754815659","-0.049248135721","-0.029541473031","0.019330081636","62570182.33","2169081.05","31.5","31","4704","1369","1","0.00027086177381958437","0.0028401808207261115","","sell"
"753","STORJ","Storj","0.0777485046480441","-0.057737894626","0.181983943544","-28.11897705204","11177410","3878327.39","31.5","59","1495","573","37","0.010021885631324622","0.0005073641201804733","90","sell"
"754","GRIFFAIN","GRIFFAIN","0.008296637410252664","-3.119113169684","1.004668361502","-31.484325755229","8295422","4498932.12","31.5","51","1581","125","268","0.07259095538364861","0.0003765451463761052","8","sell"
"755","GLM","Golem","0.111212","1.1141949419728887","1.353500923532272","","111230957","4420488","31.4","34","1509","1101","4","0.0010834470952783375","0.005048986897245163","100","sell"
"756","USDB","USDB","0.9931939716155733","-0.456195912174","0.181580837358","-0.625302162754","18352013.26","7896.1","31.4","27","2925","2063","5","0.0013543088690979221","0.0008330331500052589","","sell"
"757","OETH","Origin Ether","1684.583900445087","1.031851339608","6.204927264409","-26.005082681972","93143208.11","593.16","31.3","31","2924","821","3","0.0008125853214587531","0.004227949214846451","","sell"
"758","SONIC","Sonic SVM","0.027267410830379462","-0.837895801462","1.681325277545","-36.742982710935","9806235","1030685.69","31.3","47","2224","1994","19","0.005146373702572103","0.0004451238518635322","100","sell"
"759","OHM","Olympus","16.38","-1.5252468713179541","-5.826786334869944","","245324790","18174.97","31.2","65","1615","924","43","0.01164705627424213","0.011135763673052109","30","sell"
"760","UQC","Uquid Coin","2.7937555593308034","0.031995269353","0.074506383282","-0.87103753668","27938646","25412.97","31.1","65","753","482","80","0.021668941905566754","0.0012681888332649245","84","sell"
"761","LON","Tokenlon","0.18614275044568399","0.316986138288","-0.727170150932","-22.245460885342","22967734","1308.93","31.1","27","1378","1318","36","0.009751023857505037","0.001042549584693515","100","sell"
"762","DG","DeGate","0.04230627695897993","-0.031371514673","-0.861850042801","-3.30895080843","16386022","45.46","31.1","56","2127","1936","12","0.0032503412858350123","0.0007437930285538314","","sell"
"763","NEXO","NEXO","0.8044569456303471","0.519703186781","6.621728435167","-12.365536037868","806275252","5233554.59","31","38","1320","1192","22","0.005958959024030857","0.03659838315444002","100","sell"
"764","BDCA","BitDCA","0.689989","2.5709514491320347","8.877047809140743","","56867354","182269","31","22","2694","1808","2","0.0005417235476391687","0.002581318483369718","","sell"
"765","POWER","Power Protocol","0.08564651242169082","-0.926562568073","41.163568046567","3.431358292726","17969826","2876091.25","31","38","1203","1207","254","0.06879889055017444","0.0008156849358023186","41","sell"
"766","GPRO","GoldPro Token","5.017558942539794","0.005765322947","-0.002953313168","-0.012225555223","11090979.2","651.75","31","59","1119","930","52","0.014084812238618388","0.0005034408600693657","94","sell"
"767","ETHX","Stader ETHx","1835.152157411367","0.812649596042","8.438541135463","-26.420255758711","293685729.49","9805.54","30.9","68","1760","2387","9","0.002437755964376259","0.013330959654540214","100","sell"
"768","XEC","eCash","0.000005505196620258","0.868995588524","0.11818536986","-30.928821492067","110232448","2747270.33","30.9","46","465","217","276","0.0747578495742053","0.005003662654842202","18","sell"
"769","FEUSD","Felix feUSD","0.995327","-0.48374657360230844","-0.15174671293372172","","74753145","47994","30.9","25","4740","2011","1","0.00027086177381958437","0.0033931889090270777","","sell"
"770","GXC","GXChain","0.29545595160453003","-0.019033117625","-1.719076046767","-8.420296726234","22159597","179.48","30.9","30","3494","1846","4","0.0010834470952783375","0.0010058666932195254","","sell"
"771","LSK","Lisk","0.09213390558493449","0.243902545815","-3.417339456165","-28.611729835428","21487824","1485175.16","30.9","60","1653","1880","12","0.0032503412858350123","0.0009753736257641849","0","sell"
"772","EURC","EURC","1.1560731629351724","-0.04554514258","0.51555933778","-0.827097161141","447512780","15701687.97","30.8","67","1454","804","25","0.006771544345489609","0.020313465095600655","86","sell"
"773","DUSK","Dusk","0.0907816802588316","0.642736796735","-3.032234823778","-40.438755008626","53258454","2676788.68","30.8","34","524","892","285","0.07719560553858154","0.002417503576936178","11","sell"
"774","MOC","Mossland","0.02039835","0.7627386741481479","0.47392351740321254","","9147898","44017","30.7","81","1935","969","5","0.0013543088690979221","0.0004152406702689363","","sell"
"775","FORT","Forta","0.013194394433687863","3.451709202864","10.213502705389","-22.526919465885","8399305","315007.55","30.7","31","799","2322","7","0.0018960324167370906","0.000381260595384123","","sell"
"776","ASS","another stupid shitcoin","6.290087538354759e-10","3.116119372481","-31.342118321749","-23.664816818344","7416533.82","55905.52","30.7","39","549","902","25","0.006771544345489609","0.0003366507228752479","0","sell"
"777","STRX","StrikeX","0.02860299595111162","0.850307826839","-2.429056332815","21.773271814327","25389687","4487.97","30.6","76","778","387","99","0.026815315608138858","0.0011524866857718023","89","sell"
"778","WAN","Wanchain","0.053815786183179344","0.448292624586","-1.694359076014","-13.143416859934","10729073","2203276.87","30.6","84","1106","1073","15","0.004062926607293765","0.000487013242155121","100","sell"
"779","TUT","Tutorial","0.01071991","0.3831182375044519","-0.2642855408372873","","8944230","3709787","30.6","58","784","143","152","0.041170989620576824","0.0004059957883482662","15","sell"
"780","ELA","Elastos","0.36608075540519724","0.668895880298","4.730465274783","-22.364490232803","8439534","125236.79","30.6","45","1019","652","31","0.008396714988407116","0.0003830866670045378","88","sell"
"781","RIVER","River","4.69573632620771","-5.992116188184","-9.252862273047","-33.177272084664","92303398","7074716.58","30.4","43","1427","586","494","0.13380571626687468","0.0041898286200414995","63","sell"
"782","EUSD","Electronic USD","0.9985119686832894","-0.131823221455","-0.09175943291","-0.037433088564","22980802","80374.61","30.4","28","2307","1805","5","0.0013543088690979221","0.0010431427663270525","","sell"
"783","GRND","SuperWalk","0.017180481321589586","0.186230512206","2.988873361166","-33.714229898535","12179313","53620.84","30.4","50","1012","1296","80","0.021668941905566754","0.0005528424227658823","43","sell"
"784","BANANA2","Banana Gun","2.9747420407240606","0.130618597212","-0.306164326592","-27.973057908444","11932391","4525039.63","30.4","30","2892","1278","3","0.0008125853214587531","0.0005416341586614786","","sell"
"785","BMX","BitMart Token","0.29051245750943455","0.138046779043","0.328855519533","-12.476614467006","98625987","9535282.3","30.3","30","3400","1827","3","0.0008125853214587531","0.004476823085239407","","sell"
"786","FXS","Frax Share","0.2817542240691647","-0.424865083124","-2.580516000419","-40.488337439237","26900281","419118.84","30.3","56","3674","970","4","0.0010834470952783375","0.0012210554504283643","","sell"
"787","BBT","BabyBoomToken","0.071017","-2.8575986021174775","-20.944706288457944","","12186090","135326","30.3","31","3981","1472","10","0.0027086177381958443","0.0005531500438196383","0","sell"
"788","MAX","MAX Exchange Token","0.26979496069395315","-0.455545767463","-2.303702693781","-10.270170857509","18057688.74","34418.11","30.1","58","1909","1002","15","0.004062926607293765","0.0008196709797500059","","sell"
"789","BTT","BitTorrent","2.648525621012173e-7","-0.293640235517","-1.299740409053","-19.309103849243","262707524","4683967.41","30","56","1024","526","77","0.020856356584107998","0.011924799374725502","92","sell"
"790","BTC.B","BTC.B","64471.534553966","1.398","0","","166481447.19","6.01","30","21","2472","2558","5","0.0013543088690979221","0.007556912825057529","","sell"
"791","ARDR","Ardor","0.02996920485881145","1.720936565521","3.585059332358","-28.715588372322","30027535","1359998.54","30","28","1870","1390","3","0.0008125853214587531","0.0013630075193147044","","sell"
"792","MARSMI","MarsMi","0.0133833","2.3784722770409035","12.003817737262446","","13393544","329554","30","60","2258","971","1","0.00027086177381958437","0.0006079587013143883","","sell"
"793","IDRT","Rupiah Token","0.000013893766190880458","0","0","-28.58562317945","9680999","4.04","30","30","5552","1788","2","0.0005417235476391687","0.00043943914915020935","","sell"
"794","USDCE","USD Coin Bridged","0.9995485334345962","0.095040289303","0.03390403697","-0.148549736135","1206753189.89","34618769.67","29.9","12","2970","1456","2","0.0005417235476391687","0.054776846377069414","100","sell"
"795","FAI","Freysa","0.0021557789790996877","6.368736544638","9.2627607527","-36.148072936763","17655183.11","489488.97","29.9","61","495","2416","10","0.0027086177381958443","0.0008007813775345043","","sell"
"796","DODO","DODO","0.015290031262837575","-0.890482692766","4.008926119507","-22.716716810768","15234099","1377635.88","29.9","36","1697","1261","75","0.02031463303646883","0.0006915050298662417","8","sell"
"797","BANANAS31","Banana For Scale","0.007690855878746471","3.626765825759","-27.857148149483","-39.629734568205","77060766","19897266.45","29.8","67","193","1456","58","0.015709982881535894","0.0034979362609068943","80","sell"
"798","LUSD","Liquity USD","1.0086180985487379","0.21806053","0.34398462","","28112938","2049.73627176","29.8","29","2740","1797","4","0.0010834470952783375","0.0012761002820920228","","sell"
"799","POLS","Polkastarter","0.07248272526724352","1.648732639728","-3.191101496456","-23.14373075576","7193613","90584.99","29.8","26","515","1656","110","0.029794795120154285","0.00032653191845551116","0","sell"
"800","ZRX","0x Protocol","0.08773556299129615","-1.547367628047","4.573658173881","-24.727095696672","74464127","6427975.91","29.7","56","2121","471","18","0.004875511928752518","0.003380069826584336","83","sell"
"801","IOTX","IoTeX","0.003344363687294426","-1.353439132853","-3.562777676325","-32.40561059746","31518891","10263672.02","29.7","35","1380","1111","242","0.06554854926433942","0.0014307030341804798","6","sell"
"802","PNKSTR","PunkStrategy","0.00893874","-3.802291781947457","6.6436666736200705","","8442768","11821.45","29.7","52","3097","1059","30","0.00812585321458753","0.0003832334644795041","91","sell"
"803","XP","Xphere","0.02612396","-0.11028201123815795","-30.755922304721118","","72583398","956641","29.6","53","1661","1758","35","0.009480162083685453","0.003294699922967765","100","sell"
"804","CXO","CargoX","0.15373874920756136","0.776673910679","-1.114911684563","4.197526771115","25649381","8620.65","29.6","56","1449","1146","21","0.005688097250211272","0.001164274695500903","100","sell"
"805","TAI","TARS AI","0.012180020805927328","-0.760015588798","-4.950617454259","-40.431151939649","7131920","818807.34","29.6","27","2053","512","16","0.00433378838111335","0.0003237315546264762","0","sell"
"806","USX","USX Coin","0.999442","-0.0008721490347271823","0.00864081513762731","","507934756","365141","29.5","59","1278","884","14","0.003792064833474181","0.023056134702674713","100","sell"
"807","CWU","Commonwealth","0.01958651","-1.5856336802928541","-13.421064591736439","","17638360","39269","29.5","22","1751","2000","127","0.03439944527508722","0.0008006390570647809","0","sell"
"808","MMUI","MetaMUI","0.03258397979074617","0.075062023432","-3.189546555745","-17.284544907406","15507271","622270.35","29.5","29","5085","1575","1","0.00027086177381958437","0.0007039048319168007","","sell"
"809","ZANO","Zano","9.274583170978683","-0.308851039061","10.863078039707","-19.256765639798","142402551","1290729.8","29.3","64","1303","235","43","0.01164705627424213","0.00646392545317475","83","sell"
"810","MBG","MultiBank Group","0.24549689886426235","-0.376658326498","-11.998526647606","-18.62856260374","60915082.89","2099900.69","29.3","50","1616","1915","14","0.003792064833474181","0.0027650526764434204","100","sell"
"811","VELVET","Velvet","0.4076","-8.522900102304288","122.12619199127104","","171817718","48069339","29.2","65","1390","935","1512","0.4095430020152116","0.007799136412146165","67","sell"
"812","TRIA","TRIA","0.0216505","-6.845130435146572","-17.08652464652745","","46797956","4056183","29.2","52","1820","1371","150","0.04062926607293766","0.002124249157200505","39","sell"
"813","ESPORTS","Yooldo Games","0.066313","-77.4230076070984","34.57657177138482","","10584237","31449940","29.2","67","1618","2","637","0.17253894992307525","0.00048043885777533543","56","sell"
"814","MOCA","Moca Coin","0.009765323537656554","0.139141552587","9.905153161242","-33.974766240237","40988893","3349758.65","29.1","49","1364","695","14","0.003792064833474181","0.0018605646240154527","67","sell"
"815","BURN","BurnedFi","3.0116723801349568","0.30793963498","-7.504938490817","-29.547894826839","36878829","70949.7","29.1","39","1421","1144","26","0.007042406119309194","0.0016740009205058349","50","sell"
"816","BIGTIME","Big Time","0.009039997553274785","2.012057506473","2.857621938411","-34.768159237941","17209056","10974957.29","29.1","31","980","1792","6","0.0016251706429175061","0.0007811521234862544","","sell"
"817","WQUIL","WQUIL","0.0152991134750024","-3.394","0","","13804166.73","16202.51","29.1","29","5590","1607","2","0.0005417235476391687","0.0006265976561467291","","sell"
"818","USDF","Aster USDF","0.99815","0.003516859027219249","-0.09508572401022079","","115298468","58838","29","43","2320","1702","6","0.0016251706429175061","0.0052336190383082","","sell"
"819","XNO","Nano","0.3578032846581532","-1.176964294251","-6.4436809962","-21.398474385414","47871391","120990.86","29","36","3354","1873","4","0.0010834470952783375","0.0021729744347331295","","sell"
"820","MBL","MovieBloc","0.0007292075567694461","0.992325317998","5.180213967162","-24.450729254708","14154663","2036263.3","29","72","1341","1028","9","0.002437755964376259","0.0006425073554111461","50","sell"
"821","SN93","Bitcast","3.37","26.728111553786505","41.704511582529584","","11517179","281670","29","70","608","2030","5","0.0013543088690979221","0.0005227868880443702","100","sell"
"822","CJL","CJournal","0.01557665","-2.0156538582973482","15.518392338045356","","10115674","62155","29","29","5564","1059","2","0.0005417235476391687","0.0004591698827404997","","sell"
"823","RETH","Rocket Pool ETH","1964.3876193219896","1.05755500056","7.12971593957","-25.889259901335","882159847.56","68535.25","28.9","44","2285","2343","3","0.0008125853214587531","0.04004293077876","","sell"
"824","QAI","QuantixAI","55.313309559603354","-0.044265332471","-2.403795447903","-9.062483838858","55342113","2777952.41","28.9","28","3609","1447","3","0.0008125853214587531","0.002512084863235162","","sell"
"825","USDAI","USDAI","0.998616","-0.15003683039540017","0.589953690380679","","198402381","80071","28.8","3","3118","2250","5","0.0013543088690979221","0.009005865355013017","","sell"
"826","EURCV","EUR CoinVertible","1.1548774451204753","-0.082471222917","0.488482367273","-0.818529647031","136996294","11849963.56","28.8","10","2738","1583","4","0.0010834470952783375","0.006218525058425473","","sell"
"827","CVC","Civic","0.022938932628302103","-0.057278151991","-0.9129000647","-30.241414844422","18380199","1089507.6","28.8","73","2209","1670","9","0.002437755964376259","0.0008343125549100387","100","sell"
"828","XAUM","XAUM","4195.61","0.6390225261548252","-1.8434110363947924","","64472816","357486","28.7","37","1222","1132","14","0.003792064833474181","0.0029265450194094645","100","sell"
"829","PSG","Paris Saint-Germain Fan Token","0.5552104123603001","-0.127358011242","-5.671990247272","-44.738272088972","8956799","4854932.46","28.7","28","1122","855","116","0.03141996576307179","0.00040656631941284635","14","sell"
"830","RUJI","Rujira","0.27003","12.753089989947497","20.56345679361034","","18601342","12112.05","28.6","38","832","2625","6","0.0016251706429175061","0.0008443506606634351","","sell"
"831","THBILL","Theo Short Duration US Treasury Fund","1.025","-0.1259395688105007","0.15099962974232692","","125040198","131205","28.4","25","2250","2082","7","0.0018960324167370906","0.005675814884258713","100","sell"
"832","TDCCP","TDCCP","0.051777","1.9375609400671778","9.737464378964166","","33137372","8452.02","28.3","17","2011","2578","3","0.0008125853214587531","0.0015041689970997799","0","sell"
"833","APR","aPriori","0.17784335045820568","-9.645442330598","-23.505911614846","17.754793074933","43766134","4462012.32","28.2","54","1848","976","107","0.02898220979869553","0.0019866289301914038","25","sell"
"834","AITECH","AITECH","0.007112110351207255","0.318309187513","-0.224297110606","-33.590323527034","12688466","3530220.43","28.2","24","2052","2137","5","0.0013543088690979221","0.0005759538559048876","","sell"
"835","FELY","Felysyum","0.247294","4.866529158502124","-8.7001531576009","","10823688","55868","28.2","40","1047","1420","3","0.0008125853214587531","0.0004913079988322828","100","sell"
"836","PC0000031","Tradable NA Rent Financing Platform SSTN","1","0","0","","202500000","0","28.1","28","3878","","2","0.0005417235476391687","0.009191864156056353","","sell"
"837","EZETH","Renzo Restaked ETH","1812.6615674140521","0.89384835858","7.577385572726","-26.383972646083","188577565.95","18163.78","28.1","17","2341","2506","4","0.0010834470952783375","0.008559898118973619","","sell"
"838","SN56","Gradients","5.1","23.442549406020852","35.31859905340791","","23459077","153629","28.1","19","1476","2738","1","0.00027086177381958437","0.001064852587706005","","sell"
"839","VELO","Velodrome Finance","0.013973950208032012","0.072824316604","9.728739720779","-20.328599586994","16879149","1372568.69","28.1","42","644","339","753","0.20395891568614705","0.000766177010754738","65","sell"
"840","KERNEL","KERNEL","0.04801123","-1.051978462336692","-2.295264820783238","","13818257","5825657","28.1","22","2548","2307","7","0.0018960324167370906","0.0006272372405801224","100","sell"
"841","BORA","BORA","0.02521719385971274","0.138311954062","-0.610186098137","-31.213825850335","29080640","280506.87","28","35","2410","1039","3","0.0008125853214587531","0.001320026135561376","","sell"
"842","OSMO","Osmosis","0.046578237678685255","-2.197512555141","18.642701968306","-34.568690558163","36532248","6194933.54","27.9","55","1527","101","145","0.039274957203839736","0.0016582689428709205","20","sell"
"843","ZEREBRO","zerebro","0.026251107756892295","-2.847216731094","12.748533733869","-9.558766277529","26201107","7425952.42","27.9","48","1639","196","150","0.04062926607293766","0.0011893185989249244","21","sell"
"844","TOKAMAK","Tokamak Network","0.38082089866035446","0.174854137212","6.432648369593","-31.133611461319","23736945","354566.05","27.7","27","4942","2026","1","0.00027086177381958437","0.001077465550221141","","sell"
"845","DEXT","DexTools","0.11058224344961946","-1.442002850472","-2.504595582483","-9.981499988018","7886854","7188.85","27.7","48","3286","1389","3","0.0008125853214587531","0.0003579994596871589","","sell"
"846","AVICI","Avici","0.731251","-2.8384772700292595","-0.9337486026100282","","9432781","658499","27.6","66","2153","302","33","0.008938438536046284","0.00042817205711520687","80","sell"
"847","T","Threshold Network","0.0038176326073803123","-1.984421174982","-0.722663818108","-37.423319696792","42464345","5230421.29","27.5","63","2668","449","9","0.002437755964376259","0.0019275382257575844","100","sell"
"848","BOTX","botXcoin","0.7021218407927645","-0.028083464481","0.097061436312","0.069417217668","36684877","64958.65","27.5","27","3241","1646","4","0.0010834470952783375","0.0016651970664969683","","sell"
"849","PC0000023","Tradable Singapore Fintech SSL","1","0","0","","114500000","0","27.4","27","5316","","0","0","0.005197375041325691","","sell"
"850","EURA","Angle Protocol","1.1561686465292589","0.056381518391","0.43792676604","-0.873361695192","31671633.2","162.52","27.4","27","5267","1672","1","0.00027086177381958437","0.001437636296172071","","sell"
"851","HFT","Hashflow","0.0100592220816115","-4.43403015","-2.6567518","","8379081","4473789.94975768","27.4","39","2126","456","87","0.023564974322303842","0.0003803425891584831","9","sell"
"852","USDTB","USDtb","1","0.03337319852636283","0.04677797817081903","","916237257","479272","27.3","40","2222","1262","6","0.0016251706429175061","0.041589769881786136","","sell"
"853","FLUID","Fluid","1.075601873249949","-2.084943721392","-1.199430131252","-39.276735988073","84517345","2028286.87","27.3","31","1850","1500","101","0.027357039155778022","0.0038364047114594997","0","sell"
"854","VSUI","Volo Staked SUI","0.8172178981655761","1.632739480281","2.223669703292","-35.335691526861","43049509.43","6776.24","27.3","27","4270","1757","1","0.00027086177381958437","0.001954099963779886","","sell"
"855","EURI","Eurite","1.1558160635068608","-0.075974426411","0.508376523314","-0.794431881183","57316780","5553294.96","27.2","27","3813","1437","2","0.0005417235476391687","0.002601718793197865","","sell"
"856","PYUSD","PayPal USD","0.9997025089624977","-0.00878976045","0.01108394002","0.000803180267","2772881780","25992015.25","27.1","66","1074","429","18","0.004875511928752518","0.1258664328027839","43","sell"
"857","KOGE","KOGE","63.632806177791785","0.02888019333","-0.406092823823","93.600729687358","110958345.8","104876.61","27.1","40","2254","2208","4","0.0010834470952783375","0.005036612550984326","","sell"
"858","DFI","DeFiChain","0.0007170223626739217","-1.251062604774","-0.10731814866","-18.702608921035","15777797","418.17","27.1","40","3694","2515","2","0.0005417235476391687","0.0007161845269423874","","sell"
"859","BRZ","Brazilian Digital Token","0.19615648628353272","-0.074346198439","2.590731250099","-1.755061379016","52452327","41161.45","27","29","2707","1396","3","0.0008125853214587531","0.002380911923224923","","sell"
"860","DEFI.SSI","DEFI.ssi","0.345604","1.7356198283953836","6.545414432409251","","8813255","197839","27","27","3659","1788","1","0.00027086177381958437","0.00040005058139597254","","sell"
"861","USN","Noon USN","0.999007","-0.09435905814991176","0.01898166110125514","","32999265","28064","26.9","19","2791","2624","3","0.0008125853214587531","0.001497900054961506","","sell"
"862","AHT","AhaToken","0.0011132923149959","-0.004837955951","5.855834635794","-28.266102841506","8093028","76255.71","26.9","79","2226","633","8","0.002166894190556675","0.00036735809376375525","100","sell"
"863","LISUSD","Lista USD","0.998154","-0.015346257053417963","-0.0010550455252869365","","75225898","12855.99","26.8","26","4799","2293","1","0.00027086177381958437","0.0034146480762140808","","sell"
"864","LISUSD","lisUSD","0.9978458262604233","-0.008706572808","-0.078072159972","0.044837105795","75205004.84","781","26.8","6","4833","2797","1","0.00027086177381958437","0.003413699695530077","","sell"
"865","FXSAVE","f(x) USD Saving","1.11","0.005150000000012554","0.8042861005912749","","56770231","14.96","26.8","25","3176","2381","2","0.0005417235476391687","0.0025769098837527863","","sell"
"866","MANTA","Manta Network","0.08300192920959437","1.171737945049","-5.406475762287","-6.693163590029","39287278","8174961.86","26.8","54","354","661","256","0.0693406140978136","0.001783325049072698","10","sell"
"867","GAMA","GAMA Coin","0.2147887612470361","-0.523659221599","2.018165028667","-4.759177930916","15595111.8","59090.19","26.6","26","5246","1640","1","0.00027086177381958437","0.0007078920946375876","","sell"
"868","SN17","404—GEN","2.63","22.631652753664415","33.3949847818209","","12885727","27405","26.4","26","2088","2563","1","0.00027086177381958437","0.0005849079117828522","","sell"
"869","ISLM","Islamic Coin","0.00651866264593158","-5.488035622601","-9.873777546356","-47.819772405862","24062776","11134.33","26.3","18","4182","2861","8","0.002166894190556675","0.0010922556454795707","100","sell"
"870","TPT","TokenPocket Token","0.006380986398529118","0.832360377887","0.28988066105","-18.355601039016","22119417.52","59545.34","26.3","22","2486","2635","3","0.0008125853214587531","0.0010055865501656057","","sell"
"871","MONA","MonaCoin","0.07036322403192369","-0.662169744897","6.003168211744","-25.197762585135","7404928","7828.57","26.3","69","1483","696","31","0.008396714988407116","0.00033612391240186697","100","sell"
"872","SN44","Score","10.63","25.49726177590622","40.222641168153864","","50431648","1197508","26.2","26","1676","1500","2","0.0005417235476391687","0.0022891894201582767","","sell"
"873","WUSD","Worldwide USD","0.9968668242606875","0.122075987176","-0.158208389393","-0.177903056679","10649667","235587.5","26.1","70","3639","2051","3","0.0008125853214587531","0.0004834088512159812","","sell"
"874","COW","CoW Protocol","0.15108645651966512","4.439688210991","11.614992485438","-19.02107867353","87385597","2896998.29","26","50","371","674","14","0.003792064833474181","0.003966600181826595","0","sell"
"875","QKA","Qkacoin","0.684699","2.3930069950081516","-1.0296970337660634","","21682445","18.88","25.9","25","4472","2099","1","0.00027086177381958437","0.0009842078469687076","","sell"
"876","BGB","Bitget Token","1.7969254068667242","0.155394578293","-2.294425072959","-14.135592522567","1258106388","12686909.55","25.6","68","2030","692","8","0.002166894190556675","0.05710786672771717","","sell"
"877","BUCK","Bucket Protocol BUCK Stablecoin","0.9983364260264584","-0.017390052091","-0.087955392278","0.015158866584","25928520","267684.09","25.6","25","2895","1203","4","0.0010834470952783375","0.001176945351148594","","sell"
"878","ASM","Assemble Protocol","0.00574580102152721","-2.395120269383","-2.265976784812","-22.441023137753","8801146","219923.7","25.6","26","2263","1429","43","0.01164705627424213","0.0003995009306154012","77","sell"
"879","BTSE","BTSE Token","1.1","4.82038390520508","4.19409982071988","","178656043","2532749","25.5","12","792","2542","6","0.0016251706429175061","0.008109541125504013","","sell"
"880","FLOW","Flow","0.02870437400068837","-0.234186526548","8.630801183804","-25.961429862823","47822302","3295056.23","25.4","74","1528","1298","20","0.0054172354763916885","0.002170746190685936","100","sell"
"881","CRV","Curve DAO Token","0.23426423089941834","-2.126766927346","23.580512571905","-14.275186533773","357137744","38851825.47","25.1","35","1132","783","477","0.12920106611194176","0.01621116853258484","65","sell"
"882","VBILL","VanEck Treasury Fund","1","0","0","","67076786","0","25.1","24","3107","","3","0.0008125853214587531","0.0030447442219104326","","sell"
"883","BAND","Band Protocol","0.16745372826033322","-1.103593476352","-3.816504935655","-27.408111296666","29959146","3069512.29","25.1","47","1465","279","129","0.03494116882272639","0.0013599032111775756","41","sell"
"884","NAWS","NAWS.AI","0.00699641","10.744078196681487","49.599390097543015","","13965965","558599","25","25","956","2928","2","0.0005417235476391687","0.0006339419905591978","","sell"
"885","BROCCOLI","CZ'S DOG","0.01311038","-1.5902482262917923","17.760588745609894","","12680168","5600781","25","46","2010","805","30","0.00812585321458753","0.0005755771937381372","50","sell"
"886","DST","DAYSTARTER","0.034612982213298775","-0.13214106129","0.635858197561","5.494657773758","11627343.69","112.5","25","42","2860","1612","5","0.0013543088690979221","0.0005277874750333778","100","sell"
"887","KMNO","Kamino Finance","0.017524977172099138","-4.137231003131","16.801838560219","-22.651743513774","84672052.08","7471597.14","24.9","78","1753","87","101","0.027357039155778022","0.003843418141485865","83","sell"
"888","WBNB","Wrapped BNB","609.4822356193597","0.733627772719","5.210489970074","-10.576721789562","1060824650.69","208147379.45","24.8","73","856","349","13","0.003521203059654597","0.04815286954339957","100","sell"
"889","DKA","dKargo","0.004170202318560332","-0.647146151155","10.355158347568","-32.052605705401","20900216","961466.68","24.7","24","3414","2202","3","0.0008125853214587531","0.000948700969403632","","sell"
"890","XAI","SideShift","0.0725599260613322","1.522556677396","1.310117138824","-16.759874820432","11590874","2381.21","24.7","24","1691","2513","5","0.0013543088690979221","0.0005261320457183483","","sell"
"891","SN5","OpenKaito","4.5","22.508581442759198","34.477771147597615","","16926508","63250","24.6","24","2770","1671","1","0.00027086177381958437","0.0007683267267772894","","sell"
"892","MGO","Mango Network","0.010007045352749369","0.172379488947","1.706700079082","-34.19331331989","15913818","727252.66","24.6","6","2202","2058","6","0.0016251706429175061","0.0007223587815318736","100","sell"
"893","FIRO","Firo","0.7702720613829437","-0.055794108592","7.526406354353","-39.301512973548","14403076","300575.2","24.6","51","1522","572","26","0.007042406119309194","0.0006537832988708914","67","sell"
"894","WECAN","Wecan Group","0.00212144929784817","-4.460228552493","2.924741919354","71.970470153819","12728695.79","29573.87","24.6","42","4043","1893","8","0.002166894190556675","0.0005777799633849205","100","sell"
"895","USDN","Noble Dollar (USDN)","0.999803","0","0","","7067857","103483","24.4","24","4099","2069","2","0.0005417235476391687","0.000320823611942874","","sell"
"896","TORN","Tornado Cash","5.4526370572691425","1.001650475953","2.532130054914","-17.321599732806","20591146","55970.34","24.2","14","1494","2286","10","0.0027086177381958443","0.0009346716881457934","0","sell"
"897","B2M","Bit2Me","0.005727384079660544","1.245941813362","-8.058900848065","-25.698125793559","17128295","134900.06","24.1","24","3135","1042","2","0.0005417235476391687","0.0007774862264931322","","sell"
"898","USTBL","Spiko US T-Bills Money Market Fund","1.086","0","0.06484779651056569","","160011579","49.95","23.9","23","4450","2357","1","0.00027086177381958437","0.0072632330743905155","","sell"
"899","RAVE","RaveDAO","0.31107840695995526","-5.845182104601","-5.589903390767","-52.703621208158","78799954","8964389.99","23.7","42","1394","533","532","0.1440984636720189","0.0035768813465258736","40","sell"
"900","BOUNTY","ChainBounty","0.0157714197459411","-0.312301235671","5.366133181081","-26.160196599226","8203634","230127.21","23.7","58","2574","694","7","0.0018960324167370906","0.0003723787126617541","100","sell"
"901","LISTA","Lista DAO","0.05212185013174418","-0.092465494337","-1.619762465692","-40.892575810167","20047260","3660880.77","23.6","73","1371","349","24","0.0065006825716700245","0.0009099836573883569","86","sell"
"902","RLUSD","Ripple USD","0.999823061472631","-0.013766706925","-0.023939020556","-0.001418678697","1638719280","96945080.77","23.5","48","686","175","340","0.0920930030986587","0.0743846173415826","60","sell"
"903","POKT","Pocket Network","0.008517457433247257","-0.246663031707","10.355140492705","-26.740955697041","17151353","363387.64","23.4","39","1912","1545","16","0.00433378838111335","0.0007785328734250351","100","sell"
"904","META","Metadium","0.008199338461749105","0.397350306211","6.202752045435","-15.809816443223","14027155","283106.8","23.4","23","3024","1682","4","0.0010834470952783375","0.0006367195222515884","","sell"
"905","C","Chainbase","0.09421536073150118","-2.068639743007","-9.275025563106","14.288669639644","15154291","6829454.66","23.3","47","2026","1398","23","0.006229820797850441","0.000687882391374555","100","sell"
"906","BINK","BINK","0.00006063","2.7953645161182212","10.031471004100814","","9030664","56.83","23.3","23","3279","2103","2","0.0005417235476391687","0.00040991919371352343","","sell"
"907","GHO","GHO","0.9990230261931008","-0.013060721662","-0.047817252675","-0.049251903992","598445812","14370.93","23.2","65","1699","631","17","0.004604650154932935","0.027164605474888096","100","sell"
"908","SN85","Vidaio","2.04","19.081369948799562","35.011598184924445","","8290150","531640","23.2","23","1891","2230","2","0.0005417235476391687","0.00037630584016459546","","sell"
"909","AVUSD","Avant USD","0.999096","-0.05315333682503233","0.029539475792983258","","103497472","9107.33","23.1","23","4868","2034","1","0.00027086177381958437","0.004697949151206153","","sell"
"910","BLESS","Bless Token","0.00551988067637983","0.496038897506","-9.561895937905","-12.099190612476","10717595.16","3069008.53","23.1","73","828","271","71","0.01923118594119049","0.0004863292040509921","82","sell"
"911","TGC","TG Casino","0.12068319557301287","-0.07095160593","1.600641771062","-11.357976833723","9394851","32020.16","23","24","2275","2326","7","0.0018960324167370906","0.00042645034152291453","","sell"
"912","KUB","Bitkub Coin","0.7652851742884044","-1.289329829039","1.484592055143","-10.153460600139","52916235","133414.34","22.9","21","4146","1674","3","0.0008125853214587531","0.0024019695988639735","","sell"
"913","PRO","Propy","0.29661640677445744","0.162523457051","10.160819464581","","17772336","4113457.15","22.9","21","2963","2485","4","0.0010834470952783375","0.0008067204851742713","","sell"
"914","MEDXT","MEDXT","0.0007179","2.4875264238742827","49.161976613825225","","14892381","100.25","22.9","22","3788","1771","1","0.00027086177381958437","0.0006759937931468379","","sell"
"915","LEO","LEO Token","9.731160427410021","1.286676156177","3.789208366641","-4.505869426708","9039458569","483376.63","22.8","57","1792","906","7","0.0018960324167370906","0.41031839610146936","","sell"
"916","KCS","KuCoin","6.952314852104485","3.385654658597","11.345389883642","-17.095683253345","937825013","2116686.49","22.8","55","505","610","15","0.004062926607293765","0.04256967961307547","100","sell"
"917","BXN","BXN","0.0006045835210297185","1.388662061929","1.112382997373","-24.176288016203","9623458","406043.54","22.8","51","1101","2291","14","0.003792064833474181","0.00043682725258031483","100","sell"
"918","WBETH","Wrapped Beacon ETH","1849.213572145574","0.605326304236","6.108817138032","-25.934439019121","8323325493.77","1638705.94","22.7","40","4507","1966","1","0.00027086177381958437","0.37781173958209635","","sell"
"919","MCUSD","Moola Celo USD","0.9981117935467185","-0.049544805146","-0.176496006454","-1.423651410158","19551260.7","1071.73","22.6","17","5509","","0","0","0.0008874692959705839","","sell"
"920","MWC","MimbleWimbleCoin","2.9452139636778427","-1.651595177702","29.537521225511","-57.487930241038","33027943","110.46","22.5","36","3624","2346","19","0.005146373702572103","0.0014992018044936906","100","sell"
"921","FCT","Firmachain","0.00836309","-0.05442659956845269","-2.6253833525761223","","9934791","198442","22.3","34","2594","2180","5","0.0013543088690979221","0.00045095925575709255","100","sell"
"922","2Z","DoubleZero","0.070519","3.9203304737780553","2.6832353937397175","","244604516","6486519","22","61","790","2157","7","0.0018960324167370906","0.011103069051999568","100","sell"
"923","EVER","Everscale","0.005212097420381247","1.370239604025","6.7579493131","74.941531804079","10638329","27706.08","21.8","23","2003","1103","5","0.0013543088690979221","0.0004828941976070855","","sell"
"924","BNT","Bancor","0.2742164362418652","0.57865286263","2.757537727087","-21.606343338667","29595369","1550193.64","21.7","51","1239","1353","9","0.002437755964376259","0.0013433906740561055","","sell"
"925","KCT","Konnect","0.0012065142249888198","-22.597557156021","87.003238696202","301.768436933451","8821511","431312.46","21.7","37","3765","555","5","0.0013543088690979221","0.000400425337102009","","sell"
"926","ALCX","Alchemix","3.521318891032952","-0.570132737627","3.904961457402","-33.882806802773","8853783","439164.47","21.5","84","1622","372","34","0.00920930030986587","0.00040189022520099307","75","sell"
"927","ENSO","Enso","0.651617677656689","-0.89313117376","12.334410182716","-26.006688711849","13392605","22727802.32","21.4","53","1064","48","269","0.0728618171574682","0.0006079160782998573","7","sell"
"928","SAUCE","SaucerSwap","0.01606106419752523","-0.142652439132","-7.355047593914","-26.716092245301","14545772","66350.43","21.3","53","1221","1497","43","0.01164705627424213","0.0006602605445381142","93","sell"
"929","PIPPIN","Pippin","0.017692339869978164","-4.039647508943","27.568709909356","-27.854404746848","17699309","6595447.69","21.1","38","1419","1077","458","0.12405469240936964","0.0008034056493040276","35","sell"
"930","DEGEN","Degen","0.0015220793734557713","-6.142359941548","-3.894764625059","45.267244391618","56634529","3831706.55","20.9","44","1689","800","300","0.08125853214587532","0.002570750109186341","30","sell"
"931","SN13","Data Universe","1.87","22.7107751856731","34.27866729685794","","9099604","22581","20.6","20","2871","2078","1","0.00027086177381958437","0.0004130485127995408","","sell"
"932","WXT","Wirex Token","0.0021007277693661517","-4.067676288925","5.984686970921","","21007277.69","357118.68","20.5","59","2754","723","19","0.005146373702572103","0.0009535607052594238","67","sell"
"933","RAIL","Railgun","2.921965068113645","-0.347774399337","22.072656465627","69.718399087261","167926290","93725.33","20.4","51","1497","1602","49","0.013272226917159636","0.007622497016842096","77","sell"
"934","HOME","OtterHome","0.029317888074770468","-3.6330581188","-44.573040584508","67.010733490196","7024369.19","560631.01","20.4","24","1484","878","434","0.11755400983769963","0.0003188496166739141","26","sell"
"935","DAI","Dai","0.9996973958151655","-0.00018098981","-0.002761164407","0.005812766106","4198206772","45985923.85","20.2","42","968","437","118","0.03196168931071096","0.1905646733198017","16","sell"
"936","WEMIX","WEMIX Dollar","0.2481238734617609","-0.796359362659","-6.427032307262","-14.972081601159","113788126","933502.82","20.1","55","2168","1813","10","0.0027086177381958443","0.005165061712415921","100","sell"
"937","FOLKS","Folks Finance","1.83900612388988","-2.525","5.96980044630849","","30675377.8","2450950.34","20.1","44","1328","1115","265","0.07177837006218987","0.0013924143490039842","45","sell"
"938","ZENT","Zentry","0.0025921982011859294","-1.134766327286","-3.784137232141","-17.172964721503","20171936","1318474.58","20","46","1161","163","64","0.0173351535244534","0.0009156429406254952","12","sell"
"939","MNGO","Mango","0.027954482371961076","-0.912022365015","-1.815497517776","-10.634100125962","31247572","17.36","19.5","31","4886","1995","2","0.0005417235476391687","0.001418387343360939","","sell"
"940","BREV","Brevis Token","0.0817293024868749","1.502","1.1333980896486318","","20436958.43","253008.01","19.5","27","1719","2380","4","0.0010834470952783375","0.0009276728180322505","","sell"
"941","RYZE","Ryze","0.096573","0.28192886629599057","1.4406287371646047","","25479968","664.91","19.4","19","5329","1986","1","0.00027086177381958437","0.0011565847138600635","","sell"
"942","HEGIC","Hegic","0.01243064315563555","0.556879452713","8.498162845949","-25.071503897555","13286001","25.45","19.3","19","3929","2091","3","0.0008125853214587531","0.0006030771178727352","","sell"
"943","SQGROW","SquidGrow","0.008407548270475199","3.483911694332","-5.078649975138","-31.46019100371","8671161","90652.49","19.1","59","542","1776","21","0.005688097250211272","0.00039360066166564824","100","sell"
"944","AIH","AIHub","39.14653558059198","1.194564556793","58.432273110295","-3.128339085881","45465592.7","4420.32869116","18.7","18","2340","1478","4","0.0010834470952783375","0.0020637706265332714","","sell"
"945","JLP","Jupiter Perps LP","3.410039192639652","1.233245054249","5.226693272918","-16.030987015191","772598206.3","2307942.05","18.6","18","2445","2097","3","0.0008125853214587531","0.035069720934185575","","sell"
"946","PIEVERSE","Pieverse","0.6583754598732386","-6.110010983458","5.440983084026","-30.839698847098","180276599","24716166.29","18.5","51","1690","44","140","0.03792064833474181","0.008183101276660961","22","sell"
"947","USDG","Global Dollar","1.0003018422550953","0.025933949157","0.018472490445","0.081272201047","2641261934","29934985.23","18.2","39","941","397","108","0.029253071572515114","0.119891955051312","21","sell"
"948","RUSD","Royal Dollar","1","0.03765233766488381","0.008367239318154265","","250008925","132069718","18.2","4","2260","1711","5","0.0013543088690979221","0.011348385562477437","100","sell"
"949","CRVUSD","crvUSD","0.9991383994717895","-0.04509749047","0.056980798646","-0.043601386405","193227795","3625207.32","18.2","60","1727","523","14","0.003792064833474181","0.008770980952169407","100","sell"
"950","AUKI","Auki Token","0.005642642334063713","-0.392829715996","-4.720321814352","-41.76721683157","25060276","47053.02","18.2","37","1659","1297","32","0.0086675767622267","0.001137534087433478","86","sell"
"951","ABEL","Abelian","0.07784282664834688","0.528501100312","17.722769284805","-3.222784826833","10767640","22246.95","17.9","53","1252","441","23","0.006229820797850441","0.0004887638724015734","67","sell"
"952","LHYPE","Looped Hype","62.05","2.119481667602504","7.056659463958523","","10916956","7560.05","17.8","4","3133","2575","2","0.0005417235476391687","0.0004955416125908362","","sell"
"953","MCB","MUX Protocol","2.1172216370293104","-0.023752673387","-1.398462025891","64.878828506854","8075832","2.79","17.5","17","4014","1646","3","0.0008125853214587531","0.00036657753427719945","","sell"
"954","HSK","HashKey Platform Token","0.08733483275352096","-0.12726767964","2.839941201222","-45.693041103652","31894763","2406746.93","17.4","60","2101","1784","14","0.003792064833474181","0.0014477645865956167","100","sell"
"955","MYX","MYX Finance","0.1821499475613068","-0.9206833105","-21.263807194797","-17.344490946884","34367706","16843592.48","17.2","46","1032","1085","396","0.10726126243255543","0.0015600162217643597","38","sell"
"956","ELEPHANT","Elephant Money","3.9373779031948936e-8","0.200252896012","3.954267930908","-7.830398491772","19611904","4656.42","17.1","17","3409","1979","3","0.0008125853214587531","0.0008902220118993491","","sell"
"957","HANU","Hanu Yokia","5.296401146808279e-8","1.505959744097","4.363266749879","-22.28354787221","7909447","8.86","17","17","2145","2044","10","0.0027086177381958443","0.0003590249993754442","100","sell"
"958","SWARMS","swarms","0.007096828772486693","-10.5526520897","14.815156022836","-48.526877065264","7072066","6923659.89","16.8","55","1794","30","228","0.06175648443086524","0.0003210146665415547","40","sell"
"959","BFUSD","BFUSD","0.9990086806772933","0.003240029477","-0.080577437723","-0.057948368287","1318944102","1352669.8","16.7","36","3008","1355","3","0.0008125853214587531","0.05986940748155919","","sell"
"960","CACAO","Maya Protocol","0.104639","-1.2294534147385205","-6.648797336246084","","10515293","3989074","16.5","34","3138","2343","6","0.0016251706429175061","0.00047730935712163097","100","sell"
"961","MORI","MORI COIN","0.00794428297664446","-3.866673416397","33.353866379847","60.674929335758","7148965","1060957.15","16.5","72","2618","364","13","0.003521203059654597","0.0003245052599328464","100","sell"
"962","OUSD","Origin Dollar","0.9996196262333977","-0.032217412224","-0.024805566914","0.040492650774","7289897","35342.26","16","49","2686","1450","4","0.0010834470952783375","0.0003309024342500876","","sell"
"963","AGENTFUN","AgentFun.AI","0.47138905068769643","-7.505372822091","-4.255316422813","-26.505992640753","51239202","26.63","15.9","31","5665","2334","2","0.0005417235476391687","0.0023258458481418814","","sell"
"964","KAVA","Kava","0.04569957390386171","-0.282931957505","5.450139548245","-27.669143504933","49391921","10006906.57","15.6","69","1578","420","28","0.007584129666948362","0.0022419942135242818","50","sell"
"965","MOVR","Moonriver","1.3344353137089757","-1.332877833929","5.74808151671","-48.959282297541","16217686","4302861.27","15.6","70","1041","13","470","0.12730503369520468","0.0007361519340127256","46","sell"
"966","ARARA","Araracoin","0.00043651","-0.19135930623713687","-0.2511851726583907","","15823420","14935.57","15.4","15","4416","1410","2","0.0005417235476391687","0.0007182554425887665","","sell"
"967","HTX","HTX DAO","0.00000169","-0.5033399999999948","-3.527116631512746","","1530735092","71406440","14.6","27","1243","244","120","0.03250341285835012","0.06948300752875271","7","sell"
"968","DEP","DEAPCOIN","0.0010708577549161753","0.072665555302","-0.1385010326","-2.631411407017","29419734","145936.83","14.6","58","2248","1619","3","0.0008125853214587531","0.001335418263878086","","sell"
"969","KISHU","Kishu Inu","1.2939975548176602e-10","1.563506526016","7.798970562727","-66.293351198508","12267323","171653.3","14.6","14","2473","1212","3","0.0008125853214587531","0.0005568373657998306","","sell"
"970","SN46","Neural3D","2.74","18.9799266956486","28.822267291199864","","11712285","852024","14.5","14","913","1282","4","0.0010834470952783375","0.0005316431243309457","","sell"
"971","UNS","UNS TOKEN","0.24974008680040258","-0.520232933276","25.249682212824","-13.250851422192","30059471.91","1626.14","14.4","14","3779","2149","4","0.0010834470952783375","0.0013644571970346262","","sell"
"972","VR","Victoria VR","0.0015162612082840036","-0.318746874132","-1.515583761802","-9.815009750654","25474800","947667.57","14.3","82","1810","779","19","0.005146373702572103","0.0011563501284084167","100","sell"
"973","FLR","Flare","0.00795865","0.6212173590422305","17.9846804453958","","680237311","4013721","14.1","64","563","63","70","0.018960324167370906","0.03087727879799041","94","sell"
"974","SRX","StorX Token","0.054194","0.05834123469136606","-1.5117069597171209","","32901910","1732113","13.9","51","994","821","35","0.009480162083685453","0.0014934809244187264","80","sell"
"975","SN8","Proprietary Trading Network","8.21","23.33169390790604","40.48114705655602","","38246787","49494","13.6","13","2136","2264","1","0.00027086177381958437","0.0017360951630104795","","sell"
"976","USDF","Falcon USD","0.9951718607353032","-0.055903560213","-0.086361512409","-0.302116947386","1460497281","417110.58","13.5","50","2467","1400","7","0.0018960324167370906","0.06629477830736623","","sell"
"977","QANX","QANplatform","0.010499874463415597","-0.789110274188","-6.670435371543","-11.855163844356","17865833","124229.75","13.5","72","1934","426","30","0.00812585321458753","0.0008109644936829073","89","sell"
"978","BICO","Biconomy","0.0188948514625845","0.346146147901","0.218043575255","-28.932140653654","13533210","1304098.59","12.4","60","664","172","276","0.0747578495742053","0.0006142984094586834","28","sell"
"979","DEL","Decimal","0.001111082851954223","2.796058752329","-6.346320616295","-16.149829389868","14587328.73","392213.66","12.2","12","947","2012","5","0.0013543088690979221","0.0006621468843748052","","sell"
"980","APXUSD","apxUSD","0.971516","0.9530423228756114","3.9111557886989834","","409152989","1893571","12.1","39","740","792","18","0.004875511928752518","0.0185722404638638","83","sell"
"981","L3","Layer3","0.00673009","-3.293128069470667","-3.375051545394058","","10741210","2880340","11.9","42","3715","1478","4","0.0010834470952783375","0.00048756416390950154","","sell"
"982","DRV","Derive","0.10030317455683561","-1.963649201778","4.971768653221","25.462948781947","100353005","107998.84","11.8","48","2917","1574","27","0.007313267893128778","0.004555215751170587","57","sell"
"983","THOR","THORSwap","0.036182884467038476","-0.468210883954","-5.1133690869","-21.463361166933","9211439","3095.99","11.6","51","3848","1731","3","0.0008125853214587531","0.0004181249183693806","","sell"
"984","TUSD","TrueUSD","0.9988202818850754","0.008161945036","-0.073214275266","-0.077291614816","493703059","21466471.36","9.7","72","1772","720","11","0.0029794795120154285","0.022410130625962837","100","sell"
"985","TBK","TronBank","0.6221327559715911","-0.228898774058","-0.154223341711","-2.073092267836","62201167","45803.14","9.6","17","2794","2807","4","0.0010834470952783375","0.0028234305057391372","","sell"
"986","FTRB","Faith Tribe","0.005103269536650463","-0.227804770784","3.153062475745","-4.42973646812","16801172","291146.27","9.4","32","1843","2523","19","0.005146373702572103","0.0007626374848717908","83","sell"
"987","FDUSD","First Digital USD","0.9978250424072758","0.009240449512","-0.010504601233","-0.028121192108","336827023","62127877.06","8","72","1995","493","11","0.0029794795120154285","0.015289225874098119","100","sell"
"988","CUSD","Celo Dollar","1.0005339400623143","0.051010264336","0.049313465371","0.067211794384","15674811","149493.75","8","55","2983","1771","3","0.0008125853214587531","0.0007115097944881869","","sell"
"989","STRAX","Stratis","0.009246855676268486","-1.933583622383","6.472020178068","-31.50638769043","20150981","1956232.11","7.4","47","2175","1558","33","0.008938438536046284","0.00091469175290505","86","sell"
"990","XCM","Coinmetro","0.035647719688323455","-1.905702058549","-14.160499716202","-17.675553215008","10782935","839.14","7.2","23","4781","3008","3","0.0008125853214587531","0.0004894581418448667","","sell"
"991","VEREM","Verified Emeralds","4.4960412524723985","7.361760467344","-15.173302208268","-23.211177934561","10300544","3943104.99","7.1","17","722","2509","5","0.0013543088690979221","0.00046756148731595714","","sell"
"992","PAW","PAWSWAP","9.795184108874615e-10","0.006654548199","-0.003468651902","307.53643375178","17266238","6.2","6.5","73","1650","1440","6","0.0016251706429175061","0.0007837477243562378","100","sell"
"993","APYUSD","apyUSD","1.29","0.621804763581867","3.879059899741592","","193283023","576385","6.3","28","1414","1423","5","0.0013543088690979221","0.008773487857224274","0","sell"
"994","SATUSD","Satoshi Stablecoin","0.99457","0.4038308880421438","-0.07149034017838798","","158326378","4161.78","5.7","28","5211","2190","1","0.00027086177381958437","0.007186738562451502","","sell"
"995","SNT","Status","0.0074404499313353205","-0.690190169186","0.900093479858","-27.486006285049","29958773","1425107.04","3","63","2289","451","12","0.0032503412858350123","0.0013598862799907598","100","sell"
"996","JMPT","JumpToken","0.5273028799854957","-1.04132318848","-3.650581109265","-16.430727541284","7791292","1990.05","2.3","2","4462","1970","3","0.0008125853214587531","0.0003536617168600919","","sell"
"997","MNDE","Marinade Finance","0.01868513433182806","1.489384425109","0.29915031231","-10.453865768828","10077706","821076.87","2.2","2","1959","2354","5","0.0013543088690979221","0.00045744644225518047","","sell"
"998","XAVA","Avalaunch","0.2712007971627681","2.099415541929","3.238772866224","-19.184092741885","11511390","149839.54","2","2","1191","1520","3","0.0008125853214587531","0.0005225241142093113","0","sell"
"999","SHARDUS","Shardus","0.026290487881023405","0","5.656449355451","-29.375354500457","11703298","1.67","0","","5761","","0","0","0.0005312351871301036","","sell"
"1000","MCEUR","Moola Celo EUR","1.1560577455611971","0.179692004856","0.329978343846","-1.042599178494","9450883.79","222.56","0","","5545","","0","0","0.00042899377754249384","","sell"