rank,symbol,name,price,percent_change_24h,percent_change_7d,percent_change_30d,market_cap,volume_24h,galaxy_score,galaxy_score_previous,alt_rank,alt_rank_previous,social_volume_24h,social_dominance,market_dominance,sentiment,signal
"1","ADCO","Advertise Coin","0.354767","-0.13541435382806974","0","","15964526","5087.5","100","100","5181","2393","1","0.00028212007594672446","0.0007316739698917447","","hold"
"2","SN77","Liquidity","2.01","-6.769030694449146","69.30114637773221","","9349256","826798","100","100","5761","","0","0","0.0004284879646946118","","sell"
"3","GVNR","GVNR","0.55681","0.0022500000000113918","-9.477383525049355","","8865937","14.8","100","100","4749","2295","1","0.00028212007594672446","0.0004063368572045362","","hold"
"4","NIL","Nillion","0.03970761","-0.11619333347306603","-0.3294262564504902","","18591368","16350729","89.7","65","698","83","345","0.09733142620161993","0.0008520653873643568","48","hold"
"5","TAO","Bittensor","261.39064688138905","-2.477526947889","23.626639635912","-9.17167258949","2504068882","626657425.24","87","92","1143","1","3365","0.9493340555607278","0.11476457364129211","80","hold"
"6","JELLYJELLY","jelly-my-jelly","0.07092475397718966","21.724681958107","20.547305773046","13.235403450435","71990429","10788325.47","86.8","60","53","1730","89","0.025108686759258477","0.0032994103915543614","75","hold"
"7","SPK","Spark","0.019213369601099293","-1.707391858588","0.341209798486","-42.237197502963","53377468","15417337.92","83.3","33","1487","1198","31","0.008745722354348458","0.002446355370295965","80","hold"
"8","BLUAI","Bluwhale AI","0.0142215611552125","10.416","1.068319636067837","","17464077.1","695612.54","83.2","42","21","274","236","0.06658033792342698","0.0008004002512979407","55","hold"
"9","AIOT","OKZOO","0.07995911771651495","8.871112003488","41.544276466815","1.767623795333","20722777","5257373.18","82.3","85","34","140","76","0.021441125771951057","0.0009497504977455227","92","buy"
"10","EIGEN","Eigenlayer","0.190623","2.1528313247433095","12.846917297667751","","141252841","30997220","77.8","60","57","103","233","0.0657339776955868","0.0064737923902630995","41","hold"
"11","XCN","Onyxcoin","0.003910551962572349","-0.988862951811","3.025698051082","-20.871750737759","149926673","9152233.32","77.3","58","1647","124","360","0.1015632273408208","0.006871324837741593","34","hold"
"12","SYN","Synapse","0.03949369235904132","23.451518230443","-2.929785667359","-23.385936498727","8526182","25215104.37","77.2","65","16","244","123","0.034700769341447106","0.00039076546537990134","79","buy"
"13","XION","XION","0.11613747490004381","-2.490716260441","0.821042051178","-18.633283564902","8233371","3477642.83","73.7","61","2611","1528","35","0.009874202658135356","0.0003773455751308597","67","hold"
"14","CAT","Simons Cat","0.0000014820652521793505","-2.060890527264","-2.372660026013","-24.399285256848","10020454","2136503.39","73.1","66","2178","523","105","0.029622607974406065","0.0004592497991044402","98","hold"
"15","KNTQ","Kinetiq","0.21077880796039927","1.026577843119","-11.333188919547","30.934042295135","58994458","777210.01","72.6","57","103","1056","157","0.04429285192363574","0.00270378896852132","93","hold"
"16","ANKR","Ankr Network","0.003888248972704612","-2.152789217529","-0.11968051757","-19.424750469945","38745628","5702643.92","72.4","32","3061","547","24","0.0067713403021710614","0.0017757600479155308","60","hold"
"17","JASMY","JasmyCoin","0.005267338553231467","10.15249930442","9.777957169238","-14.448323163592","263257900","47882834.17","72.3","43","3","141","470","0.13260541425084996","0.01206543512775537","44","hold"
"18","MAX","MAX Exchange Token","0.27133858192125315","0.406056707743","-2.053449651348","-8.988593849845","18161005.09","12084.72","72.3","52","237","1870","112","0.03159744850603314","0.0008323413229697193","83","hold"
"19","UB","Unibase","0.12543273159889118","-5.870099989286","-7.405276684286","-44.997659669109","311981083","8484106.01","71.8","60","2754","309","142","0.04006105078443487","0.014298478860552195","50","sell"
"20","AKT","Akash Network","0.7378329053999315","6.936910592917","19.794243885607","0.122174732673","214839337","19543265.62","71.8","73","10","59","350","0.09874871273999465","0.009846352506281764","63","buy"
"21","CAW2","A Hunters Dream","3.491750032778516e-8","0.56691994929","5.498053592348","1.453098826019","22300366","471591.44","71.6","60","478","940","24","0.006770881822721387","0.0010220533526181038","100","hold"
"22","CHR","Chromia","0.015299196731273407","-1.736051123178","-5.9460197101","-33.974950936222","14900154","1264241.61","71.6","67","2188","559","150","0.04232087688856913","0.000682892484824063","94","hold"
"23","SUSDE","Ethena Staked USDe","1.2342118245496714","-0.026701141042","0.051985338512","0.268391327433","1869381170.1","2207732.73","71.5","33","1356","1651","7","0.001974840531627071","0.0856760508873199","","hold"
"24","SOMI","SomniaOFT","0.10950070647640642","-2.946130638582","-1.282259668311","-34.229346070385","17510355","8030895.71","70.8","68","2466","295","77","0.021723245847897782","0.0008025212246867687","83","hold"
"25","TIA","Celestia","0.3339502515113007","-4.923259358774","5.325338032105","-21.396428836667","308825714","26118870.45","70.4","54","1439","29","2459","0.6937332667529954","0.014153864397040822","85","hold"
"26","TEL","Telcoin","0.002407384141333086","0.428460054972","-2.557082874031","-26.57159125977","229043106","839973.19","70","52","152","914","674","0.19016180681930397","0.010497328805337262","52","hold"
"27","YELLOW","YELLOW","0.05976","-0.3317881935795464","12.781527148159345","","11589601","840496","70","76","1740","304","53","0.014952364025176395","0.0005311657466768093","78","hold"
"28","GOMINING","Gomining Token","0.27815","2.2045297757292803","6.6932607594354","","112536398","10814029","69.7","78","316","337","37","0.010438442810028804","0.0051576822939796265","91","hold"
"29","CREPE","CREPE","0.00001444","14.945606181193174","28.40641412992878","","9972604","464654","69.7","60","13","194","307","0.08661086331564441","0.0004570567744283979","78","buy"
"30","WBTC","Wrapped Bitcoin","63901.84850331194","-0.309214071238","3.677673270589","-19.0419880581","9351180560.98","73064783.85","69.5","60","1453","383","119","0.033574562331598175","0.42857616970442763","47","hold"
"31","ZEC","Zcash","423.7139451541036","2.268851265876","-2.419733898204","-18.835246592112","7102713544","503963313.1","69.1","34","20","658","2486","0.701397999633219","0.3255261456395475","74","buy"
"32","SHIB","Shiba Inu","0.0000048919389819535875","-1.86574830621","4.386040967289","-19.786917181532","2876385284","64548623.07","68.9","63","1721","48","1427","0.402612608799921","0.13182829478823696","83","hold"
"33","FET","Fetch","0.20004022063871976","-2.70798683347","-5.414575443178","-1.528576195788","449933228","156939379.36","68.8","79","1200","11","561","0.15828007956324855","0.02062099627116818","72","hold"
"34","GOAT","Goatseus Maximus","0.013321839790646738","-1.173241617351","0.591338820428","-34.56761540436","13211424","5644934.69","68.8","48","1765","338","308","0.08689298339159113","0.0006054959004735295","44","hold"
"35","PONKE","PONKE","0.025606485628963626","-0.881998794904","-5.194378559576","-32.553284427115","14197718","1488579.2","68.2","58","1875","290","178","0.050217373518516954","0.0006506989742422344","20","hold"
"36","EIGEN","EigenCloud","0.1909858779940124","1.744471380994","7.454826084204","-5.553287981949","151075733.29","29093026.43","68.1","40","85","179","173","0.04880677313878333","0.006925927607587201","21","hold"
"37","RIF","Rootstock Infrastructure Framework","0.10139400314996296","4.783538429099","52.468657364874","32.966489260422","101394003.15","28003649.11","67.1","81","20","39","284","0.08012210156886974","0.004644110657677796","68","buy"
"38","FT","Flying Tulip","0.099201","0.29242368160857224","0.9042832833208293","","121770861","122318","67","55","236","1116","788","0.22231061984601888","0.005580909153519862","96","hold"
"39","NOS","Nosana","0.3279295557231403","-0.626894422408","-2.228253449987","-5.15973858003","32856309","437109.89","66.9","55","1903","612","42","0.011849043189762426","0.0015058452748312012","75","hold"
"40","PEAQ","peaq","0.02155511736493098","-4.624765009588","-4.618995910693","-11.785243206387","48038640","2176816.84","66.8","58","2892","220","102","0.02877624774656589","0.0022016702805332496","88","hold"
"41","STRK","StarkNet","0.03374233507548834","-3.296117607288","0.719851734818","-22.676760473913","213464793","21405728.22","66.7","64","1327","99","599","0.16898992549208794","0.00978335545486471","79","hold"
"42","IDOL","MEET48","0.030208527526820888","1.063543595254","1.127567947092","21.484323974558","56423068","4357762.93","66.5","42","147","960","91","0.025672926911151923","0.0025859389847861353","83","hold"
"43","ESP","Espresso","0.0710695366617664","-5.831187194173","8.009333171051","-1.985939252665","36910709","10400499.72","66.2","90","2993","131","60","0.016927204556803466","0.0016916634409032216","79","sell"
"44","GTC","Gitcoin","0.08121888917295553","4.654633765853","7.91500224466","-22.325552347381","7125488","4617350.47","66.1","31","317","1839","17","0.004796041291094315","0.0003265699271231722","67","hold"
"45","XAI","XAI","0.00792738405957439","-2.193997361753","0.356746329468","-29.570964855662","16308338","5139935.13","65.9","56","2260","94","87","0.024544446607365027","0.0007474312990436669","64","hold"
"46","WLD","Worldcoin","0.497624644686329","-4.72770500854","0.845150541977","105.968830328966","1686359861","609023798.54","65.5","62","1409","5","864","0.2437682508781582","0.07728795794901526","61","hold"
"47","GWEI","ETHGas","0.166528","-2.4915382660242855","26.580649152537212","","348644097","4596830","65.5","44","2246","217","166","0.046831932607156256","0.01597879013328128","33","hold"
"48","MX","MX Token","1.7165069133482538","1.35636917513","-1.441749848753","-3.532985597052","157477118","5590932.32","65.3","77","126","476","87","0.024546108595370097","0.00721737106971862","68","hold"
"49","NOCK","Nockchain","0.04112217904370444","14.846833918448","-1.500342413066","100.726437620045","90349558","1866281.49","65.3","37","11","1124","267","0.07532606027777543","0.004140831978339002","86","buy"
"50","TRUTH","Swarm Network","0.012300838423816471","8.104789922465","10.386438263191","-41.668011767764","25249765","5457377.9","65.3","52","51","1492","128","0.03611136972118073","0.001157227956306603","8","hold"
"51","USD1","World Liberty Financial USD","1.0002554141976292","0.01330506093","0.08491460459","0.061098752567","4381387555.4","1236821524.66","65.1","75","240","383","116","0.03272592880982003","0.2008096347405178","98","hold"
"52","AUKI","Auki Token","0.005374716181898312","-5.706119190805","-11.621098237836","-38.848183165505","23714639","49691.58","65.1","46","3633","1850","33","0.009309962506241908","0.0010868712332379672","89","sell"
"53","HYPE","Hyperliquid","60.4204340518368","0.410491140035","2.97851658166","37.554168947567","13367584712","479100243.6","64.9","71","82","172","7537","2.126339012410462","0.6126529390282701","78","hold"
"54","CARDS","Collector Crypt","0.2726399372588046","3.498805785996","47.449822299446","117.303148674427","68954235","5747288.4","64.9","70","19","17","564","0.1591157228339526","0.003160257865676581","80","buy"
"55","ARRR","Pirate Chain","0.2888228220805429","7.691224945383","0.974159217053","40.871767648527","56702603","120048.21","64.7","62","174","2009","41","0.011567706349542229","0.0025987504195367625","83","hold"
"56","VVV","Venice Token","15.874922962663033","-5.683813010025","-8.40447256463","19.610712185098","737633298","48849523.19","64.6","72","1505","4","862","0.24318750546607645","0.033806646277628305","66","sell"
"57","COTI","COTI","0.009778083525274863","-2.367819832499","-1.244687865221","-29.338420918901","28139323","2360511.69","64.5","55","2756","553","40","0.011285567170285102","0.0012896599729598033","75","hold"
"58","TRX","TRON","0.31763512229376795","0.118271584732","-3.242725532309","-9.431043316554","30077083718","375504525.97","64.4","44","190","136","397","0.11200925416507963","1.378469943092292","44","hold"
"59","ALGO","Algorand","0.09039257981821326","1.432820145579","-3.8036787219","-19.704563749219","808288526","45824883.89","64.4","54","48","203","508","0.1433267030626208","0.03704486275611106","58","hold"
"60","PNUT","Peanut the Squirrel","0.04343183203793962","-1.950868187309","3.427325888196","-27.449217702701","43201248","15531786.06","64.4","58","1175","46","375","0.10579502848002166","0.0019799666227758844","73","hold"
"61","USDP","Pax Dollar","0.9995429440836999","-0.022319733514","-0.017888906102","0.057430852151","31937706","4252230.42","64.4","70","734","561","123","0.034700769341447106","0.0014637445633058817","86","hold"
"62","XAUT","Tether Gold","4216.501395463845","0.269451394655","-1.946996725913","-7.520765983996","2583212727","677435286","64","45","177","223","253","0.07138121235205326","0.11839183393474817","38","hold"
"63","SN44","Score","10.44","-0.37031117347963094","28.54305517726441","","49403032","812088","64","26","3107","1500","3","0.0008463602278401734","0.0022642020532353357","","hold"
"64","SAUCE","SaucerSwap","0.015940595817020814","-0.338898507089","-8.377969474922","-24.2959617118","14492237","48792.6","63.8","66","1889","1523","38","0.010720562885975529","0.0006641971442435577","92","hold"
"65","GNO","Gnosis","106.60052657169048","0.479494547837","14.244269058024","-14.872454757029","282119587","9927694.23","63.6","40","275","148","124","0.034985258227883814","0.012929889569192936","25","hold"
"66","BSV","Bitcoin SV","11.880331100952194","-0.259386769104","-0.965312030009","-24.545811444606","237695359","9116328.76","63.6","60","1370","364","216","0.06094206271953955","0.010893872260559032","41","hold"
"67","PHA","PHALA","0.03441370098086942","-4.006785006376","3.052691713446","8.388461975065","28979408","23101192.06","63.6","77","2470","37","231","0.06517415040839647","0.0013281621074419988","56","hold"
"68","CLANKER","CLANKER","14.24","1.3059655905603325","-0.36570205531770916","","14046637","1556536","63.6","47","121","859","264","0.07447970004993526","0.0006437747451705278","36","hold"
"69","IXS","IX Swap","0.06264481488363183","2.877300021917","-0.510579482469","-23.673372539457","11297721","60780.54","63.6","42","90","1508","266","0.0750439402018287","0.0005177885253091342","11","hold"
"70","APEPE","Ape and Pepe","0.0000010740846914663626","-1.334789714986","1.828708587048","-9.692528915981","225232300","25953312.65","63.5","57","1326","1500","73","0.020594765544110886","0.010322674853537673","92","hold"
"71","RAY","Raydium","0.5968344297008911","-2.132128987765","3.311017133057","-19.128490647203","160480536","14552507.94","63.5","60","1887","32","749","0.21132224526358856","0.007355021430982357","78","hold"
"72","VEE","BLOCKv","0.006131035579313854","2.615432470404","2.871780291771","-50.14935788891","11673553","1000.87","63.5","47","282","2387","22","0.006207061943656806","0.0005350133706601552","100","hold"
"73","DOT","Polkadot","0.9572379321777401","-3.474705421561","-0.947126492033","-26.858784447155","1611001078","66073453.81","63.3","54","2186","53","698","0.19693314712147503","0.0738341717280012","58","hold"
"74","CRO","Cronos","0.06075084814305911","1.549037596126","1.427859501777","-16.378503133214","2722572783","8092933.76","63.2","47","35","260","1598","0.4508584084528898","0.12477887764765616","78","buy"
"75","ON","Orochi Network","0.08510290699112523","10.422794702394","5.429055194758","-31.506422509361","12269520","1721962.85","63.2","60","5","776","415","0.11707983151789064","0.0005623272753018887","93","buy"
"76","BBUSD","BounceBit USD","0.9817620300429273","0","-2.417677640191","","190032738.83","6619.55","63.1","63","2860","2344","2","0.0005642401518934489","0.008709435433857993","","hold"
"77","BSB","Block Street","0.26389","10.430658804016948","-7.649358660001586","","59042383","48940117","63.1","37","6","1125","368","0.10382018794839461","0.0027059854305401146","52","hold"
"78","LTC","Litecoin","43.945669474073455","0.104707423708","4.056159145894","-22.792243447901","3390254820","193783456.4","63","59","164","71","1736","0.4897936151903734","0.15537957112500692","67","hold"
"79","CCD","Concordium","0.004421911735887993","0.848496313269","-7.016771241212","-20.879939229593","55753367","109326.91","62.5","71","537","2018","19","0.005360281442987764","0.0025552457597376455","100","hold"
"80","PAXG","PAX Gold","4226.214683190505","0.281268629512","-1.828617391592","-7.278825613868","1929405102","67617530.07","62.4","50","159","229","279","0.07871683101273859","0.08842702191782748","80","hold"
"81","QANX","QANplatform","0.010510363074265242","-0.182405282971","-7.101107444451","-7.600823699742","17873699","134266.08","62.3","73","1867","1037","45","0.0126954034176026","0.0008191737295538937","93","hold"
"82","USTC","TerraClassicUSD","0.005985583446341502","-0.92874946039","3.04058405074","-5.083076399868","33255560","1212686.25","61.8","54","1958","411","77","0.021723245847897782","0.001524143441914474","80","hold"
"83","WKC","Wiki Cat","5.4719e-8","-5.496200693213249","-13.739519686312985","","29730428","134162","61.6","35","2777","763","489","0.13795671713794827","0.0013625822828276068","79","sell"
"84","QTUM","Qtum","0.7183026271999751","-1.68092278","1.59340074","","76007610","9365751.86452156","61.1","60","2527","303","53","0.014953376500627759","0.0034835227648276853","79","hold"
"85","PYR","Vulcan Forged","0.19135308722077002","5.099337892743","0.092470173466","-28.938291821884","8924838","4949143.14","61.1","26","119","1179","56","0.01579872425301657","0.00040903636287733803","69","hold"
"86","ZEDXION","Zedxion","0.396454074791374","-0.079890308656","-1.370299611181","-11.644758782933","224147515.46","66495.27","60.8","60","4463","2371","2","0.0005642401518934489","0.010272957836517629","","hold"
"87","GT","GateToken","6.663313038060117","-0.188186312524","5.927203709203","-8.125962741757","710548735","2391252.81","60.7","74","1529","234","133","0.03752451084119796","0.03256532725988904","53","hold"
"88","BANK","Lorenzo Protocol","0.04034518","1.0794172522212087","22.569266997736666","","17104181","5850434","60.7","33","192","1085","126","0.03554712956928728","0.0007839057679518295","73","hold"
"89","COL","Clash of Lilliput","0.11590938681","-0.780560386671","2.816739742306","1831.487793641988","9520268","3058.18","60.7","47","3843","1913","3","0.0008463602278401734","0.0004363256561449641","","hold"
"90","SKY","Sky","0.056795891713852846","1.063031559416","2.62284373044","-20.141793787102","1309335145","13200414.25","60.6","52","56","669","647","0.1825316891375307","0.060008448948683665","67","hold"
"91","QNT","Quant","66.83163086075149","0.45734145849","-4.260204247385","-12.75084930877","968924989","7070103.87","60.6","38","115","547","633","0.17859410046976174","0.04440703051433817","50","hold"
"92","DGB","DigiByte","0.002500860766194046","2.050826853935","-11.379842963539","-31.991524710842","45866970","3082417.88","60.6","50","56","247","270","0.07617757839942443","0.0021021399587313493","55","hold"
"93","HUNT","HUNT Token","0.0821859172588303","-1.130476676714","3.046133415252","-18.438598844445","15972345","53557.56","60.5","58","2697","979","16","0.004514226868114041","0.0007320323243314934","100","hold"
"94","QUBIC","Qubic","4.5236944309366327e-7","3.492579018013","0.605887249296","-18.817070730968","63395860","1589028.86","60.1","58","25","197","446","0.1258255538722391","0.0029055106653903323","75","buy"
"95","WHITE","Whiteheart","2851.05","0.09246999999999568","-6.027157726956779","","25340161","287.53","60","54","402","1170","119","0.033574562331598175","0.0011613709167792368","47","hold"
"96","ZKC","Boundless","0.06261183320752536","27.988178155786","25.965528289907","-12.174801228624","18770890","90006950.04","60","78","80","727","34","0.00959208258218863","0.0008602931026390167","100","hold"
"97","DASH","Dash","34.98717505701029","-1.125373929676","-6.612640607446","-19.382587640813","443132480","60239286.42","59.9","49","1577","583","392","0.11059855826879399","0.02030930957985061","48","hold"
"98","SAVAX","BENQI Liquid Staked AVAX","8.314334714327599","-1.620345879545","-2.043153741266","-30.495043541183","264547185.56","2.22","59.8","46","4502","1404","4","0.0011284803037868978","0.012124524679428204","100","hold"
"99","ICX","ICON","0.028018951518098467","-3.965401172213","-5.479177184753","-23.956895351743","30692231","1628324.08","59.8","78","3512","750","23","0.006489201122913933","0.001406662903778319","100","hold"
"100","GRASS","Grass","0.3815930763981482","-5.411257111292","8.869475934112","21.835375137742","93072494.02","16095251.79","59.7","60","1610","102","255","0.07194061936641473","0.004265509330035317","45","sell"
"101","GIGA","Gigachad","0.002728708415680151","1.061739950311","10.250108541588","-40.21947249095","26162959","6649079.61","59.6","41","102","87","390","0.11002682961922254","0.0011990807666726183","40","hold"
"102","KNC","Kyber Network Crystal","0.11912558779047545","-1.640260555666","0.854908016199","-15.306110578071","20224382","1646106.06","59.6","52","2388","1290","86","0.024262326531418302","0.0009269084385309743","13","hold"
"103","RARE","SuperRare","0.012925222748184782","-1.878298541281","-1.483170711782","-22.498394153678","10535919","6956672.59","59.6","70","1816","95","764","0.21555433295244544","0.00048287419752943877","90","hold"
"104","BTC","Bitcoin","64065.80859065437","-0.269544594682","3.636031983177","-19.139145441324","1281166542053","17316029917.07","59.5","49","667","146","101604","28.66646916924119","58.71744703954238","79","hold"
"105","UFART","Unit Fartcoin","0.115834","-4.764562606130968","5.986637180941545","","9278157","60.24","59.5","59","5789","1816","1","0.00028212007594672446","0.00042522940959655676","","hold"
"106","WIF","dogwifhat","0.15630730325200903","-3.713217197758","-1.71422604338","-23.13525492093","155549611","35739507.68","59.4","48","1364","79","470","0.1325964356949605","0.007129031040162832","72","hold"
"107","BAT","Basic Attention","0.08807516629390545","-1.357160351136","2.123447124939","-12.311128001938","131513755","6887666.5","59.3","39","1946","826","119","0.033574562331598175","0.006027438034566155","38","hold"
"108","MEME","MemeCoin","0.0006271309235413782","12.09543375486","1.164300796112","12.548706959394","39453518","28692780.3","59.3","48","8","778","437","0.12328647318871858","0.0018082035220623152","33","hold"
"109","SIGN","Sign","0.008530438543756198","-1.32490443081","-2.513280564146","-42.73242275907","19553635","4450530.33","59.2","80","2503","708","29","0.008181482202455008","0.0008961672740088972","100","hold"
"110","MIM","Magic Internet Money","0.7781673398099312","-11.186754938271","-21.586233338103","-21.925809485142","103613624.41","117115.67","59.1","62","3290","555","165","0.04654981253120954","0.004748740545565642","86","sell"
"111","USDT","Tether","0.9993002299943855","-0.006443382955","-0.044711590204","-0.024873645505","186474890012","42146992378.32","59","58","192","311","974","0.27480356059644223","8.546374822541331","75","hold"
"112","SUI","Sui","0.7484169396286755","-3.021938428212","0.377063673467","-31.428025677022","3009274917","252194373.24","58.9","59","1255","72","1501","0.4234622339960334","0.13791879101308993","79","hold"
"113","DOOD","Doodles","0.00158043","0.48069006781280166","-0.988222534720927","","12293388","7741655","58.8","37","212","702","243","0.06855517845505404","0.000563421175259418","9","hold"
"114","NMR","Numeraire","8.30355882409406","-1.218702516411","0.890834926259","-5.683934014304","58277121","3221607.66","58.6","56","1973","962","32","0.009028453736228082","0.0026709125266814408","100","hold"
"115","MNT","Mantle","0.5527638422253783","0.916362522478","3.689579640329","-16.842768092299","1821750574","20608198.02","58.4","57","124","243","273","0.07701878073345576","0.0834930817633511","24","hold"
"116","ATH","Aethir","0.004519876426398256","-2.679333153368","2.82800624669","-26.568588875277","90339803","10926646.43","58.4","51","2591","155","49","0.013823883721389497","0.004140384894625005","67","hold"
"117","ZIL","Zilliqa","0.0031625935891367645","-0.003300962228","3.14909245647","-20.652558029762","61522463","3747853.27","58.4","44","742","305","274","0.07730613511645294","0.002819650564052323","25","hold"
"118","YLDS","YLDS","0.999677","-0.012456459612547039","-0.01243736440075366","","558144030","1943140","58.3","58","1742","1794","4","0.0011284803037868978","0.02558043115100799","","hold"
"119","AZTEC","AZTEC","0.01589497","-5.526177267580713","1.051385780568513","","46727886","4540176","58.3","61","3009","158","151","0.04260013146795539","0.00214159680370522","20","sell"
"120","EDGE","EdgeX","0.365882","-15.185426740449168","-20.16047369014739","","128029418","11533656","58.2","76","3371","185","37","0.010438442810028804","0.00586774656078042","83","sell"
"121","QRL","Quantum Resistant Ledger","1.0261485539586164","7.870189898583","-2.230401516172","-1.909915410524","80921961","62000.84","58.2","57","173","764","49","0.013824819783599248","0.0037087535487301615","91","hold"
"122","UFD","Unicorn Fart Dust","0.01248342","0.09245261702775517","-0.48021666178873146","","12270992","165624","58.2","63","250","251","375","0.10579502848002166","0.0005623947388823094","91","hold"
"123","CHIP","USD.AI Coin","0.0353543415659106","5.090768479185","16.737885437767","-38.288402226893","118888026.64","59283126.99","58.1","62","15","44","430","0.12131163265709151","0.00544878528960298","54","hold"
"124","ID","SPACE ID","0.02789337646058244","-4.362574018197","6.587048130733","-9.403977064482","11971465","16758413.41","58.1","71","1634","1022","73","0.020594765544110886","0.000548667046047598","71","hold"
"125","STRX","StrikeX","0.028366502204645226","-0.752766289197","-5.685139650241","19.629687350938","24872871","3529.41","58","51","2086","699","85","0.023980206455471578","0.0011399544381822078","90","hold"
"126","SDT","Stake DAO","0.10587828094972239","-1.327941288203","17.42501621626","-20.138458394115","7282730","1747.3","58","58","5183","1896","2","0.0005642401518934489","0.0003337765224441807","","hold"
"127","BBT","BabyBoomToken","0.071123","0.1284206373865294","-20.31649952240686","","12212905","139544","57.9","29","675","2531","16","0.004513921215147591","0.0005597325398361804","100","hold"
"128","SUSD","sUSD (Optimism)","0.3673881486598989","1.526525135567","-32.50452258107","-43.685443411034","12052585","74334.56","57.9","44","106","1318","163","0.04598868621891179","0.0005523848759686127","84","hold"
"129","ATM","Automatic Treasury Machine","1.0638594748981265","4.094427878482","15.144756875413","1.939840856171","8899436","5433217.94","57.9","73","153","336","30","0.008464175377713826","0.0004078721578027126","100","hold"
"130","DOG","Dog (Bitcoin)","0.0006440569718150988","0.820291402117","-0.486711792452","-20.873634837954","64061214","897918.9","57.8","56","84","140","1145","0.3230274869589995","0.0029360046620528924","71","hold"
"131","XPR","XPR Network","0.002244439561609565","0.541407053059","5.316741462267","-17.035297358604","63805233","1446940.03","57.8","68","210","242","136","0.03837092837896934","0.002924272736251471","85","hold"
"132","RED","RedStone","0.09276468390416474","-1.790390509729","-3.093684514914","-31.172108738001","38436186","13481333.35","57.8","31","2189","1371","127","0.035829249645234006","0.0017615779383689497","21","hold"
"133","BRISE","Bitgert","1.954419345651434e-8","0.793584787176","0.84116137104","-19.345040796161","7691692","618399.99","57.8","38","164","1137","178","0.050217373518516954","0.00035251975666703624","34","hold"
"134","WOO","WOO Network","0.013091475451178598","-1.474852928242","-1.685011974145","-26.310363535053","24576158","1193227.84","57.7","60","2118","507","314","0.08859170228673804","0.001126355714447567","40","hold"
"135","SPX","SPX6900","0.3298129573851951","1.291260334913","7.666107658062","-14.911682186085","305678998","5587763.05","57.6","64","49","239","812","0.22908150166874025","0.014009646511220608","79","hold"
"136","JPYC","JPY Coin","0.006981839602286655","2.687435554321","2.233475222989","-7.329997219094","17600188","327.25","57.6","73","227","623","22","0.006206641670827937","0.000806638382173141","57","hold"
"137","SN64","Chutes","17.53","-1.7833112823638209","25.508576964427082","","91013766","1204075","57.5","54","4341","917","3","0.0008463602278401734","0.0041712734524043055","","hold"
"138","BNB","BNB","606.5186980008718","-0.552087606674","2.715977991896","-10.144427550121","81610786472","830389966.29","57.4","51","765","274","1053","0.2970925557577553","3.7403232719816257","66","hold"
"139","TWT","Trust Wallet Token","0.3971387407846151","1.437662263333","8.097169670661","-19.036507191465","165527156","10570478.1","57.2","43","88","387","354","0.09987726945702313","0.00758631426673176","20","hold"
"140","PTGC","The Grays Currency","0.00006497","3.070035493071113","-7.286791116346376","","18768741","12554.87","57.1","58","209","1270","31","0.008745722354348458","0.0008601946113113507","60","hold"
"141","SYRUP","Syrup","0.130843","0.24677474677172168","0.9548044721776375","","155936064","7539940","56.9","53","281","868","62","0.017491444708696915","0.0071467426590788325","75","hold"
"142","PEOPLE","ConstitutionDAO","0.005379252763750684","-2.288297751187","-0.425081551378","-27.116435499305","27178080","4074836.89","56.9","39","2341","219","112","0.03159744850603314","0.0012456050175016426","4","hold"
"143","PROVE","Succinct","0.199267","1.490318207141553","12.902228533641258","","38852237","7742217","56.8","67","134","210","146","0.04118953108822177","0.0017806460702287637","33","hold"
"144","BITCOINALT","HarryPotterObamaSonic10Inu (ERC-20)","0.011995386316504306","1.371923892468","-2.156068435114","-37.325854668377","12001805","2938663.07","56.8","34","138","1108","132","0.03723985002496763","0.0005500575657690426","71","hold"
"145","INV","Inverse Finance","10.11931972821299","2.685822384997","-8.202099663432","-31.934141017222","7192402","61258.28","56.8","70","194","402","45","0.0126954034176026","0.0003296366784956424","100","hold"
"146","PHNIX","PHNIX","0.00001356","-3.5171815885091795","-0.549842444356047","","7199010","173137","56.7","50","3019","286","56","0.01579872425301657","0.00032993953130774873","47","hold"
"147","VIRTUAL","Virtuals Protocol","0.6116386440868504","-5.984366977853","6.814360422991","-18.530672212802","399254615","57665183.52","56.6","58","1559","26","472","0.13316067584685395","0.018298332763193224","49","sell"
"148","BIO","Bio Protocol","0.03104611960440059","-3.017622372953","10.864370542979","-27.150884131463","66416162","40600144.24","56.6","54","1624","157","82","0.023133846227631406","0.003043934841254494","81","hold"
"149","BANANAS31","Banana For Scale","0.009418124065887493","22.676934524433","-12.290061480687","-19.982080170595","93926898","43146234.25","56.5","68","67","128","55","0.015516604177069846","0.0043047858946314455","75","hold"
"150","ARPA","ARPA","0.008354659885595547","-0.725787611858","-0.340688758024","-29.677244515313","8194851","3142748.09","56.5","65","2504","905","13","0.003667809330342658","0.00037558015589321807","50","hold"
"151","PEPE","Pepe","0.000002785019539264548","-2.679908850944","1.010429501163","-28.088085813138","1167446635","164371214.03","56.4","54","1193","106","1646","0.46436964500830846","0.05350552306201942","83","hold"
"152","DCR","Decred","11.990417951670347","-0.402478994805","-3.952938901971","-34.036466164151","208797428","1409635.4","56.4","46","1649","927","226","0.06376345451211082","0.00956944434478955","10","hold"
"153","KSM","Kusama","3.6100005796527705","-3.138264301658","-2.231913940671","-29.638404053284","66090019","3768680.97","56.4","69","2619","452","109","0.030753170539026903","0.003028987304223804","21","hold"
"154","GAL","Galxe","0.2784690481559226","1.534946718537","-2.804519971555","-19.107301412445","28919408","1.66","56.4","50","738","915","8","0.0022569606075737957","0.0013254122332400648","","hold"
"155","EDGESOL","Edgevana Staked SOL","86.4043098648762","-1.143805749045","4.117544479416","-23.999458664876","75791047.78","10.79","56.3","56","5525","2096","1","0.00028212007594672446","0.0034735974504628265","","hold"
"156","FLIP","Chainflip","0.2939509708592439","0.964732432625","-9.523614670008","40.160482927911","26256975","87678.37","56.3","40","265","1953","114","0.03216168865792659","0.0012033896362221021","22","hold"
"157","MAG7.SSI","MAG7.ssi","0.417029","-1.111237472920935","3.236982482871812","","70283842","311419","56.1","60","3392","1310","7","0.001974840531627071","0.0032211953988100952","0","hold"
"158","SSV","SSV Network","2.279155411872829","-0.422290806553","11.084555664119","-15.886469862922","33404203","7721514.26","56.1","54","1670","494","30","0.008463602278401733","0.0015309559344311085","86","hold"
"159","KAS","Kaspa","0.031434346407198464","-0.355695062514","2.94354989037","-11.777199912791","861002236","8010684.92","56","50","1288","56","1763","0.49737769389407516","0.039460797276398236","73","hold"
"160","SAI","Single Collateral DAI","8.71","-1.2732415108134503","1.689664826627261","","23127017","55.46","56","62","4251","1978","7","0.001974974254799893","0.0010599397902664861","","hold"
"161","SIREN","SIREN","0.06992684170016468","-44.766844823263","-94.629572564113","-86.437795752469","62243349","151924777.71","55.9","61","1698","930","1292","0.364499138123168","0.0028526896609512463","52","sell"
"162","KLK","Klickl Token","0.2441432018759859","-0.301237042573","-0.36507342738","-17.571701817263","24414320.19","512884.98","55.9","41","4629","2098","2","0.0005642401518934489","0.0011189384874706256","","hold"
"163","CHZ","Chiliz","0.024940917345459987","-3.237167652196","-0.818522005715","-42.066850927082","258276663","57491659.63","55.8","49","2334","889","214","0.0603777843610253","0.01183713887575505","62","hold"
"164","XTZ","Tezos","0.22999478206892382","-3.465617973904","-4.882024447678","-36.791741958153","250000615","10176745.46","55.8","53","2211","68","1377","0.38850564983706465","0.011457837360935592","83","hold"
"165","ENA","Ethena","0.08113547930151749","-5.43373885505","-11.726453564817","-26.997970671506","750147652","129331966.49","55.7","60","1504","13","634","0.17886412815022332","0.034380194597936134","51","sell"
"166","SYRUP","Maple Finance","0.13132096102628882","0.329473469392","0.593781760597","-40.972125081175","156404486.77","8555839.81","55.7","51","261","880","64","0.018055684860590365","0.007167143517012303","75","hold"
"167","AUCTION","Bounce","3.7464977563043522","-0.23386449145","-1.931509223877","-21.807825201087","27760195","7824432.41","55.7","39","1784","693","8","0.0022571134340570206","0.0012722840678526227","","hold"
"168","EARNETH","Lido Earn ETH","1673.3","-1.152730104386213","2.551156344970666","","71368809","9671.5","55.6","47","4840","2229","2","0.0005642401518934489","0.003270920778197591","","hold"
"169","PUMP","Pump.fun","0.00150832","-2.709099547691679","1.6850960413717253","","524997674","33908934","55.5","57","1207","14","6087","1.7172649022877118","0.024061292663465985","79","hold"
"170","FIUSD","Sygnum FIUSD Liquidity Fund","11913.01","0","0.06963624511959016","","47624164","0","55.5","55","2859","2008","2","0.0005642401518934489","0.0021826743328712365","","hold"
"171","SN62","Ridges AI","3.45","-1.0612426192964213","27.427896434931615","","16319966","53300","55.5","55","4361","1727","5","0.001410600379733622","0.0007479642246640016","","hold"
"172","HMSTR","Baby Hamster Kombat","0.0001694301197492962","-6.491919576334","-9.1971326183","6.69252129579","10818657","37892149.75","55.5","43","1643","1002","364","0.1026917076446077","0.0004958324297312123","50","sell"
"173","HEI","Heima","0.08887999465020202","3.897123004769","-7.298201319308","6.736397456831","8389468","6867532.26","55.5","42","59","1049","168","0.047396172759049705","0.0003844996936858479","42","hold"
"174","MON","Monad","0.02126987889561852","-1.349405819285","-4.743806580849","-24.455909355954","250616064","26757089.76","55.4","52","957","161","3153","0.8895245994600222","0.011486044149730692","76","hold"
"175","RAVE","RaveDAO","0.2908805742532921","-8.90592236262","-13.696476412774","-53.386477617015","73063596","9261683.96","55.4","26","2675","751","523","0.1475487997201369","0.0033485949623488095","37","sell"
"176","TRUMP","Official Trump","2.0085356870585716","-9.095152506728","23.454895334477","-10.291975063084","475223528","315109686.01","55.2","67","1581","3","2436","0.6872445050062207","0.021780081996654373","79","sell"
"177","WFI","WeFi","2.06","1.2534313081263","2.8797449571669747","","174628338","1680791","55.2","36","457","1988","7","0.001974840531627071","0.00800343269321353","","hold"
"178","COAI","ChainOpera AI","0.376393","-31.005030417252012","70.9613621236612","","70723883","164922347","55.2","70","1697","2","1171","0.3303626089336143","0.0032413630220383158","53","sell"
"179","ZETA","ZetaChain","0.03817680485373719","-0.352137670312","5.523516509305","-27.503853380258","55454178","3917079.91","55.2","71","1321","348","659","0.1859171300488914","0.002541533557860938","71","hold"
"180","FLUX","Flux","0.050917529164988436","-2.88032114146","-1.477261753308","-31.836394450168","20944759","2715970.28","55.2","36","2599","482","139","0.039217345916740726","0.0009599242073304178","18","hold"
"181","EPIC","Epic Chain","0.021170300802315464","-0.675389838089","16.233368481818","-23.326322397872","17603622","10276700","55.1","58","1590","42","345","0.09733142620161993","0.000806795766639965","69","hold"
"182","CWEB","Coinweb","0.0011021018118026193","-0.496083722121","-6.839441093332","-15.594868147902","7347776","79465.83","55.1","55","2652","1817","6","0.0016927204556803467","0.0003367576610664973","100","hold"
"183","QAIT","QAIT","0.0224801645790831","-6.581","-0.13280393745598862","","99329518.86","14858772.62","55","67","2022","144","77","0.021723245847897782","0.00455239469006052","86","sell"
"184","ONDO","Ondo","0.3477631471127066","-6.795323819432","0.419886736142","-5.171271366323","1684076002","89259154.38","54.9","53","1564","51","865","0.24403386569391666","0.07718328586659934","51","sell"
"185","ZEN","Horizen","4.323865863407884","-1.463735659246","-4.060476957812","-30.168440532465","78066044","19173039.09","54.9","50","1962","279","168","0.047399382115197425","0.0035778633407107492","23","hold"
"186","STX","Stacks","0.18475920641242785","-0.60211900073","-0.717909791698","-25.835366595305","341198088","6834223.23","54.8","61","1412","106","572","0.16138361053507697","0.01563753033234014","48","hold"
"187","GOMINING","Gomining","0.27838170112378285","-0.477147771055","6.540697055244","-4.861697380073","112540481.71","10929141.98","54.8","70","1466","58","271","0.07645454058156233","0.005153071901640526","87","hold"
"188","GPS","GoPlus Security","0.007496645572545378","3.600563989804","-2.980046464947","-9.571637626051","33056975","5895025.37","54.8","36","112","1093","94","0.026519287138992098","0.0015150420457746229","23","hold"
"189","ME","Magic Eden","0.0607675277349096","-2.958939182666","1.977131826758","-43.056678234291","34280987","151920403.41","54.7","64","1333","64","295","0.08322542240428371","0.0015711400294689168","47","hold"
"190","POL","Polygon Ecosystem Token","0.07515680273179118","-0.452807071426","-5.351235060477","-17.000599527982","797019415","28498309.31","54.6","51","801","114","324","0.09140690460673873","0.03652838546248388","40","hold"
"191","TRIBE","Tribe","0.2807162991387179","-0.141339474125","2.500927907733","-21.871355782661","10449102","21.84","54.5","54","4337","1794","5","0.001410600379733622","0.0004788952670529503","100","hold"
"192","DYM","Dymension","0.016748704676774948","-4.30633828777","4.625689805572","-25.015323780649","9079228","8288896.04","54.5","47","2707","105","126","0.03554712956928728","0.0004161122475112812","23","hold"
"193","IP","Story","0.282280403883164","-5.891908631677","-11.433511576651","-44.141518393965","100082149","28878773.76","54.4","49","2026","315","69","0.019466285240323986","0.004586888660153587","84","sell"
"194","GEOD","GEODNET","0.22190908513115934","1.857649637402","42.117550681828","61.556176045469","99439748","875491.88","54.4","76","60","49","360","0.1015632273408208","0.004557446627866977","75","hold"
"195","MEGA","MegaETH","0.058887","10.91181912167852","32.93005426817396","","66825316","161164614","54.4","70","1","7","924","0.2606789501747734","0.003062686875074795","79","hold"
"196","ETH","Ethereum","1661.9499948217965","-1.060514262838","2.223420497913","-24.973821430847","200061192681","6089058355.65","54.3","47","861","192","31244","8.815156516709694","9.169051876027169","77","hold"
"197","WOULD","would","0.080813","-4.079423717338078","-0.428517165393611","","80790517","32684","54.3","62","4239","899","20","0.005642401518934488","0.0037027293076535117","67","hold"
"198","ROBO","Fabric Protocol","0.019219292438932275","-13.296279726479","-6.520944345355","-1.390802289782","42866054","22720371.7","54.2","59","1788","76","254","0.07165849929046801","0.0019646042672218328","45","sell"
"199","BFC","Bifrost","0.012243930322975723","0.687213337294","-1.81322033412","-24.194988615406","16960963","884480.21","54.2","62","127","418","257","0.07250976906908177","0.0007773419098942865","68","hold"
"200","MONA","MonaCoin","0.06935091906142572","-1.420716006403","4.289631478724","-23.958093165897","7318680","7351.54","54.2","50","2510","1621","33","0.00931059291548521","0.0003354241554035061","100","hold"
"201","KGEN","KGEN","0.17387520536636772","3.892363320147","-20.099401134083","-26.164967891274","34431893","2671275.22","54.1","36","81","987","146","0.04118953108822177","0.001578056238074201","28","hold"
"202","ICP","Internet Computer","2.4275622700344455","-4.447785598617","1.61240483295","-7.228032070368","1335287773","127456990.83","54","50","1386","6","1423","0.4014568680721889","0.061197889985510165","69","hold"
"203","VELVET","Velvet","0.390279","-11.738072833500965","74.3318456287529","","164424916","54973411","54","58","1637","920","1337","0.3771945415407706","0.007535797244392765","65","sell"
"204","HBAR","Hedera","0.07765404096096075","-1.021416517801","-4.500957922447","-15.841546943456","3363544104","48547375.76","53.9","40","1498","456","766","0.21611861131095972","0.15415538597761383","72","hold"
"205","IO","Ionet","0.16889849206414015","-9.775415926666","20.946744372677","23.652282233339","58702183","30957441.25","53.9","59","1701","17","330","0.09309962506241908","0.002690393643815149","82","sell"
"206","SN34","BitMind","3.35","-0.738761839535697","23.584566413260102","","15264251","90481","53.9","53","5287","1692","1","0.00028212007594672446","0.0006995795006124224","","hold"
"207","JTO","Jito","0.5325109044371868","-3.261618970102","-15.527241294269","14.636663174695","254775712","30329328.05","53.7","37","1452","224","293","0.08266118225239026","0.0116766859618028","30","hold"
"208","WCFG","Wrapped Centrifuge","0.030061665114610548","-55.860042886892","-75.869024782734","-88.742907869354","153609690.52","185.07","53.5","53","5208","2396","5","0.001410600379733622","0.00704012208546691","","sell"
"209","OFT","ONFA","0.2547290295693252","0.993134381875","-14.630330160196","7.404000165887","27328691","54622.52","53.5","22","399","2315","17","0.004796041291094315","0.0012525077058921006","67","hold"
"210","XRP","XRP","1.1327867358973913","-1.76717014895","0.109767624158","-21.240789779181","70132096307","888299548.74","53.4","52","1025","80","8945","2.5237349584550057","3.214240706036174","78","hold"
"211","USDY","Ondo US Dollar Yield","1.1353921476102538","0.10093552","0.34419722","","2159332486","18134.25530743","53.4","71","583","863","17","0.004796041291094315","0.09896487827749036","75","hold"
"212","S","Sonic","0.029998317010361004","-3.113264523258","0.561333014733","-35.672994929533","113267071","8990127.28","53.4","51","2111","225","2646","0.746489720955033","0.005191169941192122","68","hold"
"213","MAGIC","Treasure","0.04572499113486293","-2.499426480228","-2.814415962745","-30.117174990849","15313587","4225187.03","53.4","66","2820","593","27","0.00761724205056156","0.0007018406305061993","88","hold"
"214","RBNT","Redbelly Network","0.003712481148782462","1.581273808341","-2.605715151696","-21.95654811985","9822249","175604.26","53.4","59","199","657","37","0.010438442810028804","0.0004501658188345347","100","hold"
"215","PCI","Paycoin","0.03846993404127461","0.114312237401","-0.713186396739","-22.721130590864","39247265","417534.84","53.3","14","1201","2491","5","0.001410600379733622","0.0017987506919994569","","hold"
"216","THETA","Theta Network","0.15794507870745592","-1.631481766692","4.151793230293","-25.487815167797","157727883","6820666.94","53.2","41","2065","256","226","0.06376345451211082","0.007228863939789419","20","hold"
"217","METAL","Metal Blockchain","0.13359648727481124","2.405893196521","1.262334940577","-15.191370270864","66188390","563214.97","53.2","83","118","355","73","0.020594765544110886","0.0030334957688091116","88","hold"
"218","TURBO","TURBO BOME","0.0008826935245997542","-2.20354666413","1.935175530239","-28.302170062556","60680780","12069410.8","53.2","64","2079","49","393","0.11087318984706271","0.0027810751912538826","43","hold"
"219","ELF","aelf","0.0643079772204471","-1.169406138076","1.926565950999","-18.870305409289","51708459","763508.98","53.2","45","1864","1004","140","0.039499485095997856","0.002369862623764371","86","hold"
"220","HOLO","Holoworld AI","0.0650763404955249","4.327624697539","12.158114876022","-9.625358282208","47264846.34","11152172.1","53.2","51","50","449","241","0.0679909383031606","0.002166230870232756","14","hold"
"221","OPG","OpenGradient","0.208532","16.831396961976118","20.305504978903937","","39621263","62832927","53.1","58","4","35","252","0.07109425913857456","0.001815891482862372","57","hold"
"222","NAWS","NAWS.AI","0.00694803","0.08645524719773127","57.30396585271009","","13869394","306819","53.1","37","1069","2496","2","0.0005642401518934489","0.0006356514792843047","","hold"
"223","XLM","Stellar","0.18252927917572148","-3.866488181096","-10.298331169323","18.078462722645","6141426766","136245474.88","53","28","1339","545","867","0.24461466841592958","0.2814691837815065","58","hold"
"224","NOT","Notcoin","0.00047286694340317324","-0.165862426935","22.691825356905","-8.351422406093","46395641","23156750.44","53","85","981","289","29","0.008181482202455008","0.0021263696044681937","80","hold"
"225","SWETH","Swell Ethereum","1879.3408348817406","0.038815268537","3.894324935267","-24.257597750802","34336596.51","4189.78","53","53","3440","1896","1","0.00028212007594672446","0.0015736886820844366","","hold"
"226","DAG","Constellation","0.006950840857300424","0.546068507383","-3.393508840728","-65.237928171597","26952382","545144.02","53","64","237","200","79","0.022288995161313076","0.0012352609990411742","75","hold"
"227","FUN","FUNtoken","0.0023334772988795756","2.095957838905","31.926446776554","221.779715935839","24698045","800360.6","53","68","66","107","318","0.08972025900376655","0.001131941946395086","54","hold"
"228","NAORIS","Naoris Protocol","0.03509216","-6.3926784170117195","8.67107905154903","","21070602","1929323","53","45","2906","1236","207","0.058398855720971955","0.0009656917476503176","42","sell"
"229","DOGE","Dogecoin","0.08609442408965323","-2.699877331187","1.978243710618","-22.939342574874","13280872263","471816741.58","52.9","47","1193","401","5195","1.4657130362407778","0.6086788002534099","66","hold"
"230","TON","Toncoin","1.7274768673960155","0.299153402453","1.515504260075","-13.233544131007","4617289598","135195954.92","52.9","53","127","588","884","0.2493941471369044","0.21161609247330723","69","hold"
"231","CNX","Cryptonex","32.79197477627024","-0.384359636224","3.541958677464","-19.148718724671","4306313419.06","1385767.62","52.9","71","2755","1208","9","0.002539252613314148","0.1973636696085886","100","hold"
"232","RSR","Reserve Rights","0.0013716628738719317","-1.094198951785","-0.062010241279","-26.618420956508","85584058","5931975.06","52.9","51","1880","321","144","0.040628041813026365","0.0039224232198503935","24","hold"
"233","ARKM","Arkham","0.12377143206319137","-5.732099910935","5.448533130464","-0.560534655949","78830665","29225217.72","52.9","75","1607","27","331","0.09338174513836578","0.003612906866746699","33","sell"
"234","VANA","Vana","1.0960603967106346","-3.611268575437","-1.591914492445","-27.594047853451","33662632","1382300.58","52.9","82","3354","551","17","0.004796041291094315","0.0015428000550999684","100","hold"
"235","EDU","Open Campus","0.028645222483463663","-0.168772033768","-5.164563136447","-37.924140593059","22194308","7592458.26","52.9","50","1370","725","181","0.05106373374635713","0.0010171925833162918","67","hold"
"236","SAPIEN","Sapien","0.08216","-0.019969508926360718","9.977821061543384","","20519944","5148914","52.9","28","940","1296","29","0.008181482202455008","0.0009404544105121747","40","hold"
"237","XPIN","XPIN Token","0.0012615160919234474","-1.172698402652","3.616288017872","-10.551082978146","19492176","3811525.48","52.9","70","2269","362","46","0.012977523493549326","0.0008933505320326196","91","hold"
"238","ACT","Act I  The AI Prophecy","0.010183034830771666","-3.017397460194","3.730841009011","-28.518933809581","9597036","18442894.45","52.9","67","1677","120","128","0.03611136972118073","0.0004398440285238653","24","hold"
"239","XMR","Monero","337.73498756714474","-2.175917963708","8.447453297484","-12.599682910314","6376183699","94041906.07","52.6","52","1825","863","581","0.1639228631483911","0.29222838434453735","49","hold"
"240","BEAM","BEAM","0.0014136122201220008","-3.666796790384","-3.783112770964","-22.671444110478","72203646","3005145.78","52.6","55","2762","369","62","0.017492629113941907","0.003309182390349591","71","hold"
"241","SN4","Targon","13.26","-1.5119726436976244","21.185970991778905","","64943318","111303","52.6","26","3666","820","5","0.001410600379733622","0.0029764325792699386","","hold"
"242","FIL","Filecoin","0.758806931516602","-3.775728809054","-1.231189108911","-23.827007910857","597974055","67903199.08","52.5","56","2274","40","527","0.14868734746850623","0.0274058904545061","68","hold"
"243","CORE","CORE","0.02778529668351648","-5.310440518777","3.675610299845","-29.682819551188","34157549","3396432.37","52.4","76","2822","60","75","0.021159005696004336","0.001565482713273278","100","sell"
"244","CC","Canton","0.15928922009239602","-0.597851145677","-5.734185282308","0.784833848587","6164158998","13265052.01","52.3","34","1412","719","502","0.14162427812525566","0.2825110300869928","70","hold"
"245","SERV","OpenServ","0.06295108896775382","-6.048410994301","-1.436588342819","98.365668798607","48524963","1032844.5","52.2","63","2811","1162","230","0.06488761746774663","0.0022239590650583686","74","sell"
"246","TOKEN","TokenFi","0.002560574593557664","0.301337800991","1.812111514456","-21.132006489744","9666867","6739639","52.2","78","255","496","146","0.04118953108822177","0.0004430444696137862","83","hold"
"247","XVG","Verge","0.0024840342102862923","-2.563513486103","-4.349572669955","-26.392074163049","40764539","1933803.07","52.1","53","2272","198","402","0.11341995006136528","0.0018682892358305439","32","hold"
"248","CLASH","GeorgePlaysClashRoyale","0.010641730223378538","-0.572356313649","-3.51929996379","-37.343440681599","10599106","747048.29","52.1","42","1841","265","72","0.02031264546816416","0.0004857701358827321","42","hold"
"249","HTX","HTX DAO","0.00000168","-0.37848790269260124","-4.863861111906431","","1526022734","65409704","52","40","968","307","118","0.03329016896171349","0.06993950912985665","9","hold"
"250","BONK","Bonk","0.000004363442261463873","-2.864154582425","0.180545460748","-32.999378258521","383467909","25498194.85","51.9","49","1258","203","784","0.22118213954223195","0.017574808503811278","78","hold"
"251","BB","BounceBit","0.02129741156899594","-2.907797816609","3.722722178525","-34.398313888823","8679491","7176980.99","51.9","54","2166","93","427","0.12046527242925134","0.00039779180644697304","70","hold"
"252","FRAX","Frax","0.9912562711640145","-0.18153773839","-0.220143024562","-0.139671109735","240069222","292662.69","51.8","40","1497","630","232","0.06545628958765358","0.011002669337602793","16","hold"
"253","APTM","Apertum","0.17091250090245907","-0.200471813808","0.892318316943","-13.101907010407","16991736","688855.96","51.8","48","1880","1192","7","0.001974840531627071","0.0007787522745412217","100","hold"
"254","SFI","saffron.finance","99.23530534367464","-1.026960122569","-4.430550117834","-8.856384257292","7945431","17553.63","51.8","31","3740","1838","6","0.0016928350755427654","0.00036414892883577843","","hold"
"255","KAIA","Kaia","0.037562931859924646","1.897359416727","1.535296584418","-17.954974840075","219773778","10554094.19","51.7","53","143","720","95","0.02680140721493882","0.010072504039729521","30","hold"
"256","NFT","AINFT","2.6560141204540397e-7","-0.006404933567","-0.468009368866","-7.110162565616","262992129","7050446.01","51.6","30","868","1487","5","0.001410600379733622","0.012053254514146667","100","hold"
"257","VSTR","Vestra DAO","0.00581006","-7.578534283813014","-17.59655630298421","","10159417","87547","51.6","34","3867","1667","34","0.00959208258218863","0.0004656186452498294","80","sell"
"258","ZANO","Zano","9.376649398008292","0.616085728242","7.444366935182","-14.865085927664","143885708","1392634.82","51.5","67","261","365","43","0.012131984708056483","0.006594459940936823","83","hold"
"259","ZEST","Zest Protocol","0.273672","3.33054436895797","-8.325247158792513","","39946309","7380992","51.5","42","55","805","125","0.035265009493340556","0.0018307887430264029","79","hold"
"260","OCEAN","Ocean Protocol","0.10044360055290057","-1.692384653114","-8.022934460808","-16.79815115606","20084739","16482.06","51.5","46","3212","1904","15","0.004232087688856913","0.00092050842714463","100","hold"
"261","TAIKO","Taiko","0.08427580165911142","-0.465783674584","-2.599470207272","-24.985909843448","16352131","4800019.21","51.5","69","2663","1547","5","0.001410600379733622","0.0007494383863924218","","hold"
"262","BCH","Bitcoin Cash","201.12340973454496","-3.616190289968","-10.455263531322","-52.775100942595","4022100118","106541630.54","51.3","48","1367","72","540","0.15235515679884887","0.18433782253473197","37","hold"
"263","PURR","Purr","0.09060693685886169","-0.516111913798","1.366074815502","30.241325466131","53666374","458384.84","51.3","64","1598","688","172","0.048524653062836605","0.0024595962895656975","73","hold"
"264","$FARTBOY","Fartboy","0.010565256122297306","-5.465708753426","-15.629000289981","0.979750684744","10505440","335250.52","51.3","73","3439","589","48","0.013541763645442774","0.00048147730726609295","89","sell"
"265","BIM","BIM","1.0699170753079499","-1.060587466264","2.601933003081","-24.070096753701","43108211.95","190497.1","51.2","41","3671","1942","3","0.0008463602278401734","0.0019757026655468036","","hold"
"266","SINGULARRY","Singularry","0.02412588","-3.1956125098975345","-17.525041315735688","","23948307","39518","51.2","53","3537","1923","38","0.010720562885975529","0.001097580526654926","83","hold"
"267","REPPO","REPPO","0.0210476","9.54768281238163","48.07937952564566","","8408131","534954","51.2","53","28","75","293","0.08266118225239026","0.0003853550420563595","27","hold"
"268","VTHO","VeThor","0.00039420863142213496","-1.594480087981","-0.679951441062","-28.456602560896","39528261","1299184.21","51.1","57","2241","398","124","0.034985258227883814","0.001811629086186901","32","hold"
"269","AURA","aura","0.014656117573881572","2.465527009683","15.009126838597","-23.049687011504","13747206","904741.07","51","59","38","127","557","0.1571408823023255","0.0006300514521345395","81","hold"
"270","DEGEN","Degen","0.0014926184656984013","-6.655653552204","-4.380588892782","38.137471654273","55410977","4508510.98","50.9","30","2885","890","280","0.07899362126508284","0.002539553602604309","32","sell"
"271","OGN","Origin Protocol","0.017388063168598547","-1.493770157273","-0.764906156032","-23.322486800221","11529290","572039.63","50.9","60","2500","355","63","0.017774768293199034","0.0005284016189602618","90","hold"
"272","NEAR","Near Protocol","2.070133810279689","-0.846185821486","3.868750997341","35.208576353668","2684117707","297527827.23","50.7","51","816","332","1035","0.292014050531127","0.12301643395722596","76","hold"
"273","CYS","Cysic","0.4701199343444904","0.104812404929","3.488839419965","-5.141113948471","76067483","3897169.12","50.7","48","303","301","244","0.06883729853100076","0.003486266818462559","12","hold"
"274","B2","BSquared Token","0.427581","1.1520273836331811","-12.854027063386505","","17756932","3947275","50.7","18","545","2546","5","0.001410600379733622","0.0008138221535382733","","hold"
"275","KAITO","KAITO","0.4629377863090993","5.295534038754","1.479008890953","2.867095258932","112020760","47561072.72","50.6","44","27","89","310","0.08745722354348458","0.005134049966750679","16","hold"
"276","XNY","Codatta","0.00570498069692684","-3.00669197039","15.17056276155","-38.068518904164","14369026","2340538.77","50.6","42","2830","1310","51","0.014388123873282945","0.0006585502317386496","73","hold"
"277","LEND","Aave (Old)","0.389269","-0.21416709191154362","2.3546344518946674","","13993045","2.53","50.6","36","3724","2085","7","0.001974974254799893","0.0006413185575333604","","hold"
"278","SUPRA","Supra","0.0003026912986757082","-1.548747602484","0.247895534237","-28.811570898559","10838042.19","484266.74","50.6","50","2010","132","251","0.07081693399353901","0.0004967208769625555","59","hold"
"279","PYTH","Pyth Network","0.03959831259502763","2.178152970361","25.255927810003","-13.875714299091","311190048","26694719.02","50.5","56","32","91","580","0.16362964404910016","0.01426222474823008","54","hold"
"280","USUAL","USUAL","0.009951410849676733","-4.353557779106","1.951157959168","-30.613740965756","17725869","18533937.48","50.5","40","1622","244","212","0.05980945610070558","0.0008123984978326954","16","hold"
"281","SN24","OMEGA Labs","2.5","6.225862656770974","47.13351024140867","","11674216","591365","50.4","86","467","506","6","0.0016927204556803467","0.0005350437567700866","100","hold"
"282","ABT","Arcblock","0.20764800285649254","0.57241399652","-3.871750169038","-24.145837798914","20374027","59914.07","50.3","66","404","779","25","0.007053479481428188","0.0009337668539467813","60","hold"
"283","WAL","Walrus","0.03359658","-1.7912143104997007","-5.183235948575523","","80610416","10003142","50.1","58","2071","90","163","0.04598557237931608","0.0036944750560928027","44","hold"
"284","MEY","Mey Network","0.04957021978973383","-0.228779092175","-1.309684824752","-9.612199298451","13195932","164633.16","50.1","45","3002","1573","5","0.001410600379733622","0.00060478588295459","","hold"
"285","ZRO","Layerzero","0.9208120096058404","-2.91404763","2.25251735","","231754680","18383932.08675806","50","65","1323","254","415","0.11707983151789064","0.010621603595157847","52","hold"
"286","FOGO","Fogo","0.012491876886515629","-3.310326150223","8.636899583875","-31.828548985656","47897917","4472031.79","50","58","2412","146","243","0.06855517845505404","0.0021952207714112703","9","hold"
"287","ONE","Harmony","0.0014811134616362868","-1.790075656319","-3.253347776362","-32.152427031239","21888786","1354795.14","50","45","2564","704","51","0.014389098142113504","0.0010031901322175704","67","hold"
"288","SN19","Nineteen.ai","2.99","-0.7351870587432063","19.234506886037334","","13186867","70537","50","50","5298","1256","1","0.00028212007594672446","0.0006043704227939145","","hold"
"289","ERG","Ergo","0.22467524008841344","1.104541443768","6.851818315079","-25.175224472053","18702129","126056.3","49.9","40","447","1400","14","0.003949948509599786","0.0008571417009723636","50","hold"
"290","CBBTC","CBBTC","64039.6542359456","-0.210866569758","3.698723546916","-19.168843314308","6137262295.38","153333472.88","49.8","55","1103","476","17","0.004796041291094315","0.28127832094279565","100","hold"
"291","API3","API3","0.2551961933443388","-1.422948594215","-0.860135926783","-26.503358904101","36313506","6655511.74","49.8","69","3346","993","9","0.002539252613314148","0.0016642928888529287","0","hold"
"292","BLAST","BLAST","0.0003097803432223301","-2.707819043906","-2.892806113296","-33.486554617701","19597770","2207287.87","49.8","51","2550","1384","101","0.02849412767061917","0.0008981900356406032","38","hold"
"293","GUA","SUPERFORTUNE","0.6429890578533033","7.592045008662","-14.394781756635","-51.190522326077","29143621","1289535.72","49.7","26","74","1443","107","0.030186848126299518","0.0013356881923140354","19","hold"
"294","BICO","Biconomy","0.018344107843629782","-2.22700267009","-3.661563507216","-25.68859416226","13159604","1321149","49.7","43","2345","760","249","0.07024789891073438","0.0006031209257877924","31","hold"
"295","WMTX","World Mobile Token","0.04080112426110169","0.328799640852","-0.419175010184","-34.086205262356","34464849","1596513.31","49.6","43","351","953","42","0.011849043189762426","0.00157956665231085","88","hold"
"296","MSOL","Marinade Staked SOL","93.25544357257739","-1.190703003347","4.083357894362","-23.981727132201","286505714.79","296287.67","49.5","47","2400","501","102","0.02877624774656589","0.01313091123012805","0","hold"
"297","ZBCN","Zebec Network","0.002555836524497869","-2.772308949023","-6.325036103406","-26.571227709447","250525030","8714260.16","49.5","69","2114","34","448","0.12638979402413256","0.011481871948929046","65","hold"
"298","VELO","Velo","0.0033531038729484692","-0.853273626785","-3.827036992235","-15.34103137345","58861379","1633428.07","49.5","48","1564","273","580","0.16364072396913398","0.0026976897933726667","53","hold"
"299","FARTCOIN","Fartcoin","0.11589242690293988","-4.946831397937","3.10147255667","-41.779980354583","115376305","9443190.93","49.4","46","2384","49","1076","0.3035612017186755","0.00528783874389949","62","hold"
"300","BRETT","Brett","0.0064220824539660696","1.863746195022","19.868708944155","-24.820188525897","63248864","17879011.37","49.4","52","45","28","433","0.12215799288493169","0.002898773656920541","34","hold"
"301","ELSA","Elsa","0.04641782","-1.4269048744385548","3.68136292714727","","10621161","3175854","49.4","76","2358","472","18","0.00507816136704104","0.00048678094380812635","88","hold"
"302","ISLM","Islamic Coin","0.0065719575660574975","-1.621166893672","-11.056754828286","-45.000721031494","23928516","8153.65","49.3","17","3751","2810","9","0.00253908068352052","0.001096673480649418","100","hold"
"303","FIGR_HELOC","Figure Heloc","1.018","-1.2934584464338827","-1.5085354288036745","","19159318509","95054","49.1","79","2981","1084","10","0.002821200759467244","0.8780952615755965","","hold"
"304","WLFI","World Liberty Financial","0.058597","-0.662622735594784","5.4519221221867555","","1863037330","34339328","49.1","47","783","625","527","0.14867728002392377","0.08538530485011683","81","hold"
"305","SNX","Synthetix","0.23804058714856371","-2.20789135628","-1.598113178742","-24.278789635575","81716600","2870376.89","49.1","45","2491","581","133","0.03752451084119796","0.003745172836829339","17","hold"
"306","CYBER","CyberConnect","0.3385006882559185","-2.038598191558","-6.493889933511","-33.96143009109","22552965","9803797.56","49.1","39","2256","785","87","0.024544446607365027","0.0010336302771770092","75","hold"
"307","NST","Ninja Squad Token","1.1788046104503818","-4.847754707515","-1.83461875255","-17.832210608862","10151010","395949.92","49.1","37","3590","1705","14","0.003949681063254142","0.0004652827297835685","100","hold"
"308","OP","Optimism","0.10625889178307173","-2.024556934788","10.647692142995","-21.626133924162","227615744","48409643.7","49","75","1171","10","451","0.12723615425197274","0.010431911039660248","61","hold"
"309","SN10","Sturdy","1.49","5.564095193969617","31.380779928622065","","7033493","264417","49","49","1260","2139","1","0.00028212007594672446","0.0003223536825030569","","hold"
"310","FRXUSD","Frax USD","0.999497","-0.023899175919093737","-0.039478963332249505","","124583474","569027","48.9","55","1036","1091","28","0.007899362126508285","0.005709814685665266","89","hold"
"311","AGT","Alaya Governance Token","0.015997074251556526","7.870906640083","11.52846727823","38.746165959115","36883280.88","20279861.24","48.9","56","52","208","128","0.03611136972118073","0.0016904064417819647","24","hold"
"312","CETUS","Cetus Protocol","0.01827694022467875","-1.119101178631","-1.935492654474","-36.071464342863","17310918","4627114.27","48.9","51","2165","526","25","0.007053001898668112","0.00079338078033325","75","hold"
"313","GITLAWB","gitlawb","0.00007904","-0.8288586777609503","-22.639651349168872","","7902646","294032","48.9","53","1780","1206","160","0.045139212151475906","0.000362188039373616","81","hold"
"314","GEKKO","Gekko HQ","6.153925762975629e-7","-1.796280457089","-1.948267101325","0.800744383965","51640692.09","35222.38","48.8","48","5204","1814","2","0.0005642401518934489","0.0023667567824718076","","hold"
"315","NIGHT","Midnight","0.03083441352267047","-7.56004510624","2.585075105913","-0.30044603313","512079420.67","85244060.74","48.7","45","1628","617","375","0.10579502848002166","0.023467729252243733","52","sell"
"316","USDH","USDh Hermetica","1.001","0.2851289559990329","0.24825839389023607","","9221349","21443","48.7","52","1244","2729","2","0.0005642401518934489","0.00042262582870216563","100","hold"
"317","VET","VeChain","0.004957114044728964","-3.289517629019","2.606172118367","-28.988486294389","424665052","12492867.27","48.6","62","2124","92","883","0.24912889528404364","0.019462924515962713","98","hold"
"318","DAO","DAO Maker","0.0341208132191562","7.656904913745","-9.114478885144","-24.303647020338","7705070","2150727.95","48.6","61","227","515","9","0.002539252613314148","0.0003531328869515941","100","hold"
"319","HOME","OtterHome","0.029689157649915053","1.274163886443","-16.450567653878","66.676961928203","7024369.19","334854.24","48.6","43","87","396","435","0.12272223303682513","0.00032193552700735114","28","hold"
"320","OKB","OKB","73.62204587189038","-1.7337662595","3.503430665179","-12.761280794416","1543076442","11850924.16","48.5","43","1743","52","501","0.1413517288078209","0.07072110165779857","43","hold"
"321","USELESS","USELESS COIN","0.06448441052769927","-4.115090765879","-4.515547415738","7.191777849347","64079868","8286242.05","48.5","43","2332","18","817","0.23049210204847387","0.0029368595979422734","33","hold"
"322","SCRT","Secret","0.058341494345554835","-2.260053417302","-3.888902436118","-35.329076571572","19939653","6130164.36","48.5","76","2593","592","102","0.02877819628422701","0.0009138589563369332","92","hold"
"323","USUALX","USUALx","0.0165866","-4.911679001267002","-2.0088139638988127","","7715787","841","48.5","48","5580","2079","1","0.00028212007594672446","0.00035362406031529624","","hold"
"324","MTL","Metal","0.25220243325827646","-1.299787910032","1.193821806286","-18.06656647415","22849515","763917.75","48.4","53","1838","380","261","0.07363832578611029","0.001047221530420068","52","hold"
"325","AERO","Aerodrome","0.3554523063571174","-3.361301477124","7.756827188442","-20.584917979804","338614584.57","11474854.31","48.3","57","2336","147","249","0.07024789891073438","0.015519006860414917","57","hold"
"326","IOTX","IoTeX","0.0032730840359858175","-3.019976595981","-5.416683122848","-28.228362748665","30854932","14805971","48.3","56","2549","495","232","0.06545628958765358","0.0014141196918204667","10","hold"
"327","ARB","Arbitrum","0.08247653342234697","-4.756210173841","0.694560348979","-33.412195830321","514202140","36539781.6","48.2","44","1492","46","414","0.11679771144194391","0.023566519989420963","53","hold"
"328","DOLO","Dolomite","0.02409277","-6.615583663101159","7.243778291425812","","11747518","4598627","48.1","47","3281","125","111","0.031315328430086414","0.0005384032780825894","21","sell"
"329","SUN","Sun Token","0.01683762070476412","-0.452078079995","-4.754016644852","-13.860973941775","323370193","66265127.64","48","48","2667","1431","4","0.0011285567170285103","0.014820455856752004","0","hold"
"330","B3","B3","0.00058644","8.102703598975793","4.033000105882235","","27154152","25040435","48","81","172","1088","16","0.004513921215147591","0.0012445083676699113","100","hold"
"331","SANTOS","Santos FC Fan Token","0.6370089302456023","0.47291942433","1.572168257673","-40.975732650161","10181613","2870623.3","48","45","479","1767","20","0.005642401518934488","0.00046663591537959826","100","hold"
"332","DAI","Dai","0.9996293086844937","0.001924149354","-0.007930367682","0.004185079531","4210678810","34449753.02","47.9","35","397","716","133","0.03752451084119796","0.19298061720415294","8","hold"
"333","PUFETH","pufETH","1781.3829732889562","-1.292699657077","3.943826346403","-26.519582709074","62275669.56","7794.69","47.9","47","5179","1649","2","0.0005642401518934489","0.0028541709521868472","","hold"
"334","STIMA","STIMA","0.9995974201107919","0","-0.3300297528","-1.50763606601","31757816.02","0.71","47.8","47","4036","3213","1","0.00028212007594672446","0.0014554999830527413","","hold"
"335","SN52","Dojo","1.88","-0.27517091336996263","29.3125779635375","","8190241","22250","47.8","47","5199","2864","1","0.00028212007594672446","0.00037536887389203616","","hold"
"336","YFI","yearn.finance","1867.355394381522","-1.659556965939","1.114347894275","-27.985782887077","66632191","3224874.93","47.7","36","2221","828","213","0.06009564518176816","0.00305383571748732","5","hold"
"337","LBT","Law Blocks","0.23983948350214127","0.020199848107","0.643684115874","17.498373767709","58775634","598593.64","47.7","47","1650","1589","3","0.0008463602278401734","0.0026937599939819198","","hold"
"338","TOSHI","Toshi","0.0001303884514819455","1.076551929999","5.70418292695","-28.577965954074","54776945","8987128.25","47.7","60","91","255","397","0.1120016701508496","0.0025104951319376316","42","hold"
"339","WNXM","Wrapped NXM","44.51618800685179","-0.069137480501","-0.696956372736","-21.618202256009","24421134.99","6947.93","47.6","47","4033","1571","4","0.0011285567170285103","0.001119250818182481","","hold"
"340","REDO","REDO","0.07112018429414","0.476","0","","7112018.43","29879.82","47.6","50","234","191","77","0.021723245847897782","0.0003259526000722698","32","hold"
"341","AAVE","Aave","65.55315636254763","-2.524739327105","4.008119717354","-29.796993562848","992886594","98280162.11","47.5","51","2001","30","509","0.14360884224187792","0.04550522050477871","22","hold"
"342","OUSG","OUSG","115.55","0","0.06465507237662399","","484049655","0","47.5","54","1473","2421","4","0.0011284803037868978","0.022184594312325927","0","hold"
"343","MNEE","MNEE","0.9986513097457778","0","-0.036554800926","","100209951.51","143692.94","47.5","47","2843","2195","2","0.0005642401518934489","0.00459274600724011","","hold"
"344","AGETH","Kelp Gain","3239.91","0","54.96572239384565","","32258310","12.83","47.5","47","3069","1784","1","0.00028212007594672446","0.0014784382411164958","","hold"
"345","DIFX","DigitalFinancialExch","0.08234740457680272","4.178042456444","-2.890097032876","-2.856932809141","23078415.73","1548323.87","47.5","47","798","2331","2","0.0005642401518934489","0.0010577123339572492","100","hold"
"346","YOUSD","Yield Optimizer USD","1.052","0.013688330033255421","0.07894949610247344","","11962931","62.5","47.5","47","1422","1853","4","0.0011284803037868978","0.0005482759222736096","100","hold"
"347","ANDY70B","ANDY70B","0.01196968","0","0","","11555329","16.75","47.5","22","3090","1187","2","0.0005642401518934489","0.0005295950185326644","","hold"
"348","TIG","The Innovation Game","0.9843151222121916","-4.437509297109","-4.661503612664","-17.861429686552","29101017","374444.01","47.4","66","2893","110","125","0.035265009493340556","0.0013337355983057155","77","hold"
"349","AIO","OLAXBT","0.12153741990862689","-11.863079678203","-2.313658331744","0.650364917322","27960477","3382973.77","47.4","46","3081","746","173","0.04880677313878333","0.001281463239601152","70","sell"
"350","IMX","Immutable","0.14143618307587136","-3.318296124438","8.454755616014","-25.739499809038","119177142","11038061.01","47.3","47","2213","81","523","0.1475487997201369","0.005462035804100427","38","hold"
"351","MOVE","Movement","0.011673728550487665","-4.541441590631","-0.74260523927","-33.082766896555","46618212","11458086.36","47.3","39","2635","209","228","0.06432337731585318","0.0021365703086515045","29","hold"
"352","XCH","Chia","2.100386552197695","3.861081664549","-5.286243779644","-11.490483155176","38839666","1606002.36","47.3","49","65","340","213","0.060091576176652305","0.0017800699257522223","18","hold"
"353","AGLD","Adventure Gold","0.1729091163206628","-2.76629073398","-11.617306428348","-28.920628500092","15086967","5227414.5","47.3","69","2425","98","72","0.02031264546816416","0.0006914543556454946","96","hold"
"354","XRD","Radix","0.0011056694908072775","0.778970632235","5.651250149017","-7.306139575267","14864849","155551.83","47.3","57","607","2161","10","0.002821200759467244","0.0006812744130124083","100","hold"
"355","EUL","Euler","0.9707277823315644","5.343805332428","8.160627134754","-25.932197082834","23569960","6385269.84","47.2","50","48","284","237","0.0668624579993737","0.0010802404157436072","4","hold"
"356","TUT","Tutorial","0.01056609","-0.8262923280578023","-3.2204887475260264","","8802726","3802821","47.2","46","1941","570","139","0.0392146905565947","0.000403439818901562","22","hold"
"357","GRT","The Graph","0.01960912312437385","-2.092522800116","-1.600948575983","-26.89958921635","211185057","13109705.7","47.1","54","1991","115","342","0.09649159930593762","0.009678872334637706","16","hold"
"358","AXS","Axie Infinity","0.9468557803835767","-2.465806209121","1.116526130154","-20.773581337748","163315463","13314318.2","47.1","48","2101","189","295","0.08323105788085262","0.0074849496413434595","16","hold"
"359","ORBS","Orbs","0.006035364960254299","-2.365107834269","3.994069424886","-28.414011363955","29750823","1615243.46","47.1","69","2554","318","101","0.02849605710496988","0.0013635170109000808","86","hold"
"360","ACX","Across Protocol","0.04237135793236805","-0.636541744938","0.447305825766","-0.097905514084","29733941","2612554.54","47.1","48","2836","1299","11","0.0031033208354139686","0.00136274328796213","100","hold"
"361","LUMIA","Lumia","0.08843254814543242","-0.97097855756","6.522645704963","-13.910565161182","12172879","2435564.78","47.1","39","1874","1154","141","0.03977893070848815","0.0005578980987560702","25","hold"
"362","KMNO","Kamino","0.0176967","-4.727058769170062","19.219309897262075","","85749829","5039168","47","67","2393","229","831","0.234441783111728","0.003930020709789207","48","hold"
"363","ZIG","ZIGChain","0.056052","1.0897475660374218","9.70936600490861","","78834810","3617801","47","49","108","610","203","0.05727037541718506","0.003613096837222816","49","hold"
"364","ICNT","Impossible Cloud Network Token","0.219302","7.6583854929088755","-9.577904834322815","","55724353","2935457","47","45","202","1659","16","0.004513921215147591","0.002553916012236063","67","hold"
"365","VANRY","Vanar Chain","0.0034384971544379928","-1.846690794177","-4.441308055368","-36.174612057675","7380179","828710.7","47","72","2751","555","31","0.008745722354348458","0.00033824273062925175","67","hold"
"366","CBETH","Coinbase Wrapped Staked ETH","1882.1259119427095","-1.020556106439","2.150777508687","-24.816507913686","297876801.89","1611707.11","46.9","48","4010","1626","4","0.0011284803037868978","0.013652062214531958","","hold"
"367","BABYDOGE","Baby Doge 2.0","3.294676852918984e-10","-2.509968521359","-1.317653834753","-23.517938989437","59942097","3039931.18","46.9","43","2142","600","384","0.10833410916354219","0.002747220435835429","60","hold"
"368","WIN","WINkLink","0.000017413961639021787","-1.261186446335","0.650408476515","-14.172838265972","20826596.53","6347489.78","46.9","46","1773","597","159","0.04486012950188328","0.0009545086751989213","87","hold"
"369","ALCX","Alchemix","3.501006556778985","-1.824722424557","1.869457771077","-32.418099336559","8817286","418063.69","46.9","65","2699","425","38","0.010721288811770846","0.00040410712170789795","75","hold"
"370","OPN","Opinion","0.07698837788533829","-8.571522539916","-40.93103178572","-54.356519722445","13973193","24255320.38","46.8","51","1827","1006","148","0.041753771240115214","0.0006404087158224138","71","sell"
"371","GRIFFAIN","GRIFFAIN","0.008060526752014411","-4.208675142778","-0.901706496452","-31.591286667553","8003968","4694861.38","46.8","51","2829","515","228","0.06432337731585318","0.0003668317519384219","11","hold"
"372","USYC","Hashnote USYC","1.13","0","0","","3007900705","562932","46.7","72","1231","1308","9","0.00253908068352052","0.13785580917764345","100","hold"
"373","AR","Arweave","1.9802884770431093","-3.060410584817","-0.16722768628","-9.347889046066","129778700","22881233.82","46.7","46","2220","25","265","0.0747668825031388","0.005947918318175545","44","hold"
"374","ULTIMA","Ultima","2267.919868157248","-0.579386705072","-0.831151506376","-21.903728131356","192036268","15426444.84","46.6","54","1387","1433","8","0.0022569606075737957","0.008801259653481412","100","hold"
"375","GMX","GMX","5.67697646940369","0.998326095692","1.155607523313","-18.649277595014","59104220","4338285.94","46.6","40","151","379","251","0.07081213906262783","0.0027088194967238646","4","hold"
"376","MOODENG","MOO DENG","0.03927379","-3.2081816553656917","3.314019605316612","","38876397","11867654","46.6","54","2805","323","68","0.01918416516437726","0.0017817533529074093","83","hold"
"377","AGIX","SingularityNET","0.08764365455520817","-1.173860917071","-3.722377347039","-3.125788555282","21312806","13787.06","46.6","70","2573","473","20","0.005642783585142551","0.000976792256503738","100","hold"
"378","BNX","BinaryX","30.39765891033172","-0.236832545348","-1.29652793033","-17.578981081723","19726199","9.41","46.4","52","3245","2222","28","0.007899362126508285","0.0009040760955386063","89","hold"
"379","SAFE","Safe","0.09104723513372275","-2.45495234216","-5.728706365815","-35.54828938494","67738660","658391.18","46.3","48","2303","198","146","0.04118953108822177","0.0031045465601263157","77","hold"
"380","TORN","Tornado Cash","5.442328385396053","-0.406648928025","-0.378106234808","-0.346879805258","20884361","55954.37","46.3","38","2846","1759","10","0.0028213917925712755","0.0009571560922962777","0","hold"
"381","MPLX","Metaplex","0.018568953507893636","-2.599312526131","-7.020104944117","-25.675961655665","9488842","599489.11","46.3","65","2282","174","205","0.05783461556907851","0.00043488536370046453","87","hold"
"382","PIEVERSE","Pieverse","0.6284542508869271","-5.126633171796","2.631070740809","-39.374395967055","171515525","23116585.4","46.2","48","1762","246","137","0.03865045040470125","0.007860768623811114","24","sell"
"383","RLB","Rollbit Coin","0.06046182348998676","1.285828205213","0.852704536082","-7.331469673879","99149803","216476.06","46.2","34","176","1219","189","0.05332069435393092","0.004544158089942314","5","hold"
"384","GODS","Gods Unchained","0.02635066246707438","1.660846519067","-8.443473625723","-26.697839072565","10367548","670661.29","46.2","48","440","2329","10","0.002821200759467244","0.00047515754637520824","100","hold"
"385","LIT","Lighter","1.594541811202882","-1.738470979687","13.2111736834","83.924489078063","393773069","37817064.31","46.1","59","1078","60","386","0.10889834931543563","0.018047106730991316","46","hold"
"386","TROLL","TROLL","0.078159","3.171436567902102","13.508421436923534","","78201240","3801652","46.1","50","17","19","1882","0.530985935361914","0.0035840595405874937","35","hold"
"387","CORGIAI","CorgiAI","0.00003532447383897127","0.273710656448","7.202338051422","-6.102161905924","12307156","8707.8","46.1","46","1101","1978","4","0.0011284803037868978","0.0005640521797262884","","hold"
"388","GAS","Gas","1.1131698461283597","-1.313077012218","-0.951863395721","-30.46858487133","72051522","2158516.95","46","54","1705","300","313","0.08830956310748092","0.003302210359298007","97","hold"
"389","SNEK","Snek","0.0003868093609489884","-3.666866929151","31.234145285629","-30.497127233314","28873749","3032931.26","46","63","2590","394","207","0.058398855720971955","0.0013233196248036297","63","hold"
"390","METIS","Metis","2.792877577135967","1.583741808506","8.929734022012","-22.474880814119","20883378","5477938.3","46","59","105","150","285","0.08040422164481646","0.0009571110401906027","6","hold"
"391","PENGU","Pudgy Penguins","0.0065470237375703","-4.920014888941","-2.257150917387","-24.922388077805","410048028","69362413.66","45.9","49","1453","126","886","0.24995838728879785","0.018793008229185212","71","hold"
"392","LCX","LCX","0.027528853674263325","-0.178431172498","3.418602317442","-22.798609302312","26280231","75723.63","45.9","44","252","101","254","0.0716633515313104","0.0012044554874627719","27","hold"
"393","APT","Aptos","0.649314358660133","-4.306512135513","-3.412145990203","-34.10201315753","539603652","46571030.31","45.8","49","1474","47","514","0.14500971903661636","0.02473070269840291","44","hold"
"394","APEX","ApeX Protocol","0.29247148564728465","13.510071016454","14.480423343198","0.219592156866","40540168.42","2460729.73","45.8","54","70","918","40","0.011284803037868977","0.0018580060798774746","92","hold"
"395","AMP","AMP Token","0.0005241679344009828","-1.831783566704","-3.088328475739","-39.944400585517","45138221","2207262.32","45.7","46","1934","353","488","0.13768391947747824","0.0020687404908182627","44","hold"
"396","YGG","Yield Guild Games","0.024665913788028165","-2.518378277524","-4.186018632367","-37.51032629169","18922736","5419858.79","45.7","56","2141","206","163","0.04598557237931608","0.0008672523926067979","57","hold"
"397","DRIFT","Drift Protocol","0.016151152898359056","-2.207422017113","-7.643395578195","-47.733893655003","9836301","4890940.1","45.7","42","2498","679","37","0.010438442810028804","0.0004508098393726276","33","hold"
"398","SC","Siacoin","0.0007083129905473778","-3.365093839147","2.74480129205","-24.707977223131","35164924","3600893.65","45.6","83","3274","463","36","0.010157010453256591","0.0016116519553428326","75","hold"
"399","M","MemeCore","2.9680345338540124","0.368240521165","-4.429996729669","-7.435290781891","3911338660","8919657.54","45.2","33","313","1380","28","0.007899362126508285","0.1792614879360187","75","hold"
"400","XPL","Plasma","0.08693087848936477","-7.288004199266","24.279325511481","-2.596210642712","215472232","112595096.28","45.2","54","1574","434","897","0.2530617081242118","0.009875358866832315","52","sell"
"401","WALLET","Ambire Wallet","0.015760558825096763","5.000964959439","15.657331684584","86.373095633419","11422779","25095.67","45.2","42","622","1764","4","0.0011284803037868978","0.0005235200881082252","","hold"
"402","PUFFER","Puffer Finance","0.014857816252206967","5.454489524948","0.070726367209","-42.4773730908","7188440.97","3528743.72","45.2","36","220","1458","15","0.004231801139200866","0.00032945516984075716","100","hold"
"403","MBX","Marblex","0.02809725737661424","0.303870682457","-0.976174133278","-30.158933876219","7825078","859818.47","45","60","159","341","31","0.008745722354348458","0.0003586330020053557","22","hold"
"404","VVS","VVS Finance","0.0000010716890320530385","1.240418039794","1.49344420311","-18.219397797335","46625070","50340.98","44.9","62","148","495","462","0.1303394750873867","0.0021368846192727857","100","hold"
"405","ELON","Dogelon Mars","2.9716670031108272e-8","-1.906969938772","3.085989906691","-24.406041245621","29715868","4567413.87","44.9","24","2021","634","375","0.10579502848002166","0.0013619149800212708","60","hold"
"406","SHELL","MyShell Token","0.025368299403820332","-2.424750878587","-3.338581214367","-28.575549096335","9966922.97","6443630.82","44.9","47","2495","588","177","0.04993525344257023","0.000456796475461254","5","hold"
"407","CSPR","Casper Network","0.002053084496901321","-1.137771017634","-7.210279707665","-28.618012767616","32967617","1282798.3","44.8","29","1869","1129","316","0.08914994399916493","0.0015109466581256824","13","hold"
"408","CPOOL","Clearpool","0.023679742703951137","-2.589021546568","4.570946026255","-29.026566321348","23873402","891638.36","44.8","56","2304","276","173","0.04880677313878333","0.0010941475378699948","72","hold"
"409","RBTC","RSK Smart Bitcoin","64407.85106273464","1.224160502151","2.891544115758","-18.398657222179","179951030.86","0.56","44.7","25","810","2432","6","0.0016928350755427654","0.008247378289555735","100","hold"
"410","CELO","Celo","0.060338533580808956","-1.996149922932","0.258976863104","-30.905625891399","36319792","1643202","44.7","62","1888","212","1945","0.5487607036551131","0.0016645809840068178","70","hold"
"411","IRYS","Irys","0.01800694","4.156774454261398","-0.28179717566435786","","36031201","9206819","44.7","48","24","439","380","0.10720562885975528","0.0016513545015766455","43","hold"
"412","ZBT","ZEROBASE","0.114955","-8.845071385119885","-6.3268910268993","","28186416","12372626","44.7","68","2923","79","140","0.03949681063254142","0.0012918183033896647","73","sell"
"413","DIAM","DIAM","0.006668953268069273","-0.040031071613","-0.100566170564","-9.55541574416","13215278","394421.03","44.6","52","3800","2219","3","0.0008463602278401734","0.000605672534059767","","hold"
"414","SFP","SafePal","0.23945589854723442","-1.731423713663","7.871738180349","-18.684703260801","119493945","2227633.1","44.5","61","1893","665","240","0.06771340302171061","0.005476555277380349","98","hold"
"415","STG","Stargate Finance","0.26208565816050255","-26.645540536264","21.623502157949","30.532768691685","36363891","89855999.46","44.5","28","1738","981","579","0.16334752397315344","0.0016666020957140028","59","sell"
"416","IQ","IQ","0.0007954872599632909","-0.722848341999","-4.106791370322","-27.236133509697","20946738.29","487060.89","44.5","59","1837","332","244","0.06883729853100076","0.0009600149206389036","18","hold"
"417","LUNC","Terra Classic","0.00006998693549064978","-5.256802877447","4.95454992818","-6.325239339207","383980733","16250957.66","44.4","60","2430","67","572","0.16138361053507697","0.017598311861940157","60","sell"
"418","GLM","Golem","0.108929","-1.2640666784695855","-1.346189992657797","","108919592","3964708","44.4","30","3550","2253","4","0.0011284803037868978","0.0049919196020996245","100","hold"
"419","FB","Fractal Bitcoin","0.4063614406319817","-2.354241780067","4.182474155937","-11.224482231469","42295106","3549769.62","44.4","49","4257","1143","5","0.001410600379733622","0.0019384370142910693","","hold"
"420","SHFL","Shuffle","0.2983081227409791","-0.231895143706","0.042209944602","2.924759280271","126475188","607585.12","44.3","44","3331","654","5","0.001410600379733622","0.005796514277765888","0","hold"
"421","USDD","USDD","0.9993063411832311","-0.006881922227","-0.032443605052","-0.033422295803","1358594345","53882309.55","44.2","29","740","601","112","0.03159744850603314","0.06226605900348213","28","hold"
"422","NEO","NEO","2.1556053128374497","-2.82979918812","-0.364141642512","-27.43681811603","152029738","6115388.75","44.2","35","2267","135","284","0.08012752690902422","0.006967710907549765","21","hold"
"423","STABLE","Stable","0.03585677423032984","-1.08820714194","6.288726953677","-2.723980678753","845824020.9","15367648.58","44.1","49","1138","407","230","0.06488761746774663","0.038756806373510214","56","hold"
"424","BDX","Beldex","0.08012725498487942","0.599042720795","1.907832901484","1.129895348239","622018094","7123558.38","44.1","67","310","151","62","0.017492629113941907","0.028507858497112685","92","hold"
"425","RVN","Ravencoin","0.0042791062879823875","-2.806212280491","1.550583305889","-24.232085019519","69511919","3342558.22","44.1","57","3289","474","21","0.005924922764399678","0.0031858172130837708","60","hold"
"426","NEWT","Newton Protocol","0.052795604519325995","0.096272708891","-3.961056830132","-30.131855542726","11262374","14716025.53","44.1","50","609","1403","8","0.0022569606075737957","0.0005161685285855382","100","hold"
"427","LINK","Chainlink","7.836541187022298","-2.091511221347","1.589993273407","-21.889797468542","5682740736","182657591.29","44","62","1103","68","1924","0.5428357808907134","0.2604470357700977","89","hold"
"428","WXTZ","Wrapped XTZ","0.2301794802366461","-3.302662251282","-4.271966439273","-36.933184746261","388758238.87","11940.59","44","44","5702","1278","1","0.00028212007594672446","0.01781727086429851","","hold"
"429","SRX","StorX Token","0.054048","-0.012294010438618934","-1.1117660073536377","","32787119","1687160","44","52","976","768","32","0.009027842430295183","0.0015026742115640044","75","hold"
"430","ASR","AS Roma Fan Token","1.1265634781199207","8.755677103774","10.080029875297","-7.904437418516","9430893","5264248.89","44","70","175","808","29","0.008181482202455008","0.000432229489365","100","hold"
"431","TLM","Alien Worlds","0.0010687095406871675","7.286294244303","0.832985732804","-44.401433998106","7358475","13310716.32","44","44","94","412","95","0.02680140721493882","0.00033724800946793886","26","hold"
"432","ETHFI","Ether.fi","0.3085941711452274","-3.553487361329","2.040380161852","-25.084376173911","270882503","36045661.26","43.9","46","1597","130","139","0.0392146905565947","0.012414880112583513","24","hold"
"433","RSWETH","Restaked Swell Ethereum","1782.0392357927562","0.413632455357","3.017873715497","-26.055120632426","23095675.59","4713.52","43.9","43","1542","1937","2","0.0005642401518934489","0.001058503374686299","","hold"
"434","RENDER","Render","1.7260480418221174","-4.398557517124","2.670066173328","-5.021377952061","890574951","47063693.04","43.8","49","2313","9","796","0.22458278668867354","0.04081615137739235","43","hold"
"435","ZK","zkSync","0.011202561487474389","-5.239068638296","6.758063532171","-32.007794166849","107928375","21621103.13","43.8","64","1507","12","845","0.23839146417498217","0.004946490901152651","68","sell"
"436","BOME","BOOK OF MEME","0.0004221435622415564","-3.844100058986","1.962705940052","-27.143490019623","28937624","7884825.15","43.8","45","2676","359","220","0.062066416708279386","0.001326247095047772","24","hold"
"437","DFI","DeFiChain","0.0007484960514284324","-5.073996220169","-8.532172635614","-17.56026032118","14167550","126.36","43.8","40","5211","2515","2","0.0005642783585142552","0.0006493163374935019","","sell"
"438","MARSMI","MarsMi","0.01324173","1.1428475851671531","7.207041146968879","","13241722","320411","43.8","38","617","1492","7","0.001974840531627071","0.0006068844952830327","100","hold"
"439","TRB","Tellor Tributes","13.349723987631437","-0.662780297911","1.000367980807","-26.186434267684","37140885","10296653.92","43.7","49","1672","806","227","0.06404559369136795","0.0017022126916416277","12","hold"
"440","WSTETH","Lido wstETH","2052.6867743950165","-1.143901074218","2.452084625699","-24.977463674247","9591072136.25","2983650.19","43.5","46","3757","1459","6","0.0016927204556803467","0.4395706972726991","100","hold"
"441","CAKE","PancakeSwap","1.3450943961376545","-0.298449743006","7.551056991304","-10.076949770321","470740611","21355709.71","43.5","47","1380","123","320","0.09028453736228081","0.021574624366525852","30","hold"
"442","TRIA","TRIA","0.02137387","-5.427799266407614","-24.299402746391667","","46091449","4718742","43.5","38","2848","1271","147","0.041471651164168497","0.002112428108914282","42","sell"
"443","ALI","Artificial Liquid Intelligence","0.0013665586936655988","-3.406674170401","-2.671360313446","-10.752014066667","12968537","113176.69","43.5","53","3153","1499","38","0.010720562885975529","0.0005943640888854436","50","hold"
"444","BABY","Babylon","0.01543507","10.380695314994624","-0.32775413646681795","","57263276","62024743","43.4","46","145","1035","17","0.004796041291094315","0.0026244467565104445","100","hold"
"445","RLC","iExec RLC","0.3416487904394438","-3.317818689198","-0.259097471657","-23.071211118536","24741470","2260073.67","43.4","42","3462","1755","26","0.007335618660685316","0.0011339321678487356","86","hold"
"446","BTT","BitTorrent","2.629744384620042e-7","-1.333465477158","-2.810639154534","-18.202695281586","259374572","4859642.56","43.3","59","2008","430","61","0.01721048993468478","0.011887457403007904","92","hold"
"447","TIBBIR","Ribbita by Virtuals","0.115953","-4.0922625001083635","7.727275889144608","","115932182","665759","43.3","44","2557","96","422","0.11905467204951772","0.005313315274261965","40","hold"
"448","RIVER","River","4.486624426800301","-5.313277915973","-14.195134316219","-39.375591856272","88415627","7849640.54","43.3","33","2468","869","512","0.14444547888472292","0.004052197528918662","73","sell"
"449","GUSD","Gemini Dollar","0.999165914755223","-0.058920538863","-0.062696398204","-0.116597589745","39447743","768951.35","43.2","25","2402","1739","14","0.003949948509599786","0.0018079388466703792","100","hold"
"450","RSC","ResearchCoin","0.10141176602002264","1.486907560961","-8.558243995378","-27.163305387143","22333246","765504.78","43.2","49","497","1145","10","0.002821200759467244","0.0010235602836807635","50","hold"
"451","ENJ","Enjin Coin","0.03026901619956342","-5.166505724495","-1.081438384981","-31.127793662368","59800080","10745971.52","43.1","59","2813","1020","153","0.04316729442634051","0.002740711621093161","48","sell"
"452","SVL","Slash Vision Labs","0.00754176284258579","-0.038595773143","-2.383190029764","1.070469901509","12827252","319110.1","43.1","50","1666","546","109","0.030751088278192965","0.0005878888226084395","12","hold"
"453","PLUME","Plume","0.010328188139698826","-5.386764227653","-10.164013736317","-14.389625969199","58987877","8547144.25","43","46","2688","82","263","0.07419757997398853","0.0027034873531526045","23","sell"
"454","RON","Ronin","0.06024483979653078","2.788304908066","-7.748253024672","-36.985705622579","43301050","5575403.66","43","44","40","315","152","0.042882251543902114","0.0019845406718609075","42","hold"
"455","SN56","Gradients","5.02","-1.677359736738034","23.620757067515445","","23003798","63228","43","31","4944","1242","1","0.00028212007594672446","0.0010542925111116845","","hold"
"456","POWER","Power Protocol","0.07603366437342353","-11.619123172987","15.641148454969","-1.345891152956","15862015","2369540.38","43","32","3200","1222","224","0.06319489701206628","0.0007269757639865037","53","sell"
"457","TREE","Treehouse","0.04619230023028205","-0.143266435703","3.601341568797","-29.318363412468","7129468","5961408.94","43","48","1895","562","22","0.006206641670827937","0.00032675233544523385","100","hold"
"458","H","Humanity","0.29037","25.020113143108127","-61.9119715825075","","520295115","189367725","42.9","52","7","21","158","0.04457497199958246","0.023845768568846442","71","hold"
"459","WPOL","WMATIC","0.0754063581543943","0.226","0.8236880391364909","","18280392.74","11464.63","42.9","42","2176","2104","1","0.00028212007594672446","0.0008378130066157946","","hold"
"460","AVICI","Avici","0.742076","2.073445496846794","-2.157070236561851","","9572391","557700","42.9","41","256","1914","32","0.009027842430295183","0.0004387145176954209","80","hold"
"461","WIBE","Wibegram","4.352014579363153","1.334588175791","9.048174417119","48.488179242752","58335766.9","187461.63","42.8","42","1705","1650","1","0.00028212007594672446","0.002673600340805761","","hold"
"462","ALT","AltLayer","0.0063572114565860075","0.063603793194","12.417346872402","-6.922847642137","40509949","15082756.68","42.8","46","222","148","219","0.061784296632332654","0.001856621061279371","33","hold"
"463","ANVL","Anvil","0.00043057","-0.1121418870336317","3.0716972402439704","","34987951","83523","42.8","65","2458","1399","9","0.00253908068352052","0.001603541063890518","33","hold"
"464","BROCCOLI","CZ'S DOG","0.0129247","-1.6530855248747411","14.438814712049883","","12499020","4344928","42.8","58","2607","1434","32","0.009027842430295183","0.0005728455441242862","50","hold"
"465","SN75","Hippius","4.53","-1.3669390510971005","13.994477828675617","","19223045","151118","42.7","42","5436","1091","1","0.00028212007594672446","0.0008810159254686079","","hold"
"466","DIA","DIA","0.12281298867373405","-1.973607165145","-1.813130112665","-34.974394381956","14691186","1836315.48","42.7","53","2111","322","288","0.08125608362605273","0.0006733152229535671","57","hold"
"467","SN66","FakeNews","2.43","11.727238907678453","38.27601394542382","","10527362","1330068","42.7","33","1035","1018","2","0.0005642401518934489","0.0004824820196370063","","hold"
"468","AQT","Alpha Quark","0.38839545761229105","-0.07957629346","-15.887087498623","-26.748669531191","10259558","191802.47","42.7","42","4611","561","2","0.0005642401518934489","0.00047020823112409405","","hold"
"469","INJ","Injective","5.028108197599999","-5.084673876593","-5.898541452504","4.336788037153","500342968","73090498.97","42.6","55","2354","116","995","0.2807284833608419","0.02293133699703819","73","sell"
"470","FTRB","Faith Tribe","0.005094908082400237","-0.399443735876","1.922992546937","-1.680421525305","16559255","291326.56","42.6","13","2230","2354","19","0.005360281442987764","0.0007589311354624448","83","hold"
"471","BNBX","Stader BNBx","676.6040449963813","0.316244384307","2.630795898567","-9.95209429955","12213236.1","119.38884873","42.6","43","814","2268","8","0.0022569606075737957","0.0005597477145586514","0","hold"
"472","SN50","Synth","1.63","-3.7480226487815314","15.03441789926215","","7518800","88042","42.6","42","5567","812","1","0.00028212007594672446","0.00034459590249169","","hold"
"473","SAND","The Sandbox","0.05115269338252385","-2.197813083025","-2.450185019409","-31.158621891856","135657327","13559737.73","42.5","31","2105","662","205","0.05783853174771115","0.00621734306367709","12","hold"
"474","USDTE","Tether Avalanche Bridged","0.998982958752362","-0.011455907658","0.101808557638","-0.101859131304","18277343.12","18886.71","42.5","42","2752","1650","2","0.0005642401518934489","0.000837681749620388","","hold"
"475","BOBA","Boba Network","0.02251309","0.5099835475879964","-2.00234452482303","","11121141","253391","42.5","30","267","1287","119","0.033572289037660207","0.0005096956455328424","34","hold"
"476","WRX","WazirX","0.020753150699265466","-0.955993815455","-7.222076382333","-23.813267891676","9376827","4956.97","42.5","6","5087","2951","2","0.0005642783585142552","0.0004297515777216372","","hold"
"477","BADGER","Badger","0.3535638942174225","0.52130744","1.28441949","","7063912","918940.97767252","42.5","42","1054","1449","4","0.0011285567170285103","0.0003237478228922007","","hold"
"478","BILL","Billions Network","0.07342079278317132","6.620513542323","-6.629739433731","-64.44984373767","178089482","103158498.16","42.4","30","35","918","238","0.06714457807532041","0.008162061203126507","41","hold"
"479","TRAC","OriginTrail","0.3623696207618677","-1.036447983147","7.230103614649","8.748708769131","161585623","2875322.64","42.4","43","1829","238","137","0.03865306755822647","0.007405668934852234","39","hold"
"480","XAUM","XAUM","4187.75","0.06435275253597729","-2.2408634318813276","","64345163","372397","42.4","52","1022","1147","13","0.003667560987307418","0.002949018395882308","100","hold"
"481","TPT3","TokenPocket Token","0.00640494","0.24606927177729956","0.2138650384910235","","20843072","56560","42.4","42","1898","2242","1","0.0002821391792571276","0.0009552637663642169","","hold"
"482","ANKRETH","Ankr Staked ETH","2033.385939109447","0","1.406328971479","-26.103298828181","19655604.7","16578.77","42.4","42","3122","2287","1","0.00028212007594672446","0.0009008406714657131","","hold"
"483","GFI","Goldfinch","0.07992170552630924","-18.229991746208","-27.427860783978","-49.170228041825","7293028","759540.95","42.4","33","2934","785","738","0.20820461604868262","0.00033424849251970594","65","sell"
"484","FOOM","FOOM","4.044782608118397e-8","-0.05833732069","7.304435306773","-28.147729856365","7043671","27.29","42.4","42","4904","2754","2","0.0005642401518934489","0.0003228201528301783","","hold"
"485","WETH","WETH","1661.0643866497307","-1.065446013355","2.274883967378","-24.98455308713","7617173973.07","332172831.7","42.2","54","1347","502","19","0.005360644405885423","0.34910450333647236","100","hold"
"486","FLR","Flare","0.00780174","-2.050085560355458","12.095809419340826","","667229055","4303264","42.2","61","2214","97","84","0.023698086379524853","0.030579932752088427","95","hold"
"487","PPC","Peercoin","0.24002173453414288","3.225280145518","7.809051882719","-18.069965802845","7314161","8723.58","42.2","72","778","1405","5","0.0014106958962856377","0.00033521704404486374","","hold"
"488","WEETH","Wrapped eETH","1821.987723681543","-1.079500135061","2.17734873628","-24.798812667393","4296055446.02","3583881.15","42.1","31","4266","1378","4","0.0011284803037868978","0.19689353401814144","100","hold"
"489","SBTC","sBTC","63917","7.625876461736761","-0.659251026546","","312223368.04","73313.82","42.1","53","33","299","197","0.05557765496150472","0.014309583083569038","84","hold"
"490","SOSO","SoSoValue","0.27684981151157606","-0.541730436309","-24.037655811635","-23.635372148091","93895235","3898583.67","42.1","58","1398","979","986","0.2781703948834703","0.004303334740183848","75","hold"
"491","PYTHIA","PYTHIA","0.01971463409765163","-0.465370105572","-13.479022258774","-56.582858449997","19003181","49336.35","42.1","68","3039","825","10","0.002821200759467244","0.0008709392864430409","100","hold"
"492","AO","ao Computer","1.94","0.6893348000299637","-1.8709407028977016","","11901021","236851","42.1","55","409","1289","17","0.004796041291094315","0.0005454385104095806","","hold"
"493","EITHER","Eitherway","0.099356","-4.839680804254527","7.2007862753017795","","9933615","1365983","42.1","52","2877","541","257","0.07250485951830818","0.0004552698603407444","88","hold"
"494","SN1","Apex","2.34","-2.7087132007180634","20.926801234376917","","10507875","71552","41.8","41","5357","2378","2","0.0005642401518934489","0.0004815889063274548","","hold"
"495","EGLD","MultiversX","2.8649036612234666","-2.485586907936","-2.784377077366","-31.100170184436","85983125","3779719.8","41.7","45","2219","177","343","0.09677373848519474","0.003940712953986113","23","hold"
"496","MOG","Mog Coin","1.0620376826467488e-7","-3.001277806368","-1.050493511166","-29.96389470267","41322156","7774698.75","41.7","46","2317","684","334","0.09422810536620596","0.0018938455125448745","21","hold"
"497","ADA","Cardano","0.16692395084236078","-4.336228896622","2.914591490261","-35.494760585377","6201091803","297193425.16","41.6","54","1364","33","4343","1.2253304555137048","0.2842037062149021","71","hold"
"498","USDG","Global Dollar","0.9998776425854902","-0.016111215317","-0.032059752234","0.027642021082","2641712587","59331524.28","41.6","25","866","784","108","0.03046896820224624","0.12107295486526069","20","hold"
"499","BBSOL","Bybit Staked SOL","77.52359973769299","-1.605685108604","3.747859827955","-24.367262374464","119292010.9","563081.82","41.6","41","4764","1364","3","0.0008463602278401734","0.005467300387845669","","hold"
"500","LQTY","Liquity","0.1973316904702252","-3.2805498417","-3.637529363522","-31.488349793796","19509475","3475026.91","41.6","40","3060","676","87","0.024544446607365027","0.0008941433665962739","0","hold"
"501","FUL","Fulcrom Finance","0.0009220067848685241","2.132524548191","3.108945093637","-14.872764040833","15391497.67","1041.96","41.6","58","498","1309","11","0.0031033208354139686","0.0007054113728643392","50","hold"
"502","ROSE","Oasis","0.006223235281698047","-3.759254683331","-6.779860222273","-39.758797399861","48182536","1954987.18","41.4","31","2505","683","419","0.11821631610873644","0.0022082652121692744","43","hold"
"503","HIVE","Hive","0.0489973191091269","-2.315413468201","-2.800565536475","-19.024440571933","26871931","2062988.12","41.4","38","2122","629","318","0.08972025900376655","0.001231573830217511","53","hold"
"504","FLOKI","Floki","0.000024640483699295652","-1.928707416371","0.782328414302","-25.163907151132","237099956","14360985.29","41.3","49","1144","202","528","0.14895940009987052","0.010866584204734797","42","hold"
"505","UPUMP","Unit Pump","0.00151112","-3.385930836038606","1.9791252878809846","","48184743","149956","41.3","39","5316","1188","1","0.00028212007594672446","0.0022083663617086693","","hold"
"506","XVS","Venus","2.478146124275994","-0.041894972434","5.98223131341","-9.088216495546","41694029","2911811.34","41.3","51","723","1287","9","0.002539252613314148","0.0019108889120298045","67","hold"
"507","GLMR","Moonbeam","0.009264518302790932","-1.916044288243","0.223583889777","-39.996208847634","10895696","2755233.28","41.3","24","2467","755","129","0.036393489797127455","0.0004993632223752589","12","hold"
"508","AVAX","Avalanche","6.532219571345116","-2.587814163753","-2.552734812374","-31.134778963387","2813160562","173599429.58","41.2","63","1186","88","1436","0.4051518614132351","0.1289306275890328","67","hold"
"509","VBNB","Venus BNB","15.124260257060792","-0.522524741028","2.79111194397","-10.129776471168","340301176.98","340301177.05","41.2","46","2011","1271","4","0.0011284803037868978","0.01559642379108467","","hold"
"510","SATS","SATS (Ordinals)","9.426031540445848e-9","-2.988794123485","-0.343533775322","-31.19814032412","19690002","2681383.18","41.2","74","2186","522","599","0.16898992549208794","0.0009024171422638162","76","hold"
"511","SN81","Patrol","1.96","-1.1172533757886076","22.290659041359458","","7509429","42501","41.2","41","4943","1097","1","0.00028212007594672446","0.00034416641797258463","","hold"
"512","ATOM","Cosmos","1.9721755346718965","-0.316563209572","16.794212454697","0.729801182226","997802846","28645960.82","41.1","51","1332","196","454","0.1280911873827359","0.045730538413862154","50","hold"
"513","KTA","Keeta","0.156282","-7.012373619336795","7.633552374578274","","86784153","1845922","41","37","2746","1004","441","0.12441495349250548","0.00397742505785656","43","sell"
"514","SENTIS","SentismAI","0.09557395809596844","-1.488540924687","-3.781826879486","27.229912304991","19375032","3049708.31","41","33","3250","1836","9","0.00253908068352052","0.0008879816776407636","0","hold"
"515","SN63","Alpha Trader Exchange (ATX)","2.24","-1.9257325480466776","24.893658632477088","","10038534","113616","41","41","5472","2468","1","0.00028212007594672446","0.00046007842786395634","","hold"
"516","DODO","DODO","0.015446293779827477","3.198293445858","6.99370080097","-13.575726421771","15449451","1470857.28","40.9","40","141","1618","118","0.03329242315234105","0.0007080674456490586","8","hold"
"517","NCT","PolySwarm","0.005867599830530926","-3.577960044837","-3.773785295054","-27.362851311316","11178777","197363.36","40.8","45","3483","1413","30","0.008464175377713826","0.0005123371746912202","100","hold"
"518","BORG","SwissBorg","0.15677065017370048","-1.436367019944","-0.465081881048","-14.814457723954","152246766","112825.4","40.7","46","3358","1171","12","0.0033856701510855307","0.006977657569188053","","hold"
"519","AVNT","Avantis","0.10638668015517444","-5.359141560554","2.878998348338","-24.17545295562","34291382","15873194.99","40.7","59","1768","278","245","0.0691194186069475","0.0015716164451744018","14","sell"
"520","UTYA","Utya","0.01924402","-1.3998295650534625","0.6310780402154172","","19244018","390648","40.7","33","2118","1320","121","0.03413652918955366","0.0008819771439958939","66","hold"
"521","LUCIC","Lucidum Coin","0.07911437283777391","-1.074106919187","2.074837426766","-17.268840006025","12983095.4","20004.76","40.7","40","5037","1830","2","0.0005642401518934489","0.0005950313183618009","","hold"
"522","ESPORTS","Yooldo Games","0.069383","-67.7626388909108","10.869257860167385","","10603349","18076588","40.6","57","1791","973","618","0.1743502069350757","0.0004859645978200456","49","sell"
"523","MATT","MATT","0.00015581309452374658","1.423530027551","10.614530752028","54.544334630617","9823435.15","10817.38","40.6","51","612","1476","7","0.001974840531627071","0.0004502201815559451","","hold"
"524","FOLKS","Folks Finance","1.71938087614151","-8.18","0.6688502436550253","","28679948.12","1815452.28","40.5","35","2904","1055","272","0.07673666065750905","0.0013144374907998945","43","sell"
"525","AUDIO","Audius","0.015183696055299026","-0.177460860788","1.059242774506","-25.937253858551","21583896","2147785.07","40.5","63","1612","1018","60","0.016928350755427653","0.0009892166464604427","83","hold"
"526","SD","Stader","0.14196289351457422","2.152015127136","-3.095613268363","-22.885965700169","10301934","1506156.95","40.5","40","83","594","89","0.025108686759258477","0.00047215037561044657","14","hold"
"527","SRX","StorX Network","0.05407653461140508","0.067706810854","-1.200297558348","-11.399861021905","45099829.87","2247352.91","40.4","47","2457","2288","2","0.0005642401518934489","0.0020669809778520944","","hold"
"528","FRXETH","Frax Finance","1653.2251697378044","-1.236712135092","2.136829458996","-25.189242953345","86572054.41","72851.62","40.3","37","4888","1813","2","0.0005642401518934489","0.003967704317174767","100","hold"
"529","LINEA","Linea","0.0024709793968903495","-5.578412060291","-1.89967111811","-31.3428947954","75300562","13210573.83","40.3","50","2701","55","382","0.10776986901164874","0.003451117880582201","22","sell"
"530","ORDI","ORDI","3.2849388667654553","-3.019526783688","10.140877627163","-24.824261530695","68702532","16925194.07","40.3","38","1449","600","244","0.06883729853100076","0.0031487220059057577","32","hold"
"531","CATI","CATIZEN","0.06002092342327262","0.935362936703","34.439421442492","7.517739352869","27256475","4975524.31","40.3","39","233","488","124","0.03498288941739383","0.0012491979573026528","27","hold"
"532","SN68","NOVA","5.57","-1.2685225743120678","27.74679720751147","","24409599","258920","40.3","40","5380","2087","1","0.00028212007594672446","0.0011187221094942348","","hold"
"533","AIXBT","aixbt by Virtuals","0.02280822","-5.691938944040807","6.151876078878271","","22634466","7884605","40.3","43","2669","44","321","0.09056054437889854","0.0010373655687992062","29","sell"
"534","BNKR","BankrCoin","0.00047898","-3.9002633205564337","-14.428557865564937","","47918927","2002137","40.2","57","2518","98","304","0.08576450308780423","0.0021961836856943143","55","hold"
"535","COOKIE","Cookie","0.0092198877386165","-0.069910663988","-5.458347494358","-46.557012692426","7069808","2065307.27","40.2","37","1656","1279","98","0.027647767442778994","0.00032401804386377744","8","hold"
"536","SENT","Sentient","0.015473169344325936","-6.385282223935","20.815057339331","-0.316961324093","111651872","18245080.11","40.1","19","1894","784","157","0.04429285192363574","0.005117143373507296","31","sell"
"537","DUSK","Dusk","0.08851173630934447","-3.946980749391","-4.689802466321","-38.874897790091","51911351","3556086.11","40.1","32","2781","465","240","0.06771340302171061","0.0023791614150406835","16","hold"
"538","PROM","Prom","1.0454404946050715","-2.354678117037","2.930706126956","-39.008181286418","19079289.03","862111.67","40.1","36","3668","1818","14","0.003949681063254142","0.0008744386837733239","100","hold"
"539","EGL1","EGL1","0.01167854","-1.099443166848954","-10.142073067504983","","11171552","1365913","40.1","30","3534","1504","6","0.0016927204556803467","0.0005120060440060707","","hold"
"540","B","BUILDon","0.23390240787773847","0.625571641749","-18.287905296808","-48.559035106257","235365452","6711402.06","40","58","401","1021","18","0.00507816136704104","0.010787089741355607","100","hold"
"541","HUMA","Huma Finance","0.024178102177644892","6.34837107738","-1.236234180448","-3.966241982833","41788639","13471231.88","40","41","29","173","306","0.08632874323969768","0.0019152250053338874","26","hold"
"542","OHO","OHO Blockchain","0.00076745","0.008679187263990092","3.3136319411172184","","17625040","131497","40","63","1119","1090","11","0.0031033208354139686","0.000807777380067582","100","hold"
"543","SHIBTC","ShibaBitcoin","103.9086453509339","0","0","","12114039.87","35.44","40","40","2323","3058","3","0.0008463602278401734","0.0005552014286618829","","hold"
"544","ENS","Ethereum Name Service","4.854416988769887","-1.641132352276","4.32957528555","-27.211256888541","195523929","6698495.25","39.9","85","2352","205","36","0.01015632273408208","0.008961103470297934","75","hold"
"545","UAI","UnifAI Network","0.29737903390337467","11.173844955879","2.095142078959","25.677748636588","69986674","5005581.56","39.9","48","14","1050","318","0.08971418415105838","0.0032075758218627565","67","hold"
"546","HT","Huobi Token","0.089275","-1.9902978859753446","-18.507208690555764","","9766324","43179","39.9","56","2330","275","170","0.04796366047371168","0.0004476027069221487","58","hold"
"547","MORPHO","Morpho","1.9103485832339588","-1.80478939299","12.248315906067","5.363702677804","1235474098","10122097.5","39.8","46","2136","211","222","0.06263065686017283","0.05662330582079808","20","hold"
"548","SN11","Dippy","2.42","-2.7029480710525715","21.500565488220506","","9894238","374379","39.8","28","3575","777","5","0.001410600379733622","0.0004534651637332518","100","hold"
"549","KLED","KLEDAI","0.00800437","-5.77040530517997","-10.26148136125715","","8002962","630846","39.8","52","3398","441","40","0.011284803037868977","0.0003667856457143029","70","sell"
"550","XSGD","XSGD","0.7777037009590453","-0.118111652559","0.400336587859","-0.502202338374","15025238","276382.71","39.5","61","2305","1209","12","0.0033856701510855307","0.0006886252392353082","","hold"
"551","PUNDIX","Pundi X","0.09970333591936188","-2.417715087535","-1.675273136203","-31.919107517977","25804428","2067953.46","39.4","62","2497","245","34","0.00959208258218863","0.001182648847547725","100","hold"
"552","KEEP","Keep Network","0.052390505669152404","48.001246448294","184.009891454201","-52.911366273776","9634936","11835.39","39.3","85","490","926","6","0.0016928350755427654","0.0004415810323947536","100","hold"
"553","TTC","Tongtongcoin","0.059287756419899994","0.013833811151","21.47913265768","23.356440215965","9576241.72","1.26","39.3","36","2536","1962","4","0.0011284803037868978","0.00043889100095520213","","hold"
"554","ORCA","ORCA","1.0929325997296906","-5.329270390452","6.513389237543","-21.341157301983","66307508","16903675.29","39.2","71","1657","37","420","0.11849043189762426","0.0030389550940622114","59","sell"
"555","TRILLIONS","trillions","0.02269223","0","0","","22692226","3283449","39.2","50","850","639","70","0.01974840531627071","0.0010400127810309347","56","hold"
"556","VELO","Velodrome Finance","0.013552231532143796","-3.610939248881","5.900123363024","-17.599511148936","16390789","1693090.39","39.2","40","2365","187","580","0.16362964404910016","0.0007512101303407279","53","hold"
"557","FAR","FARCANA","0.002802012462979476","0.001650100968","20.355288303276","3.261684660669","13649602","255890.34","39.2","79","1299","2041","7","0.001974840531627071","0.0006255781401077801","","hold"
"558","ADS","AdShares","0.3938431061558925","-1.374626802192","-0.373099540683","-33.486695758021","15242974","36213.3","39.1","57","3486","1779","10","0.0028213917925712755","0.0006986043493891798","","hold"
"559","CTK","Shentu","0.12533563657555835","-1.803158842912","-0.038304812417","-33.696459682941","20038945","1416940.94","39","50","3632","1076","8","0.0022569606075737957","0.0009184096314912404","100","hold"
"560","HOT","Holo","0.00030701156951986935","-2.081360990571","-1.591058389232","-26.310058409833","54767589","2502087.9","38.9","67","2031","291","221","0.062352758615825184","0.002510066334887077","87","hold"
"561","KONET","KONET","0.045354300087855","2.722227558321","-1.179135806481","33.076259088216","20226859","1699677.86","38.9","25","541","2270","5","0.001410600379733622","0.0009270219625042777","","hold"
"562","PARTI","PARTI Token","0.059794","2.189212310021818","6.691121012419889","","13921460","16735899","38.9","48","93","896","267","0.07532606027777543","0.0006380377284542697","11","hold"
"563","KCS","KuCoin","6.902776264238697","-0.457391184988","8.029881994805","-15.714377506224","928189593","1786100.13","38.8","61","2475","380","15","0.004232087688856913","0.04254007693823874","100","hold"
"564","NILA","MindWaveDAO","0.07862192520672012","-0.598885206329","0.425094441837","-0.127965752128","66150066","225724.33","38.8","62","2883","1223","10","0.002821200759467244","0.003031739332493863","100","hold"
"565","BSOL","BlazeStake Staked SOL","87.3317390266777","-1.461480534202","3.767934396237","-24.180643982626","93813987.95","156853.56","38.7","36","3412","1127","8","0.0022569606075737957","0.0042996110874042115","","hold"
"566","RPL","Rocket Pool","1.353311018657554","-2.775400456767","1.664082964925","-28.035882469231","30411678","7649086.19","38.7","34","2822","601","85","0.02398183023685584","0.0013938048128287325","6","hold"
"567","ASTER","Aster","0.62104","-2.91161968829752","-1.190454838584893","","1662516356","43184156","38.6","50","1298","104","684","0.19297013194755952","0.07619518062762884","55","hold"
"568","HNT","Helium","0.2897568251421722","-2.277910645759","-40.876328245848","-66.339691740211","52734559","4969333.29","38.6","42","2203","472","201","0.05670997503068264","0.002416890055741112","19","hold"
"569","AGI","Delysium","0.00542084573954219","-0.869812800186","2.75189147617","-39.739521859992","13863815","672975.98","38.6","69","2887","811","11","0.0031033208354139686","0.0006353957868147615","50","hold"
"570","FTN","Fasttoken","4.256965020895001","0","1.690772053345","1.392127938677","1838873525.17","31","38.5","39","1572","2560","4","0.0011284803037868978","0.08427784779140708","","hold"
"571","OHM","Olympus","16.25","-1.8573081299478191","-5.683239981374245","","243314722","15370.32","38.5","29","2693","1138","40","0.011284803037868977","0.011151414616309073","36","hold"
"572","COW","CoW Protocol","0.15116385626741108","2.839571106903","9.672122080037","-14.293280056999","87325332","3976418.41","38.5","61","285","457","19","0.005360281442987764","0.004002227960702034","0","hold"
"573","SHX","Stronghold","0.004238661652707217","-2.329916816227","-9.171631819655","-8.839998711591","75115070","313471.19","38.5","57","2410","1023","107","0.03018889218051265","0.0034426165528244493","79","hold"
"574","SN14","TAOHash","3.41","-1.3252953367637934","33.431234370120094","","14237490","46715","38.5","38","4596","2369","4","0.0011284803037868978","0.0006525217741882231","","hold"
"575","SN41","Sportstensor","2.1","10.465089214010655","68.08347181568347","","8811573","678378","38.5","26","437","565","4","0.0011284803037868978","0.00040384528785263713","100","hold"
"576","SEI","Sei","0.05301507924220694","-2.767022968553","7.491910038091","-16.614397953185","354802389","28021667.88","38.4","50","1293","24","458","0.1292109947835998","0.016261032271594224","41","hold"
"577","DRV","Derive","0.09991758308716134","-2.069529902582","-0.59306980318","28.578399064124","99873449","96363.27","38.4","48","3135","1807","25","0.007053001898668112","0.0045773236810545265","67","hold"
"578","NPC","Non-Playable Coin","0.004887166823051081","-1.31138001159","4.48852829858","-34.997355815277","39453921","3643797.08","38.4","51","1850","870","351","0.09902414665730029","0.0018082219920507049","44","hold"
"579","NYM","Nym","0.01800818718395157","-0.585560129217","-5.474716939071","-34.187207008897","14981927","1219097.75","38.4","41","3303","1984","7","0.001974840531627071","0.0006866402425426421","100","hold"
"580","HFT","Hashflow","0.009934796123565608","-1.0447221086","-3.357700362607","-31.145510021795","8274217","4187959.93","38.4","22","2125","1591","99","0.027929887518725716","0.000379217597825063","11","hold"
"581","FF","Falcon Finance","0.0710899830995967","-9.180563032139","-25.904472032781","-18.584246356016","200904272","24291878.43","38.3","51","1921","413","147","0.041471651164168497","0.009207691243852206","42","sell"
"582","OSAK","Osaka Protocol","1.715992765013134e-8","-1.60294238362","13.46968888459","-38.559416470008","13090215","67084.76","38.3","52","4370","1493","4","0.0011284803037868978","0.0005999407421044924","","hold"
"583","EPS","Ellipsis","0.013624734486116808","-0.067015385865","2.639165671118","-10.297048308247","9521098","1.88","38.3","38","4392","1662","3","0.0008463602278401734","0.00043636369607142424","","hold"
"584","LDO","Lido DAO","0.25770502195289846","-2.455600685065","-3.270862605231","-29.767629045765","216568472","28804376.84","38.2","47","2143","286","281","0.07928110937125285","0.009925600901751116","11","hold"
"585","VRSC","Verus","0.41000441214295585","-8.090381973509","-8.440222748198","-48.913779929368","32955019","160.22","38.1","38","5406","1622","4","0.0011285567170285103","0.0015103692762057498","","sell"
"586","GCB","Global Commercial Business","0.014340553939328662","-0.893868240771","-11.709941322403","-15.096590762868","17234549","344.27","38.1","38","4742","1617","2","0.0005642401518934489","0.0007898806946177917","","hold"
"587","9BIT","The9Bit","0.04366073","-0.42139000772219826","-0.19566017733716523","","359507632","6290700","38","52","3113","1693","3","0.0008463602278401734","0.016476679377253067","","hold"
"588","DEEP","DeepBook Protocol","0.016789585293011486","-5.307497347351","1.519741827809","-49.974662628775","89523298.58","4288514.54","38","51","3426","281","33","0.009309962506241908","0.004105553919657181","75","sell"
"589","SOL","Solana","67.36391603578139","-1.480408959831","3.921538435376","-24.403658734717","38975697817","1430130588.22","37.9","58","976","67","33852","9.550975496212281","1.7863044321557306","82","hold"
"590","EURS","STASIS EURO","1.208124331619049","0","-0.410959482822","0.00952209684","149465573","273.42","37.9","40","1696","2733","5","0.0014106958962856377","0.00685019205449973","","hold"
"591","DOLA","DOLA","0.9962213821442383","-0.000389171084","0.179796424197","0.264378814986","90034312.5","103344.18","37.9","35","1761","2150","4","0.0011284803037868978","0.004126383887210239","","hold"
"592","EVER","Everscale","0.006048431693504963","15.182213235415","19.323883771429","103.047740847823","12271666","24244.29","37.9","28","665","1346","5","0.001410600379733622","0.0005624256291358444","","hold"
"593","GNS","Gains Network","0.5825922658508693","-2.517605505884","23.410296468414","7.879285557734","13859223","915314.14","37.8","73","2628","448","79","0.02228748599979123","0.0006351853297758401","67","hold"
"594","BERT","Bertram The Pomeranian","0.01404376369094935","-0.00020333254","-1.775555720864","-8.086535795782","13669649","774090.91","37.8","68","690","420","231","0.06516973754369335","0.0006264969189098829","59","hold"
"595","LSETH","Liquid Staked ETH","1822.0376165974178","-2.588738584863","3.403857653521","-26.312234845672","780144773.05","10686.31","37.7","32","4430","2618","5","0.001410600379733622","0.03575499975306424","100","hold"
"596","SFRXETH","Frax Staked Ether","1937.4295514070868","-0.195818556836","3.432755429779","-27.224236134405","233864386.24","15342.6162844","37.6","37","4601","1862","2","0.0005642401518934489","0.010718294041208434","","hold"
"597","REQ","Request","0.05779749694311946","-0.280603575589","2.219117972891","-15.243742025009","41531462","2578286.89","37.5","53","1982","492","96","0.027085361208684246","0.0019034382653733747","0","hold"
"598","SOPH","Sophon","0.005520680455007595","-6.144569286864","2.181532241186","-34.265985629005","18936519","6718215.49","37.5","67","3193","143","61","0.01720932463275019","0.0008678840845422189","73","sell"
"599","CROSS","CROSS","0.0954751508582299","2.442423296336","4.906419750362","-2.914417571174","41787191","3137677.86","37.4","41","115","579","126","0.03554712956928728","0.0019151586417031474","39","hold"
"600","GMT","GMT","0.008038978591921908","-4.207561392507","1.269452556314","-30.477572863634","24934351","3949235.16","37.4","39","2991","1125","101","0.02849412767061917","0.001142772142614456","25","hold"
"601","HDX","Hydration","0.0037270713765319035","-1.867575825871","7.411445390792","-22.246322043018","22191199","689.25","37.4","17","5369","2135","2","0.0005642401518934489","0.001017050094001395","","hold"
"602","SAITAMA","Saitama","0.00017053842508363027","0.003104818754","0.015583413746","-0.11731923948","7641831.25","67124.57","37.4","37","1801","1770","6","0.0016927204556803467","0.00035023457683180156","","hold"
"603","SYS","Syscoin","0.002464218154406926","31.770444443879","33.4968087591","-55.13728128656","11247277","119484.56","37.3","46","98","2111","117","0.03301028397308392","0.0005154766144050949","7","hold"
"604","USDE","Ethena USDe","0.999422480342642","0.002673278841","-0.005966386284","-0.050572462162","4485247052","102444700.56","37.2","57","394","546","42","0.011849043189762426","0.20556441929325586","100","hold"
"605","UNP","UNIPOLY","0.13652822785119398","0.295096183565","4.058930879154","-15.511933263789","38384173","246272.56","37.2","53","595","1078","19","0.005360281442987764","0.0017591941182545298","100","hold"
"606","MLK","MiL.k Alliance","0.03665516023793584","-3.840954843494","-3.972975420315","-28.083780460939","20365353","2447868.88","37.2","47","4715","1645","5","0.0014106958962856377","0.0009333693137996551","","hold"
"607","ETN","Electroneum","0.0008273819117834106","-1.670545356641","-5.295328734943","-19.308393224398","14879662","237332.49","37.2","64","2319","582","88","0.024828247774627225","0.0006819533111216291","80","hold"
"608","OSETH","StakeWise Staked ETH","1763.0278325795273","-0.649470405341","3.213071444579","-26.347454505705","316815109.22","3551.43","37.1","37","5358","1953","1","0.00028212007594672446","0.014520028260449704","","hold"
"609","TBTC","tBTC","63964.380192215096","-0.263823375794","3.567042858101","-19.07708590465","542200200.26","4628900.46","37","63","1804","540","25","0.007053479481428188","0.02484970571630709","100","hold"
"610","NBASIS","Nest Basis Vault","1.062","0","0.0376666986833564","","25524423","17.77","36.9","36","3790","1735","1","0.00028212007594672446","0.0011698158721158496","","hold"
"611","CXO","CargoX","0.15162072180317893","-0.456585714351","-3.187987672564","4.397913973832","25426582","20160.23","36.9","50","2864","1611","17","0.004796366047371168","0.0011653316980859924","100","hold"
"612","TAG","TAGGER","0.000996029184797644","-0.616227267691","-6.303579010806","-19.026711624953","107848016","3825154.35","36.8","54","1823","422","140","0.03949681063254142","0.004942807948802764","8","hold"
"613","DBR","deBridge","0.015778528243779934","1.166724446267","9.01799235371","15.108868081689","84175341","5102288.68","36.8","43","681","996","4","0.0011284803037868978","0.0038578599775816293","","hold"
"614","CBK","Cobak Token","0.19755250303033514","-0.783090649239","0.307763596148","-21.069056597229","19655942","3061186.14","36.8","36","4836","2014","2","0.0005642783585142552","0.0009008561303418517","","hold"
"615","WMON","WMON","0.02122972","-2.136","-0.454968525443389","","9436673.97","821.18","36.8","59","4486","1582","5","0.001410600379733622","0.0004324944383694192","","hold"
"616","TT","ThunderCore","0.0006646841950788275","-1.021115617447","0.121933164459","-22.904442976068","9070853","284659.19","36.8","58","3311","2200","8","0.0022571134340570206","0.00041572841090392794","100","hold"
"617","VITA","VitaDAO","0.30367961726449416","-0.811288462792","10.376754240873","-36.857867583309","7686704","1680.32","36.8","66","2647","1085","9","0.00253908068352052","0.0003522911504583821","33","hold"
"618","ENSO","Enso","0.6243505114130263","-1.096043299391","10.636748662152","-24.593350608687","12760408","23152880.24","36.7","29","1040","946","299","0.08435390270807061","0.0005848252794225382","9","hold"
"619","CHILLGUY","Just a chill guy","0.008701416400366653","-1.577569192927","-0.195660153828","-42.666375765134","8660031","5312401.82","36.7","44","2163","159","184","0.051910093974197304","0.0003968999305808124","20","hold"
"620","SDEX","SmarDex","0.0008171723876931123","-0.161052135983","-28.637877338116","-49.16966815255","8008933","225625.94","36.6","38","2799","2405","7","0.001974840531627071","0.000367059304028632","","hold"
"621","USDC","USDC","0.9996361236084742","-0.011224873647","-0.019903563207","-0.015623395398","74808215896","4723806622.29","36.5","57","188","381","6369","1.7969444326886452","3.4285530497519963","92","hold"
"622","MAGMA","Magma Finance","0.3249781839710085","-1.884093644928","-26.796304653067","52.263744074853","61614273","3495778.72","36.5","28","2207","1061","89","0.025108686759258477","0.0028238583298936487","86","hold"
"623","ETC","Ethereum Classic","7.018549412562697","-2.498255775459","0.133043273603","-22.118374985863","1097059054","30061118.72","36.4","36","2326","760","233","0.06573842876691072","0.05027957317654541","24","hold"
"624","CKB","Nervos Network","0.00111465044971428","-2.563622659032","5.009610387929","-26.693818584136","54477275","2411377.35","36.4","36","2433","181","229","0.06460987204988221","0.002496760885236072","10","hold"
"625","AIC","AIC","0.02106459","-1.6623776808821749","-6.638714915079445","","21064593","123931","36.4","36","4162","2107","6","0.0016927204556803467","0.0009654163477489939","","hold"
"626","REZ","Renzo","0.0032363742659374125","1.109026160969","-0.494547985104","-40.830356359137","27788060","12380682.69","36.3","38","163","457","226","0.06375913716395971","0.0012735611552632377","9","hold"
"627","DOGS","DOGS","0.000043053728183366405","-1.748169938416","6.251415160216","-24.478413190629","22075623","7777561.9","36.3","56","2106","233","136","0.03836833032875452","0.001011753102988683","24","hold"
"628","SN93","Bitcast","3.41","4.486404643469146","32.284189636078715","","11626232","426822","36.3","35","466","732","4","0.0011284803037868978","0.0005328445907083266","","hold"
"629","RSS3","RSS3","0.007230873562870853","-0.80821960459","2.733686379012","-29.617981667596","10983669","1208145.99","36.3","60","2783","549","9","0.00253908068352052","0.0005033951337613712","50","hold"
"630","JITOSOL","Jito Staked SOL","86.54165617893348","-1.340314096442","4.072948653455","-23.972812932486","894540922.14","5888610.25","36.2","35","4590","1196","2","0.0005642401518934489","0.04099791673945069","","hold"
"631","MANTA","Manta Network","0.07950063566119388","-3.458674720992","-2.220933206604","1.031172428141","37510067","5195174.75","36.2","40","2515","217","220","0.062066416708279386","0.0017191327592686013","10","hold"
"632","ADX","AdEx","0.05651549272057075","-1.892116834266","0.324547355221","-22.899064694322","8358960","3413842.22","36.2","64","2327","554","54","0.015235515679884888","0.00038310147431663784","96","hold"
"633","DESO","Decentralized Social","3.25104600120112","2.521229369885","-11.306810490686","-14.056259733576","33473863","9537.71","36","45","724","1764","6","0.0016927204556803467","0.001534148538379554","100","hold"
"634","XYO","XY Oracle","0.003517018246705287","-3.385425749918","-4.315324012348","-12.608174508183","49137098","6036633.62","35.9","50","2536","165","231","0.06517415040839647","0.00225201396913505","21","hold"
"635","OMI","ECOMI","0.00022453373678445673","-6.585524113717","11.750941209795","59.12910135795","61107414","861189.42","35.8","55","3129","249","183","0.051631469804054336","0.002800628355091681","43","sell"
"636","UNI","Uniswap","2.487797687883048","-3.187990260542","-1.309957790991","-30.358516133351","1542845159","71754087.77","35.7","53","2213","132","421","0.1187805944672507","0.07071050167188114","37","hold"
"637","REAL","RealLink","0.060251039576688974","0.71535264214","17.53484384677","-19.920181187889","197037233","6517278.4","35.7","48","284","357","27","0.00761724205056156","0.009030460064119327","89","hold"
"638","CHEEMS","Cheems Token","5.7131e-7","-3.152547231741618","18.570961574524187","","116390103","1031233","35.7","70","3417","350","22","0.006206641670827937","0.005334302360002361","100","hold"
"639","MANA","Decentraland","0.06561065549622068","-2.348251912146","-2.487405925577","-28.378075589604","126635524","9075749.95","35.6","32","2183","620","193","0.054452861596625615","0.005803862674933243","12","hold"
"640","C98","Coin98","0.01410044550442365","-4.083853173071","-3.031468333738","-30.94635561519","14175218","9336550.39","35.6","45","4233","1348","8","0.0022569606075737957","0.0006496677714165092","100","hold"
"641","PENDLE","Pendle","1.2953425212460696","-2.255546835163","3.484327912965","-35.120082189126","220107462","30655502.63","35.5","46","1294","70","273","0.07701878073345576","0.010087797190116156","23","hold"
"642","HASUI","Haedal Staked SUI","0.8065722614382119","-2.795976577574","0.333001199364","-31.182856553261","70661324.09","48591.92","35.5","35","4439","1210","4","0.0011284803037868978","0.003238495869826481","100","hold"
"643","HP","Hippo Protocol","0.010360455688573545","-1.854109787472","-1.93726404054","-36.87968047035","14347922","191367.94","35.5","26","4826","1560","3","0.0008463602278401734","0.0006575830093193559","0","hold"
"644","W","Wormhole","0.00953632566406194","-2.749675689593","-0.967608733379","-26.833626850453","57125038","168880130.99","35.4","58","1296","31","364","0.1026917076446077","0.0026181111380116622","35","hold"
"645","ELG","Escoin","0.2783595948925631","-1.034841966059","-1.82127878989","-0.590561435433","52497882","183837.71","35.4","35","4770","1991","2","0.0005642783585142552","0.0024060428561329264","","hold"
"646","SN3","?emplar","5.77","-1.5255194937728958","22.669241010721358","","27085616","66796","35.4","35","4740","1645","3","0.0008463602278401734","0.0012413672780315155","","hold"
"647","STO","StakeStone","0.05012340131288531","-5.235172679457","-5.961715322071","-32.304350531646","11281900","6175887.59","35.4","51","3033","1030","80","0.022569606075737953","0.0005170634293133209","89","sell"
"648","TNSR","Tensor","0.028724620429996017","-3.609824701228","-3.414878760741","-26.724743820292","9613895","4477102.77","35.4","46","2765","347","131","0.0369577299490209","0.000440616697343372","6","hold"
"649","LION","Loaded Lions","0.0015892468705562266","0.044063016825","0.654531164955","-15.622844426098","48523507","30788.31","35.3","60","874","867","32","0.009027842430295183","0.0022238923347777354","80","hold"
"650","ACE","Fusionist","0.08338853543102151","-2.209271621933","-6.292786251403","-30.773329945308","8459694","2451571.44","35.2","40","2181","782","228","0.06432337731585318","0.0003877182381142649","48","hold"
"651","CRV","Curve DAO Token","0.2342243785197083","-3.438560957222","21.346378289064","-6.578290905731","354740301","36159350.2","35.1","55","2218","549","429","0.12103770790130772","0.016258186701770063","62","hold"
"652","REUSD","Resupply USD","0.99903","0.031105116914976392","-0.06403099997421932","","33126996","710.18","35.1","35","3102","1690","1","0.00028212007594672446","0.0015182511947995163","","hold"
"653","AIAT","AI Analysis Token","0.22245581129920125","0.317727184424","2.710360542516","40.15371662914","24575745","358227.81","35.1","28","1486","2247","1","0.00028212007594672446","0.0011263367861468103","","hold"
"654","SPELL","Spell Token","0.00012284524629734095","-0.884814160987","-0.688791199782","-25.507543301738","21014997","4822019.54","35.1","38","1822","854","247","0.06968365875884094","0.0009631433017336752","12","hold"
"655","USDB","USDB","0.9947452270340997","0.335514019036","-0.04830104981","-0.516054944871","18352013.26","5806.98","35.1","9","955","2626","5","0.001410600379733622","0.0008410954636204131","","hold"
"656","PIPPIN","Pippin","0.01716416790762765","-3.617299721631","18.894507527285","-25.831936812255","17119988","6468877.97","35.1","22","2385","924","491","0.1385209572898417","0.0007846302223103291","38","hold"
"657","PUFFER","Puffer","0.0147617","4.95949135821059","-0.623307431074756","","7142210","2170557","35.1","38","226","1550","15","0.004231801139200866","0.0003273363170632512","100","hold"
"658","WBNB","Wrapped BNB","606.2628500368149","-0.51560934838","2.65378766012","-10.182188785886","1060824650.69","162661170.93","35","49","1328","791","11","0.003103530971828403","0.048618905661801395","100","sell"
"659","SN9","iota","8.27","-3.0793370224048924","10.803611366165338","","35843911","617796","35","35","5023","1432","1","0.00028212007594672446","0.0016427707692553085","","sell"
"660","STAR","Starpower","0.14605089780976516","-3.396718781101","-3.281003322353","-18.298133388001","27032376","4736473.18","35","62","2596","151","57","0.016080844328963294","0.001238927222989666","86","sell"
"661","THOR","THORSwap","0.036263167162036404","0.075430678179","0.205584690716","43.276552666688","9250160","3191.51","34.9","11","2098","1841","3","0.0008463602278401734","0.00042394627246269766","","sell"
"662","ACS","Access Protocol","0.00014987212315976722","6.501838044208","2.684293395022","-19.119813328731","7210824","714153.48","34.9","54","374","1007","10","0.002821200759467244","0.00033048098153810955","100","sell"
"663","WOCT","Wrapped OCT","0.0744753356659179","2.07","0","","46562183.25","168320.77","34.8","56","332","2183","10","0.002821200759467244","0.002134002441748311","100","sell"
"664","XT","XT.com Token","3.444814573610455","-0.981722504907","3.406136013061","-19.76780160775","20788781.71","3472509.89","34.8","30","3543","1675","5","0.001410600379733622","0.0009527755752327749","","sell"
"665","INCO","InfinitiCoin","0.00934676","0.0016737251794970859","0","","9346760","26.25","34.8","23","1544","2866","5","0.001410600379733622","0.0004283735699278114","","sell"
"666","TGC","TG Casino","0.12133038287178881","1.488471687692","-0.105903652373","-8.674443413856","9265285","22347.89","34.8","18","651","1944","7","0.001974840531627071","0.0004246394699177685","","sell"
"667","GALA","Gala","0.0025819749317297605","-4.116480302342","-0.089300387148","-25.908533656604","124894234","11921842.69","34.7","35","2526","278","233","0.06573842876691072","0.005724057200781815","14","sell"
"668","AIOZ","AIOZ Network","0.05711057987821806","1.60123268837","-0.574791407504","-19.466688415776","69689932","3158986.67","34.7","53","188","363","114","0.03216168865792659","0.0031939757690222516","8","sell"
"669","HEZ","Hermez Network","3.027961191434292","-0.597947495258","-0.026994416768","-6.255768858764","33507837","4203.72","34.7","22","3852","1315","6","0.0016928350755427654","0.0015357056088151622","100","sell"
"670","HFUN","Hypurr Fun","9.782209881658769","0.464025400696","1.279801602524","-1.101801770582","9738723","26477","34.7","35","757","1900","5","0.001410600379733622","0.0004463377189580224","","sell"
"671","NEXO","NEXO","0.7917518966650423","-1.380147123666","4.307616812321","-11.706810329632","790530087","5120573.94","34.6","54","3168","794","11","0.003103530971828403","0.036230971534899084","100","sell"
"672","MASK","Mask Network","0.363091152985354","-0.625459777573","1.066758879614","-25.014738306732","36265803","11829695.76","34.6","60","1509","164","430","0.12131163265709151","0.0016621066013686808","48","sell"
"673","CELR","Celer Network","0.002129410771220371","-3.152490104656","-1.899137855762","-20.529757904638","12040605","1240146.08","34.6","38","3098","640","65","0.018339046651713292","0.0005518358177529598","0","sell"
"674","ACT","Achain","0.00031425108890370003","0","-0.100783466718","-0.06827838152","8501374","179235","34.6","55","1170","323","24","0.0067713403021710614","0.000389628484059875","86","sell"
"675","CVX","Convex Finance","1.297646306132278","-3.75914790232","5.518331014673","-26.004372207005","117203935","3774464.07","34.4","38","2524","709","268","0.07560818035372215","0.005371601287027501","32","sell"
"676","OUSD","Origin Dollar","0.9995845147507268","-0.014300444518","-0.018651403399","0.019100216966","7291390","47400.52","34.4","46","1744","2151","5","0.0014106958962856377","0.0003341734209539931","0","sell"
"677","BWB","Bitget Wallet Token","0.1402834732319102","-4.897740828512","-7.953750170955","-14.101516166487","166918786.01","24.39020011","34.2","36","5286","2941","3","0.0008463602278401734","0.007650094391117362","","sell"
"678","SN51","Celium","11.77","-0.25802722224856883","19.320452276389354","","47899075","218532","34.2","34","4284","1863","2","0.0005642401518934489","0.0021952738439833678","","sell"
"679","MED","MediBloc","0.001552930711140494","-1.028749805165","1.001393357626","-25.930211668762","16532883","308874.09","34.2","30","3944","1011","4","0.0011285567170285103","0.0007577224740882214","","sell"
"680","BOLD","Liquity BOLD","0.9992684163166006","-0.05065246962","-0.141026922195","-0.004168324111","31235265","469247.29","34.1","33","3040","2075","4","0.0011284803037868978","0.0014315508235678695","","sell"
"681","RECALL","Recall","0.03360502","-4.145847151888784","-11.568657725756092","","8521590","10401729","34.1","39","2950","889","119","0.033572289037660207","0.00039055500834098004","6","sell"
"682","POLS","Polkastarter","0.07204385809964292","-0.189230381349","-0.89184127615","-9.853180216371","7143297","79535.12","34","29","1757","535","118","0.03329242315234105","0.0003273861356175429","9","sell"
"683","XDC","XDC Network","0.029931164351201526","-1.803128092614","0.691395502603","-13.118292622982","597523936","8215017.56","33.9","49","1905","236","345","0.09733142620161993","0.027385260944074428","45","sell"
"684","PORTAL","Portal","0.012262742013804007","-6.137442259089","-30.765313244004","30.276444407341","9855434","16928305.68","33.9","15","2875","1134","192","0.05417072241736849","0.00045168672842438773","29","sell"
"685","HDN","Hydranet","0.038682202071516535","1.3443011502","0.862138239545","-3.88506535946","7898674","118541.89","33.8","35","983","1851","3","0.0008463602278401734","0.0003620059977014479","","sell"
"686","IAG","Iagon","0.02340499571554385","-15.083366730262","31.860072015808","-6.522295092377","8853760","102285.5","33.7","67","3539","204","84","0.023698086379524853","0.0004057787702352537","63","sell"
"687","DEXE","DeXe","17.74745988218045","0.967331836435","-10.156206810492","38.460093679168","831162633","33007341.52","33.6","28","103","1162","335","0.09451662505113773","0.03809321136830403","22","sell"
"688","A7A5","A7A5","0.01329576","0.15765996082730513","1.1303180333349547","","521381281","408.69","33.6","33","1871","1689","2","0.0005642401518934489","0.02389554889988674","","sell"
"689","XDAI","xDAI","0.9862998520831102","1.408068309075","0.961596289208","5.860029695979","74674241","257565.4","33.6","11","661","2115","11","0.003103530971828403","0.0034224128145817095","","sell"
"690","ZAMA","Zama","0.03062128","-5.368329174376254","2.457499410835561","","67383859","7544586","33.6","35","2743","608","265","0.07476182012588198","0.003088285591514309","14","sell"
"691","CET","CoinEx Token","0.01862918720942667","-0.581879431261","11.71951896414","-28.036388560327","46618570","50791.07","33.6","27","3802","1828","4","0.0011285567170285103","0.0021365867162342427","","sell"
"692","SQD","Subsquid","0.03943788913429026","-3.453743793492","21.486665066758","0.367399196564","41006885","6447961.19","33.3","62","2576","65","146","0.04118953108822177","0.0018794040105730118","24","sell"
"693","GOHOME","GOHOME","76.76091864815709","0.059624947262","1.167005016898","-10.713773844944","40335299","510384","33.3","64","900","1258","27","0.00761724205056156","0.0018486166357899081","75","sell"
"694","ALICE","My Neighbor Alice","0.10602088546768917","0.13435546133","2.596224344779","-20.953184504801","10936787","7092833.36","33.3","50","369","571","81","0.02285172615168468","0.0005012464737224534","11","sell"
"695","EETH","ether.fi Staked ETH","1661.8379393267621","-0.623287022511","2.173981286906","-25.639000306175","462147280.23","1568.08","33.2","35","4868","2597","2","0.0005642401518934489","0.021180781389974042","","sell"
"696","POPCAT","Popcat","0.04011092174768262","-2.863825285043","-1.809571961278","-33.27088957939","39132207","11339125.57","33.2","42","2070","232","693","0.19550921263108","0.001793477441567355","56","sell"
"697","STEEM","Steem","0.043740104722755795","-1.912039642289","-2.061395853214","-23.02686683895","24042271","2950891.95","33.2","47","2589","602","109","0.030753170539026903","0.0011018870129801013","10","sell"
"698","USD0","Usual USD","0.9985806477693647","-0.003596248291","0.002211782591","0.041634996934","552788208","595405","33.1","33","1873","1856","4","0.0011284803037868978","0.02533496720520882","","sell"
"699","XAN","Anoma","0.00859308","-3.8425253760879676","9.030339205175682","","21481460","3499142","33.1","51","3052","350","91","0.025672926911151923","0.0009845218778979543","15","sell"
"700","BERA","Berachain","0.246713","-4.151411790370005","2.667971258513395","","68296069","18044671","33","46","1599","180","281","0.07927574134102958","0.0031300933039434126","15","sell"
"701","BEAT","Audiera","5.649495483833215","-25.304714933369","106.082027678188","824.147622086738","1573775639","87123238.45","32.8","24","1690","840","1240","0.3498288941739383","0.07212808382197174","40","sell"
"702","RAIL","Railgun","2.833201599702286","-4.064237213634","6.99637365375","69.884829195565","163029811","70718.89","32.8","75","3565","673","42","0.011849043189762426","0.007471857856917945","78","sell"
"703","BURN","BurnedFi","3.0145588859927592","-0.419987593448","-4.633346932068","-32.545726530265","37160559","66800.42","32.8","42","2403","810","23","0.006488761746774663","0.001703114375392442","50","sell"
"704","STRAX","Stratis","0.009144958292606335","-2.966422538569","5.761229193829","-29.463626624085","19896650","1663122.76","32.8","32","3349","1183","23","0.006489201122913933","0.0009118880756651704","67","sell"
"705","MOVR","Moonriver","1.2861866713279868","-4.372226137019","-2.052651750582","-44.956499577029","15596703","4283297.43","32.8","47","2447","950","417","0.1176440716697841","0.0007148161869154451","67","sell"
"706","RUNE","THORChain","0.37072119595372804","-5.618153665878","9.483370061786","-26.026961002174","125177170","3546886.63","32.7","35","2952","799","260","0.07335618660685317","0.0057370245075684554","17","sell"
"707","APE","ApeCoin","0.12325800173403903","-5.286844102993","-0.565069132421","-13.342808007955","122824649","10064624.88","32.7","65","2438","167","1575","0.444339119616091","0.005629205560778322","71","sell"
"708","CKBTC","Chain-key Bitcoin","63844.73684210526","-1.400042100261","1.817189860668","-19.49884167089","20452773.28","65269.42","32.7","26","4949","2207","2","0.0005642401518934489","0.0009373758933446191","","sell"
"709","AEVO","Aevo","0.019516922595412333","-1.798400183579","0.18479355392","-34.919471112822","17917070","4255036.5","32.7","57","2404","303","118","0.03329016896171349","0.0008211614761207618","10","sell"
"710","POLYX","Polymesh","0.03890894307191546","-3.04755746492","-1.063121208358","-28.877680791204","49951684","1373920.52","32.6","60","3446","573","21","0.005924521594881213","0.0022893474529126602","75","sell"
"711","MVL","MVL","0.0010174722558844594","-1.542701891344","4.1718991343","-20.539334767649","28386694","44038.84","32.6","56","3531","1273","8","0.0022571134340570206","0.001300997291813247","","sell"
"712","CUSDO","Compounding OpenDollar","1.05","0.0770556723288462","0.9041036065305988","","18484698","27894","32.6","32","3379","1207","1","0.00028212007594672446","0.0008471765693456851","","sell"
"713","BAR","FC Barcelona Fan Token","0.28543330975164155","-1.340395716528","-1.109087960571","-31.926028988572","7187798","2319675.39","32.5","73","2953","1536","13","0.003667560987307418","0.0003294256714818807","100","sell"
"714","ASTR","Astar","0.005867120246868736","1.442576518489","4.170875823829","-31.89899964704","50534979","3088996.95","32.4","58","323","1472","24","0.006770881822721387","0.002316080584122945","67","sell"
"715","LUNA","Terra","0.05114985797726598","-2.66189026673","0.057252867599","-20.35180249378","36149491","4876729.74","32.4","45","2265","263","155","0.04372861177174229","0.0016567758785657586","59","sell"
"716","WILD","Wilder World","0.019193531627828178","-0.292226834898","-10.455247169315","-26.112164615097","9197284","202336.08","32.4","44","2191","1975","11","0.0031033208354139686","0.00042152289999100665","100","sell"
"717","WAVES","Waves","0.2670047814400447","-4.503549742211","1.010266434203","-33.896530760661","26598071","4833723.06","32.3","40","3103","1542","133","0.03752451084119796","0.0012190224877351502","7","sell"
"718","EL","ELYSIA","0.0013882507710925088","0.351045182165","8.328582401993","-27.058808719588","9354735","396292.86","32.3","64","135","119","1807","0.5097909772357311","0.0004287390740404851","56","sell"
"719","1INCH","1inch","0.07169196800988656","-1.896654421646","2.885502515982","-24.658964146223","100583940","6266235.62","32.2","30","3953","1254","5","0.0014106958962856377","0.004609886362247965","","sell"
"720","PUFF","Puff The Dragon","0.07315201655205135","0.276383358168","1.01066175321","0.035077696245","64694831","12645.02","32","53","605","1070","10","0.002821200759467244","0.002965044112756339","100","sell"
"721","XUSD","StraitsX USD","0.999793437599874","-0.023776128441","-0.028537695311","-0.001553803993","44555430.18","857456.65","32","35","1674","1631","5","0.001410600379733622","0.002042059717671095","100","sell"
"722","PNKSTR","PunkStrategy","0.00878896","-1.6459086406969206","2.9219752297555357","","8091250","7842.23","32","49","2982","813","31","0.008745722354348458","0.00037083199393997537","91","sell"
"723","ONT","Ontology","0.047667710465904366","-1.451651996344","2.366770645242","-18.600972463555","47621854","4803636.93","31.9","33","1909","212","230","0.06489201122913933","0.002182568462714462","7","sell"
"724","LON","Tokenlon","0.185037663156695","-3.511304141113","-3.480705039453","-20.81755956335","22858534","1403.11","31.9","56","3960","775","22","0.006207061943656806","0.0010476348823438555","100","sell"
"725","OZO","Ozone Chain","0.13043751300193232","-0.254579224506","-0.312969812768","-0.120696963224","125240725","132938.22","31.8","60","1384","439","558","0.15742300237827223","0.005739937311816854","85","sell"
"726","AVAIL","Avail","0.0034520900298689247","0.249630795566","0.048173652604","-18.994637409108","13304016","537860.58","31.8","31","924","1462","3","0.0008463602278401734","0.0006097395063419539","","sell"
"727","COMP","Compound","17.333351218689607","-2.100838059758","5.942163056641","-21.976532243486","166967525","9023437.64","31.7","54","2251","449","267","0.07533116086165305","0.007652328159304518","22","sell"
"728","VCNT","ViciCoin","16.51461988506386","-0.298180184222","-1.281712589563","-1.895420643234","80393306","105620.49","31.7","53","4030","2547","4","0.0011284803037868978","0.003684524636293105","","sell"
"729","T","Threshold Network","0.003736901179251927","-2.989899383295","-2.916265150082","-35.779321446318","41500625","3987701.95","31.7","76","3901","678","7","0.001974840531627071","0.0019020249675272905","","sell"
"730","UMA","UMA","0.3968904869687761","-1.435062388327","3.813658741357","-16.271947057224","35849451","2331603.4","31.7","25","2408","1107","87","0.024546108595370097","0.0016430246743066206","11","sell"
"731","ASS","another stupid shitcoin","6.378913583822627e-10","1.499485316746","-30.457829684497","-18.180059322702","7416533.82","58536.14","31.7","34","406","1061","19","0.005360281442987764","0.0003399089169898177","20","sell"
"732","IOST","IOStoken","0.0007940305860728982","-2.215119587952","-2.473465592058","-26.777020963002","26877858","4947140.52","31.6","57","2981","972","32","0.009028453736228082","0.0012318454719574253","88","sell"
"733","EWT","Energy Web Token","0.33970507730000554","-0.797467312351","26.289306008643","8.638772162902","20558788","269257.62","31.6","64","2445","362","26","0.007335618660685316","0.0009422346790705067","67","sell"
"734","OG","OG Fan Token","2.6528296067878383","-1.555048948947","-4.406721926275","-19.558348898902","12467137","4066671.09","31.6","49","1990","904","288","0.08125058187265664","0.0005713843068046152","33","sell"
"735","FDD","Fidelity Digital Dollar","0.9994213450977448","-0.060910344695","0.001013727012","0.027659172556","62564835.59","1872737.31","31.5","31","4941","1369","1","0.00028212007594672446","0.00286742380086918","","sell"
"736","ARC","AI Rig Complex","0.08246031520438689","-6.809412741394","-0.43057467106","40.302644653898","82705988","4485186.82","31.4","47","2702","989","344","0.09704930612567321","0.0037905177124443906","61","sell"
"737","OETH","Origin Ether","1655.123570222813","-1.439419567982","2.371351575341","-25.022111703235","93143208.11","12346.32","31.3","31","4746","821","3","0.0008463602278401734","0.0042688684177843205","","sell"
"738","SAHARA","Sahara AI","0.01470326","-3.6793979272964785","-58.28296762746271","","50101742","44721913","31.3","27","1513","954","191","0.05388493450582437","0.002296224796629224","29","sell"
"739","ILV","Illuvium","3.310703947726767","-2.93168078797","-1.269137249228","-30.043596277089","27466832","2275947.18","31.3","59","2587","216","248","0.06996577883478766","0.0012588388787609234","10","sell"
"740","UQC","Uquid Coin","2.7932863561767607","0.023547235561","-0.380751115277","-0.755659907884","27438521","25409.03","31.3","68","464","477","69","0.0194676033687418","0.001257541350618741","83","sell"
"741","MYX","MYX Finance","0.17069343154658223","-7.280333199055","-24.421316186651","-14.501240240442","32505917","31840149.59","31.2","42","1711","1080","401","0.11313015045463651","0.0014897863761418003","37","sell"
"742","2Z","DoubleZero","0.068229","-4.047798428541034","-0.7228136406333822","","236749976","4764523","31.1","57","3711","607","7","0.001974840531627071","0.010850544188514916","100","sell"
"743","DG","DeGate","0.0422913775982664","-0.066578315245","-0.8967643667","-3.340056933852","16376355","468.78","31.1","44","2729","2259","12","0.0033854409113606935","0.000750548602270216","","sell"
"744","WCT","WalletConnect Token","0.046652105157526366","-0.205881941881","3.867586742437","-24.971254329366","8668640","15400863.83","31.1","36","826","464","223","0.06291277693611955","0.00039729449169755325","15","sell"
"745","RLUSD","Ripple USD","0.9998711011379994","-0.001166681715","-0.011176316209","-0.011801091486","1638788504","101483559.36","31","44","619","355","314","0.08858570384727148","0.07510770382626038","64","sell"
"746","ALCH","Alchemist AI","0.06642635633455296","3.096329024261","12.500548685618","-18.890513637324","56134820","9623260.01","31","52","294","343","25","0.007053001898668112","0.0025727282224701506","86","sell"
"747","BDCA","BitDCA","0.680013","0.12176275136111707","6.020728031813215","","55993368","211604","31","43","1695","1629","2","0.0005642401518934489","0.0025662453023766177","","sell"
"748","GPRO","GoldPro Token","5.016795764266378","0.003231706309","-0.024338640842","-0.013291938147","11086908.08","651.65","31","56","905","1360","46","0.012977523493549326","0.0005081267084734278","93","sell"
"749","ELA","Elastos","0.36528882522525663","-0.162295187884","3.037036423971","-22.397737615068","8405467","131352.34","31","47","569","1515","30","0.008464175377713826","0.00038523294764179365","88","sell"
"750","FEUSD","Felix feUSD","1","0.2215551280696052","0.24428170763970508","","75020105","73858","30.9","30","2113","1687","1","0.00028212007594672446","0.003438264189431338","","sell"
"751","GXC","GXChain","0.28646337321","-3.043627432683","-3.737135334931","-11.363409300634","21538241","1005.61","30.9","30","5078","1846","4","0.0011285567170285103","0.0009871242213489546","","sell"
"752","ARK","Ark","0.12017004105864709","-0.735273911244","0.353704353085","-28.682796908889","23666713","761495.9","30.8","64","2321","949","23","0.006489201122913933","0.0010846747253879358","60","sell"
"753","MERL","Merlin Chain","0.01957500020011906","-6.841791675278","-4.637793014155","-41.324610627457","24890960","3881285.19","30.7","75","3812","349","19","0.005360281442987764","0.001140783479422854","75","sell"
"754","LMTS","Limitless","0.08548649179328174","0.01634641509","-20.629767328922","-39.551879879236","11276431","2179099.71","30.7","61","722","1435","37","0.010438442810028804","0.0005168127782798147","71","sell"
"755","MOC","Mossland","0.02046158","-0.42945128175612524","0.3389632534695512","","9176809","23889","30.7","46","3055","1181","7","0.001974974254799893","0.0004205845054195966","100","sell"
"756","FORT","Forta","0.012856841980150642","-1.062817652284","6.307809107821","-22.101467788257","8148361","268497.8","30.7","65","3477","2270","7","0.001974840531627071","0.0003734494616990862","","sell"
"757","TFUEL","Theta Fuel","0.008189533875699005","-2.229699270488","-3.794094852669","-26.528685354582","60159877","1651925.34","30.6","64","3270","1932","13","0.003667809330342658","0.002757201562563715","100","sell"
"758","POWR","Powerledger","0.048662951295197036","-1.58849775442","-1.715345062018","-23.82703043563","25701657","1889028.85","30.6","44","2045","587","219","0.06178848025731093","0.0011779387255209423","9","sell"
"759","TST","Test","0.015141000857657823","-8.320775492525","8.107495100004","-19.704986621304","14217107","31640885.57","30.6","47","1967","1073","125","0.035265009493340556","0.0006515875960905893","31","sell"
"760","ETHW","ETHPoW","0.2367744570320834","-2.689686904916","4.774672854722","-18.789423134629","25528784.96","2097560.13","30.5","44","2849","398","78","0.022005365923844507","0.0011696908266279524","0","sell"
"761","THE","Thena","0.06686156759470431","-1.483790492738","-1.546497319611","-33.042915290301","8886371","3182714.02","30.5","27","1976","877","237","0.0668624579993737","0.00040727337269524146","26","sell"
"762","EUSD","Electronic USD","0.9984587179208791","-0.15005541621","-0.130784324101","-0.210461045","23011685","117358.56","30.4","30","2927","2113","4","0.0011284803037868978","0.0010546539820755286","","sell"
"763","GRND","SuperWalk","0.017129405820504786","-0.100834104419","-0.389236391385","-31.240863710218","12167325","51612.92","30.4","64","1726","1182","83","0.023415966303578128","0.0005576435520674445","53","sell"
"764","BANANA2","Banana Gun","2.9098963358789502","-3.357662680751","-2.666131873392","-25.416973528169","11648114","4176070.5","30.4","30","4814","1278","3","0.0008463602278401734","0.0005338474698297719","","sell"
"765","BMX","BitMart Token","0.2895920934541086","-0.222530134974","-0.223210865999","-13.504296942444","98331716","9537769.86","30.3","30","3991","1827","3","0.0008464175377713827","0.0045066641510050215","","sell"
"766","FXS","Frax Share","0.2750424855925864","-2.651982819682","-5.36607810314","-37.700347535933","26356039","406922.93","30.3","52","4407","1282","6","0.0016928350755427654","0.001207929861854442","0","sell"
"767","CGPT","ChainGPT","0.02038133465872309","-2.618385815167","3.240369838313","-52.750647856335","18971737","7411212.8","30.3","39","2484","436","143","0.0403431708603816","0.0008694981690362806","19","sell"
"768","MEW","cat in a dogs world","0.0003609357111841928","-2.810757237536","-0.122200372019","-37.800938036511","31967359","4162930.56","30.2","54","2633","294","113","0.03187956858197986","0.0014651035969677141","38","sell"
"769","SKL","SKALE","0.004170444336347066","-3.238853610364","-6.566956488155","-36.405955011193","25343183","3252431.78","30.2","54","2684","304","237","0.06686698548393923","0.0011615094187765408","8","sell"
"770","ARDR","Ardor","0.029077002281899286","-0.37487826866","-1.991749938644","-28.6323121605","29014322","1582599.91","30","25","3752","2518","3","0.0008464175377713827","0.0013297622592401042","","sell"
"771","IDRT","Rupiah Token","0.000013893766190880458","0","0","-28.58562317945","9694329","2.56","30","30","3331","1788","2","0.0005642783585142552","0.00044430308703601143","","sell"
"772","APYUSD","apyUSD","1.28","-0.15206270066802283","3.7168253778298155","","192528797","581350","29.9","35","2619","1865","5","0.001410600379733622","0.008823832866661486","0","sell"
"773","VENOM","Venom","0.011767390488007637","-3.883757412447","-11.183857947437","-34.592279941401","25406370","104559.52","29.9","63","4312","1497","8","0.0022569606075737957","0.0011644053571298343","","sell"
"774","XBG","XBorg","0.02007972128631836","-13.562797373947","32.592477925565","4.573602387891","7289174","2560.22","29.9","50","4897","1137","5","0.001410600379733622","0.00033407185893346837","","sell"
"775","HASH","Provenance Blockchain","0.009755558838756012","-1.18779187196","13.58796983959","-0.442435050669","582019739.49","4693.11","29.8","67","3238","1302","12","0.0033854409113606935","0.02667468444399836","","sell"
"776","AB","AB (prev. Newton)","0.001091829653415321","-0.027665635621","-3.493944313281","-24.572268025443","107932352","1150123.84","29.8","49","1670","1834","14","0.003949948509599786","0.004946673171981003","50","sell"
"777","LUSD","Liquity USD","1.0043405278842505","-0.130390267711","-0.142790027014","0.151644274723","27995918","11405.31","29.8","29","3348","1797","4","0.0011284803037868978","0.0012830875444609976","","sell"
"778","CHEX","CHEX Token","0.012423582646821816","-4.636273601446","-9.96205134342","-39.400396152906","15550230","162914.28","29.8","62","4293","670","11","0.0031033208354139686","0.0007126862718523371","50","sell"
"779","LAVA","Lava Network","0.01811350791646686","1.227514463064","7.824372743733","-27.475541076826","9715088","311314.77","29.8","50","652","958","7","0.001974840531627071","0.00044525449767864386","","sell"
"780","SUPER","SuperVerse","0.09540860830179249","-2.53562408949","2.545999172146","-20.774606293321","60901243","4256871.91","29.7","51","2248","139","181","0.05106373374635713","0.002791179283190232","62","sell"
"781","BTY","Bityuan","0.06027750166322288","-1.2919340106","-10.84207795112","-37.207173043881","44131102","504358.5","29.7","49","3662","1278","3","0.0008463602278401734","0.002022582981545303","","sell"
"782","ZORA","Zora","0.008343357862859174","1.268657135054","-3.233458755634","-29.376731994435","37094675","13218956.98","29.7","20","201","1015","105","0.029622607974406065","0.0017000948301937719","8","sell"
"783","G","Gravity","0.0027415534600765588","0.596413750561","-0.417446055463","-24.447737293327","19649985","11155415.5","29.6","55","746","1219","4","0.0011284803037868978","0.0009005831136648362","","sell"
"784","GUN","GUNZ","0.005716977386165381","-4.019523483035","-14.339125254073","-59.324161268752","13418970","11438207.84","29.6","57","2801","824","146","0.04118953108822177","0.0006150079903254393","29","sell"
"785","USX","USX Coin","0.999495","0.015070420373024682","0.02238568364666986","","507961386","2173899","29.5","55","853","1066","14","0.003949681063254142","0.023280498515667353","100","sell"
"786","MMUI","MetaMUI","0.032606086566401966","0.324281168253","-3.206694966978","-17.262867316831","15516807","624396.92","29.5","29","1970","1575","1","0.00028212007594672446","0.0007111544544281498","","sell"
"787","QI","Benqi","0.001344235499612412","-2.323419500719","-1.368665642397","-22.599185176474","9735228","408543.86","29.5","55","2723","907","94","0.026519287138992098","0.00044617753878575973","10","sell"
"788","MBG","MultiBank Group","0.2447719120080341","0.091264179938","-11.752507579563","-18.93725630172","60735192.08","2643683.14","29.3","41","512","1815","12","0.0033854409113606935","0.0027835736980800804","100","sell"
"789","MINA","Mina Protocol","0.041677599548647866","-3.996398374621","-3.858507591621","-31.471893067294","53758290","3492486.09","29.3","53","2760","253","256","0.07222273944236146","0.0024638089135181136","5","sell"
"790","HYPER","Hyperlane","0.070006","-2.8204811854884424","2.6864664216045955","","23667660","15171060","29.2","23","1459","645","247","0.06968365875884094","0.0010847181275690895","20","sell"
"791","BIGTIME","Big Time","0.009017184223066969","1.569099588162","3.157183025447","-30.569386040408","17106463","14777554.41","29.1","31","640","1180","5","0.001410600379733622","0.0007840103548339765","","sell"
"792","WQUIL","WQUIL","0.0152760415105543","-10.491","0","","13783349.23","6578.96","29.1","53","5455","1355","2","0.0005642401518934489","0.0006317079410637324","","sell"
"793","USDF","Aster USDF","0.997966","0.013950705114889748","-0.06762527326801618","","115158194","40316","29","39","1373","2145","5","0.001410600379733622","0.0052778424470318564","","sell"
"794","XNO","Nano","0.3562514990011997","-3.442660703552","-8.764903212596","-14.95697473351","47157197","119426.64","29","39","4735","1240","4","0.0011285567170285103","0.002161272657763661","","sell"
"795","MBL","MovieBloc","0.0007202532630848101","-1.147245768006","3.217958591786","-22.215998562921","14018847","2920051.57","29","78","3026","653","10","0.0028213917925712755","0.0006425010951026654","","sell"
"796","CJL","CJournal","0.01545696","-0.056300835501563284","13.257705655744747","","10038779","56599","29","29","4656","1059","2","0.0005642401518934489","0.0004600896565169476","","sell"
"797","RETH","Rocket Pool ETH","1943.8099459301957","-0.52103048009","3.041442830663","-25.248025654275","882159847.56","11710.9","28.9","49","4300","2012","3","0.0008463602278401734","0.04043047677978798","","sell"
"798","QAI","QuantixAI","54.71530000432214","-1.136862997266","-0.270293936433","-10.078042542162","54590959","2656500.55","28.9","28","4639","1447","3","0.0008463602278401734","0.00250197116354895","","sell"
"799","USDAI","USDAI","0.99876","-0.09458197873875714","-1.8633407116052187","","198204679","41692","28.8","31","4281","2530","3","0.0008463602278401734","0.009083965558078512","","sell"
"800","ZEREBRO","zerebro","0.02501270566775662","-6.716863531235","5.217545605447","-9.962556909139","24791184","7292435.06","28.8","32","3131","860","167","0.04711405268310298","0.0011362106219499847","29","sell"
"801","FAI","Freysa","0.002140525376460665","-3.769213140181","1.9851149156","-35.641202442548","17530260.68","358873.06","28.8","53","4170","693","10","0.002821200759467244","0.0008034329541863549","","sell"
"802","ETHX","Stader ETHx","1824.7666182779271","0.001764266812","3.465781721631","-24.373879590233","293685729.49","288.86","28.7","73","1168","1598","13","0.003667560987307418","0.013459980183345332","100","sell"
"803","ALLO","Allora","0.3707662538102707","-2.797207787444","20.102501391864","349.799769884416","88893247","81996914.37","28.7","46","1271","765","487","0.1373924769860548","0.00407408744419079","64","sell"
"804","ANIME","ANIME","0.0029054138625944728","-2.98567761702","-3.951161947369","-35.816339458834","16012228","4680774.88","28.7","48","2637","525","215","0.060655816328545754","0.0007338602115447556","9","sell"
"805","PSG","Paris Saint-Germain Fan Token","0.5505374158514439","0.552397841766","-5.883283168898","-50.309703430345","8853549","4521955.32","28.7","24","269","812","122","0.03442097986936956","0.00040576909984431017","14","sell"
"806","RUJI","Rujira","0.237921","-2.3581125910479765","7.786752683185609","","17714305","17584.71","28.6","58","4318","2058","8","0.0022569606075737957","0.0008118685054115093","100","sell"
"807","MELANIA","Melania Meme","0.077895","-5.276107802947602","7.60390621544912","","74097081","9816348","28.5","19","2755","841","126","0.03554712956928728","0.0033959608580085726","41","sell"
"808","THBILL","Theo Short Duration US Treasury Fund","1.02","-0.4476056807747623","-0.4125061464054316","","124334001","113145","28.4","35","2854","2329","7","0.001974840531627071","0.0056983810295522805","100","sell"
"809","TDCCP","TDCCP","0.051287","0.1652242045861767","5.23775761309564","","32802136","12738.69","28.3","39","1142","2418","3","0.0008463602278401734","0.001503362459245512","0","sell"
"810","APX","APX","0.2198787704902478","-0.452957762066","-0.083321217822","-2.232541638556","8217231","3670.75","28.3","38","2650","2001","18","0.00507816136704104","0.0003766058589705395","86","sell"
"811","IOTA","IOTA","0.04598134612176477","-2.652856056538","0.111685881926","-21.249084885025","206189936","6417083.52","28.2","39","2363","441","149","0.042038737709312005","0.00944993976174706","15","sell"
"812","APR","aPriori","0.18379913111459625","-1.314409081467","-24.465962176347","28.184242641901","45239266","5476933.34","28.2","18","1883","1030","122","0.03441864926550038","0.002073371508130503","31","sell"
"813","AITECH","AITECH","0.007112736347379969","0.401709030572","-0.421007087298","-32.136691066139","12688101","4100406.42","28.2","28","863","2317","5","0.001410600379733622","0.0005815113601905508","","sell"
"814","PC0000031","Tradable NA Rent Financing Platform SSTN","1","0","0","","202500000","0","28.1","28","2921","","2","0.0005642401518934489","0.009280825431527268","","sell"
"815","EZETH","Renzo Restaked ETH","1798.0954255250476","-0.585889573597","3.128130438216","-25.196939716421","188577565.95","25484.75","28.1","28","3859","1602","4","0.0011284803037868978","0.008642743061156892","","sell"
"816","FORM","Four","0.223407","-6.245437566009079","-15.989469693329571","","85307736","4260064","28.1","36","2782","114","238","0.06714457807532041","0.00390975904086328","46","sell"
"817","BARD","Lombard","0.15378406803088385","-6.574169828771","-1.421872023341","-41.092160327496","49327848","7611662.3","28.1","52","3106","167","212","0.05980945610070558","0.0022607562775353654","4","sell"
"818","KERNEL","KERNEL","0.04685737","-1.9135089797606535","-5.3962061945517625","","13513274","6000832","28.1","26","3591","1996","6","0.0016927204556803467","0.0006193300592710925","100","sell"
"819","APXUSD","apxUSD","0.959663","-0.1398646239216661","2.7831281515071233","","403172062","2092393","28","49","1919","1240","16","0.004513921215147591","0.018477874203905623","67","sell"
"820","BORA","BORA","0.02503816504000607","-0.21737098387","0.800568724588","-29.593903652348","28979827","243859.65","28","33","859","1426","3","0.0008464175377713827","0.0013281813107301756","","sell"
"821","PRIME","The Pink Panther","0.2692542898726728","-1.409841178343","-4.749931947547","-34.43141397755","16792460","843844.68","28","67","2694","952","14","0.003949681063254142","0.0007696192090168118","100","sell"
"822","EURR","StablR Euro","0.540755","-7.4603948408964404","347.8532951701756","","9270158","250.74","27.8","50","4158","2006","79","0.02228748599979123","0.00042486280553420225","0","sell"
"823","TOKAMAK","Tokamak Network","0.37930723345896106","-0.632577131452","5.05713331943","-29.432638493023","23489723","285753.33","27.7","27","5225","2026","1","0.00028212007594672446","0.0010765630548045975","","sell"
"824","STORJ","Storj","0.07630597062394817","-1.898674256715","-1.420610982391","-29.899307077979","10967700","3568691.58","27.7","62","2858","561","33","0.00931059291548521","0.0005026632547425265","100","sell"
"825","BOTX","botXcoin","0.7027168532504059","-0.005550440688","-0.006050489753","0.180673265662","36684877","65560.36","27.5","27","2095","1646","4","0.0011285567170285103","0.0016813132810570358","","sell"
"826","INIT","Initia","0.05786647783413131","-2.375138710065","5.448517982757","-34.85973238106","11410894","8740159.33","27.5","45","2602","888","107","0.030186848126299518","0.0005229753838600588","26","sell"
"827","PC0000023","Tradable Singapore Fintech SSL","1","0","0","","114500000","0","27.4","27","4316","","0","0","0.0052476766020240605","","sell"
"828","TBK","TronBank","0.6215775395080855","0.608122343869","-0.360360962764","0.32032826049","62189942","15752.46","27.4","10","844","2559","4","0.0011284803037868978","0.002850241952092868","","sell"
"829","EURA","Angle Protocol","1.1554442884813962","-0.060861636857","0.539136787335","-0.593986765143","31671633.2","750.58","27.4","27","4986","1672","1","0.00028212007594672446","0.0014515501178299424","","sell"
"830","TAI","TARS AI","0.01259993282347092","0.843375058975","-3.515789066838","-32.356391084304","7398779","656656.47","27.4","40","506","550","16","0.004513921215147591","0.0003390951916318513","0","sell"
"831","USDTB","USDtb","1","0.05687328994882524","0.015485000474717325","","916299900","4366860","27.3","30","1626","1810","4","0.0011284803037868978","0.04199515760407848","","sell"
"832","VSUI","Volo Staked SUI","0.7965906945467913","-2.964127804406","0.389401076477","-31.228530842222","43049509.43","7898.11","27.3","27","5683","1757","1","0.00028212007594672446","0.001973012256457861","","sell"
"833","FLUID","Fluid","1.0551527016261164","-2.236085766205","-4.203740136692","-35.482791223158","82840700","2065998.22","27.2","40","2721","610","77","0.021723245847897782","0.0037966917300025728","0","sell"
"834","EURI","Eurite","1.155087475776358","-0.09944324225","0.550296105033","-0.66238487492","57298699","5719941.44","27.2","27","4306","1437","2","0.0005642401518934489","0.0026260702364080298","","sell"
"835","STETH","Lido Staked ETH","1659.7538532485205","-1.104856611186","2.295210152829","-24.944442331108","19793561250.95","9795421.75","27.1","41","2153","423","51","0.014389098142113504","0.9071633908064665","71","sell"
"836","PYUSD","PayPal USD","0.9996590087119885","-0.001607747435","0.000363081961","0.008779727311","2773163904","37218702.33","27.1","53","910","721","15","0.004231801139200866","0.12709753128906986","67","sell"
"837","KOGE","KOGE","63.507741691311764","4.202502100979","-1.518194275832","94.711576143932","110958345.8","112520.17","27.1","27","667","2258","4","0.0011284803037868978","0.0050853582100782065","","sell"
"838","BRZ","Brazilian Digital Token","0.1962457230716825","0.115236777618","2.737606719241","-0.76283937893","52449928","23612.34","27","29","1192","1845","3","0.0008464175377713827","0.0024038450650082674","","sell"
"839","DEFI.SSI","DEFI.ssi","0.339415","-1.7047010038575505","2.5623846304692095","","8649418","160178","27","27","5417","1788","1","0.00028212007594672446","0.00039641352366572697","","sell"
"840","USN","Noon USN","0.9984","-0.07991489067962426","-0.08136971235508876","","32978951","28314","26.9","27","3343","2764","3","0.0008463602278401734","0.0015114661093624277","","sell"
"841","SKYAI","SKYAI","0.363355","4.6735111849796445","47.53975602295936","","364787224","30927746","26.8","66","12","8","484","0.13654611675821465","0.016718649607878687","66","sell"
"842","LISUSD","Lista USD","0.997882","-0.025067599896706576","-0.08408043567818871","","75207727","23944","26.8","26","3601","1943","1","0.00028212007594672446","0.003446863137723259","","sell"
"843","LISUSD","lisUSD","0.9973617403716378","-0.04731357993","-0.058151254511","-0.061326311514","75168520.57","1310.95","26.8","26","5171","2040","1","0.00028212007594672446","0.00344506625854981","","sell"
"844","FXSAVE","f(x) USD Saving","1.11","-0.038954178001268054","0.8697543337754117","","56785086","14.96","26.8","24","4680","2682","2","0.0005642401518934489","0.0026025307174333974","","sell"
"845","ONYC","ONyc","1.11","0.0827732497712662","0.3676523412758381","","194006264","1386859","26.7","57","1004","1356","10","0.002821200759467244","0.0088915470064533","100","sell"
"846","PUMPCADE","PUMPCADE","0.01600045","-17.389369315508453","2.5140256321091115","","15984509","576009","26.6","89","3523","154","59","0.016645084480856744","0.0007325898154946987","95","sell"
"847","GAMA","GAMA Coin","0.21266350591257002","-1.270590189476","1.94861088923","-6.391481245237","15595111.8","41914.58","26.6","26","5467","1640","1","0.00028212007594672446","0.0007147432602516099","","sell"
"848","DESU","Dexsport","0.01580494563182133","-0.546534217117","80.483038099335","54.786596247268","9280065","13615.29","26.6","46","2709","2284","18","0.00507816136704104","0.0004253168555961783","100","sell"
"849","USDCE","USD Coin Bridged","0.9995755976999537","-0.008039344284","-0.017388038965","-0.008992617147","1209815352.2","40391008.59","26.5","38","1965","1644","2","0.0005642401518934489","0.055448272957009805","100","sell"
"850","EURCV","EUR CoinVertible","1.1545829385060709","-0.062311536674","0.534121749304","-0.675936120577","136998333","11582532.14","26.5","40","3526","1466","2","0.0005642401518934489","0.006278803027077735","","sell"
"851","SN17","404—GEN","2.59","-0.8421190158876558","23.782477241219446","","12625127","18810.63","26.4","26","5009","2563","1","0.00028212007594672446","0.0005786251838906743","","sell"
"852","REDO","Resistance Dog","0.07164409428816665","1.019547828288","16.408013709678","-22.746344207646","7101962","138418.61","26.4","58","388","689","26","0.007335121974614836","0.0003254917014485939","80","sell"
"853","TPT","TokenPocket Token","0.006397620362565596","0.169624367406","-0.408856645756","-20.209586919365","22177078.45","56011.39","26.3","26","1195","1881","3","0.0008463602278401734","0.0010164029317320262","","sell"
"854","QUAI","Quai Network","0.01345491","-4.083089895296678","-24.38204256915569","","13796901","91732","26.1","64","3564","1955","33","0.009309962506241908","0.0006323290354422913","100","sell"
"855","WUSD","Worldwide USD","0.9969770990269181","-0.064349652052","-0.151079032047","-0.152520740609","10645291","236970.27","26.1","45","4235","2013","3","0.0008463602278401734","0.0004878868515496708","","sell"
"856","OSMO","Osmosis","0.04695866211620065","-4.277788663472","5.204682600034","-28.624868688097","35181961","5862317.91","26","38","2735","184","132","0.03723985002496763","0.0016124327821224716","26","sell"
"857","QKA","Qkacoin","0.68845","2.9526714244380092","-0.344347440095606","","21801936","22.87","25.9","25","1824","2099","1","0.00028212007594672446","0.000999209689310271","","sell"
"858","CTSI","Cartesi","0.02321027096570827","-1.94138366499","-9.912652503125","-24.061368059073","21393270","970652.75","25.9","27","2632","1198","96","0.027085361208684246","0.0009804800211334784","17","sell"
"859","BGB","Bitget Token","1.7808069823981627","-0.6478006954","-2.814196767352","-13.065135716932","1245993078","13062723.38","25.6","60","3006","1022","8","0.0022569606075737957","0.057105403683009086","","sell"
"860","BUCK","Bucket Protocol BUCK Stablecoin","0.9982349211310709","0.018255779594","-0.073512501516","-0.04957787858","25919484","210692.86","25.6","17","1668","1203","4","0.0011284803037868978","0.0011879220063173537","","sell"
"861","ASM","Assemble Protocol","0.005907075321016436","-0.676258584723","0.252651785958","-18.654847419412","9010671","225113.05","25.6","30","2866","1673","14","0.003949948509599786","0.00041297019541691477","100","sell"
"862","BTSE","BTSE Token","1.13","3.4101882108172665","8.21494951540346","","182742014","2609264","25.5","33","560","1513","6","0.0016928350755427654","0.008375292498467714","","sell"
"863","USDN","Noble Dollar (USDN)","0.999803","0","0","","7067857","103483","25.5","24","2796","2069","2","0.0005642401518934489","0.0003239286271209779","","sell"
"864","YB","YieldBasis","0.0880649433647982","-2.194099779071","8.831888952011","-20.380817319419","18866415","3869517.28","25.4","31","2373","1160","119","0.033572289037660207","0.0008646711315246791","37","sell"
"865","SLP","Smooth Love Potion","0.000500214757844449","-0.844434609868","-1.887714294824","-28.10771483959","18038686","912409.87","25.2","24","1826","856","265","0.0747668825031388","0.0008267352878031353","7","sell"
"866","VBILL","VanEck Treasury Fund","1","0","0","","67076786","0","25.1","24","2299","","3","0.0008463602278401734","0.0030742120561674676","","sell"
"867","BAND","Band Protocol","0.1632714351991735","-2.714459593168","-6.177469630092","-25.094952988106","28976778","2766255.19","25.1","20","2602","924","127","0.0358316757656552","0.0013280415712894809","34","sell"
"868","QKC","QuarkChain","0.002495140861425052","-0.318502710867","2.247251139026","-17.38414437665","18039230","547325.69","25.1","81","3316","1053","5","0.0014106958962856377","0.0008267602199958994","","sell"
"869","KAG","Kinesis Silver","62.68","-8.013542957606049","-7.522360740519493","","236851823","205404","25","37","5001","1987","4","0.0011284803037868978","0.010855211962478987","","sell"
"870","DST","DAYSTARTER","0.034466866339137016","-0.344112499963","0.204361154706","6.158277086471","11627343.69","85.64","25","27","3346","2762","7","0.001974840531627071","0.0005328955408358524","","sell"
"871","ASP","ASPECTA","0.025293409545235814","-0.926941320942","1.52682460511","-13.030146038582","8520931","954713.93","25","67","3120","2089","9","0.00253908068352052","0.00039052480555599545","100","sell"
"872","KMNO","Kamino Finance","0.017752992395778145","-4.955284301546","18.940283223449","-15.724737453329","85907464.69","5550578.12","24.9","71","2884","403","238","0.06714457807532041","0.003937277772634818","79","sell"
"873","MSUSD","Metronome Synth USD","0.997178","-0.08717627458891077","-0.016957969921697742","","28080794","1002094","24.8","47","4269","2091","1","0.00028212007594672446","0.0012869775165070534","","sell"
"874","DKA","dKargo","0.004085159584919947","-0.855896400178","2.686451871183","-28.838658456982","20312933","1054376.23","24.7","24","3584","2202","3","0.0008464175377713827","0.0009309668403718987","","sell"
"875","XAI","SideShift","0.07269320345838423","0.183679069545","1.077071503234","-16.566156746228","11609682","1458.85","24.7","26","987","2086","5","0.001410600379733622","0.0005320860837409598","","sell"
"876","AURORA","Aurora","0.026044687289404737","-2.878149646983","8.889811299806","-5.118111350723","18557978","462527.77","24.6","46","2958","1520","99","0.027929887518725716","0.0008505350823709805","10","sell"
"877","SN5","OpenKaito","4.45","-1.920356848205912","22.823114282421727","","16662951","53019","24.6","24","5563","1671","1","0.00028212007594672446","0.0007636836513831739","","sell"
"878","MGO","Mango Network","0.010022674491476815","0.308936393565","0.253587689577","-33.696020098365","15937684","636459.57","24.6","15","810","2265","5","0.001410600379733622","0.0007304437678362728","","sell"
"879","FIRO","Firo","0.77332620931761","-0.118254497161","8.071366939535","-28.615306631021","14466834","273305.06","24.6","46","2070","1482","23","0.006489201122913933","0.0006630328933376955","50","sell"
"880","BLUR","Blur","0.017823600821844768","-3.837762761805","3.389647944356","-25.146602651027","50107758","11238664.22","24.5","50","2713","366","220","0.062066416708279386","0.0022965005173492046","4","sell"
"881","TSLAX","Tesla tokenized stock","405.83118311506564","-0.303199427263","2.78866756714","-4.678068818191","158174670.65","3870683.43","24.1","64","1671","191","90","0.0253908068352052","0.007249380576593038","11","sell"
"882","B2M","Bit2Me","0.0059458064526146225","0.16026980248","-4.528301613645","-18.516147434135","17478767","86197.73","24.1","24","1620","1042","2","0.0005642401518934489","0.0008010735075819239","","sell"
"883","ORDER","Orderly Network","0.03939877380542375","-2.715978880181","0.73537558612","-27.307129607113","15298149","4516823.4","24.1","57","3925","834","7","0.001974840531627071","0.0007011330878740416","","sell"
"884","USTBL","Spiko US T-Bills Money Market Fund","1.086","0","0.06484779651056569","","160011579","49.95","23.9","23","3479","2357","1","0.00028212007594672446","0.007333528551713751","","sell"
"885","PORTO","FC Porto Fan Token","0.5458929802575563","-1.123611162945","-3.475341529781","-31.219798317884","7090170.67","2622066.76","23.9","48","2252","1503","77","0.021723245847897782","0.0003249518081053437","5","sell"
"886","BOUNTY","ChainBounty","0.01580404203292775","0.422893550197","5.582109685578","-21.810468490814","8242636","211714.13","23.7","37","733","1289","7","0.001974974254799893","0.00037777020153887504","100","sell"
"887","XEC","eCash","0.000005378448790423075","-1.65854298524","-1.133115279857","-28.851124733191","107582290","2962092.96","23.6","39","2104","448","255","0.07194061936641473","0.0049306293975997124","23","sell"
"888","C","Chainbase","0.08866315957193412","-6.990154779225","-13.642611977511","17.456492049818","14151425","7224975.75","23.6","55","3693","307","21","0.005924521594881213","0.0006485773088017322","100","sell"
"889","POKT","Pocket Network","0.008274465060530221","-2.418007211441","6.528186757674","-26.775413716112","16566833","431210.16","23.4","54","3212","1247","20","0.005642401518934488","0.000759278444574149","100","sell"
"890","META","Metadium","0.008050057632501335","-0.446120640617","2.719952960576","-15.193742161932","13711050","180652.46","23.4","17","3718","1682","4","0.0011285567170285103","0.0006283943779404541","","sell"
"891","0G","0G","0.298334022758332","-0.693","1.8497791251599103","","63604730.72","20603.56","23.3","53","2657","797","19","0.005360281442987764","0.002915083468798122","100","sell"
"892","BINK","BINK","0.00005927","-1.3521284566111882","4.084962804986282","","8814074","46.46","23.3","23","5367","2103","2","0.0005642401518934489","0.0004039599117756211","","sell"
"893","SN85","Vidaio","2","-2.888609331072769","22.570703270303262","","8127837","515190","23.2","23","5312","2230","2","0.0005642401518934489","0.000372508821397078","","sell"
"894","AVUSD","Avant USD","0.998995","-0.010160469731538911","-0.138472092350398","","103535589","4154.83","23.1","17","3625","2034","1","0.00028212007594672446","0.004745164086219037","","sell"
"895","BLESS","Bless Token","0.005093936999071264","-9.763668748196","-28.063519229043","-12.041045114815","9890567.88","2420686.6","23.1","66","3339","619","74","0.020876885620057607","0.0004532981235414801","85","sell"
"896","CFX","Conflux","0.04419445241379251","-2.930320512323","-2.859184734103","-36.025249547253","230110897","7089409.97","23","66","3234","559","33","0.00931059291548521","0.010546266987403219","78","sell"
"897","RAD","Radworks","0.2212874336449879","-0.362488039641","4.812190153357","-33.005627129064","10977777","2681850.15","23","58","1609","392","124","0.03498288941739383","0.0005031250961147414","36","sell"
"898","KUB","Bitkub Coin","0.763326005032305","-1.637503758389","-0.597598111622","-10.03907235772","52766022","127891.51","22.9","22","4774","1677","3","0.0008463602278401734","0.0024183320439413692","","sell"
"899","FLOW","Flow","0.028208135945667043","-1.989322699991","5.915851157615","-22.821283997023","46914509","3059480.49","22.9","60","2853","816","17","0.004796366047371168","0.0021501499665916787","100","sell"
"900","PRO","Propy","0.29857835412160233","-0.955683972942","5.411603099791","-13.55456268364","17556442","4657048.95","22.9","22","4233","1961","4","0.0011285567170285103","0.000804633448892511","","sell"
"901","MEDXT","MEDXT","0.00071524","-0.5118767255965982","43.568273968980684","","14844275","11.21","22.9","22","5365","1771","1","0.00028212007594672446","0.0006803314811485652","","sell"
"902","LEO","LEO Token","9.727922726357523","2.101406309227","2.167303410792","-4.406420725129","8975839027","397809.21","22.8","25","752","1464","6","0.0016928350755427654","0.411373803017662","","sell"
"903","LSK","Lisk","0.09001517864749713","-2.678916606459","-5.882056855464","-25.946622584981","20999110","1604159.49","22.8","26","3795","1768","11","0.003103530971828403","0.0009624151808762399","0","sell"
"904","BXN","BXN","0.0006014654255602189","0.136479063878","0.361378883879","-23.125203363387","9566009","399728.11","22.8","42","735","2047","15","0.004231801139200866","0.00043842202274280856","100","sell"
"905","WBETH","Wrapped Beacon ETH","1825.5734665329649","-1.048644171117","2.263859906896","-24.731270034156","8323325493.77","5249386.7","22.7","40","5253","1966","1","0.00028212007594672446","0.3814683008269623","","sell"
"906","LPT","livepeer","1.7657989013624902","-3.780792415752","-1.798831264789","-15.970710963345","87450331","5450772.31","22.7","44","3044","388","91","0.025674665312398606","0.00400795681945816","19","sell"
"907","ALEO","ALEO","0.03133550311155716","-2.459863254414","-0.050175696201","-32.914433319718","37301145","1340779.9","22.6","47","2773","418","97","0.027365647366832273","0.0017095576056349935","10","sell"
"908","MCUSD","Moola Celo USD","1.0000860439181738","0.352365653542","-0.44438824497","0.244117173887","19590680.51","1302.91","22.6","17","2812","","0","0","0.0008978651155463387","","sell"
"909","SUSHI","SUSHI","0.17363677002942465","-1.399190646755","2.282991737625","-20.104345634357","47201667","5078749.83","22.2","44","1985","453","206","0.05812067092696827","0.002163310772859661","4","sell"
"910","ZRX","0x Protocol","0.08512851790230508","-4.746682330879","2.562778139283","-22.693755869691","72230833","5629816.29","22.1","56","3767","538","14","0.003949948509599786","0.0033104284041817235","80","sell"
"911","AXL","Axelar","0.04535078973726363","-4.113723626672","7.332816481495","-27.386471530131","53550923","23525918.08","22","55","1556","23","251","0.07081213906262783","0.0024543050274575726","15","sell"
"912","WAN","Wanchain","0.05531834999828424","2.792734666037","1.000347368658","-8.805498803731","11138660","2502645.29","21.7","87","238","297","14","0.003949948509599786","0.0005104985629685705","50","sell"
"913","KCT","Konnect","0.0013137362764657039","8.669738158529","90.278099652414","336.32392738296","9668600","441532.26","21.7","4","521","2668","5","0.001410600379733622","0.00044312389514698536","","sell"
"914","ZENT","Zentry","0.002584046890455675","-0.545764172627","-3.985222345331","-17.144359483466","20114546","1430459.56","21.6","27","1645","898","58","0.016362964404910016","0.0009218745188169141","6","sell"
"915","CARV","CARV","0.04040418862465714","-1.428084289902","7.440171238422","-30.308105948591","37111501.52","5320574.4","21.3","48","3037","746","13","0.003667560987307418","0.0017008660104147104","100","sell"
"916","POND","Marlin","0.0015669236058553728","-7.9769241055","-13.724637978065","-1.843114700941","12849251","2773929.3","21.2","25","3432","1632","97","0.02736750038794137","0.0005888970639845787","5","sell"
"917","BNT","Bancor","0.2695434231542236","-1.302916157023","0.621424862903","-19.561444374672","29311219","1520757.37","20.8","63","2773","799","13","0.003667809330342658","0.0013433694159222975","0","sell"
"918","ALE","Ailey","0.2586960849205436","-0.045119296712","0.281816370609","-2.373829686118","125862831.32","112691.36","20.7","79","1450","616","71","0.020030525392217436","0.005768476302831419","100","sell"
"919","JOE","JOE","0.03070357836887374","-0.229122300563","0.249139897299","-30.410332762928","14036733","4808263.26","20.6","33","1591","297","131","0.0369577299490209","0.0006433208326022619","13","sell"
"920","SN13","Data Universe","1.84","-1.476374887759113","24.144176323189605","","8955234","14557.9","20.6","20","5532","2078","1","0.00028212007594672446","0.0004104294491480378","","sell"
"921","WEMIX","WEMIX Dollar","0.2446783920122801","-1.252293304081","-7.383438840216","-14.330449385168","113041664","919900.17","20.1","27","2424","1756","12","0.0033856701510855307","0.005180839259621533","25","sell"
"922","WECAN","Wecan Group","0.0021193664119869967","-5.657276078027","4.566078756594","71.982573381302","12716198.47","35623.86","20.1","31","4776","2176","5","0.001410600379733622","0.0005827991019887612","","sell"
"923","MWC","MimbleWimbleCoin","2.7554733099903093","-1.483547722567","20.884902251202","-59.281222193681","30385708","356.84","19.7","57","3654","915","14","0.003949948509599786","0.001392614575611662","100","sell"
"924","WXT","Wirex Token","0.002043672519053033","-3.675051242419","4.253897793564","-23.139499631435","20436725.19","337567.4","19.7","42","3952","2190","19","0.005360281442987764","0.0009320604163025846","50","sell"
"925","CWU","Commonwealth","0.01814332","-7.575520454233874","-18.32632438481837","","16338000","53731","19.7","45","3609","1724","141","0.03977893070848815","0.0007487907451866297","3","sell"
"926","DEXT","DexTools","0.11068119590082368","-0.585172548572","-6.176460650606","-8.715378549273","7822721","19019.05","19.7","48","3738","1744","3","0.0008464175377713827","0.0003585249777804564","","sell"
"927","MNGO","Mango","0.026974829902623527","-5.403721617011","-13.298263559677","-14.075541501466","30186492","268.86","19.5","19","5649","1144","2","0.0005642401518934489","0.001383484259961454","","sell"
"928","BREV","Brevis Token","0.0825172800520057","1.02","-0.38512849235517427","","20640756.66","1144362.3","19.5","30","705","2389","5","0.001410600379733622","0.0009459914041288584","","sell"
"929","RYZE","Ryze","0.096267","-0.1064313183131924","0.3052817523371828","","25325751","1207.75","19.4","19","5214","1986","1","0.00028212007594672446","0.0011607104886584058","","sell"
"930","MOCA","Moca Coin","0.009504669946668261","-1.809983882489","6.679738310713","-29.977838454115","40029857","3682607.04","19.3","54","3205","682","11","0.0031033208354139686","0.0018346178511901225","67","sell"
"931","HEGIC","Hegic","0.012224296054338212","-0.091129178228","3.515245999272","-25.450847381235","13056971","24.98","19.3","19","4713","2091","3","0.0008464175377713827","0.0005984171284716742","","sell"
"932","SONIC","Sonic SVM","0.026850478454772127","-2.282459700492","0.820212395097","-34.537237823552","9626609","1069909.79","19.3","53","3705","654","9","0.00253908068352052","0.0004411993956867619","100","sell"
"933","VINE","Vine Coin","0.01232067406791009","-3.301362238341","11.664860863838","-27.148412543028","12320601.43","4080155.89","19.2","43","2502","1114","234","0.06601609777153351","0.0005646683779538309","49","sell"
"934","SQGROW","SquidGrow","0.008181445001447348","-0.621650743529","-5.123013901556","-19.000686990485","8645177","88979.68","19.1","70","2771","1932","15","0.004231801139200866","0.0003962191533908869","100","sell"
"935","VR","Victoria VR","0.0015196748620239216","-0.028256312533","-1.511913664923","-9.086742391359","25537198","1036506.55","19","71","1189","1304","17","0.004796041291094315","0.001170401366164678","100","sell"
"936","AIH","AIHub","43.2615457331316","11.040852801141","73.968531372708","10.37085183947","45465592.7","4420.32869116","18.7","18","682","1478","4","0.0011284803037868978","0.0020837443406894842","","sell"
"937","ERA","Caldera","0.10068304557721593","-0.639299364769","0.599369035453","-23.184486689712","17547064","6491916.63","18.7","62","1901","373","106","0.02990472805035279","0.0008042036435547486","9","sell"
"938","JLP","Jupiter Perps LP","3.36771767732019","-0.791898449824","2.680572463714","-15.415751022721","763054686.07","2234767.29","18.6","18","4471","1117","3","0.0008463602278401734","0.03497184803224214","","sell"
"939","RUSD","Royal Dollar","1.000037144728922","0.05877129","0.00527939","","249911979","129739285.7312679","18.2","27","915","1838","5","0.001410600379733622","0.011453775063439548","100","sell"
"940","CRVUSD","crvUSD","0.9993427057992913","-0.023523680032","-0.004296209346","-0.007904653207","193417216","3177479.71","18.2","27","1230","1332","15","0.004231801139200866","0.008864550208138287","100","sell"
"941","ABEL","Abelian","0.07381105693494955","-5.03661919027","8.496459844652","-5.713975029442","10290447","13128.99","17.9","52","4330","626","15","0.004231801139200866","0.00047162391219448635","67","sell"
"942","LHYPE","Looped Hype","61.71","0.11953117269523823","4.292226183767236","","10837646","4730.77","17.8","43","1829","2152","2","0.0005642401518934489","0.0004967027190848878","","sell"
"943","BTC.B","BTC.B","63875.3562615828","-0.307","-0.5364375608429084","","164959562.02","6.21","17.7","30","4134","2225","5","0.001410600379733622","0.007560300732685509","","sell"
"944","HONEY","Hivemapper","0.0014730576625111033","-6.924286706154","-13.741437283141","-33.474018413126","8657235","341393.5","17.7","40","3809","1827","27","0.00761724205056156","0.00039677178644300233","67","sell"
"945","MCB","MUX Protocol","2.1131947229935912","-0.190198039038","-1.680402640808","64.559435276712","7981120","433.26","17.5","17","4611","1646","3","0.0008464175377713827","0.0003657845998423255","","sell"
"946","GHO","GHO","0.9988323583467518","-0.02410372934","-0.061369247403","-0.060477912013","598330458","387278.97","17.4","71","1093","1189","15","0.004231801139200866","0.0274222248447593","100","sell"
"947","HSK","HashKey Platform Token","0.08702010871228698","-0.568637756976","0.24257716443","-45.581404594334","31478060","2858613.16","17.4","71","2625","732","14","0.003949681063254142","0.001442678418682179","50","sell"
"948","TAC","TAC Protocol","0.016333966794629912","0.173035599036","-13.149373070827","-19.039992106537","75944929.82","2046383.12","17.2","38","594","1688","14","0.003949681063254142","0.003480650159615308","","sell"
"949","ELEPHANT","Elephant Money","3.982104480027136e-8","1.02201227687","4.031938527704","-6.494830961026","19525772","2317.05","17.1","17","1095","1979","3","0.0008463602278401734","0.0008948902782607558","","sell"
"950","HANU","Hanu Yokia","5.240343427183807e-8","0.045535467141","2.061692558603","-21.085277670265","7830889","14.79","17","17","2198","2044","10","0.002821200759467244","0.000358899327321813","100","sell"
"951","BFUSD","BFUSD","0.9988391030925079","0.01236311","-0.04915673","","1318944006","1210331.96225094","16.7","30","1496","2018","3","0.0008463602278401734","0.0604488349315815","","sell"
"952","FELY","Felysyum","0.239879","-4.063087460038192","-1.2587957031392265","","10498744","17490.46","16.7","33","4734","906","4","0.0011284803037868978","0.00048117042130515716","100","sell"
"953","LISTA","Lista DAO","0.051217458151345256","-2.124264126543","-3.068950690378","-38.197264824245","19633831","4030772.58","16.6","50","2845","1285","23","0.006488761746774663","0.0008998427558672023","86","sell"
"954","CACAO","Maya Protocol","0.105738","1.1150322292053534","-7.48579950829383","","10573835","8859415","16.5","22","707","2552","7","0.001974840531627071","0.0004846119347001142","100","sell"
"955","JST","JUST","0.07617061996788263","1.065666635902","-2.707648453638","-16.197523466142","648812747","26034505.23","16.3","60","167","120","237","0.06686698548393923","0.029735890581020576","23","sell"
"956","AGENTFUN","AgentFun.AI","0.5196757404618567","1.306902471315","4.913973075952","-17.885650297437","51495907","22.61","15.9","31","1264","2334","2","0.0005642401518934489","0.002360121102741546","","sell"
"957","EURC","EURC","1.1555429783448354","-0.030951889753","0.553123049857","-0.607425026577","448545304","15092127.17","15.8","54","1178","1180","14","0.003949681063254142","0.020557385997804097","67","sell"
"958","ARARA","Araracoin","0.0004359","-0.12179558215007703","-0.19024993833191475","","15809202","13037.59","15.4","15","4777","1410","2","0.0005642401518934489","0.0007245552788827247","","sell"
"959","METH","Mantle Staked Ether","1817.5792787662315","-0.882989639458","2.371572530843","-24.599536658439","548096127.52","92631.77","15.1","71","2692","1066","17","0.004796041291094315","0.025119923354119642","75","sell"
"960","MAV","Maverick Protocol","0.010447921695758545","-1.679218301056","-2.154094696642","-28.457342480158","9675846","980903.86","15.1","60","3144","1004","18","0.00507816136704104","0.00044345598828810564","50","sell"
"961","DEP","DEAPCOIN","0.001070313346500521","-0.077497790418","-0.1637143384","-2.68756655259","29455475","119607.78","14.6","32","2984","1963","3","0.0008464175377713827","0.001349980846803534","","sell"
"962","KISHU","Kishu Inu","1.2912707848867114e-10","-1.760550705885","-8.846748085077","-62.569032211074","12328367","215088.39","14.6","14","4831","1212","3","0.0008463602278401734","0.0005650243060879087","","sell"
"963","LRC","Loopring","0.013232251185379072","-2.080136194847","0.973406749492","-22.718524284824","16382454","2128901.33","14.5","41","2367","1019","207","0.0584028101062254","0.0007508281269828426","5","sell"
"964","SN46","Neural3D","2.7","0.10596097806018266","17.44257175477949","","11524687","592457","14.5","14","1131","1282","4","0.0011284803037868978","0.0005281906577777368","","sell"
"965","UNS","UNS TOKEN","0.25094975281422066","0.465976030755","23.329979080634","-12.494184973664","30059471.91","3115.39","14.4","14","1242","2149","4","0.0011284803037868978","0.0013776627721511483","","sell"
"966","NXPC","NEXPACE","0.3490209711402374","-0.392893783351","13.781280712253","2.988097366278","99334467","7178360.09","14.2","43","1777","569","132","0.03723985002496763","0.00455262146943608","7","sell"
"967","VSN","Vision","0.03289233650191017","-1.928822086912","8.850598861257","-29.845186131141","121659361","4790773.16","14","58","3018","890","19","0.005360644405885423","0.005575798970627934","80","sell"
"968","CVC","Civic","0.022672533219049884","-1.181361066747","-1.948819041664","-26.257104437614","18121251","1143479.25","13.9","71","3369","1039","8","0.0022571134340570206","0.0008305193438611799","100","sell"
"969","SN8","Proprietary Trading Network","8.09","-1.282773170937075","29.077084233769213","","37543331","24801","13.6","13","5176","2264","1","0.00028212007594672446","0.0017206572895261535","","sell"
"970","WAXP","WAX","0.004493272206487591","-2.82743298752","-7.147730725743","-30.947367154967","20738258","819223.1","13.6","43","3822","2069","9","0.00253908068352052","0.0009504600111208584","","sell"
"971","USDF","Falcon USD","0.9959102200596299","0.073087002382","-0.074922732047","-0.246930923861","1461303619","609288.12","13.5","10","1283","2167","6","0.0016927204556803467","0.06697335205134831","","sell"
"972","MUBARAK","mubarak","0.01055673","-2.026546144109317","4.132473512211349","","10561745","3602637","13.2","41","2454","592","120","0.03385440911360693","0.0004840578350484245","0","sell"
"973","MCOIN","MCOIN","0.06304220525669252","-11.776401501586","96.070785560647","132.680422411977","11145667","549466.37","13","34","4570","612","10","0.002821200759467244","0.0005108197024441196","0","sell"
"974","KAVA","Kava","0.04497901479615529","-1.300665067757","3.134666453163","-24.268336157499","48567534","9441705.51","12.3","38","2441","1431","25","0.007053479481428188","0.0022259101466358777","50","sell"
"975","BONE","Bone ShibaSwap","0.04469950097160947","-0.469455096057","-5.778257961877","-22.691684781882","11267064","1214363.64","12.3","38","1732","432","216","0.06093793640449248","0.0005163834770856561","17","sell"
"976","DEL","Decimal","0.0010804200978463483","-5.884893293386","-11.473135394993","-19.09216540583","14587328.73","286937.14","12.2","12","4610","2012","5","0.001410600379733622","0.0006685553158292956","","sell"
"977","MORI","MORI COIN","0.007881895101888452","-0.858353754001","20.341374285885","46.191528690618","7089002","927114.33","12","74","2725","427","12","0.0033854409113606935","0.00032489772862097615","100","sell"
"978","L3","Layer3","0.00658683","-1.337347381585953","-6.251630463625264","","10519178","3004814","11.9","27","4024","2437","4","0.0011284803037868978","0.00048210693679586245","","sell"
"979","SXT","Space and Time","0.008131248691114222","-5.292941116181","-3.343324657742","-37.21945876316","21082022","55913591.99","11.6","58","2102","326","52","0.014670243949229672","0.000966215140373419","80","sell"
"980","SWFTC","SWFTCOIN","0.0029150648181052274","-2.382638096073","-2.454231860635","-16.982700705473","29157595","506843.44","10.2","47","3280","1584","25","0.007053479481428188","0.0013363286380156656","50","sell"
"981","TUSD","TrueUSD","0.9986709114757414","-0.000119122605","-0.069282962036","-0.07040491178","493688792","14297671.06","9.7","57","987","1246","4","0.0011285567170285103","0.022626367881746053","","sell"
"982","ONG","Ontology Gas","0.047270547749367904","-1.789831843631","-3.236045007632","-27.410934595226","22318056","916211.61","9.4","59","3079","746","15","0.004231801139200866","0.0010228641071953074","0","sell"
"983","FCT","Firmachain","0.00829468","-0.06981621205013475","-4.857654644737592","","9709279","157155","8.9","54","2978","2238","5","0.001410600379733622","0.00044498826402465994","100","sell"
"984","FDUSD","First Digital USD","0.9976247370163747","-0.011159885774","-0.005559680842","-0.02088988813","336769533","54865048.73","8","49","1488","1065","9","0.00253908068352052","0.015434564179901043","100","sell"
"985","CUSD","Celo Dollar","0.9999654717836792","0.013184235268","-0.008981763463","0.154056274993","15678864","162422.48","8","47","1848","2209","3","0.0008463602278401734","0.0007185817271538634","","sell"
"986","HOPR","HOPR","0.018266461656451603","0.433716894838","11.982252630513","-18.992889579781","11896003","173970.08","7.8","47","2627","1530","21","0.005924922764399678","0.0005452085292638256","60","sell"
"987","XP","Xphere","0.02617558","0.2532402346946675","-26.570691829385666","","72758849","1010631","7.2","39","585","1426","24","0.006770881822721387","0.00333462803045853","100","sell"
"988","XCM","Coinmetro","0.038551321387341166","7.557760442201","-7.806437698424","-12.051167716771","11663980","3242.81","7.2","33","838","1799","3","0.0008464175377713827","0.0005345746282312367","","sell"
"989","VEREM","Verified Emeralds","4.314877345649348","2.56316305466","-16.359402383739","-25.934102746616","10780752","3840214.01","7.1","12","570","2602","6","0.0016927204556803467","0.0004940951967041406","","sell"
"990","CTC","Creditcoin","0.09186052018870047","-4.369574511702","3.082537625483","-38.250110831817","49665473","3087188.8","6.4","57","3261","1200","76","0.021441125771951057","0.0022762300488258316","13","sell"
"991","SATUSD","Satoshi Stablecoin","0.995105","0.20024547275353358","0.11477691771496672","","158419764","3520.15","5.7","27","2226","2427","1","0.00028212007594672446","0.0072605737016678915","","sell"
"992","AHT","AhaToken","0.001095727617377788","-0.396715715384","3.558614761278","-27.310933413464","7958743","41536.16","5.2","77","3287","859","5","0.001410600379733622","0.0003647590342587142","","sell"
"993","PAW","PAWSWAP","9.79374471908576e-10","0.003208669183","-0.022561079151","276.759226225128","17252274","6.2","4.7","72","1821","666","8","0.0022569606075737957","0.0007906930532882799","100","sell"
"994","RSETH","Kelp DAO Restaked ETH","1775.5968651723676","-1.274450475627","1.761267336358","-24.806032383518","1514186490.35","5698.38","3.6","40","4302","1705","3","0.0008463602278401734","0.06939703944550764","","sell"
"995","SNT","Status","0.007383629299583207","-0.479641813913","1.175137443282","-25.91956859174","29265850","1633765.9","3","26","2967","1201","6","0.0016928350755427654","0.0013412900985445052","","sell"
"996","JMPT","JumpToken","0.5228930743774016","-1.222273173375","-5.748720656699","-15.907341880331","7717594","2647.63","2.3","2","4917","1970","3","0.0008463602278401734","0.00035370687736001116","","sell"
"997","MNDE","Marinade Finance","0.018230108695327367","-1.05749453094","-2.224598502833","-11.735441516048","9973486","936695.32","2.2","17","4385","1917","5","0.001410600379733622","0.0004570971975791663","","sell"
"998","XAVA","Avalaunch","0.27013550622327104","-0.397719235724","3.133558347408","-18.888982153786","11475838","126758.96","2","2","3115","1520","3","0.0008463602278401734","0.0005259518476962322","0","sell"
"999","SHARDUS","Shardus","0.026290487881023405","0","1.37610512438","-27.782482301759","11703298","1.67","0","","4465","","0","0","0.000536376620795764","","sell"
"1000","MCEUR","Moola Celo EUR","1.1554198976440817","-0.513136024956","0.106634933136","-0.795572916504","9445501.05","277.36","0","","5497","","0","0","0.0004328989943622594","","sell"